<?xml version="1.0" encoding="UTF-8"?>
<kml xmlns="http://www.opengis.net/kml/2.2">
<Document>
<name>Pakhar-A 115.13 Ha Boundary Pillars.csv</name>
<Style id="ugcLine"><LineStyle><color>ff867c0e</color><width>2</width></LineStyle></Style><Style id="ugcPoly"><LineStyle><color>ff867c0e</color><width>2</width></LineStyle><PolyStyle><color>80867c0e</color><fill>1</fill><outline>1</outline></PolyStyle></Style><Style id="ugcPoint"><IconStyle><color>ff867c0e</color><scale>0.9</scale></IconStyle></Style>
<Folder><name>Pakhar-A 115.13 Ha Boundary Pillars.csv</name><Placemark><name>1</name><styleUrl>#ugcPoint</styleUrl><description><![CDATA[<div style="font-family:system-ui,-apple-system,Segoe UI,Roboto,sans-serif;font-size:12px;line-height:1.45;max-width:520px;color:#1a1a1a;"><p style="margin:0 0 6px;font-size:15px;font-weight:600;color:#0e7c86;">1</p><table style="border-collapse:collapse;width:100%;margin:0 0 10px;"><tr><td style="padding:3px 6px;border-bottom:1px solid #d8d8d8;font-weight:600;white-space:nowrap;width:38%;">Pakhar-A 115.13 Ha Boundary Pillars</td><td style="padding:3px 6px;border-bottom:1px solid #d8d8d8;vertical-align:top;">1</td></tr></table></div>]]></description><Point><altitudeMode>clampToGround</altitudeMode><coordinates>105.59634894,2.19719737</coordinates></Point></Placemark><Placemark><name>2</name><styleUrl>#ugcPoint</styleUrl><description><![CDATA[<div style="font-family:system-ui,-apple-system,Segoe UI,Roboto,sans-serif;font-size:12px;line-height:1.45;max-width:520px;color:#1a1a1a;"><p style="margin:0 0 6px;font-size:15px;font-weight:600;color:#0e7c86;">2</p><table style="border-collapse:collapse;width:100%;margin:0 0 10px;"><tr><td style="padding:3px 6px;border-bottom:1px solid #d8d8d8;font-weight:600;white-space:nowrap;width:38%;">Pakhar-A 115.13 Ha Boundary Pillars</td><td style="padding:3px 6px;border-bottom:1px solid #d8d8d8;vertical-align:top;">2</td></tr></table></div>]]></description><Point><altitudeMode>clampToGround</altitudeMode><coordinates>105.59676861,2.19727157</coordinates></Point></Placemark><Placemark><name>3</name><styleUrl>#ugcPoint</styleUrl><description><![CDATA[<div style="font-family:system-ui,-apple-system,Segoe UI,Roboto,sans-serif;font-size:12px;line-height:1.45;max-width:520px;color:#1a1a1a;"><p style="margin:0 0 6px;font-size:15px;font-weight:600;color:#0e7c86;">3</p><table style="border-collapse:collapse;width:100%;margin:0 0 10px;"><tr><td style="padding:3px 6px;border-bottom:1px solid #d8d8d8;font-weight:600;white-space:nowrap;width:38%;">Pakhar-A 115.13 Ha Boundary Pillars</td><td style="padding:3px 6px;border-bottom:1px solid #d8d8d8;vertical-align:top;">3</td></tr></table></div>]]></description><Point><altitudeMode>clampToGround</altitudeMode><coordinates>105.59701915,2.19731588</coordinates></Point></Placemark><Placemark><name>4</name><styleUrl>#ugcPoint</styleUrl><description><![CDATA[<div style="font-family:system-ui,-apple-system,Segoe UI,Roboto,sans-serif;font-size:12px;line-height:1.45;max-width:520px;color:#1a1a1a;"><p style="margin:0 0 6px;font-size:15px;font-weight:600;color:#0e7c86;">4</p><table style="border-collapse:collapse;width:100%;margin:0 0 10px;"><tr><td style="padding:3px 6px;border-bottom:1px solid #d8d8d8;font-weight:600;white-space:nowrap;width:38%;">Pakhar-A 115.13 Ha Boundary Pillars</td><td style="padding:3px 6px;border-bottom:1px solid #d8d8d8;vertical-align:top;">4</td></tr></table></div>]]></description><Point><altitudeMode>clampToGround</altitudeMode><coordinates>105.59741372,2.19715406</coordinates></Point></Placemark><Placemark><name>5</name><styleUrl>#ugcPoint</styleUrl><description><![CDATA[<div style="font-family:system-ui,-apple-system,Segoe UI,Roboto,sans-serif;font-size:12px;line-height:1.45;max-width:520px;color:#1a1a1a;"><p style="margin:0 0 6px;font-size:15px;font-weight:600;color:#0e7c86;">5</p><table style="border-collapse:collapse;width:100%;margin:0 0 10px;"><tr><td style="padding:3px 6px;border-bottom:1px solid #d8d8d8;font-weight:600;white-space:nowrap;width:38%;">Pakhar-A 115.13 Ha Boundary Pillars</td><td style="padding:3px 6px;border-bottom:1px solid #d8d8d8;vertical-align:top;">5</td></tr></table></div>]]></description><Point><altitudeMode>clampToGround</altitudeMode><coordinates>105.59780830,2.19699225</coordinates></Point></Placemark><Placemark><name>6</name><styleUrl>#ugcPoint</styleUrl><description><![CDATA[<div style="font-family:system-ui,-apple-system,Segoe UI,Roboto,sans-serif;font-size:12px;line-height:1.45;max-width:520px;color:#1a1a1a;"><p style="margin:0 0 6px;font-size:15px;font-weight:600;color:#0e7c86;">6</p><table style="border-collapse:collapse;width:100%;margin:0 0 10px;"><tr><td style="padding:3px 6px;border-bottom:1px solid #d8d8d8;font-weight:600;white-space:nowrap;width:38%;">Pakhar-A 115.13 Ha Boundary Pillars</td><td style="padding:3px 6px;border-bottom:1px solid #d8d8d8;vertical-align:top;">6</td></tr></table></div>]]></description><Point><altitudeMode>clampToGround</altitudeMode><coordinates>105.59820287,2.19683043</coordinates></Point></Placemark><Placemark><name>7</name><styleUrl>#ugcPoint</styleUrl><description><![CDATA[<div style="font-family:system-ui,-apple-system,Segoe UI,Roboto,sans-serif;font-size:12px;line-height:1.45;max-width:520px;color:#1a1a1a;"><p style="margin:0 0 6px;font-size:15px;font-weight:600;color:#0e7c86;">7</p><table style="border-collapse:collapse;width:100%;margin:0 0 10px;"><tr><td style="padding:3px 6px;border-bottom:1px solid #d8d8d8;font-weight:600;white-space:nowrap;width:38%;">Pakhar-A 115.13 Ha Boundary Pillars</td><td style="padding:3px 6px;border-bottom:1px solid #d8d8d8;vertical-align:top;">7</td></tr></table></div>]]></description><Point><altitudeMode>clampToGround</altitudeMode><coordinates>105.59859744,2.19666861</coordinates></Point></Placemark><Placemark><name>8</name><styleUrl>#ugcPoint</styleUrl><description><![CDATA[<div style="font-family:system-ui,-apple-system,Segoe UI,Roboto,sans-serif;font-size:12px;line-height:1.45;max-width:520px;color:#1a1a1a;"><p style="margin:0 0 6px;font-size:15px;font-weight:600;color:#0e7c86;">8</p><table style="border-collapse:collapse;width:100%;margin:0 0 10px;"><tr><td style="padding:3px 6px;border-bottom:1px solid #d8d8d8;font-weight:600;white-space:nowrap;width:38%;">Pakhar-A 115.13 Ha Boundary Pillars</td><td style="padding:3px 6px;border-bottom:1px solid #d8d8d8;vertical-align:top;">8</td></tr></table></div>]]></description><Point><altitudeMode>clampToGround</altitudeMode><coordinates>105.59899201,2.19650680</coordinates></Point></Placemark><Placemark><name>9</name><styleUrl>#ugcPoint</styleUrl><description><![CDATA[<div style="font-family:system-ui,-apple-system,Segoe UI,Roboto,sans-serif;font-size:12px;line-height:1.45;max-width:520px;color:#1a1a1a;"><p style="margin:0 0 6px;font-size:15px;font-weight:600;color:#0e7c86;">9</p><table style="border-collapse:collapse;width:100%;margin:0 0 10px;"><tr><td style="padding:3px 6px;border-bottom:1px solid #d8d8d8;font-weight:600;white-space:nowrap;width:38%;">Pakhar-A 115.13 Ha Boundary Pillars</td><td style="padding:3px 6px;border-bottom:1px solid #d8d8d8;vertical-align:top;">9</td></tr></table></div>]]></description><Point><altitudeMode>clampToGround</altitudeMode><coordinates>105.59938658,2.19634498</coordinates></Point></Placemark><Placemark><name>10</name><styleUrl>#ugcPoint</styleUrl><description><![CDATA[<div style="font-family:system-ui,-apple-system,Segoe UI,Roboto,sans-serif;font-size:12px;line-height:1.45;max-width:520px;color:#1a1a1a;"><p style="margin:0 0 6px;font-size:15px;font-weight:600;color:#0e7c86;">10</p><table style="border-collapse:collapse;width:100%;margin:0 0 10px;"><tr><td style="padding:3px 6px;border-bottom:1px solid #d8d8d8;font-weight:600;white-space:nowrap;width:38%;">Pakhar-A 115.13 Ha Boundary Pillars</td><td style="padding:3px 6px;border-bottom:1px solid #d8d8d8;vertical-align:top;">10</td></tr></table></div>]]></description><Point><altitudeMode>clampToGround</altitudeMode><coordinates>105.59978115,2.19618316</coordinates></Point></Placemark><Placemark><name>11</name><styleUrl>#ugcPoint</styleUrl><description><![CDATA[<div style="font-family:system-ui,-apple-system,Segoe UI,Roboto,sans-serif;font-size:12px;line-height:1.45;max-width:520px;color:#1a1a1a;"><p style="margin:0 0 6px;font-size:15px;font-weight:600;color:#0e7c86;">11</p><table style="border-collapse:collapse;width:100%;margin:0 0 10px;"><tr><td style="padding:3px 6px;border-bottom:1px solid #d8d8d8;font-weight:600;white-space:nowrap;width:38%;">Pakhar-A 115.13 Ha Boundary Pillars</td><td style="padding:3px 6px;border-bottom:1px solid #d8d8d8;vertical-align:top;">11</td></tr></table></div>]]></description><Point><altitudeMode>clampToGround</altitudeMode><coordinates>105.60017572,2.19602135</coordinates></Point></Placemark><Placemark><name>12</name><styleUrl>#ugcPoint</styleUrl><description><![CDATA[<div style="font-family:system-ui,-apple-system,Segoe UI,Roboto,sans-serif;font-size:12px;line-height:1.45;max-width:520px;color:#1a1a1a;"><p style="margin:0 0 6px;font-size:15px;font-weight:600;color:#0e7c86;">12</p><table style="border-collapse:collapse;width:100%;margin:0 0 10px;"><tr><td style="padding:3px 6px;border-bottom:1px solid #d8d8d8;font-weight:600;white-space:nowrap;width:38%;">Pakhar-A 115.13 Ha Boundary Pillars</td><td style="padding:3px 6px;border-bottom:1px solid #d8d8d8;vertical-align:top;">12</td></tr></table></div>]]></description><Point><altitudeMode>clampToGround</altitudeMode><coordinates>105.60057052,2.19586013</coordinates></Point></Placemark><Placemark><name>13</name><styleUrl>#ugcPoint</styleUrl><description><![CDATA[<div style="font-family:system-ui,-apple-system,Segoe UI,Roboto,sans-serif;font-size:12px;line-height:1.45;max-width:520px;color:#1a1a1a;"><p style="margin:0 0 6px;font-size:15px;font-weight:600;color:#0e7c86;">13</p><table style="border-collapse:collapse;width:100%;margin:0 0 10px;"><tr><td style="padding:3px 6px;border-bottom:1px solid #d8d8d8;font-weight:600;white-space:nowrap;width:38%;">Pakhar-A 115.13 Ha Boundary Pillars</td><td style="padding:3px 6px;border-bottom:1px solid #d8d8d8;vertical-align:top;">13</td></tr></table></div>]]></description><Point><altitudeMode>clampToGround</altitudeMode><coordinates>105.60096850,2.19570700</coordinates></Point></Placemark><Placemark><name>14</name><styleUrl>#ugcPoint</styleUrl><description><![CDATA[<div style="font-family:system-ui,-apple-system,Segoe UI,Roboto,sans-serif;font-size:12px;line-height:1.45;max-width:520px;color:#1a1a1a;"><p style="margin:0 0 6px;font-size:15px;font-weight:600;color:#0e7c86;">14</p><table style="border-collapse:collapse;width:100%;margin:0 0 10px;"><tr><td style="padding:3px 6px;border-bottom:1px solid #d8d8d8;font-weight:600;white-space:nowrap;width:38%;">Pakhar-A 115.13 Ha Boundary Pillars</td><td style="padding:3px 6px;border-bottom:1px solid #d8d8d8;vertical-align:top;">14</td></tr></table></div>]]></description><Point><altitudeMode>clampToGround</altitudeMode><coordinates>105.60136647,2.19555387</coordinates></Point></Placemark><Placemark><name>15</name><styleUrl>#ugcPoint</styleUrl><description><![CDATA[<div style="font-family:system-ui,-apple-system,Segoe UI,Roboto,sans-serif;font-size:12px;line-height:1.45;max-width:520px;color:#1a1a1a;"><p style="margin:0 0 6px;font-size:15px;font-weight:600;color:#0e7c86;">15</p><table style="border-collapse:collapse;width:100%;margin:0 0 10px;"><tr><td style="padding:3px 6px;border-bottom:1px solid #d8d8d8;font-weight:600;white-space:nowrap;width:38%;">Pakhar-A 115.13 Ha Boundary Pillars</td><td style="padding:3px 6px;border-bottom:1px solid #d8d8d8;vertical-align:top;">15</td></tr></table></div>]]></description><Point><altitudeMode>clampToGround</altitudeMode><coordinates>105.60170864,2.19542222</coordinates></Point></Placemark><Placemark><name>16</name><styleUrl>#ugcPoint</styleUrl><description><![CDATA[<div style="font-family:system-ui,-apple-system,Segoe UI,Roboto,sans-serif;font-size:12px;line-height:1.45;max-width:520px;color:#1a1a1a;"><p style="margin:0 0 6px;font-size:15px;font-weight:600;color:#0e7c86;">16</p><table style="border-collapse:collapse;width:100%;margin:0 0 10px;"><tr><td style="padding:3px 6px;border-bottom:1px solid #d8d8d8;font-weight:600;white-space:nowrap;width:38%;">Pakhar-A 115.13 Ha Boundary Pillars</td><td style="padding:3px 6px;border-bottom:1px solid #d8d8d8;vertical-align:top;">16</td></tr></table></div>]]></description><Point><altitudeMode>clampToGround</altitudeMode><coordinates>105.60206168,2.19566219</coordinates></Point></Placemark><Placemark><name>17</name><styleUrl>#ugcPoint</styleUrl><description><![CDATA[<div style="font-family:system-ui,-apple-system,Segoe UI,Roboto,sans-serif;font-size:12px;line-height:1.45;max-width:520px;color:#1a1a1a;"><p style="margin:0 0 6px;font-size:15px;font-weight:600;color:#0e7c86;">17</p><table style="border-collapse:collapse;width:100%;margin:0 0 10px;"><tr><td style="padding:3px 6px;border-bottom:1px solid #d8d8d8;font-weight:600;white-space:nowrap;width:38%;">Pakhar-A 115.13 Ha Boundary Pillars</td><td style="padding:3px 6px;border-bottom:1px solid #d8d8d8;vertical-align:top;">17</td></tr></table></div>]]></description><Point><altitudeMode>clampToGround</altitudeMode><coordinates>105.60241473,2.19590217</coordinates></Point></Placemark><Placemark><name>18</name><styleUrl>#ugcPoint</styleUrl><description><![CDATA[<div style="font-family:system-ui,-apple-system,Segoe UI,Roboto,sans-serif;font-size:12px;line-height:1.45;max-width:520px;color:#1a1a1a;"><p style="margin:0 0 6px;font-size:15px;font-weight:600;color:#0e7c86;">18</p><table style="border-collapse:collapse;width:100%;margin:0 0 10px;"><tr><td style="padding:3px 6px;border-bottom:1px solid #d8d8d8;font-weight:600;white-space:nowrap;width:38%;">Pakhar-A 115.13 Ha Boundary Pillars</td><td style="padding:3px 6px;border-bottom:1px solid #d8d8d8;vertical-align:top;">18</td></tr></table></div>]]></description><Point><altitudeMode>clampToGround</altitudeMode><coordinates>105.60276776,2.19614214</coordinates></Point></Placemark><Placemark><name>19</name><styleUrl>#ugcPoint</styleUrl><description><![CDATA[<div style="font-family:system-ui,-apple-system,Segoe UI,Roboto,sans-serif;font-size:12px;line-height:1.45;max-width:520px;color:#1a1a1a;"><p style="margin:0 0 6px;font-size:15px;font-weight:600;color:#0e7c86;">19</p><table style="border-collapse:collapse;width:100%;margin:0 0 10px;"><tr><td style="padding:3px 6px;border-bottom:1px solid #d8d8d8;font-weight:600;white-space:nowrap;width:38%;">Pakhar-A 115.13 Ha Boundary Pillars</td><td style="padding:3px 6px;border-bottom:1px solid #d8d8d8;vertical-align:top;">19</td></tr></table></div>]]></description><Point><altitudeMode>clampToGround</altitudeMode><coordinates>105.60311838,2.19638570</coordinates></Point></Placemark><Placemark><name>20</name><styleUrl>#ugcPoint</styleUrl><description><![CDATA[<div style="font-family:system-ui,-apple-system,Segoe UI,Roboto,sans-serif;font-size:12px;line-height:1.45;max-width:520px;color:#1a1a1a;"><p style="margin:0 0 6px;font-size:15px;font-weight:600;color:#0e7c86;">20</p><table style="border-collapse:collapse;width:100%;margin:0 0 10px;"><tr><td style="padding:3px 6px;border-bottom:1px solid #d8d8d8;font-weight:600;white-space:nowrap;width:38%;">Pakhar-A 115.13 Ha Boundary Pillars</td><td style="padding:3px 6px;border-bottom:1px solid #d8d8d8;vertical-align:top;">20</td></tr></table></div>]]></description><Point><altitudeMode>clampToGround</altitudeMode><coordinates>105.60346255,2.19663838</coordinates></Point></Placemark><Placemark><name>21</name><styleUrl>#ugcPoint</styleUrl><description><![CDATA[<div style="font-family:system-ui,-apple-system,Segoe UI,Roboto,sans-serif;font-size:12px;line-height:1.45;max-width:520px;color:#1a1a1a;"><p style="margin:0 0 6px;font-size:15px;font-weight:600;color:#0e7c86;">21</p><table style="border-collapse:collapse;width:100%;margin:0 0 10px;"><tr><td style="padding:3px 6px;border-bottom:1px solid #d8d8d8;font-weight:600;white-space:nowrap;width:38%;">Pakhar-A 115.13 Ha Boundary Pillars</td><td style="padding:3px 6px;border-bottom:1px solid #d8d8d8;vertical-align:top;">21</td></tr></table></div>]]></description><Point><altitudeMode>clampToGround</altitudeMode><coordinates>105.60380670,2.19689107</coordinates></Point></Placemark><Placemark><name>22</name><styleUrl>#ugcPoint</styleUrl><description><![CDATA[<div style="font-family:system-ui,-apple-system,Segoe UI,Roboto,sans-serif;font-size:12px;line-height:1.45;max-width:520px;color:#1a1a1a;"><p style="margin:0 0 6px;font-size:15px;font-weight:600;color:#0e7c86;">22</p><table style="border-collapse:collapse;width:100%;margin:0 0 10px;"><tr><td style="padding:3px 6px;border-bottom:1px solid #d8d8d8;font-weight:600;white-space:nowrap;width:38%;">Pakhar-A 115.13 Ha Boundary Pillars</td><td style="padding:3px 6px;border-bottom:1px solid #d8d8d8;vertical-align:top;">22</td></tr></table></div>]]></description><Point><altitudeMode>clampToGround</altitudeMode><coordinates>105.60415087,2.19714375</coordinates></Point></Placemark><Placemark><name>23</name><styleUrl>#ugcPoint</styleUrl><description><![CDATA[<div style="font-family:system-ui,-apple-system,Segoe UI,Roboto,sans-serif;font-size:12px;line-height:1.45;max-width:520px;color:#1a1a1a;"><p style="margin:0 0 6px;font-size:15px;font-weight:600;color:#0e7c86;">23</p><table style="border-collapse:collapse;width:100%;margin:0 0 10px;"><tr><td style="padding:3px 6px;border-bottom:1px solid #d8d8d8;font-weight:600;white-space:nowrap;width:38%;">Pakhar-A 115.13 Ha Boundary Pillars</td><td style="padding:3px 6px;border-bottom:1px solid #d8d8d8;vertical-align:top;">23</td></tr></table></div>]]></description><Point><altitudeMode>clampToGround</altitudeMode><coordinates>105.60449503,2.19739643</coordinates></Point></Placemark><Placemark><name>24</name><styleUrl>#ugcPoint</styleUrl><description><![CDATA[<div style="font-family:system-ui,-apple-system,Segoe UI,Roboto,sans-serif;font-size:12px;line-height:1.45;max-width:520px;color:#1a1a1a;"><p style="margin:0 0 6px;font-size:15px;font-weight:600;color:#0e7c86;">24</p><table style="border-collapse:collapse;width:100%;margin:0 0 10px;"><tr><td style="padding:3px 6px;border-bottom:1px solid #d8d8d8;font-weight:600;white-space:nowrap;width:38%;">Pakhar-A 115.13 Ha Boundary Pillars</td><td style="padding:3px 6px;border-bottom:1px solid #d8d8d8;vertical-align:top;">24</td></tr></table></div>]]></description><Point><altitudeMode>clampToGround</altitudeMode><coordinates>105.60483919,2.19764911</coordinates></Point></Placemark><Placemark><name>25</name><styleUrl>#ugcPoint</styleUrl><description><![CDATA[<div style="font-family:system-ui,-apple-system,Segoe UI,Roboto,sans-serif;font-size:12px;line-height:1.45;max-width:520px;color:#1a1a1a;"><p style="margin:0 0 6px;font-size:15px;font-weight:600;color:#0e7c86;">25</p><table style="border-collapse:collapse;width:100%;margin:0 0 10px;"><tr><td style="padding:3px 6px;border-bottom:1px solid #d8d8d8;font-weight:600;white-space:nowrap;width:38%;">Pakhar-A 115.13 Ha Boundary Pillars</td><td style="padding:3px 6px;border-bottom:1px solid #d8d8d8;vertical-align:top;">25</td></tr></table></div>]]></description><Point><altitudeMode>clampToGround</altitudeMode><coordinates>105.60518336,2.19790179</coordinates></Point></Placemark><Placemark><name>26</name><styleUrl>#ugcPoint</styleUrl><description><![CDATA[<div style="font-family:system-ui,-apple-system,Segoe UI,Roboto,sans-serif;font-size:12px;line-height:1.45;max-width:520px;color:#1a1a1a;"><p style="margin:0 0 6px;font-size:15px;font-weight:600;color:#0e7c86;">26</p><table style="border-collapse:collapse;width:100%;margin:0 0 10px;"><tr><td style="padding:3px 6px;border-bottom:1px solid #d8d8d8;font-weight:600;white-space:nowrap;width:38%;">Pakhar-A 115.13 Ha Boundary Pillars</td><td style="padding:3px 6px;border-bottom:1px solid #d8d8d8;vertical-align:top;">26</td></tr></table></div>]]></description><Point><altitudeMode>clampToGround</altitudeMode><coordinates>105.60552752,2.19815447</coordinates></Point></Placemark><Placemark><name>27</name><styleUrl>#ugcPoint</styleUrl><description><![CDATA[<div style="font-family:system-ui,-apple-system,Segoe UI,Roboto,sans-serif;font-size:12px;line-height:1.45;max-width:520px;color:#1a1a1a;"><p style="margin:0 0 6px;font-size:15px;font-weight:600;color:#0e7c86;">27</p><table style="border-collapse:collapse;width:100%;margin:0 0 10px;"><tr><td style="padding:3px 6px;border-bottom:1px solid #d8d8d8;font-weight:600;white-space:nowrap;width:38%;">Pakhar-A 115.13 Ha Boundary Pillars</td><td style="padding:3px 6px;border-bottom:1px solid #d8d8d8;vertical-align:top;">27</td></tr></table></div>]]></description><Point><altitudeMode>clampToGround</altitudeMode><coordinates>105.60560820,2.19821370</coordinates></Point></Placemark><Placemark><name>28</name><styleUrl>#ugcPoint</styleUrl><description><![CDATA[<div style="font-family:system-ui,-apple-system,Segoe UI,Roboto,sans-serif;font-size:12px;line-height:1.45;max-width:520px;color:#1a1a1a;"><p style="margin:0 0 6px;font-size:15px;font-weight:600;color:#0e7c86;">28</p><table style="border-collapse:collapse;width:100%;margin:0 0 10px;"><tr><td style="padding:3px 6px;border-bottom:1px solid #d8d8d8;font-weight:600;white-space:nowrap;width:38%;">Pakhar-A 115.13 Ha Boundary Pillars</td><td style="padding:3px 6px;border-bottom:1px solid #d8d8d8;vertical-align:top;">28</td></tr></table></div>]]></description><Point><altitudeMode>clampToGround</altitudeMode><coordinates>105.60550331,2.19819368</coordinates></Point></Placemark><Placemark><name>29</name><styleUrl>#ugcPoint</styleUrl><description><![CDATA[<div style="font-family:system-ui,-apple-system,Segoe UI,Roboto,sans-serif;font-size:12px;line-height:1.45;max-width:520px;color:#1a1a1a;"><p style="margin:0 0 6px;font-size:15px;font-weight:600;color:#0e7c86;">29</p><table style="border-collapse:collapse;width:100%;margin:0 0 10px;"><tr><td style="padding:3px 6px;border-bottom:1px solid #d8d8d8;font-weight:600;white-space:nowrap;width:38%;">Pakhar-A 115.13 Ha Boundary Pillars</td><td style="padding:3px 6px;border-bottom:1px solid #d8d8d8;vertical-align:top;">29</td></tr></table></div>]]></description><Point><altitudeMode>clampToGround</altitudeMode><coordinates>105.60550352,2.19826034</coordinates></Point></Placemark><Placemark><name>30</name><styleUrl>#ugcPoint</styleUrl><description><![CDATA[<div style="font-family:system-ui,-apple-system,Segoe UI,Roboto,sans-serif;font-size:12px;line-height:1.45;max-width:520px;color:#1a1a1a;"><p style="margin:0 0 6px;font-size:15px;font-weight:600;color:#0e7c86;">30</p><table style="border-collapse:collapse;width:100%;margin:0 0 10px;"><tr><td style="padding:3px 6px;border-bottom:1px solid #d8d8d8;font-weight:600;white-space:nowrap;width:38%;">Pakhar-A 115.13 Ha Boundary Pillars</td><td style="padding:3px 6px;border-bottom:1px solid #d8d8d8;vertical-align:top;">30</td></tr></table></div>]]></description><Point><altitudeMode>clampToGround</altitudeMode><coordinates>105.60558353,2.19825106</coordinates></Point></Placemark><Placemark><name>31</name><styleUrl>#ugcPoint</styleUrl><description><![CDATA[<div style="font-family:system-ui,-apple-system,Segoe UI,Roboto,sans-serif;font-size:12px;line-height:1.45;max-width:520px;color:#1a1a1a;"><p style="margin:0 0 6px;font-size:15px;font-weight:600;color:#0e7c86;">31</p><table style="border-collapse:collapse;width:100%;margin:0 0 10px;"><tr><td style="padding:3px 6px;border-bottom:1px solid #d8d8d8;font-weight:600;white-space:nowrap;width:38%;">Pakhar-A 115.13 Ha Boundary Pillars</td><td style="padding:3px 6px;border-bottom:1px solid #d8d8d8;vertical-align:top;">31</td></tr></table></div>]]></description><Point><altitudeMode>clampToGround</altitudeMode><coordinates>105.60561291,2.19832366</coordinates></Point></Placemark><Placemark><name>32</name><styleUrl>#ugcPoint</styleUrl><description><![CDATA[<div style="font-family:system-ui,-apple-system,Segoe UI,Roboto,sans-serif;font-size:12px;line-height:1.45;max-width:520px;color:#1a1a1a;"><p style="margin:0 0 6px;font-size:15px;font-weight:600;color:#0e7c86;">32</p><table style="border-collapse:collapse;width:100%;margin:0 0 10px;"><tr><td style="padding:3px 6px;border-bottom:1px solid #d8d8d8;font-weight:600;white-space:nowrap;width:38%;">Pakhar-A 115.13 Ha Boundary Pillars</td><td style="padding:3px 6px;border-bottom:1px solid #d8d8d8;vertical-align:top;">32</td></tr></table></div>]]></description><Point><altitudeMode>clampToGround</altitudeMode><coordinates>105.60548965,2.19836404</coordinates></Point></Placemark><Placemark><name>33</name><styleUrl>#ugcPoint</styleUrl><description><![CDATA[<div style="font-family:system-ui,-apple-system,Segoe UI,Roboto,sans-serif;font-size:12px;line-height:1.45;max-width:520px;color:#1a1a1a;"><p style="margin:0 0 6px;font-size:15px;font-weight:600;color:#0e7c86;">33</p><table style="border-collapse:collapse;width:100%;margin:0 0 10px;"><tr><td style="padding:3px 6px;border-bottom:1px solid #d8d8d8;font-weight:600;white-space:nowrap;width:38%;">Pakhar-A 115.13 Ha Boundary Pillars</td><td style="padding:3px 6px;border-bottom:1px solid #d8d8d8;vertical-align:top;">33</td></tr></table></div>]]></description><Point><altitudeMode>clampToGround</altitudeMode><coordinates>105.60550557,2.19843326</coordinates></Point></Placemark><Placemark><name>34</name><styleUrl>#ugcPoint</styleUrl><description><![CDATA[<div style="font-family:system-ui,-apple-system,Segoe UI,Roboto,sans-serif;font-size:12px;line-height:1.45;max-width:520px;color:#1a1a1a;"><p style="margin:0 0 6px;font-size:15px;font-weight:600;color:#0e7c86;">34</p><table style="border-collapse:collapse;width:100%;margin:0 0 10px;"><tr><td style="padding:3px 6px;border-bottom:1px solid #d8d8d8;font-weight:600;white-space:nowrap;width:38%;">Pakhar-A 115.13 Ha Boundary Pillars</td><td style="padding:3px 6px;border-bottom:1px solid #d8d8d8;vertical-align:top;">34</td></tr></table></div>]]></description><Point><altitudeMode>clampToGround</altitudeMode><coordinates>105.60527530,2.19849490</coordinates></Point></Placemark><Placemark><name>35</name><styleUrl>#ugcPoint</styleUrl><description><![CDATA[<div style="font-family:system-ui,-apple-system,Segoe UI,Roboto,sans-serif;font-size:12px;line-height:1.45;max-width:520px;color:#1a1a1a;"><p style="margin:0 0 6px;font-size:15px;font-weight:600;color:#0e7c86;">35</p><table style="border-collapse:collapse;width:100%;margin:0 0 10px;"><tr><td style="padding:3px 6px;border-bottom:1px solid #d8d8d8;font-weight:600;white-space:nowrap;width:38%;">Pakhar-A 115.13 Ha Boundary Pillars</td><td style="padding:3px 6px;border-bottom:1px solid #d8d8d8;vertical-align:top;">35</td></tr></table></div>]]></description><Point><altitudeMode>clampToGround</altitudeMode><coordinates>105.60500638,2.19843847</coordinates></Point></Placemark><Placemark><name>36</name><styleUrl>#ugcPoint</styleUrl><description><![CDATA[<div style="font-family:system-ui,-apple-system,Segoe UI,Roboto,sans-serif;font-size:12px;line-height:1.45;max-width:520px;color:#1a1a1a;"><p style="margin:0 0 6px;font-size:15px;font-weight:600;color:#0e7c86;">36</p><table style="border-collapse:collapse;width:100%;margin:0 0 10px;"><tr><td style="padding:3px 6px;border-bottom:1px solid #d8d8d8;font-weight:600;white-space:nowrap;width:38%;">Pakhar-A 115.13 Ha Boundary Pillars</td><td style="padding:3px 6px;border-bottom:1px solid #d8d8d8;vertical-align:top;">36</td></tr></table></div>]]></description><Point><altitudeMode>clampToGround</altitudeMode><coordinates>105.60499930,2.19853053</coordinates></Point></Placemark><Placemark><name>37</name><styleUrl>#ugcPoint</styleUrl><description><![CDATA[<div style="font-family:system-ui,-apple-system,Segoe UI,Roboto,sans-serif;font-size:12px;line-height:1.45;max-width:520px;color:#1a1a1a;"><p style="margin:0 0 6px;font-size:15px;font-weight:600;color:#0e7c86;">37</p><table style="border-collapse:collapse;width:100%;margin:0 0 10px;"><tr><td style="padding:3px 6px;border-bottom:1px solid #d8d8d8;font-weight:600;white-space:nowrap;width:38%;">Pakhar-A 115.13 Ha Boundary Pillars</td><td style="padding:3px 6px;border-bottom:1px solid #d8d8d8;vertical-align:top;">37</td></tr></table></div>]]></description><Point><altitudeMode>clampToGround</altitudeMode><coordinates>105.60491929,2.19853898</coordinates></Point></Placemark><Placemark><name>38</name><styleUrl>#ugcPoint</styleUrl><description><![CDATA[<div style="font-family:system-ui,-apple-system,Segoe UI,Roboto,sans-serif;font-size:12px;line-height:1.45;max-width:520px;color:#1a1a1a;"><p style="margin:0 0 6px;font-size:15px;font-weight:600;color:#0e7c86;">38</p><table style="border-collapse:collapse;width:100%;margin:0 0 10px;"><tr><td style="padding:3px 6px;border-bottom:1px solid #d8d8d8;font-weight:600;white-space:nowrap;width:38%;">Pakhar-A 115.13 Ha Boundary Pillars</td><td style="padding:3px 6px;border-bottom:1px solid #d8d8d8;vertical-align:top;">38</td></tr></table></div>]]></description><Point><altitudeMode>clampToGround</altitudeMode><coordinates>105.60477347,2.19848510</coordinates></Point></Placemark><Placemark><name>39</name><styleUrl>#ugcPoint</styleUrl><description><![CDATA[<div style="font-family:system-ui,-apple-system,Segoe UI,Roboto,sans-serif;font-size:12px;line-height:1.45;max-width:520px;color:#1a1a1a;"><p style="margin:0 0 6px;font-size:15px;font-weight:600;color:#0e7c86;">39</p><table style="border-collapse:collapse;width:100%;margin:0 0 10px;"><tr><td style="padding:3px 6px;border-bottom:1px solid #d8d8d8;font-weight:600;white-space:nowrap;width:38%;">Pakhar-A 115.13 Ha Boundary Pillars</td><td style="padding:3px 6px;border-bottom:1px solid #d8d8d8;vertical-align:top;">39</td></tr></table></div>]]></description><Point><altitudeMode>clampToGround</altitudeMode><coordinates>105.60476304,2.19850964</coordinates></Point></Placemark><Placemark><name>40</name><styleUrl>#ugcPoint</styleUrl><description><![CDATA[<div style="font-family:system-ui,-apple-system,Segoe UI,Roboto,sans-serif;font-size:12px;line-height:1.45;max-width:520px;color:#1a1a1a;"><p style="margin:0 0 6px;font-size:15px;font-weight:600;color:#0e7c86;">40</p><table style="border-collapse:collapse;width:100%;margin:0 0 10px;"><tr><td style="padding:3px 6px;border-bottom:1px solid #d8d8d8;font-weight:600;white-space:nowrap;width:38%;">Pakhar-A 115.13 Ha Boundary Pillars</td><td style="padding:3px 6px;border-bottom:1px solid #d8d8d8;vertical-align:top;">40</td></tr></table></div>]]></description><Point><altitudeMode>clampToGround</altitudeMode><coordinates>105.60489966,2.19856948</coordinates></Point></Placemark><Placemark><name>41</name><styleUrl>#ugcPoint</styleUrl><description><![CDATA[<div style="font-family:system-ui,-apple-system,Segoe UI,Roboto,sans-serif;font-size:12px;line-height:1.45;max-width:520px;color:#1a1a1a;"><p style="margin:0 0 6px;font-size:15px;font-weight:600;color:#0e7c86;">41</p><table style="border-collapse:collapse;width:100%;margin:0 0 10px;"><tr><td style="padding:3px 6px;border-bottom:1px solid #d8d8d8;font-weight:600;white-space:nowrap;width:38%;">Pakhar-A 115.13 Ha Boundary Pillars</td><td style="padding:3px 6px;border-bottom:1px solid #d8d8d8;vertical-align:top;">41</td></tr></table></div>]]></description><Point><altitudeMode>clampToGround</altitudeMode><coordinates>105.60495103,2.19858326</coordinates></Point></Placemark><Placemark><name>42</name><styleUrl>#ugcPoint</styleUrl><description><![CDATA[<div style="font-family:system-ui,-apple-system,Segoe UI,Roboto,sans-serif;font-size:12px;line-height:1.45;max-width:520px;color:#1a1a1a;"><p style="margin:0 0 6px;font-size:15px;font-weight:600;color:#0e7c86;">42</p><table style="border-collapse:collapse;width:100%;margin:0 0 10px;"><tr><td style="padding:3px 6px;border-bottom:1px solid #d8d8d8;font-weight:600;white-space:nowrap;width:38%;">Pakhar-A 115.13 Ha Boundary Pillars</td><td style="padding:3px 6px;border-bottom:1px solid #d8d8d8;vertical-align:top;">42</td></tr></table></div>]]></description><Point><altitudeMode>clampToGround</altitudeMode><coordinates>105.60529658,2.19857877</coordinates></Point></Placemark><Placemark><name>43</name><styleUrl>#ugcPoint</styleUrl><description><![CDATA[<div style="font-family:system-ui,-apple-system,Segoe UI,Roboto,sans-serif;font-size:12px;line-height:1.45;max-width:520px;color:#1a1a1a;"><p style="margin:0 0 6px;font-size:15px;font-weight:600;color:#0e7c86;">43</p><table style="border-collapse:collapse;width:100%;margin:0 0 10px;"><tr><td style="padding:3px 6px;border-bottom:1px solid #d8d8d8;font-weight:600;white-space:nowrap;width:38%;">Pakhar-A 115.13 Ha Boundary Pillars</td><td style="padding:3px 6px;border-bottom:1px solid #d8d8d8;vertical-align:top;">43</td></tr></table></div>]]></description><Point><altitudeMode>clampToGround</altitudeMode><coordinates>105.60547285,2.19853396</coordinates></Point></Placemark><Placemark><name>44</name><styleUrl>#ugcPoint</styleUrl><description><![CDATA[<div style="font-family:system-ui,-apple-system,Segoe UI,Roboto,sans-serif;font-size:12px;line-height:1.45;max-width:520px;color:#1a1a1a;"><p style="margin:0 0 6px;font-size:15px;font-weight:600;color:#0e7c86;">44</p><table style="border-collapse:collapse;width:100%;margin:0 0 10px;"><tr><td style="padding:3px 6px;border-bottom:1px solid #d8d8d8;font-weight:600;white-space:nowrap;width:38%;">Pakhar-A 115.13 Ha Boundary Pillars</td><td style="padding:3px 6px;border-bottom:1px solid #d8d8d8;vertical-align:top;">44</td></tr></table></div>]]></description><Point><altitudeMode>clampToGround</altitudeMode><coordinates>105.60564213,2.19856126</coordinates></Point></Placemark><Placemark><name>45</name><styleUrl>#ugcPoint</styleUrl><description><![CDATA[<div style="font-family:system-ui,-apple-system,Segoe UI,Roboto,sans-serif;font-size:12px;line-height:1.45;max-width:520px;color:#1a1a1a;"><p style="margin:0 0 6px;font-size:15px;font-weight:600;color:#0e7c86;">45</p><table style="border-collapse:collapse;width:100%;margin:0 0 10px;"><tr><td style="padding:3px 6px;border-bottom:1px solid #d8d8d8;font-weight:600;white-space:nowrap;width:38%;">Pakhar-A 115.13 Ha Boundary Pillars</td><td style="padding:3px 6px;border-bottom:1px solid #d8d8d8;vertical-align:top;">45</td></tr></table></div>]]></description><Point><altitudeMode>clampToGround</altitudeMode><coordinates>105.60566939,2.19848012</coordinates></Point></Placemark><Placemark><name>46</name><styleUrl>#ugcPoint</styleUrl><description><![CDATA[<div style="font-family:system-ui,-apple-system,Segoe UI,Roboto,sans-serif;font-size:12px;line-height:1.45;max-width:520px;color:#1a1a1a;"><p style="margin:0 0 6px;font-size:15px;font-weight:600;color:#0e7c86;">46</p><table style="border-collapse:collapse;width:100%;margin:0 0 10px;"><tr><td style="padding:3px 6px;border-bottom:1px solid #d8d8d8;font-weight:600;white-space:nowrap;width:38%;">Pakhar-A 115.13 Ha Boundary Pillars</td><td style="padding:3px 6px;border-bottom:1px solid #d8d8d8;vertical-align:top;">46</td></tr></table></div>]]></description><Point><altitudeMode>clampToGround</altitudeMode><coordinates>105.60568829,2.19847186</coordinates></Point></Placemark><Placemark><name>47</name><styleUrl>#ugcPoint</styleUrl><description><![CDATA[<div style="font-family:system-ui,-apple-system,Segoe UI,Roboto,sans-serif;font-size:12px;line-height:1.45;max-width:520px;color:#1a1a1a;"><p style="margin:0 0 6px;font-size:15px;font-weight:600;color:#0e7c86;">47</p><table style="border-collapse:collapse;width:100%;margin:0 0 10px;"><tr><td style="padding:3px 6px;border-bottom:1px solid #d8d8d8;font-weight:600;white-space:nowrap;width:38%;">Pakhar-A 115.13 Ha Boundary Pillars</td><td style="padding:3px 6px;border-bottom:1px solid #d8d8d8;vertical-align:top;">47</td></tr></table></div>]]></description><Point><altitudeMode>clampToGround</altitudeMode><coordinates>105.60611085,2.19852695</coordinates></Point></Placemark><Placemark><name>48</name><styleUrl>#ugcPoint</styleUrl><description><![CDATA[<div style="font-family:system-ui,-apple-system,Segoe UI,Roboto,sans-serif;font-size:12px;line-height:1.45;max-width:520px;color:#1a1a1a;"><p style="margin:0 0 6px;font-size:15px;font-weight:600;color:#0e7c86;">48</p><table style="border-collapse:collapse;width:100%;margin:0 0 10px;"><tr><td style="padding:3px 6px;border-bottom:1px solid #d8d8d8;font-weight:600;white-space:nowrap;width:38%;">Pakhar-A 115.13 Ha Boundary Pillars</td><td style="padding:3px 6px;border-bottom:1px solid #d8d8d8;vertical-align:top;">48</td></tr></table></div>]]></description><Point><altitudeMode>clampToGround</altitudeMode><coordinates>105.60613965,2.19853140</coordinates></Point></Placemark><Placemark><name>49</name><styleUrl>#ugcPoint</styleUrl><description><![CDATA[<div style="font-family:system-ui,-apple-system,Segoe UI,Roboto,sans-serif;font-size:12px;line-height:1.45;max-width:520px;color:#1a1a1a;"><p style="margin:0 0 6px;font-size:15px;font-weight:600;color:#0e7c86;">49</p><table style="border-collapse:collapse;width:100%;margin:0 0 10px;"><tr><td style="padding:3px 6px;border-bottom:1px solid #d8d8d8;font-weight:600;white-space:nowrap;width:38%;">Pakhar-A 115.13 Ha Boundary Pillars</td><td style="padding:3px 6px;border-bottom:1px solid #d8d8d8;vertical-align:top;">49</td></tr></table></div>]]></description><Point><altitudeMode>clampToGround</altitudeMode><coordinates>105.60647606,2.19879442</coordinates></Point></Placemark><Placemark><name>50</name><styleUrl>#ugcPoint</styleUrl><description><![CDATA[<div style="font-family:system-ui,-apple-system,Segoe UI,Roboto,sans-serif;font-size:12px;line-height:1.45;max-width:520px;color:#1a1a1a;"><p style="margin:0 0 6px;font-size:15px;font-weight:600;color:#0e7c86;">50</p><table style="border-collapse:collapse;width:100%;margin:0 0 10px;"><tr><td style="padding:3px 6px;border-bottom:1px solid #d8d8d8;font-weight:600;white-space:nowrap;width:38%;">Pakhar-A 115.13 Ha Boundary Pillars</td><td style="padding:3px 6px;border-bottom:1px solid #d8d8d8;vertical-align:top;">50</td></tr></table></div>]]></description><Point><altitudeMode>clampToGround</altitudeMode><coordinates>105.60681247,2.19905744</coordinates></Point></Placemark><Placemark><name>51</name><styleUrl>#ugcPoint</styleUrl><description><![CDATA[<div style="font-family:system-ui,-apple-system,Segoe UI,Roboto,sans-serif;font-size:12px;line-height:1.45;max-width:520px;color:#1a1a1a;"><p style="margin:0 0 6px;font-size:15px;font-weight:600;color:#0e7c86;">51</p><table style="border-collapse:collapse;width:100%;margin:0 0 10px;"><tr><td style="padding:3px 6px;border-bottom:1px solid #d8d8d8;font-weight:600;white-space:nowrap;width:38%;">Pakhar-A 115.13 Ha Boundary Pillars</td><td style="padding:3px 6px;border-bottom:1px solid #d8d8d8;vertical-align:top;">51</td></tr></table></div>]]></description><Point><altitudeMode>clampToGround</altitudeMode><coordinates>105.60714888,2.19932047</coordinates></Point></Placemark><Placemark><name>52</name><styleUrl>#ugcPoint</styleUrl><description><![CDATA[<div style="font-family:system-ui,-apple-system,Segoe UI,Roboto,sans-serif;font-size:12px;line-height:1.45;max-width:520px;color:#1a1a1a;"><p style="margin:0 0 6px;font-size:15px;font-weight:600;color:#0e7c86;">52</p><table style="border-collapse:collapse;width:100%;margin:0 0 10px;"><tr><td style="padding:3px 6px;border-bottom:1px solid #d8d8d8;font-weight:600;white-space:nowrap;width:38%;">Pakhar-A 115.13 Ha Boundary Pillars</td><td style="padding:3px 6px;border-bottom:1px solid #d8d8d8;vertical-align:top;">52</td></tr></table></div>]]></description><Point><altitudeMode>clampToGround</altitudeMode><coordinates>105.60748529,2.19958350</coordinates></Point></Placemark><Placemark><name>53</name><styleUrl>#ugcPoint</styleUrl><description><![CDATA[<div style="font-family:system-ui,-apple-system,Segoe UI,Roboto,sans-serif;font-size:12px;line-height:1.45;max-width:520px;color:#1a1a1a;"><p style="margin:0 0 6px;font-size:15px;font-weight:600;color:#0e7c86;">53</p><table style="border-collapse:collapse;width:100%;margin:0 0 10px;"><tr><td style="padding:3px 6px;border-bottom:1px solid #d8d8d8;font-weight:600;white-space:nowrap;width:38%;">Pakhar-A 115.13 Ha Boundary Pillars</td><td style="padding:3px 6px;border-bottom:1px solid #d8d8d8;vertical-align:top;">53</td></tr></table></div>]]></description><Point><altitudeMode>clampToGround</altitudeMode><coordinates>105.60762320,2.19969133</coordinates></Point></Placemark><Placemark><name>54</name><styleUrl>#ugcPoint</styleUrl><description><![CDATA[<div style="font-family:system-ui,-apple-system,Segoe UI,Roboto,sans-serif;font-size:12px;line-height:1.45;max-width:520px;color:#1a1a1a;"><p style="margin:0 0 6px;font-size:15px;font-weight:600;color:#0e7c86;">54</p><table style="border-collapse:collapse;width:100%;margin:0 0 10px;"><tr><td style="padding:3px 6px;border-bottom:1px solid #d8d8d8;font-weight:600;white-space:nowrap;width:38%;">Pakhar-A 115.13 Ha Boundary Pillars</td><td style="padding:3px 6px;border-bottom:1px solid #d8d8d8;vertical-align:top;">54</td></tr></table></div>]]></description><Point><altitudeMode>clampToGround</altitudeMode><coordinates>105.60751132,2.19987208</coordinates></Point></Placemark><Placemark><name>55</name><styleUrl>#ugcPoint</styleUrl><description><![CDATA[<div style="font-family:system-ui,-apple-system,Segoe UI,Roboto,sans-serif;font-size:12px;line-height:1.45;max-width:520px;color:#1a1a1a;"><p style="margin:0 0 6px;font-size:15px;font-weight:600;color:#0e7c86;">55</p><table style="border-collapse:collapse;width:100%;margin:0 0 10px;"><tr><td style="padding:3px 6px;border-bottom:1px solid #d8d8d8;font-weight:600;white-space:nowrap;width:38%;">Pakhar-A 115.13 Ha Boundary Pillars</td><td style="padding:3px 6px;border-bottom:1px solid #d8d8d8;vertical-align:top;">55</td></tr></table></div>]]></description><Point><altitudeMode>clampToGround</altitudeMode><coordinates>105.60740861,2.19983616</coordinates></Point></Placemark><Placemark><name>56</name><styleUrl>#ugcPoint</styleUrl><description><![CDATA[<div style="font-family:system-ui,-apple-system,Segoe UI,Roboto,sans-serif;font-size:12px;line-height:1.45;max-width:520px;color:#1a1a1a;"><p style="margin:0 0 6px;font-size:15px;font-weight:600;color:#0e7c86;">56</p><table style="border-collapse:collapse;width:100%;margin:0 0 10px;"><tr><td style="padding:3px 6px;border-bottom:1px solid #d8d8d8;font-weight:600;white-space:nowrap;width:38%;">Pakhar-A 115.13 Ha Boundary Pillars</td><td style="padding:3px 6px;border-bottom:1px solid #d8d8d8;vertical-align:top;">56</td></tr></table></div>]]></description><Point><altitudeMode>clampToGround</altitudeMode><coordinates>105.60738200,2.19992375</coordinates></Point></Placemark><Placemark><name>57</name><styleUrl>#ugcPoint</styleUrl><description><![CDATA[<div style="font-family:system-ui,-apple-system,Segoe UI,Roboto,sans-serif;font-size:12px;line-height:1.45;max-width:520px;color:#1a1a1a;"><p style="margin:0 0 6px;font-size:15px;font-weight:600;color:#0e7c86;">57</p><table style="border-collapse:collapse;width:100%;margin:0 0 10px;"><tr><td style="padding:3px 6px;border-bottom:1px solid #d8d8d8;font-weight:600;white-space:nowrap;width:38%;">Pakhar-A 115.13 Ha Boundary Pillars</td><td style="padding:3px 6px;border-bottom:1px solid #d8d8d8;vertical-align:top;">57</td></tr></table></div>]]></description><Point><altitudeMode>clampToGround</altitudeMode><coordinates>105.60744174,2.20005021</coordinates></Point></Placemark><Placemark><name>58</name><styleUrl>#ugcPoint</styleUrl><description><![CDATA[<div style="font-family:system-ui,-apple-system,Segoe UI,Roboto,sans-serif;font-size:12px;line-height:1.45;max-width:520px;color:#1a1a1a;"><p style="margin:0 0 6px;font-size:15px;font-weight:600;color:#0e7c86;">58</p><table style="border-collapse:collapse;width:100%;margin:0 0 10px;"><tr><td style="padding:3px 6px;border-bottom:1px solid #d8d8d8;font-weight:600;white-space:nowrap;width:38%;">Pakhar-A 115.13 Ha Boundary Pillars</td><td style="padding:3px 6px;border-bottom:1px solid #d8d8d8;vertical-align:top;">58</td></tr></table></div>]]></description><Point><altitudeMode>clampToGround</altitudeMode><coordinates>105.60768473,2.19994904</coordinates></Point></Placemark><Placemark><name>59</name><styleUrl>#ugcPoint</styleUrl><description><![CDATA[<div style="font-family:system-ui,-apple-system,Segoe UI,Roboto,sans-serif;font-size:12px;line-height:1.45;max-width:520px;color:#1a1a1a;"><p style="margin:0 0 6px;font-size:15px;font-weight:600;color:#0e7c86;">59</p><table style="border-collapse:collapse;width:100%;margin:0 0 10px;"><tr><td style="padding:3px 6px;border-bottom:1px solid #d8d8d8;font-weight:600;white-space:nowrap;width:38%;">Pakhar-A 115.13 Ha Boundary Pillars</td><td style="padding:3px 6px;border-bottom:1px solid #d8d8d8;vertical-align:top;">59</td></tr></table></div>]]></description><Point><altitudeMode>clampToGround</altitudeMode><coordinates>105.60778213,2.19997440</coordinates></Point></Placemark><Placemark><name>60</name><styleUrl>#ugcPoint</styleUrl><description><![CDATA[<div style="font-family:system-ui,-apple-system,Segoe UI,Roboto,sans-serif;font-size:12px;line-height:1.45;max-width:520px;color:#1a1a1a;"><p style="margin:0 0 6px;font-size:15px;font-weight:600;color:#0e7c86;">60</p><table style="border-collapse:collapse;width:100%;margin:0 0 10px;"><tr><td style="padding:3px 6px;border-bottom:1px solid #d8d8d8;font-weight:600;white-space:nowrap;width:38%;">Pakhar-A 115.13 Ha Boundary Pillars</td><td style="padding:3px 6px;border-bottom:1px solid #d8d8d8;vertical-align:top;">60</td></tr></table></div>]]></description><Point><altitudeMode>clampToGround</altitudeMode><coordinates>105.60772448,2.20013667</coordinates></Point></Placemark><Placemark><name>61</name><styleUrl>#ugcPoint</styleUrl><description><![CDATA[<div style="font-family:system-ui,-apple-system,Segoe UI,Roboto,sans-serif;font-size:12px;line-height:1.45;max-width:520px;color:#1a1a1a;"><p style="margin:0 0 6px;font-size:15px;font-weight:600;color:#0e7c86;">61</p><table style="border-collapse:collapse;width:100%;margin:0 0 10px;"><tr><td style="padding:3px 6px;border-bottom:1px solid #d8d8d8;font-weight:600;white-space:nowrap;width:38%;">Pakhar-A 115.13 Ha Boundary Pillars</td><td style="padding:3px 6px;border-bottom:1px solid #d8d8d8;vertical-align:top;">61</td></tr></table></div>]]></description><Point><altitudeMode>clampToGround</altitudeMode><coordinates>105.60761990,2.20024745</coordinates></Point></Placemark><Placemark><name>62</name><styleUrl>#ugcPoint</styleUrl><description><![CDATA[<div style="font-family:system-ui,-apple-system,Segoe UI,Roboto,sans-serif;font-size:12px;line-height:1.45;max-width:520px;color:#1a1a1a;"><p style="margin:0 0 6px;font-size:15px;font-weight:600;color:#0e7c86;">62</p><table style="border-collapse:collapse;width:100%;margin:0 0 10px;"><tr><td style="padding:3px 6px;border-bottom:1px solid #d8d8d8;font-weight:600;white-space:nowrap;width:38%;">Pakhar-A 115.13 Ha Boundary Pillars</td><td style="padding:3px 6px;border-bottom:1px solid #d8d8d8;vertical-align:top;">62</td></tr></table></div>]]></description><Point><altitudeMode>clampToGround</altitudeMode><coordinates>105.60749228,2.20048120</coordinates></Point></Placemark><Placemark><name>63</name><styleUrl>#ugcPoint</styleUrl><description><![CDATA[<div style="font-family:system-ui,-apple-system,Segoe UI,Roboto,sans-serif;font-size:12px;line-height:1.45;max-width:520px;color:#1a1a1a;"><p style="margin:0 0 6px;font-size:15px;font-weight:600;color:#0e7c86;">63</p><table style="border-collapse:collapse;width:100%;margin:0 0 10px;"><tr><td style="padding:3px 6px;border-bottom:1px solid #d8d8d8;font-weight:600;white-space:nowrap;width:38%;">Pakhar-A 115.13 Ha Boundary Pillars</td><td style="padding:3px 6px;border-bottom:1px solid #d8d8d8;vertical-align:top;">63</td></tr></table></div>]]></description><Point><altitudeMode>clampToGround</altitudeMode><coordinates>105.60757981,2.20050278</coordinates></Point></Placemark><Placemark><name>64</name><styleUrl>#ugcPoint</styleUrl><description><![CDATA[<div style="font-family:system-ui,-apple-system,Segoe UI,Roboto,sans-serif;font-size:12px;line-height:1.45;max-width:520px;color:#1a1a1a;"><p style="margin:0 0 6px;font-size:15px;font-weight:600;color:#0e7c86;">64</p><table style="border-collapse:collapse;width:100%;margin:0 0 10px;"><tr><td style="padding:3px 6px;border-bottom:1px solid #d8d8d8;font-weight:600;white-space:nowrap;width:38%;">Pakhar-A 115.13 Ha Boundary Pillars</td><td style="padding:3px 6px;border-bottom:1px solid #d8d8d8;vertical-align:top;">64</td></tr></table></div>]]></description><Point><altitudeMode>clampToGround</altitudeMode><coordinates>105.60767720,2.20031847</coordinates></Point></Placemark><Placemark><name>65</name><styleUrl>#ugcPoint</styleUrl><description><![CDATA[<div style="font-family:system-ui,-apple-system,Segoe UI,Roboto,sans-serif;font-size:12px;line-height:1.45;max-width:520px;color:#1a1a1a;"><p style="margin:0 0 6px;font-size:15px;font-weight:600;color:#0e7c86;">65</p><table style="border-collapse:collapse;width:100%;margin:0 0 10px;"><tr><td style="padding:3px 6px;border-bottom:1px solid #d8d8d8;font-weight:600;white-space:nowrap;width:38%;">Pakhar-A 115.13 Ha Boundary Pillars</td><td style="padding:3px 6px;border-bottom:1px solid #d8d8d8;vertical-align:top;">65</td></tr></table></div>]]></description><Point><altitudeMode>clampToGround</altitudeMode><coordinates>105.60798976,2.19995935</coordinates></Point></Placemark><Placemark><name>66</name><styleUrl>#ugcPoint</styleUrl><description><![CDATA[<div style="font-family:system-ui,-apple-system,Segoe UI,Roboto,sans-serif;font-size:12px;line-height:1.45;max-width:520px;color:#1a1a1a;"><p style="margin:0 0 6px;font-size:15px;font-weight:600;color:#0e7c86;">66</p><table style="border-collapse:collapse;width:100%;margin:0 0 10px;"><tr><td style="padding:3px 6px;border-bottom:1px solid #d8d8d8;font-weight:600;white-space:nowrap;width:38%;">Pakhar-A 115.13 Ha Boundary Pillars</td><td style="padding:3px 6px;border-bottom:1px solid #d8d8d8;vertical-align:top;">66</td></tr></table></div>]]></description><Point><altitudeMode>clampToGround</altitudeMode><coordinates>105.60819341,2.20017008</coordinates></Point></Placemark><Placemark><name>67</name><styleUrl>#ugcPoint</styleUrl><description><![CDATA[<div style="font-family:system-ui,-apple-system,Segoe UI,Roboto,sans-serif;font-size:12px;line-height:1.45;max-width:520px;color:#1a1a1a;"><p style="margin:0 0 6px;font-size:15px;font-weight:600;color:#0e7c86;">67</p><table style="border-collapse:collapse;width:100%;margin:0 0 10px;"><tr><td style="padding:3px 6px;border-bottom:1px solid #d8d8d8;font-weight:600;white-space:nowrap;width:38%;">Pakhar-A 115.13 Ha Boundary Pillars</td><td style="padding:3px 6px;border-bottom:1px solid #d8d8d8;vertical-align:top;">67</td></tr></table></div>]]></description><Point><altitudeMode>clampToGround</altitudeMode><coordinates>105.60788718,2.20046807</coordinates></Point></Placemark><Placemark><name>68</name><styleUrl>#ugcPoint</styleUrl><description><![CDATA[<div style="font-family:system-ui,-apple-system,Segoe UI,Roboto,sans-serif;font-size:12px;line-height:1.45;max-width:520px;color:#1a1a1a;"><p style="margin:0 0 6px;font-size:15px;font-weight:600;color:#0e7c86;">68</p><table style="border-collapse:collapse;width:100%;margin:0 0 10px;"><tr><td style="padding:3px 6px;border-bottom:1px solid #d8d8d8;font-weight:600;white-space:nowrap;width:38%;">Pakhar-A 115.13 Ha Boundary Pillars</td><td style="padding:3px 6px;border-bottom:1px solid #d8d8d8;vertical-align:top;">68</td></tr></table></div>]]></description><Point><altitudeMode>clampToGround</altitudeMode><coordinates>105.60782004,2.20054117</coordinates></Point></Placemark><Placemark><name>69</name><styleUrl>#ugcPoint</styleUrl><description><![CDATA[<div style="font-family:system-ui,-apple-system,Segoe UI,Roboto,sans-serif;font-size:12px;line-height:1.45;max-width:520px;color:#1a1a1a;"><p style="margin:0 0 6px;font-size:15px;font-weight:600;color:#0e7c86;">69</p><table style="border-collapse:collapse;width:100%;margin:0 0 10px;"><tr><td style="padding:3px 6px;border-bottom:1px solid #d8d8d8;font-weight:600;white-space:nowrap;width:38%;">Pakhar-A 115.13 Ha Boundary Pillars</td><td style="padding:3px 6px;border-bottom:1px solid #d8d8d8;vertical-align:top;">69</td></tr></table></div>]]></description><Point><altitudeMode>clampToGround</altitudeMode><coordinates>105.60790387,2.20071604</coordinates></Point></Placemark><Placemark><name>70</name><styleUrl>#ugcPoint</styleUrl><description><![CDATA[<div style="font-family:system-ui,-apple-system,Segoe UI,Roboto,sans-serif;font-size:12px;line-height:1.45;max-width:520px;color:#1a1a1a;"><p style="margin:0 0 6px;font-size:15px;font-weight:600;color:#0e7c86;">70</p><table style="border-collapse:collapse;width:100%;margin:0 0 10px;"><tr><td style="padding:3px 6px;border-bottom:1px solid #d8d8d8;font-weight:600;white-space:nowrap;width:38%;">Pakhar-A 115.13 Ha Boundary Pillars</td><td style="padding:3px 6px;border-bottom:1px solid #d8d8d8;vertical-align:top;">70</td></tr></table></div>]]></description><Point><altitudeMode>clampToGround</altitudeMode><coordinates>105.60818399,2.20041169</coordinates></Point></Placemark><Placemark><name>71</name><styleUrl>#ugcPoint</styleUrl><description><![CDATA[<div style="font-family:system-ui,-apple-system,Segoe UI,Roboto,sans-serif;font-size:12px;line-height:1.45;max-width:520px;color:#1a1a1a;"><p style="margin:0 0 6px;font-size:15px;font-weight:600;color:#0e7c86;">71</p><table style="border-collapse:collapse;width:100%;margin:0 0 10px;"><tr><td style="padding:3px 6px;border-bottom:1px solid #d8d8d8;font-weight:600;white-space:nowrap;width:38%;">Pakhar-A 115.13 Ha Boundary Pillars</td><td style="padding:3px 6px;border-bottom:1px solid #d8d8d8;vertical-align:top;">71</td></tr></table></div>]]></description><Point><altitudeMode>clampToGround</altitudeMode><coordinates>105.60857212,2.20023488</coordinates></Point></Placemark><Placemark><name>72</name><styleUrl>#ugcPoint</styleUrl><description><![CDATA[<div style="font-family:system-ui,-apple-system,Segoe UI,Roboto,sans-serif;font-size:12px;line-height:1.45;max-width:520px;color:#1a1a1a;"><p style="margin:0 0 6px;font-size:15px;font-weight:600;color:#0e7c86;">72</p><table style="border-collapse:collapse;width:100%;margin:0 0 10px;"><tr><td style="padding:3px 6px;border-bottom:1px solid #d8d8d8;font-weight:600;white-space:nowrap;width:38%;">Pakhar-A 115.13 Ha Boundary Pillars</td><td style="padding:3px 6px;border-bottom:1px solid #d8d8d8;vertical-align:top;">72</td></tr></table></div>]]></description><Point><altitudeMode>clampToGround</altitudeMode><coordinates>105.60868631,2.20016566</coordinates></Point></Placemark><Placemark><name>73</name><styleUrl>#ugcPoint</styleUrl><description><![CDATA[<div style="font-family:system-ui,-apple-system,Segoe UI,Roboto,sans-serif;font-size:12px;line-height:1.45;max-width:520px;color:#1a1a1a;"><p style="margin:0 0 6px;font-size:15px;font-weight:600;color:#0e7c86;">73</p><table style="border-collapse:collapse;width:100%;margin:0 0 10px;"><tr><td style="padding:3px 6px;border-bottom:1px solid #d8d8d8;font-weight:600;white-space:nowrap;width:38%;">Pakhar-A 115.13 Ha Boundary Pillars</td><td style="padding:3px 6px;border-bottom:1px solid #d8d8d8;vertical-align:top;">73</td></tr></table></div>]]></description><Point><altitudeMode>clampToGround</altitudeMode><coordinates>105.60901652,2.20016939</coordinates></Point></Placemark><Placemark><name>74</name><styleUrl>#ugcPoint</styleUrl><description><![CDATA[<div style="font-family:system-ui,-apple-system,Segoe UI,Roboto,sans-serif;font-size:12px;line-height:1.45;max-width:520px;color:#1a1a1a;"><p style="margin:0 0 6px;font-size:15px;font-weight:600;color:#0e7c86;">74</p><table style="border-collapse:collapse;width:100%;margin:0 0 10px;"><tr><td style="padding:3px 6px;border-bottom:1px solid #d8d8d8;font-weight:600;white-space:nowrap;width:38%;">Pakhar-A 115.13 Ha Boundary Pillars</td><td style="padding:3px 6px;border-bottom:1px solid #d8d8d8;vertical-align:top;">74</td></tr></table></div>]]></description><Point><altitudeMode>clampToGround</altitudeMode><coordinates>105.60912328,2.20021728</coordinates></Point></Placemark><Placemark><name>75</name><styleUrl>#ugcPoint</styleUrl><description><![CDATA[<div style="font-family:system-ui,-apple-system,Segoe UI,Roboto,sans-serif;font-size:12px;line-height:1.45;max-width:520px;color:#1a1a1a;"><p style="margin:0 0 6px;font-size:15px;font-weight:600;color:#0e7c86;">75</p><table style="border-collapse:collapse;width:100%;margin:0 0 10px;"><tr><td style="padding:3px 6px;border-bottom:1px solid #d8d8d8;font-weight:600;white-space:nowrap;width:38%;">Pakhar-A 115.13 Ha Boundary Pillars</td><td style="padding:3px 6px;border-bottom:1px solid #d8d8d8;vertical-align:top;">75</td></tr></table></div>]]></description><Point><altitudeMode>clampToGround</altitudeMode><coordinates>105.60919938,2.20016881</coordinates></Point></Placemark><Placemark><name>76</name><styleUrl>#ugcPoint</styleUrl><description><![CDATA[<div style="font-family:system-ui,-apple-system,Segoe UI,Roboto,sans-serif;font-size:12px;line-height:1.45;max-width:520px;color:#1a1a1a;"><p style="margin:0 0 6px;font-size:15px;font-weight:600;color:#0e7c86;">76</p><table style="border-collapse:collapse;width:100%;margin:0 0 10px;"><tr><td style="padding:3px 6px;border-bottom:1px solid #d8d8d8;font-weight:600;white-space:nowrap;width:38%;">Pakhar-A 115.13 Ha Boundary Pillars</td><td style="padding:3px 6px;border-bottom:1px solid #d8d8d8;vertical-align:top;">76</td></tr></table></div>]]></description><Point><altitudeMode>clampToGround</altitudeMode><coordinates>105.60960526,2.20029921</coordinates></Point></Placemark><Placemark><name>77</name><styleUrl>#ugcPoint</styleUrl><description><![CDATA[<div style="font-family:system-ui,-apple-system,Segoe UI,Roboto,sans-serif;font-size:12px;line-height:1.45;max-width:520px;color:#1a1a1a;"><p style="margin:0 0 6px;font-size:15px;font-weight:600;color:#0e7c86;">77</p><table style="border-collapse:collapse;width:100%;margin:0 0 10px;"><tr><td style="padding:3px 6px;border-bottom:1px solid #d8d8d8;font-weight:600;white-space:nowrap;width:38%;">Pakhar-A 115.13 Ha Boundary Pillars</td><td style="padding:3px 6px;border-bottom:1px solid #d8d8d8;vertical-align:top;">77</td></tr></table></div>]]></description><Point><altitudeMode>clampToGround</altitudeMode><coordinates>105.61001115,2.20042961</coordinates></Point></Placemark><Placemark><name>78</name><styleUrl>#ugcPoint</styleUrl><description><![CDATA[<div style="font-family:system-ui,-apple-system,Segoe UI,Roboto,sans-serif;font-size:12px;line-height:1.45;max-width:520px;color:#1a1a1a;"><p style="margin:0 0 6px;font-size:15px;font-weight:600;color:#0e7c86;">78</p><table style="border-collapse:collapse;width:100%;margin:0 0 10px;"><tr><td style="padding:3px 6px;border-bottom:1px solid #d8d8d8;font-weight:600;white-space:nowrap;width:38%;">Pakhar-A 115.13 Ha Boundary Pillars</td><td style="padding:3px 6px;border-bottom:1px solid #d8d8d8;vertical-align:top;">78</td></tr></table></div>]]></description><Point><altitudeMode>clampToGround</altitudeMode><coordinates>105.61041702,2.20056001</coordinates></Point></Placemark><Placemark><name>79</name><styleUrl>#ugcPoint</styleUrl><description><![CDATA[<div style="font-family:system-ui,-apple-system,Segoe UI,Roboto,sans-serif;font-size:12px;line-height:1.45;max-width:520px;color:#1a1a1a;"><p style="margin:0 0 6px;font-size:15px;font-weight:600;color:#0e7c86;">79</p><table style="border-collapse:collapse;width:100%;margin:0 0 10px;"><tr><td style="padding:3px 6px;border-bottom:1px solid #d8d8d8;font-weight:600;white-space:nowrap;width:38%;">Pakhar-A 115.13 Ha Boundary Pillars</td><td style="padding:3px 6px;border-bottom:1px solid #d8d8d8;vertical-align:top;">79</td></tr></table></div>]]></description><Point><altitudeMode>clampToGround</altitudeMode><coordinates>105.61082290,2.20069040</coordinates></Point></Placemark><Placemark><name>80</name><styleUrl>#ugcPoint</styleUrl><description><![CDATA[<div style="font-family:system-ui,-apple-system,Segoe UI,Roboto,sans-serif;font-size:12px;line-height:1.45;max-width:520px;color:#1a1a1a;"><p style="margin:0 0 6px;font-size:15px;font-weight:600;color:#0e7c86;">80</p><table style="border-collapse:collapse;width:100%;margin:0 0 10px;"><tr><td style="padding:3px 6px;border-bottom:1px solid #d8d8d8;font-weight:600;white-space:nowrap;width:38%;">Pakhar-A 115.13 Ha Boundary Pillars</td><td style="padding:3px 6px;border-bottom:1px solid #d8d8d8;vertical-align:top;">80</td></tr></table></div>]]></description><Point><altitudeMode>clampToGround</altitudeMode><coordinates>105.61122877,2.20082080</coordinates></Point></Placemark><Placemark><name>81</name><styleUrl>#ugcPoint</styleUrl><description><![CDATA[<div style="font-family:system-ui,-apple-system,Segoe UI,Roboto,sans-serif;font-size:12px;line-height:1.45;max-width:520px;color:#1a1a1a;"><p style="margin:0 0 6px;font-size:15px;font-weight:600;color:#0e7c86;">81</p><table style="border-collapse:collapse;width:100%;margin:0 0 10px;"><tr><td style="padding:3px 6px;border-bottom:1px solid #d8d8d8;font-weight:600;white-space:nowrap;width:38%;">Pakhar-A 115.13 Ha Boundary Pillars</td><td style="padding:3px 6px;border-bottom:1px solid #d8d8d8;vertical-align:top;">81</td></tr></table></div>]]></description><Point><altitudeMode>clampToGround</altitudeMode><coordinates>105.61163464,2.20095119</coordinates></Point></Placemark><Placemark><name>82</name><styleUrl>#ugcPoint</styleUrl><description><![CDATA[<div style="font-family:system-ui,-apple-system,Segoe UI,Roboto,sans-serif;font-size:12px;line-height:1.45;max-width:520px;color:#1a1a1a;"><p style="margin:0 0 6px;font-size:15px;font-weight:600;color:#0e7c86;">82</p><table style="border-collapse:collapse;width:100%;margin:0 0 10px;"><tr><td style="padding:3px 6px;border-bottom:1px solid #d8d8d8;font-weight:600;white-space:nowrap;width:38%;">Pakhar-A 115.13 Ha Boundary Pillars</td><td style="padding:3px 6px;border-bottom:1px solid #d8d8d8;vertical-align:top;">82</td></tr></table></div>]]></description><Point><altitudeMode>clampToGround</altitudeMode><coordinates>105.61204052,2.20108159</coordinates></Point></Placemark><Placemark><name>83</name><styleUrl>#ugcPoint</styleUrl><description><![CDATA[<div style="font-family:system-ui,-apple-system,Segoe UI,Roboto,sans-serif;font-size:12px;line-height:1.45;max-width:520px;color:#1a1a1a;"><p style="margin:0 0 6px;font-size:15px;font-weight:600;color:#0e7c86;">83</p><table style="border-collapse:collapse;width:100%;margin:0 0 10px;"><tr><td style="padding:3px 6px;border-bottom:1px solid #d8d8d8;font-weight:600;white-space:nowrap;width:38%;">Pakhar-A 115.13 Ha Boundary Pillars</td><td style="padding:3px 6px;border-bottom:1px solid #d8d8d8;vertical-align:top;">83</td></tr></table></div>]]></description><Point><altitudeMode>clampToGround</altitudeMode><coordinates>105.61244639,2.20121198</coordinates></Point></Placemark><Placemark><name>84</name><styleUrl>#ugcPoint</styleUrl><description><![CDATA[<div style="font-family:system-ui,-apple-system,Segoe UI,Roboto,sans-serif;font-size:12px;line-height:1.45;max-width:520px;color:#1a1a1a;"><p style="margin:0 0 6px;font-size:15px;font-weight:600;color:#0e7c86;">84</p><table style="border-collapse:collapse;width:100%;margin:0 0 10px;"><tr><td style="padding:3px 6px;border-bottom:1px solid #d8d8d8;font-weight:600;white-space:nowrap;width:38%;">Pakhar-A 115.13 Ha Boundary Pillars</td><td style="padding:3px 6px;border-bottom:1px solid #d8d8d8;vertical-align:top;">84</td></tr></table></div>]]></description><Point><altitudeMode>clampToGround</altitudeMode><coordinates>105.61285226,2.20134238</coordinates></Point></Placemark><Placemark><name>85</name><styleUrl>#ugcPoint</styleUrl><description><![CDATA[<div style="font-family:system-ui,-apple-system,Segoe UI,Roboto,sans-serif;font-size:12px;line-height:1.45;max-width:520px;color:#1a1a1a;"><p style="margin:0 0 6px;font-size:15px;font-weight:600;color:#0e7c86;">85</p><table style="border-collapse:collapse;width:100%;margin:0 0 10px;"><tr><td style="padding:3px 6px;border-bottom:1px solid #d8d8d8;font-weight:600;white-space:nowrap;width:38%;">Pakhar-A 115.13 Ha Boundary Pillars</td><td style="padding:3px 6px;border-bottom:1px solid #d8d8d8;vertical-align:top;">85</td></tr></table></div>]]></description><Point><altitudeMode>clampToGround</altitudeMode><coordinates>105.61325814,2.20147277</coordinates></Point></Placemark><Placemark><name>86</name><styleUrl>#ugcPoint</styleUrl><description><![CDATA[<div style="font-family:system-ui,-apple-system,Segoe UI,Roboto,sans-serif;font-size:12px;line-height:1.45;max-width:520px;color:#1a1a1a;"><p style="margin:0 0 6px;font-size:15px;font-weight:600;color:#0e7c86;">86</p><table style="border-collapse:collapse;width:100%;margin:0 0 10px;"><tr><td style="padding:3px 6px;border-bottom:1px solid #d8d8d8;font-weight:600;white-space:nowrap;width:38%;">Pakhar-A 115.13 Ha Boundary Pillars</td><td style="padding:3px 6px;border-bottom:1px solid #d8d8d8;vertical-align:top;">86</td></tr></table></div>]]></description><Point><altitudeMode>clampToGround</altitudeMode><coordinates>105.61366400,2.20160316</coordinates></Point></Placemark><Placemark><name>87</name><styleUrl>#ugcPoint</styleUrl><description><![CDATA[<div style="font-family:system-ui,-apple-system,Segoe UI,Roboto,sans-serif;font-size:12px;line-height:1.45;max-width:520px;color:#1a1a1a;"><p style="margin:0 0 6px;font-size:15px;font-weight:600;color:#0e7c86;">87</p><table style="border-collapse:collapse;width:100%;margin:0 0 10px;"><tr><td style="padding:3px 6px;border-bottom:1px solid #d8d8d8;font-weight:600;white-space:nowrap;width:38%;">Pakhar-A 115.13 Ha Boundary Pillars</td><td style="padding:3px 6px;border-bottom:1px solid #d8d8d8;vertical-align:top;">87</td></tr></table></div>]]></description><Point><altitudeMode>clampToGround</altitudeMode><coordinates>105.61406988,2.20173355</coordinates></Point></Placemark><Placemark><name>88</name><styleUrl>#ugcPoint</styleUrl><description><![CDATA[<div style="font-family:system-ui,-apple-system,Segoe UI,Roboto,sans-serif;font-size:12px;line-height:1.45;max-width:520px;color:#1a1a1a;"><p style="margin:0 0 6px;font-size:15px;font-weight:600;color:#0e7c86;">88</p><table style="border-collapse:collapse;width:100%;margin:0 0 10px;"><tr><td style="padding:3px 6px;border-bottom:1px solid #d8d8d8;font-weight:600;white-space:nowrap;width:38%;">Pakhar-A 115.13 Ha Boundary Pillars</td><td style="padding:3px 6px;border-bottom:1px solid #d8d8d8;vertical-align:top;">88</td></tr></table></div>]]></description><Point><altitudeMode>clampToGround</altitudeMode><coordinates>105.61453761,2.20188381</coordinates></Point></Placemark><Placemark><name>89</name><styleUrl>#ugcPoint</styleUrl><description><![CDATA[<div style="font-family:system-ui,-apple-system,Segoe UI,Roboto,sans-serif;font-size:12px;line-height:1.45;max-width:520px;color:#1a1a1a;"><p style="margin:0 0 6px;font-size:15px;font-weight:600;color:#0e7c86;">89</p><table style="border-collapse:collapse;width:100%;margin:0 0 10px;"><tr><td style="padding:3px 6px;border-bottom:1px solid #d8d8d8;font-weight:600;white-space:nowrap;width:38%;">Pakhar-A 115.13 Ha Boundary Pillars</td><td style="padding:3px 6px;border-bottom:1px solid #d8d8d8;vertical-align:top;">89</td></tr></table></div>]]></description><Point><altitudeMode>clampToGround</altitudeMode><coordinates>105.61423866,2.20218917</coordinates></Point></Placemark><Placemark><name>90</name><styleUrl>#ugcPoint</styleUrl><description><![CDATA[<div style="font-family:system-ui,-apple-system,Segoe UI,Roboto,sans-serif;font-size:12px;line-height:1.45;max-width:520px;color:#1a1a1a;"><p style="margin:0 0 6px;font-size:15px;font-weight:600;color:#0e7c86;">90</p><table style="border-collapse:collapse;width:100%;margin:0 0 10px;"><tr><td style="padding:3px 6px;border-bottom:1px solid #d8d8d8;font-weight:600;white-space:nowrap;width:38%;">Pakhar-A 115.13 Ha Boundary Pillars</td><td style="padding:3px 6px;border-bottom:1px solid #d8d8d8;vertical-align:top;">90</td></tr></table></div>]]></description><Point><altitudeMode>clampToGround</altitudeMode><coordinates>105.61393971,2.20249454</coordinates></Point></Placemark><Placemark><name>91</name><styleUrl>#ugcPoint</styleUrl><description><![CDATA[<div style="font-family:system-ui,-apple-system,Segoe UI,Roboto,sans-serif;font-size:12px;line-height:1.45;max-width:520px;color:#1a1a1a;"><p style="margin:0 0 6px;font-size:15px;font-weight:600;color:#0e7c86;">91</p><table style="border-collapse:collapse;width:100%;margin:0 0 10px;"><tr><td style="padding:3px 6px;border-bottom:1px solid #d8d8d8;font-weight:600;white-space:nowrap;width:38%;">Pakhar-A 115.13 Ha Boundary Pillars</td><td style="padding:3px 6px;border-bottom:1px solid #d8d8d8;vertical-align:top;">91</td></tr></table></div>]]></description><Point><altitudeMode>clampToGround</altitudeMode><coordinates>105.61364076,2.20279991</coordinates></Point></Placemark><Placemark><name>92</name><styleUrl>#ugcPoint</styleUrl><description><![CDATA[<div style="font-family:system-ui,-apple-system,Segoe UI,Roboto,sans-serif;font-size:12px;line-height:1.45;max-width:520px;color:#1a1a1a;"><p style="margin:0 0 6px;font-size:15px;font-weight:600;color:#0e7c86;">92</p><table style="border-collapse:collapse;width:100%;margin:0 0 10px;"><tr><td style="padding:3px 6px;border-bottom:1px solid #d8d8d8;font-weight:600;white-space:nowrap;width:38%;">Pakhar-A 115.13 Ha Boundary Pillars</td><td style="padding:3px 6px;border-bottom:1px solid #d8d8d8;vertical-align:top;">92</td></tr></table></div>]]></description><Point><altitudeMode>clampToGround</altitudeMode><coordinates>105.61358894,2.20285285</coordinates></Point></Placemark><Placemark><name>93</name><styleUrl>#ugcPoint</styleUrl><description><![CDATA[<div style="font-family:system-ui,-apple-system,Segoe UI,Roboto,sans-serif;font-size:12px;line-height:1.45;max-width:520px;color:#1a1a1a;"><p style="margin:0 0 6px;font-size:15px;font-weight:600;color:#0e7c86;">93</p><table style="border-collapse:collapse;width:100%;margin:0 0 10px;"><tr><td style="padding:3px 6px;border-bottom:1px solid #d8d8d8;font-weight:600;white-space:nowrap;width:38%;">Pakhar-A 115.13 Ha Boundary Pillars</td><td style="padding:3px 6px;border-bottom:1px solid #d8d8d8;vertical-align:top;">93</td></tr></table></div>]]></description><Point><altitudeMode>clampToGround</altitudeMode><coordinates>105.61319431,2.20301442</coordinates></Point></Placemark><Placemark><name>94</name><styleUrl>#ugcPoint</styleUrl><description><![CDATA[<div style="font-family:system-ui,-apple-system,Segoe UI,Roboto,sans-serif;font-size:12px;line-height:1.45;max-width:520px;color:#1a1a1a;"><p style="margin:0 0 6px;font-size:15px;font-weight:600;color:#0e7c86;">94</p><table style="border-collapse:collapse;width:100%;margin:0 0 10px;"><tr><td style="padding:3px 6px;border-bottom:1px solid #d8d8d8;font-weight:600;white-space:nowrap;width:38%;">Pakhar-A 115.13 Ha Boundary Pillars</td><td style="padding:3px 6px;border-bottom:1px solid #d8d8d8;vertical-align:top;">94</td></tr></table></div>]]></description><Point><altitudeMode>clampToGround</altitudeMode><coordinates>105.61279967,2.20317600</coordinates></Point></Placemark><Placemark><name>95</name><styleUrl>#ugcPoint</styleUrl><description><![CDATA[<div style="font-family:system-ui,-apple-system,Segoe UI,Roboto,sans-serif;font-size:12px;line-height:1.45;max-width:520px;color:#1a1a1a;"><p style="margin:0 0 6px;font-size:15px;font-weight:600;color:#0e7c86;">95</p><table style="border-collapse:collapse;width:100%;margin:0 0 10px;"><tr><td style="padding:3px 6px;border-bottom:1px solid #d8d8d8;font-weight:600;white-space:nowrap;width:38%;">Pakhar-A 115.13 Ha Boundary Pillars</td><td style="padding:3px 6px;border-bottom:1px solid #d8d8d8;vertical-align:top;">95</td></tr></table></div>]]></description><Point><altitudeMode>clampToGround</altitudeMode><coordinates>105.61240504,2.20333757</coordinates></Point></Placemark><Placemark><name>96</name><styleUrl>#ugcPoint</styleUrl><description><![CDATA[<div style="font-family:system-ui,-apple-system,Segoe UI,Roboto,sans-serif;font-size:12px;line-height:1.45;max-width:520px;color:#1a1a1a;"><p style="margin:0 0 6px;font-size:15px;font-weight:600;color:#0e7c86;">96</p><table style="border-collapse:collapse;width:100%;margin:0 0 10px;"><tr><td style="padding:3px 6px;border-bottom:1px solid #d8d8d8;font-weight:600;white-space:nowrap;width:38%;">Pakhar-A 115.13 Ha Boundary Pillars</td><td style="padding:3px 6px;border-bottom:1px solid #d8d8d8;vertical-align:top;">96</td></tr></table></div>]]></description><Point><altitudeMode>clampToGround</altitudeMode><coordinates>105.61201041,2.20349914</coordinates></Point></Placemark><Placemark><name>97</name><styleUrl>#ugcPoint</styleUrl><description><![CDATA[<div style="font-family:system-ui,-apple-system,Segoe UI,Roboto,sans-serif;font-size:12px;line-height:1.45;max-width:520px;color:#1a1a1a;"><p style="margin:0 0 6px;font-size:15px;font-weight:600;color:#0e7c86;">97</p><table style="border-collapse:collapse;width:100%;margin:0 0 10px;"><tr><td style="padding:3px 6px;border-bottom:1px solid #d8d8d8;font-weight:600;white-space:nowrap;width:38%;">Pakhar-A 115.13 Ha Boundary Pillars</td><td style="padding:3px 6px;border-bottom:1px solid #d8d8d8;vertical-align:top;">97</td></tr></table></div>]]></description><Point><altitudeMode>clampToGround</altitudeMode><coordinates>105.61161577,2.20366072</coordinates></Point></Placemark><Placemark><name>98</name><styleUrl>#ugcPoint</styleUrl><description><![CDATA[<div style="font-family:system-ui,-apple-system,Segoe UI,Roboto,sans-serif;font-size:12px;line-height:1.45;max-width:520px;color:#1a1a1a;"><p style="margin:0 0 6px;font-size:15px;font-weight:600;color:#0e7c86;">98</p><table style="border-collapse:collapse;width:100%;margin:0 0 10px;"><tr><td style="padding:3px 6px;border-bottom:1px solid #d8d8d8;font-weight:600;white-space:nowrap;width:38%;">Pakhar-A 115.13 Ha Boundary Pillars</td><td style="padding:3px 6px;border-bottom:1px solid #d8d8d8;vertical-align:top;">98</td></tr></table></div>]]></description><Point><altitudeMode>clampToGround</altitudeMode><coordinates>105.61122114,2.20382230</coordinates></Point></Placemark><Placemark><name>99</name><styleUrl>#ugcPoint</styleUrl><description><![CDATA[<div style="font-family:system-ui,-apple-system,Segoe UI,Roboto,sans-serif;font-size:12px;line-height:1.45;max-width:520px;color:#1a1a1a;"><p style="margin:0 0 6px;font-size:15px;font-weight:600;color:#0e7c86;">99</p><table style="border-collapse:collapse;width:100%;margin:0 0 10px;"><tr><td style="padding:3px 6px;border-bottom:1px solid #d8d8d8;font-weight:600;white-space:nowrap;width:38%;">Pakhar-A 115.13 Ha Boundary Pillars</td><td style="padding:3px 6px;border-bottom:1px solid #d8d8d8;vertical-align:top;">99</td></tr></table></div>]]></description><Point><altitudeMode>clampToGround</altitudeMode><coordinates>105.61082650,2.20398388</coordinates></Point></Placemark><Placemark><name>100</name><styleUrl>#ugcPoint</styleUrl><description><![CDATA[<div style="font-family:system-ui,-apple-system,Segoe UI,Roboto,sans-serif;font-size:12px;line-height:1.45;max-width:520px;color:#1a1a1a;"><p style="margin:0 0 6px;font-size:15px;font-weight:600;color:#0e7c86;">100</p><table style="border-collapse:collapse;width:100%;margin:0 0 10px;"><tr><td style="padding:3px 6px;border-bottom:1px solid #d8d8d8;font-weight:600;white-space:nowrap;width:38%;">Pakhar-A 115.13 Ha Boundary Pillars</td><td style="padding:3px 6px;border-bottom:1px solid #d8d8d8;vertical-align:top;">100</td></tr></table></div>]]></description><Point><altitudeMode>clampToGround</altitudeMode><coordinates>105.61043186,2.20414545</coordinates></Point></Placemark><Placemark><name>101</name><styleUrl>#ugcPoint</styleUrl><description><![CDATA[<div style="font-family:system-ui,-apple-system,Segoe UI,Roboto,sans-serif;font-size:12px;line-height:1.45;max-width:520px;color:#1a1a1a;"><p style="margin:0 0 6px;font-size:15px;font-weight:600;color:#0e7c86;">101</p><table style="border-collapse:collapse;width:100%;margin:0 0 10px;"><tr><td style="padding:3px 6px;border-bottom:1px solid #d8d8d8;font-weight:600;white-space:nowrap;width:38%;">Pakhar-A 115.13 Ha Boundary Pillars</td><td style="padding:3px 6px;border-bottom:1px solid #d8d8d8;vertical-align:top;">101</td></tr></table></div>]]></description><Point><altitudeMode>clampToGround</altitudeMode><coordinates>105.61003722,2.20430703</coordinates></Point></Placemark><Placemark><name>102</name><styleUrl>#ugcPoint</styleUrl><description><![CDATA[<div style="font-family:system-ui,-apple-system,Segoe UI,Roboto,sans-serif;font-size:12px;line-height:1.45;max-width:520px;color:#1a1a1a;"><p style="margin:0 0 6px;font-size:15px;font-weight:600;color:#0e7c86;">102</p><table style="border-collapse:collapse;width:100%;margin:0 0 10px;"><tr><td style="padding:3px 6px;border-bottom:1px solid #d8d8d8;font-weight:600;white-space:nowrap;width:38%;">Pakhar-A 115.13 Ha Boundary Pillars</td><td style="padding:3px 6px;border-bottom:1px solid #d8d8d8;vertical-align:top;">102</td></tr></table></div>]]></description><Point><altitudeMode>clampToGround</altitudeMode><coordinates>105.60964259,2.20446861</coordinates></Point></Placemark><Placemark><name>103</name><styleUrl>#ugcPoint</styleUrl><description><![CDATA[<div style="font-family:system-ui,-apple-system,Segoe UI,Roboto,sans-serif;font-size:12px;line-height:1.45;max-width:520px;color:#1a1a1a;"><p style="margin:0 0 6px;font-size:15px;font-weight:600;color:#0e7c86;">103</p><table style="border-collapse:collapse;width:100%;margin:0 0 10px;"><tr><td style="padding:3px 6px;border-bottom:1px solid #d8d8d8;font-weight:600;white-space:nowrap;width:38%;">Pakhar-A 115.13 Ha Boundary Pillars</td><td style="padding:3px 6px;border-bottom:1px solid #d8d8d8;vertical-align:top;">103</td></tr></table></div>]]></description><Point><altitudeMode>clampToGround</altitudeMode><coordinates>105.60937202,2.20457939</coordinates></Point></Placemark><Placemark><name>104</name><styleUrl>#ugcPoint</styleUrl><description><![CDATA[<div style="font-family:system-ui,-apple-system,Segoe UI,Roboto,sans-serif;font-size:12px;line-height:1.45;max-width:520px;color:#1a1a1a;"><p style="margin:0 0 6px;font-size:15px;font-weight:600;color:#0e7c86;">104</p><table style="border-collapse:collapse;width:100%;margin:0 0 10px;"><tr><td style="padding:3px 6px;border-bottom:1px solid #d8d8d8;font-weight:600;white-space:nowrap;width:38%;">Pakhar-A 115.13 Ha Boundary Pillars</td><td style="padding:3px 6px;border-bottom:1px solid #d8d8d8;vertical-align:top;">104</td></tr></table></div>]]></description><Point><altitudeMode>clampToGround</altitudeMode><coordinates>105.60910123,2.20424850</coordinates></Point></Placemark><Placemark><name>105</name><styleUrl>#ugcPoint</styleUrl><description><![CDATA[<div style="font-family:system-ui,-apple-system,Segoe UI,Roboto,sans-serif;font-size:12px;line-height:1.45;max-width:520px;color:#1a1a1a;"><p style="margin:0 0 6px;font-size:15px;font-weight:600;color:#0e7c86;">105</p><table style="border-collapse:collapse;width:100%;margin:0 0 10px;"><tr><td style="padding:3px 6px;border-bottom:1px solid #d8d8d8;font-weight:600;white-space:nowrap;width:38%;">Pakhar-A 115.13 Ha Boundary Pillars</td><td style="padding:3px 6px;border-bottom:1px solid #d8d8d8;vertical-align:top;">105</td></tr></table></div>]]></description><Point><altitudeMode>clampToGround</altitudeMode><coordinates>105.60883043,2.20391762</coordinates></Point></Placemark><Placemark><name>106</name><styleUrl>#ugcPoint</styleUrl><description><![CDATA[<div style="font-family:system-ui,-apple-system,Segoe UI,Roboto,sans-serif;font-size:12px;line-height:1.45;max-width:520px;color:#1a1a1a;"><p style="margin:0 0 6px;font-size:15px;font-weight:600;color:#0e7c86;">106</p><table style="border-collapse:collapse;width:100%;margin:0 0 10px;"><tr><td style="padding:3px 6px;border-bottom:1px solid #d8d8d8;font-weight:600;white-space:nowrap;width:38%;">Pakhar-A 115.13 Ha Boundary Pillars</td><td style="padding:3px 6px;border-bottom:1px solid #d8d8d8;vertical-align:top;">106</td></tr></table></div>]]></description><Point><altitudeMode>clampToGround</altitudeMode><coordinates>105.60855629,2.20358952</coordinates></Point></Placemark><Placemark><name>107</name><styleUrl>#ugcPoint</styleUrl><description><![CDATA[<div style="font-family:system-ui,-apple-system,Segoe UI,Roboto,sans-serif;font-size:12px;line-height:1.45;max-width:520px;color:#1a1a1a;"><p style="margin:0 0 6px;font-size:15px;font-weight:600;color:#0e7c86;">107</p><table style="border-collapse:collapse;width:100%;margin:0 0 10px;"><tr><td style="padding:3px 6px;border-bottom:1px solid #d8d8d8;font-weight:600;white-space:nowrap;width:38%;">Pakhar-A 115.13 Ha Boundary Pillars</td><td style="padding:3px 6px;border-bottom:1px solid #d8d8d8;vertical-align:top;">107</td></tr></table></div>]]></description><Point><altitudeMode>clampToGround</altitudeMode><coordinates>105.60827928,2.20326387</coordinates></Point></Placemark><Placemark><name>108</name><styleUrl>#ugcPoint</styleUrl><description><![CDATA[<div style="font-family:system-ui,-apple-system,Segoe UI,Roboto,sans-serif;font-size:12px;line-height:1.45;max-width:520px;color:#1a1a1a;"><p style="margin:0 0 6px;font-size:15px;font-weight:600;color:#0e7c86;">108</p><table style="border-collapse:collapse;width:100%;margin:0 0 10px;"><tr><td style="padding:3px 6px;border-bottom:1px solid #d8d8d8;font-weight:600;white-space:nowrap;width:38%;">Pakhar-A 115.13 Ha Boundary Pillars</td><td style="padding:3px 6px;border-bottom:1px solid #d8d8d8;vertical-align:top;">108</td></tr></table></div>]]></description><Point><altitudeMode>clampToGround</altitudeMode><coordinates>105.60800227,2.20293824</coordinates></Point></Placemark><Placemark><name>109</name><styleUrl>#ugcPoint</styleUrl><description><![CDATA[<div style="font-family:system-ui,-apple-system,Segoe UI,Roboto,sans-serif;font-size:12px;line-height:1.45;max-width:520px;color:#1a1a1a;"><p style="margin:0 0 6px;font-size:15px;font-weight:600;color:#0e7c86;">109</p><table style="border-collapse:collapse;width:100%;margin:0 0 10px;"><tr><td style="padding:3px 6px;border-bottom:1px solid #d8d8d8;font-weight:600;white-space:nowrap;width:38%;">Pakhar-A 115.13 Ha Boundary Pillars</td><td style="padding:3px 6px;border-bottom:1px solid #d8d8d8;vertical-align:top;">109</td></tr></table></div>]]></description><Point><altitudeMode>clampToGround</altitudeMode><coordinates>105.60789092,2.20280735</coordinates></Point></Placemark><Placemark><name>110</name><styleUrl>#ugcPoint</styleUrl><description><![CDATA[<div style="font-family:system-ui,-apple-system,Segoe UI,Roboto,sans-serif;font-size:12px;line-height:1.45;max-width:520px;color:#1a1a1a;"><p style="margin:0 0 6px;font-size:15px;font-weight:600;color:#0e7c86;">110</p><table style="border-collapse:collapse;width:100%;margin:0 0 10px;"><tr><td style="padding:3px 6px;border-bottom:1px solid #d8d8d8;font-weight:600;white-space:nowrap;width:38%;">Pakhar-A 115.13 Ha Boundary Pillars</td><td style="padding:3px 6px;border-bottom:1px solid #d8d8d8;vertical-align:top;">110</td></tr></table></div>]]></description><Point><altitudeMode>clampToGround</altitudeMode><coordinates>105.60752371,2.20258996</coordinates></Point></Placemark><Placemark><name>111</name><styleUrl>#ugcPoint</styleUrl><description><![CDATA[<div style="font-family:system-ui,-apple-system,Segoe UI,Roboto,sans-serif;font-size:12px;line-height:1.45;max-width:520px;color:#1a1a1a;"><p style="margin:0 0 6px;font-size:15px;font-weight:600;color:#0e7c86;">111</p><table style="border-collapse:collapse;width:100%;margin:0 0 10px;"><tr><td style="padding:3px 6px;border-bottom:1px solid #d8d8d8;font-weight:600;white-space:nowrap;width:38%;">Pakhar-A 115.13 Ha Boundary Pillars</td><td style="padding:3px 6px;border-bottom:1px solid #d8d8d8;vertical-align:top;">111</td></tr></table></div>]]></description><Point><altitudeMode>clampToGround</altitudeMode><coordinates>105.60715650,2.20237258</coordinates></Point></Placemark><Placemark><name>112</name><styleUrl>#ugcPoint</styleUrl><description><![CDATA[<div style="font-family:system-ui,-apple-system,Segoe UI,Roboto,sans-serif;font-size:12px;line-height:1.45;max-width:520px;color:#1a1a1a;"><p style="margin:0 0 6px;font-size:15px;font-weight:600;color:#0e7c86;">112</p><table style="border-collapse:collapse;width:100%;margin:0 0 10px;"><tr><td style="padding:3px 6px;border-bottom:1px solid #d8d8d8;font-weight:600;white-space:nowrap;width:38%;">Pakhar-A 115.13 Ha Boundary Pillars</td><td style="padding:3px 6px;border-bottom:1px solid #d8d8d8;vertical-align:top;">112</td></tr></table></div>]]></description><Point><altitudeMode>clampToGround</altitudeMode><coordinates>105.60678930,2.20215519</coordinates></Point></Placemark><Placemark><name>113</name><styleUrl>#ugcPoint</styleUrl><description><![CDATA[<div style="font-family:system-ui,-apple-system,Segoe UI,Roboto,sans-serif;font-size:12px;line-height:1.45;max-width:520px;color:#1a1a1a;"><p style="margin:0 0 6px;font-size:15px;font-weight:600;color:#0e7c86;">113</p><table style="border-collapse:collapse;width:100%;margin:0 0 10px;"><tr><td style="padding:3px 6px;border-bottom:1px solid #d8d8d8;font-weight:600;white-space:nowrap;width:38%;">Pakhar-A 115.13 Ha Boundary Pillars</td><td style="padding:3px 6px;border-bottom:1px solid #d8d8d8;vertical-align:top;">113</td></tr></table></div>]]></description><Point><altitudeMode>clampToGround</altitudeMode><coordinates>105.60641333,2.20193262</coordinates></Point></Placemark><Placemark><name>114</name><styleUrl>#ugcPoint</styleUrl><description><![CDATA[<div style="font-family:system-ui,-apple-system,Segoe UI,Roboto,sans-serif;font-size:12px;line-height:1.45;max-width:520px;color:#1a1a1a;"><p style="margin:0 0 6px;font-size:15px;font-weight:600;color:#0e7c86;">114</p><table style="border-collapse:collapse;width:100%;margin:0 0 10px;"><tr><td style="padding:3px 6px;border-bottom:1px solid #d8d8d8;font-weight:600;white-space:nowrap;width:38%;">Pakhar-A 115.13 Ha Boundary Pillars</td><td style="padding:3px 6px;border-bottom:1px solid #d8d8d8;vertical-align:top;">114</td></tr></table></div>]]></description><Point><altitudeMode>clampToGround</altitudeMode><coordinates>105.60599127,2.20187386</coordinates></Point></Placemark><Placemark><name>115</name><styleUrl>#ugcPoint</styleUrl><description><![CDATA[<div style="font-family:system-ui,-apple-system,Segoe UI,Roboto,sans-serif;font-size:12px;line-height:1.45;max-width:520px;color:#1a1a1a;"><p style="margin:0 0 6px;font-size:15px;font-weight:600;color:#0e7c86;">115</p><table style="border-collapse:collapse;width:100%;margin:0 0 10px;"><tr><td style="padding:3px 6px;border-bottom:1px solid #d8d8d8;font-weight:600;white-space:nowrap;width:38%;">Pakhar-A 115.13 Ha Boundary Pillars</td><td style="padding:3px 6px;border-bottom:1px solid #d8d8d8;vertical-align:top;">115</td></tr></table></div>]]></description><Point><altitudeMode>clampToGround</altitudeMode><coordinates>105.60561398,2.20182135</coordinates></Point></Placemark><Placemark><name>116</name><styleUrl>#ugcPoint</styleUrl><description><![CDATA[<div style="font-family:system-ui,-apple-system,Segoe UI,Roboto,sans-serif;font-size:12px;line-height:1.45;max-width:520px;color:#1a1a1a;"><p style="margin:0 0 6px;font-size:15px;font-weight:600;color:#0e7c86;">116</p><table style="border-collapse:collapse;width:100%;margin:0 0 10px;"><tr><td style="padding:3px 6px;border-bottom:1px solid #d8d8d8;font-weight:600;white-space:nowrap;width:38%;">Pakhar-A 115.13 Ha Boundary Pillars</td><td style="padding:3px 6px;border-bottom:1px solid #d8d8d8;vertical-align:top;">116</td></tr></table></div>]]></description><Point><altitudeMode>clampToGround</altitudeMode><coordinates>105.60535914,2.20218974</coordinates></Point></Placemark><Placemark><name>117</name><styleUrl>#ugcPoint</styleUrl><description><![CDATA[<div style="font-family:system-ui,-apple-system,Segoe UI,Roboto,sans-serif;font-size:12px;line-height:1.45;max-width:520px;color:#1a1a1a;"><p style="margin:0 0 6px;font-size:15px;font-weight:600;color:#0e7c86;">117</p><table style="border-collapse:collapse;width:100%;margin:0 0 10px;"><tr><td style="padding:3px 6px;border-bottom:1px solid #d8d8d8;font-weight:600;white-space:nowrap;width:38%;">Pakhar-A 115.13 Ha Boundary Pillars</td><td style="padding:3px 6px;border-bottom:1px solid #d8d8d8;vertical-align:top;">117</td></tr></table></div>]]></description><Point><altitudeMode>clampToGround</altitudeMode><coordinates>105.60502923,2.20191851</coordinates></Point></Placemark><Placemark><name>118</name><styleUrl>#ugcPoint</styleUrl><description><![CDATA[<div style="font-family:system-ui,-apple-system,Segoe UI,Roboto,sans-serif;font-size:12px;line-height:1.45;max-width:520px;color:#1a1a1a;"><p style="margin:0 0 6px;font-size:15px;font-weight:600;color:#0e7c86;">118</p><table style="border-collapse:collapse;width:100%;margin:0 0 10px;"><tr><td style="padding:3px 6px;border-bottom:1px solid #d8d8d8;font-weight:600;white-space:nowrap;width:38%;">Pakhar-A 115.13 Ha Boundary Pillars</td><td style="padding:3px 6px;border-bottom:1px solid #d8d8d8;vertical-align:top;">118</td></tr></table></div>]]></description><Point><altitudeMode>clampToGround</altitudeMode><coordinates>105.60469931,2.20164727</coordinates></Point></Placemark><Placemark><name>119</name><styleUrl>#ugcPoint</styleUrl><description><![CDATA[<div style="font-family:system-ui,-apple-system,Segoe UI,Roboto,sans-serif;font-size:12px;line-height:1.45;max-width:520px;color:#1a1a1a;"><p style="margin:0 0 6px;font-size:15px;font-weight:600;color:#0e7c86;">119</p><table style="border-collapse:collapse;width:100%;margin:0 0 10px;"><tr><td style="padding:3px 6px;border-bottom:1px solid #d8d8d8;font-weight:600;white-space:nowrap;width:38%;">Pakhar-A 115.13 Ha Boundary Pillars</td><td style="padding:3px 6px;border-bottom:1px solid #d8d8d8;vertical-align:top;">119</td></tr></table></div>]]></description><Point><altitudeMode>clampToGround</altitudeMode><coordinates>105.60436997,2.20137534</coordinates></Point></Placemark><Placemark><name>120</name><styleUrl>#ugcPoint</styleUrl><description><![CDATA[<div style="font-family:system-ui,-apple-system,Segoe UI,Roboto,sans-serif;font-size:12px;line-height:1.45;max-width:520px;color:#1a1a1a;"><p style="margin:0 0 6px;font-size:15px;font-weight:600;color:#0e7c86;">120</p><table style="border-collapse:collapse;width:100%;margin:0 0 10px;"><tr><td style="padding:3px 6px;border-bottom:1px solid #d8d8d8;font-weight:600;white-space:nowrap;width:38%;">Pakhar-A 115.13 Ha Boundary Pillars</td><td style="padding:3px 6px;border-bottom:1px solid #d8d8d8;vertical-align:top;">120</td></tr></table></div>]]></description><Point><altitudeMode>clampToGround</altitudeMode><coordinates>105.60404102,2.20110293</coordinates></Point></Placemark><Placemark><name>121</name><styleUrl>#ugcPoint</styleUrl><description><![CDATA[<div style="font-family:system-ui,-apple-system,Segoe UI,Roboto,sans-serif;font-size:12px;line-height:1.45;max-width:520px;color:#1a1a1a;"><p style="margin:0 0 6px;font-size:15px;font-weight:600;color:#0e7c86;">121</p><table style="border-collapse:collapse;width:100%;margin:0 0 10px;"><tr><td style="padding:3px 6px;border-bottom:1px solid #d8d8d8;font-weight:600;white-space:nowrap;width:38%;">Pakhar-A 115.13 Ha Boundary Pillars</td><td style="padding:3px 6px;border-bottom:1px solid #d8d8d8;vertical-align:top;">121</td></tr></table></div>]]></description><Point><altitudeMode>clampToGround</altitudeMode><coordinates>105.60378473,2.20089071</coordinates></Point></Placemark><Placemark><name>122</name><styleUrl>#ugcPoint</styleUrl><description><![CDATA[<div style="font-family:system-ui,-apple-system,Segoe UI,Roboto,sans-serif;font-size:12px;line-height:1.45;max-width:520px;color:#1a1a1a;"><p style="margin:0 0 6px;font-size:15px;font-weight:600;color:#0e7c86;">122</p><table style="border-collapse:collapse;width:100%;margin:0 0 10px;"><tr><td style="padding:3px 6px;border-bottom:1px solid #d8d8d8;font-weight:600;white-space:nowrap;width:38%;">Pakhar-A 115.13 Ha Boundary Pillars</td><td style="padding:3px 6px;border-bottom:1px solid #d8d8d8;vertical-align:top;">122</td></tr></table></div>]]></description><Point><altitudeMode>clampToGround</altitudeMode><coordinates>105.60361657,2.20109403</coordinates></Point></Placemark><Placemark><name>123</name><styleUrl>#ugcPoint</styleUrl><description><![CDATA[<div style="font-family:system-ui,-apple-system,Segoe UI,Roboto,sans-serif;font-size:12px;line-height:1.45;max-width:520px;color:#1a1a1a;"><p style="margin:0 0 6px;font-size:15px;font-weight:600;color:#0e7c86;">123</p><table style="border-collapse:collapse;width:100%;margin:0 0 10px;"><tr><td style="padding:3px 6px;border-bottom:1px solid #d8d8d8;font-weight:600;white-space:nowrap;width:38%;">Pakhar-A 115.13 Ha Boundary Pillars</td><td style="padding:3px 6px;border-bottom:1px solid #d8d8d8;vertical-align:top;">123</td></tr></table></div>]]></description><Point><altitudeMode>clampToGround</altitudeMode><coordinates>105.60328131,2.20082951</coordinates></Point></Placemark><Placemark><name>124</name><styleUrl>#ugcPoint</styleUrl><description><![CDATA[<div style="font-family:system-ui,-apple-system,Segoe UI,Roboto,sans-serif;font-size:12px;line-height:1.45;max-width:520px;color:#1a1a1a;"><p style="margin:0 0 6px;font-size:15px;font-weight:600;color:#0e7c86;">124</p><table style="border-collapse:collapse;width:100%;margin:0 0 10px;"><tr><td style="padding:3px 6px;border-bottom:1px solid #d8d8d8;font-weight:600;white-space:nowrap;width:38%;">Pakhar-A 115.13 Ha Boundary Pillars</td><td style="padding:3px 6px;border-bottom:1px solid #d8d8d8;vertical-align:top;">124</td></tr></table></div>]]></description><Point><altitudeMode>clampToGround</altitudeMode><coordinates>105.60294598,2.20056508</coordinates></Point></Placemark><Placemark><name>125</name><styleUrl>#ugcPoint</styleUrl><description><![CDATA[<div style="font-family:system-ui,-apple-system,Segoe UI,Roboto,sans-serif;font-size:12px;line-height:1.45;max-width:520px;color:#1a1a1a;"><p style="margin:0 0 6px;font-size:15px;font-weight:600;color:#0e7c86;">125</p><table style="border-collapse:collapse;width:100%;margin:0 0 10px;"><tr><td style="padding:3px 6px;border-bottom:1px solid #d8d8d8;font-weight:600;white-space:nowrap;width:38%;">Pakhar-A 115.13 Ha Boundary Pillars</td><td style="padding:3px 6px;border-bottom:1px solid #d8d8d8;vertical-align:top;">125</td></tr></table></div>]]></description><Point><altitudeMode>clampToGround</altitudeMode><coordinates>105.60275783,2.20039023</coordinates></Point></Placemark><Placemark><name>126</name><styleUrl>#ugcPoint</styleUrl><description><![CDATA[<div style="font-family:system-ui,-apple-system,Segoe UI,Roboto,sans-serif;font-size:12px;line-height:1.45;max-width:520px;color:#1a1a1a;"><p style="margin:0 0 6px;font-size:15px;font-weight:600;color:#0e7c86;">126</p><table style="border-collapse:collapse;width:100%;margin:0 0 10px;"><tr><td style="padding:3px 6px;border-bottom:1px solid #d8d8d8;font-weight:600;white-space:nowrap;width:38%;">Pakhar-A 115.13 Ha Boundary Pillars</td><td style="padding:3px 6px;border-bottom:1px solid #d8d8d8;vertical-align:top;">126</td></tr></table></div>]]></description><Point><altitudeMode>clampToGround</altitudeMode><coordinates>105.60286628,2.19994658</coordinates></Point></Placemark><Placemark><name>127</name><styleUrl>#ugcPoint</styleUrl><description><![CDATA[<div style="font-family:system-ui,-apple-system,Segoe UI,Roboto,sans-serif;font-size:12px;line-height:1.45;max-width:520px;color:#1a1a1a;"><p style="margin:0 0 6px;font-size:15px;font-weight:600;color:#0e7c86;">127</p><table style="border-collapse:collapse;width:100%;margin:0 0 10px;"><tr><td style="padding:3px 6px;border-bottom:1px solid #d8d8d8;font-weight:600;white-space:nowrap;width:38%;">Pakhar-A 115.13 Ha Boundary Pillars</td><td style="padding:3px 6px;border-bottom:1px solid #d8d8d8;vertical-align:top;">127</td></tr></table></div>]]></description><Point><altitudeMode>clampToGround</altitudeMode><coordinates>105.60264487,2.19985920</coordinates></Point></Placemark><Placemark><name>128</name><styleUrl>#ugcPoint</styleUrl><description><![CDATA[<div style="font-family:system-ui,-apple-system,Segoe UI,Roboto,sans-serif;font-size:12px;line-height:1.45;max-width:520px;color:#1a1a1a;"><p style="margin:0 0 6px;font-size:15px;font-weight:600;color:#0e7c86;">128</p><table style="border-collapse:collapse;width:100%;margin:0 0 10px;"><tr><td style="padding:3px 6px;border-bottom:1px solid #d8d8d8;font-weight:600;white-space:nowrap;width:38%;">Pakhar-A 115.13 Ha Boundary Pillars</td><td style="padding:3px 6px;border-bottom:1px solid #d8d8d8;vertical-align:top;">128</td></tr></table></div>]]></description><Point><altitudeMode>clampToGround</altitudeMode><coordinates>105.60265357,2.19978299</coordinates></Point></Placemark><Placemark><name>129</name><styleUrl>#ugcPoint</styleUrl><description><![CDATA[<div style="font-family:system-ui,-apple-system,Segoe UI,Roboto,sans-serif;font-size:12px;line-height:1.45;max-width:520px;color:#1a1a1a;"><p style="margin:0 0 6px;font-size:15px;font-weight:600;color:#0e7c86;">129</p><table style="border-collapse:collapse;width:100%;margin:0 0 10px;"><tr><td style="padding:3px 6px;border-bottom:1px solid #d8d8d8;font-weight:600;white-space:nowrap;width:38%;">Pakhar-A 115.13 Ha Boundary Pillars</td><td style="padding:3px 6px;border-bottom:1px solid #d8d8d8;vertical-align:top;">129</td></tr></table></div>]]></description><Point><altitudeMode>clampToGround</altitudeMode><coordinates>105.60245739,2.19970725</coordinates></Point></Placemark><Placemark><name>130</name><styleUrl>#ugcPoint</styleUrl><description><![CDATA[<div style="font-family:system-ui,-apple-system,Segoe UI,Roboto,sans-serif;font-size:12px;line-height:1.45;max-width:520px;color:#1a1a1a;"><p style="margin:0 0 6px;font-size:15px;font-weight:600;color:#0e7c86;">130</p><table style="border-collapse:collapse;width:100%;margin:0 0 10px;"><tr><td style="padding:3px 6px;border-bottom:1px solid #d8d8d8;font-weight:600;white-space:nowrap;width:38%;">Pakhar-A 115.13 Ha Boundary Pillars</td><td style="padding:3px 6px;border-bottom:1px solid #d8d8d8;vertical-align:top;">130</td></tr></table></div>]]></description><Point><altitudeMode>clampToGround</altitudeMode><coordinates>105.60258041,2.19951771</coordinates></Point></Placemark><Placemark><name>131</name><styleUrl>#ugcPoint</styleUrl><description><![CDATA[<div style="font-family:system-ui,-apple-system,Segoe UI,Roboto,sans-serif;font-size:12px;line-height:1.45;max-width:520px;color:#1a1a1a;"><p style="margin:0 0 6px;font-size:15px;font-weight:600;color:#0e7c86;">131</p><table style="border-collapse:collapse;width:100%;margin:0 0 10px;"><tr><td style="padding:3px 6px;border-bottom:1px solid #d8d8d8;font-weight:600;white-space:nowrap;width:38%;">Pakhar-A 115.13 Ha Boundary Pillars</td><td style="padding:3px 6px;border-bottom:1px solid #d8d8d8;vertical-align:top;">131</td></tr></table></div>]]></description><Point><altitudeMode>clampToGround</altitudeMode><coordinates>105.60271627,2.19951595</coordinates></Point></Placemark><Placemark><name>132</name><styleUrl>#ugcPoint</styleUrl><description><![CDATA[<div style="font-family:system-ui,-apple-system,Segoe UI,Roboto,sans-serif;font-size:12px;line-height:1.45;max-width:520px;color:#1a1a1a;"><p style="margin:0 0 6px;font-size:15px;font-weight:600;color:#0e7c86;">132</p><table style="border-collapse:collapse;width:100%;margin:0 0 10px;"><tr><td style="padding:3px 6px;border-bottom:1px solid #d8d8d8;font-weight:600;white-space:nowrap;width:38%;">Pakhar-A 115.13 Ha Boundary Pillars</td><td style="padding:3px 6px;border-bottom:1px solid #d8d8d8;vertical-align:top;">132</td></tr></table></div>]]></description><Point><altitudeMode>clampToGround</altitudeMode><coordinates>105.60283511,2.19910164</coordinates></Point></Placemark><Placemark><name>133</name><styleUrl>#ugcPoint</styleUrl><description><![CDATA[<div style="font-family:system-ui,-apple-system,Segoe UI,Roboto,sans-serif;font-size:12px;line-height:1.45;max-width:520px;color:#1a1a1a;"><p style="margin:0 0 6px;font-size:15px;font-weight:600;color:#0e7c86;">133</p><table style="border-collapse:collapse;width:100%;margin:0 0 10px;"><tr><td style="padding:3px 6px;border-bottom:1px solid #d8d8d8;font-weight:600;white-space:nowrap;width:38%;">Pakhar-A 115.13 Ha Boundary Pillars</td><td style="padding:3px 6px;border-bottom:1px solid #d8d8d8;vertical-align:top;">133</td></tr></table></div>]]></description><Point><altitudeMode>clampToGround</altitudeMode><coordinates>105.60298658,2.19870104</coordinates></Point></Placemark><Placemark><name>134</name><styleUrl>#ugcPoint</styleUrl><description><![CDATA[<div style="font-family:system-ui,-apple-system,Segoe UI,Roboto,sans-serif;font-size:12px;line-height:1.45;max-width:520px;color:#1a1a1a;"><p style="margin:0 0 6px;font-size:15px;font-weight:600;color:#0e7c86;">134</p><table style="border-collapse:collapse;width:100%;margin:0 0 10px;"><tr><td style="padding:3px 6px;border-bottom:1px solid #d8d8d8;font-weight:600;white-space:nowrap;width:38%;">Pakhar-A 115.13 Ha Boundary Pillars</td><td style="padding:3px 6px;border-bottom:1px solid #d8d8d8;vertical-align:top;">134</td></tr></table></div>]]></description><Point><altitudeMode>clampToGround</altitudeMode><coordinates>105.60307221,2.19847362</coordinates></Point></Placemark><Placemark><name>135</name><styleUrl>#ugcPoint</styleUrl><description><![CDATA[<div style="font-family:system-ui,-apple-system,Segoe UI,Roboto,sans-serif;font-size:12px;line-height:1.45;max-width:520px;color:#1a1a1a;"><p style="margin:0 0 6px;font-size:15px;font-weight:600;color:#0e7c86;">135</p><table style="border-collapse:collapse;width:100%;margin:0 0 10px;"><tr><td style="padding:3px 6px;border-bottom:1px solid #d8d8d8;font-weight:600;white-space:nowrap;width:38%;">Pakhar-A 115.13 Ha Boundary Pillars</td><td style="padding:3px 6px;border-bottom:1px solid #d8d8d8;vertical-align:top;">135</td></tr></table></div>]]></description><Point><altitudeMode>clampToGround</altitudeMode><coordinates>105.60286766,2.19829192</coordinates></Point></Placemark><Placemark><name>136</name><styleUrl>#ugcPoint</styleUrl><description><![CDATA[<div style="font-family:system-ui,-apple-system,Segoe UI,Roboto,sans-serif;font-size:12px;line-height:1.45;max-width:520px;color:#1a1a1a;"><p style="margin:0 0 6px;font-size:15px;font-weight:600;color:#0e7c86;">136</p><table style="border-collapse:collapse;width:100%;margin:0 0 10px;"><tr><td style="padding:3px 6px;border-bottom:1px solid #d8d8d8;font-weight:600;white-space:nowrap;width:38%;">Pakhar-A 115.13 Ha Boundary Pillars</td><td style="padding:3px 6px;border-bottom:1px solid #d8d8d8;vertical-align:top;">136</td></tr></table></div>]]></description><Point><altitudeMode>clampToGround</altitudeMode><coordinates>105.60281858,2.19835142</coordinates></Point></Placemark><Placemark><name>137</name><styleUrl>#ugcPoint</styleUrl><description><![CDATA[<div style="font-family:system-ui,-apple-system,Segoe UI,Roboto,sans-serif;font-size:12px;line-height:1.45;max-width:520px;color:#1a1a1a;"><p style="margin:0 0 6px;font-size:15px;font-weight:600;color:#0e7c86;">137</p><table style="border-collapse:collapse;width:100%;margin:0 0 10px;"><tr><td style="padding:3px 6px;border-bottom:1px solid #d8d8d8;font-weight:600;white-space:nowrap;width:38%;">Pakhar-A 115.13 Ha Boundary Pillars</td><td style="padding:3px 6px;border-bottom:1px solid #d8d8d8;vertical-align:top;">137</td></tr></table></div>]]></description><Point><altitudeMode>clampToGround</altitudeMode><coordinates>105.60279657,2.19847196</coordinates></Point></Placemark><Placemark><name>138</name><styleUrl>#ugcPoint</styleUrl><description><![CDATA[<div style="font-family:system-ui,-apple-system,Segoe UI,Roboto,sans-serif;font-size:12px;line-height:1.45;max-width:520px;color:#1a1a1a;"><p style="margin:0 0 6px;font-size:15px;font-weight:600;color:#0e7c86;">138</p><table style="border-collapse:collapse;width:100%;margin:0 0 10px;"><tr><td style="padding:3px 6px;border-bottom:1px solid #d8d8d8;font-weight:600;white-space:nowrap;width:38%;">Pakhar-A 115.13 Ha Boundary Pillars</td><td style="padding:3px 6px;border-bottom:1px solid #d8d8d8;vertical-align:top;">138</td></tr></table></div>]]></description><Point><altitudeMode>clampToGround</altitudeMode><coordinates>105.60257488,2.19883798</coordinates></Point></Placemark><Placemark><name>139</name><styleUrl>#ugcPoint</styleUrl><description><![CDATA[<div style="font-family:system-ui,-apple-system,Segoe UI,Roboto,sans-serif;font-size:12px;line-height:1.45;max-width:520px;color:#1a1a1a;"><p style="margin:0 0 6px;font-size:15px;font-weight:600;color:#0e7c86;">139</p><table style="border-collapse:collapse;width:100%;margin:0 0 10px;"><tr><td style="padding:3px 6px;border-bottom:1px solid #d8d8d8;font-weight:600;white-space:nowrap;width:38%;">Pakhar-A 115.13 Ha Boundary Pillars</td><td style="padding:3px 6px;border-bottom:1px solid #d8d8d8;vertical-align:top;">139</td></tr></table></div>]]></description><Point><altitudeMode>clampToGround</altitudeMode><coordinates>105.60251630,2.19890029</coordinates></Point></Placemark><Placemark><name>140</name><styleUrl>#ugcPoint</styleUrl><description><![CDATA[<div style="font-family:system-ui,-apple-system,Segoe UI,Roboto,sans-serif;font-size:12px;line-height:1.45;max-width:520px;color:#1a1a1a;"><p style="margin:0 0 6px;font-size:15px;font-weight:600;color:#0e7c86;">140</p><table style="border-collapse:collapse;width:100%;margin:0 0 10px;"><tr><td style="padding:3px 6px;border-bottom:1px solid #d8d8d8;font-weight:600;white-space:nowrap;width:38%;">Pakhar-A 115.13 Ha Boundary Pillars</td><td style="padding:3px 6px;border-bottom:1px solid #d8d8d8;vertical-align:top;">140</td></tr></table></div>]]></description><Point><altitudeMode>clampToGround</altitudeMode><coordinates>105.60247393,2.19887732</coordinates></Point></Placemark><Placemark><name>141</name><styleUrl>#ugcPoint</styleUrl><description><![CDATA[<div style="font-family:system-ui,-apple-system,Segoe UI,Roboto,sans-serif;font-size:12px;line-height:1.45;max-width:520px;color:#1a1a1a;"><p style="margin:0 0 6px;font-size:15px;font-weight:600;color:#0e7c86;">141</p><table style="border-collapse:collapse;width:100%;margin:0 0 10px;"><tr><td style="padding:3px 6px;border-bottom:1px solid #d8d8d8;font-weight:600;white-space:nowrap;width:38%;">Pakhar-A 115.13 Ha Boundary Pillars</td><td style="padding:3px 6px;border-bottom:1px solid #d8d8d8;vertical-align:top;">141</td></tr></table></div>]]></description><Point><altitudeMode>clampToGround</altitudeMode><coordinates>105.60233634,2.19917837</coordinates></Point></Placemark><Placemark><name>142</name><styleUrl>#ugcPoint</styleUrl><description><![CDATA[<div style="font-family:system-ui,-apple-system,Segoe UI,Roboto,sans-serif;font-size:12px;line-height:1.45;max-width:520px;color:#1a1a1a;"><p style="margin:0 0 6px;font-size:15px;font-weight:600;color:#0e7c86;">142</p><table style="border-collapse:collapse;width:100%;margin:0 0 10px;"><tr><td style="padding:3px 6px;border-bottom:1px solid #d8d8d8;font-weight:600;white-space:nowrap;width:38%;">Pakhar-A 115.13 Ha Boundary Pillars</td><td style="padding:3px 6px;border-bottom:1px solid #d8d8d8;vertical-align:top;">142</td></tr></table></div>]]></description><Point><altitudeMode>clampToGround</altitudeMode><coordinates>105.60234268,2.19960692</coordinates></Point></Placemark><Placemark><name>143</name><styleUrl>#ugcPoint</styleUrl><description><![CDATA[<div style="font-family:system-ui,-apple-system,Segoe UI,Roboto,sans-serif;font-size:12px;line-height:1.45;max-width:520px;color:#1a1a1a;"><p style="margin:0 0 6px;font-size:15px;font-weight:600;color:#0e7c86;">143</p><table style="border-collapse:collapse;width:100%;margin:0 0 10px;"><tr><td style="padding:3px 6px;border-bottom:1px solid #d8d8d8;font-weight:600;white-space:nowrap;width:38%;">Pakhar-A 115.13 Ha Boundary Pillars</td><td style="padding:3px 6px;border-bottom:1px solid #d8d8d8;vertical-align:top;">143</td></tr></table></div>]]></description><Point><altitudeMode>clampToGround</altitudeMode><coordinates>105.60233978,2.19970806</coordinates></Point></Placemark><Placemark><name>144</name><styleUrl>#ugcPoint</styleUrl><description><![CDATA[<div style="font-family:system-ui,-apple-system,Segoe UI,Roboto,sans-serif;font-size:12px;line-height:1.45;max-width:520px;color:#1a1a1a;"><p style="margin:0 0 6px;font-size:15px;font-weight:600;color:#0e7c86;">144</p><table style="border-collapse:collapse;width:100%;margin:0 0 10px;"><tr><td style="padding:3px 6px;border-bottom:1px solid #d8d8d8;font-weight:600;white-space:nowrap;width:38%;">Pakhar-A 115.13 Ha Boundary Pillars</td><td style="padding:3px 6px;border-bottom:1px solid #d8d8d8;vertical-align:top;">144</td></tr></table></div>]]></description><Point><altitudeMode>clampToGround</altitudeMode><coordinates>105.60224717,2.19987647</coordinates></Point></Placemark><Placemark><name>145</name><styleUrl>#ugcPoint</styleUrl><description><![CDATA[<div style="font-family:system-ui,-apple-system,Segoe UI,Roboto,sans-serif;font-size:12px;line-height:1.45;max-width:520px;color:#1a1a1a;"><p style="margin:0 0 6px;font-size:15px;font-weight:600;color:#0e7c86;">145</p><table style="border-collapse:collapse;width:100%;margin:0 0 10px;"><tr><td style="padding:3px 6px;border-bottom:1px solid #d8d8d8;font-weight:600;white-space:nowrap;width:38%;">Pakhar-A 115.13 Ha Boundary Pillars</td><td style="padding:3px 6px;border-bottom:1px solid #d8d8d8;vertical-align:top;">145</td></tr></table></div>]]></description><Point><altitudeMode>clampToGround</altitudeMode><coordinates>105.60214444,2.20013921</coordinates></Point></Placemark><Placemark><name>146</name><styleUrl>#ugcPoint</styleUrl><description><![CDATA[<div style="font-family:system-ui,-apple-system,Segoe UI,Roboto,sans-serif;font-size:12px;line-height:1.45;max-width:520px;color:#1a1a1a;"><p style="margin:0 0 6px;font-size:15px;font-weight:600;color:#0e7c86;">146</p><table style="border-collapse:collapse;width:100%;margin:0 0 10px;"><tr><td style="padding:3px 6px;border-bottom:1px solid #d8d8d8;font-weight:600;white-space:nowrap;width:38%;">Pakhar-A 115.13 Ha Boundary Pillars</td><td style="padding:3px 6px;border-bottom:1px solid #d8d8d8;vertical-align:top;">146</td></tr></table></div>]]></description><Point><altitudeMode>clampToGround</altitudeMode><coordinates>105.60203931,2.20011748</coordinates></Point></Placemark><Placemark><name>147</name><styleUrl>#ugcPoint</styleUrl><description><![CDATA[<div style="font-family:system-ui,-apple-system,Segoe UI,Roboto,sans-serif;font-size:12px;line-height:1.45;max-width:520px;color:#1a1a1a;"><p style="margin:0 0 6px;font-size:15px;font-weight:600;color:#0e7c86;">147</p><table style="border-collapse:collapse;width:100%;margin:0 0 10px;"><tr><td style="padding:3px 6px;border-bottom:1px solid #d8d8d8;font-weight:600;white-space:nowrap;width:38%;">Pakhar-A 115.13 Ha Boundary Pillars</td><td style="padding:3px 6px;border-bottom:1px solid #d8d8d8;vertical-align:top;">147</td></tr></table></div>]]></description><Point><altitudeMode>clampToGround</altitudeMode><coordinates>105.60214933,2.19970341</coordinates></Point></Placemark><Placemark><name>148</name><styleUrl>#ugcPoint</styleUrl><description><![CDATA[<div style="font-family:system-ui,-apple-system,Segoe UI,Roboto,sans-serif;font-size:12px;line-height:1.45;max-width:520px;color:#1a1a1a;"><p style="margin:0 0 6px;font-size:15px;font-weight:600;color:#0e7c86;">148</p><table style="border-collapse:collapse;width:100%;margin:0 0 10px;"><tr><td style="padding:3px 6px;border-bottom:1px solid #d8d8d8;font-weight:600;white-space:nowrap;width:38%;">Pakhar-A 115.13 Ha Boundary Pillars</td><td style="padding:3px 6px;border-bottom:1px solid #d8d8d8;vertical-align:top;">148</td></tr></table></div>]]></description><Point><altitudeMode>clampToGround</altitudeMode><coordinates>105.60220615,2.19927864</coordinates></Point></Placemark><Placemark><name>149</name><styleUrl>#ugcPoint</styleUrl><description><![CDATA[<div style="font-family:system-ui,-apple-system,Segoe UI,Roboto,sans-serif;font-size:12px;line-height:1.45;max-width:520px;color:#1a1a1a;"><p style="margin:0 0 6px;font-size:15px;font-weight:600;color:#0e7c86;">149</p><table style="border-collapse:collapse;width:100%;margin:0 0 10px;"><tr><td style="padding:3px 6px;border-bottom:1px solid #d8d8d8;font-weight:600;white-space:nowrap;width:38%;">Pakhar-A 115.13 Ha Boundary Pillars</td><td style="padding:3px 6px;border-bottom:1px solid #d8d8d8;vertical-align:top;">149</td></tr></table></div>]]></description><Point><altitudeMode>clampToGround</altitudeMode><coordinates>105.60222261,2.19913357</coordinates></Point></Placemark><Placemark><name>150</name><styleUrl>#ugcPoint</styleUrl><description><![CDATA[<div style="font-family:system-ui,-apple-system,Segoe UI,Roboto,sans-serif;font-size:12px;line-height:1.45;max-width:520px;color:#1a1a1a;"><p style="margin:0 0 6px;font-size:15px;font-weight:600;color:#0e7c86;">150</p><table style="border-collapse:collapse;width:100%;margin:0 0 10px;"><tr><td style="padding:3px 6px;border-bottom:1px solid #d8d8d8;font-weight:600;white-space:nowrap;width:38%;">Pakhar-A 115.13 Ha Boundary Pillars</td><td style="padding:3px 6px;border-bottom:1px solid #d8d8d8;vertical-align:top;">150</td></tr></table></div>]]></description><Point><altitudeMode>clampToGround</altitudeMode><coordinates>105.60227655,2.19903565</coordinates></Point></Placemark><Placemark><name>151</name><styleUrl>#ugcPoint</styleUrl><description><![CDATA[<div style="font-family:system-ui,-apple-system,Segoe UI,Roboto,sans-serif;font-size:12px;line-height:1.45;max-width:520px;color:#1a1a1a;"><p style="margin:0 0 6px;font-size:15px;font-weight:600;color:#0e7c86;">151</p><table style="border-collapse:collapse;width:100%;margin:0 0 10px;"><tr><td style="padding:3px 6px;border-bottom:1px solid #d8d8d8;font-weight:600;white-space:nowrap;width:38%;">Pakhar-A 115.13 Ha Boundary Pillars</td><td style="padding:3px 6px;border-bottom:1px solid #d8d8d8;vertical-align:top;">151</td></tr></table></div>]]></description><Point><altitudeMode>clampToGround</altitudeMode><coordinates>105.60226786,2.19901655</coordinates></Point></Placemark><Placemark><name>152</name><styleUrl>#ugcPoint</styleUrl><description><![CDATA[<div style="font-family:system-ui,-apple-system,Segoe UI,Roboto,sans-serif;font-size:12px;line-height:1.45;max-width:520px;color:#1a1a1a;"><p style="margin:0 0 6px;font-size:15px;font-weight:600;color:#0e7c86;">152</p><table style="border-collapse:collapse;width:100%;margin:0 0 10px;"><tr><td style="padding:3px 6px;border-bottom:1px solid #d8d8d8;font-weight:600;white-space:nowrap;width:38%;">Pakhar-A 115.13 Ha Boundary Pillars</td><td style="padding:3px 6px;border-bottom:1px solid #d8d8d8;vertical-align:top;">152</td></tr></table></div>]]></description><Point><altitudeMode>clampToGround</altitudeMode><coordinates>105.60246174,2.19863489</coordinates></Point></Placemark><Placemark><name>153</name><styleUrl>#ugcPoint</styleUrl><description><![CDATA[<div style="font-family:system-ui,-apple-system,Segoe UI,Roboto,sans-serif;font-size:12px;line-height:1.45;max-width:520px;color:#1a1a1a;"><p style="margin:0 0 6px;font-size:15px;font-weight:600;color:#0e7c86;">153</p><table style="border-collapse:collapse;width:100%;margin:0 0 10px;"><tr><td style="padding:3px 6px;border-bottom:1px solid #d8d8d8;font-weight:600;white-space:nowrap;width:38%;">Pakhar-A 115.13 Ha Boundary Pillars</td><td style="padding:3px 6px;border-bottom:1px solid #d8d8d8;vertical-align:top;">153</td></tr></table></div>]]></description><Point><altitudeMode>clampToGround</altitudeMode><coordinates>105.60248885,2.19857769</coordinates></Point></Placemark><Placemark><name>154</name><styleUrl>#ugcPoint</styleUrl><description><![CDATA[<div style="font-family:system-ui,-apple-system,Segoe UI,Roboto,sans-serif;font-size:12px;line-height:1.45;max-width:520px;color:#1a1a1a;"><p style="margin:0 0 6px;font-size:15px;font-weight:600;color:#0e7c86;">154</p><table style="border-collapse:collapse;width:100%;margin:0 0 10px;"><tr><td style="padding:3px 6px;border-bottom:1px solid #d8d8d8;font-weight:600;white-space:nowrap;width:38%;">Pakhar-A 115.13 Ha Boundary Pillars</td><td style="padding:3px 6px;border-bottom:1px solid #d8d8d8;vertical-align:top;">154</td></tr></table></div>]]></description><Point><altitudeMode>clampToGround</altitudeMode><coordinates>105.60248413,2.19848673</coordinates></Point></Placemark><Placemark><name>155</name><styleUrl>#ugcPoint</styleUrl><description><![CDATA[<div style="font-family:system-ui,-apple-system,Segoe UI,Roboto,sans-serif;font-size:12px;line-height:1.45;max-width:520px;color:#1a1a1a;"><p style="margin:0 0 6px;font-size:15px;font-weight:600;color:#0e7c86;">155</p><table style="border-collapse:collapse;width:100%;margin:0 0 10px;"><tr><td style="padding:3px 6px;border-bottom:1px solid #d8d8d8;font-weight:600;white-space:nowrap;width:38%;">Pakhar-A 115.13 Ha Boundary Pillars</td><td style="padding:3px 6px;border-bottom:1px solid #d8d8d8;vertical-align:top;">155</td></tr></table></div>]]></description><Point><altitudeMode>clampToGround</altitudeMode><coordinates>105.60240688,2.19841707</coordinates></Point></Placemark><Placemark><name>156</name><styleUrl>#ugcPoint</styleUrl><description><![CDATA[<div style="font-family:system-ui,-apple-system,Segoe UI,Roboto,sans-serif;font-size:12px;line-height:1.45;max-width:520px;color:#1a1a1a;"><p style="margin:0 0 6px;font-size:15px;font-weight:600;color:#0e7c86;">156</p><table style="border-collapse:collapse;width:100%;margin:0 0 10px;"><tr><td style="padding:3px 6px;border-bottom:1px solid #d8d8d8;font-weight:600;white-space:nowrap;width:38%;">Pakhar-A 115.13 Ha Boundary Pillars</td><td style="padding:3px 6px;border-bottom:1px solid #d8d8d8;vertical-align:top;">156</td></tr></table></div>]]></description><Point><altitudeMode>clampToGround</altitudeMode><coordinates>105.60223397,2.19880880</coordinates></Point></Placemark><Placemark><name>157</name><styleUrl>#ugcPoint</styleUrl><description><![CDATA[<div style="font-family:system-ui,-apple-system,Segoe UI,Roboto,sans-serif;font-size:12px;line-height:1.45;max-width:520px;color:#1a1a1a;"><p style="margin:0 0 6px;font-size:15px;font-weight:600;color:#0e7c86;">157</p><table style="border-collapse:collapse;width:100%;margin:0 0 10px;"><tr><td style="padding:3px 6px;border-bottom:1px solid #d8d8d8;font-weight:600;white-space:nowrap;width:38%;">Pakhar-A 115.13 Ha Boundary Pillars</td><td style="padding:3px 6px;border-bottom:1px solid #d8d8d8;vertical-align:top;">157</td></tr></table></div>]]></description><Point><altitudeMode>clampToGround</altitudeMode><coordinates>105.60216714,2.19891617</coordinates></Point></Placemark><Placemark><name>158</name><styleUrl>#ugcPoint</styleUrl><description><![CDATA[<div style="font-family:system-ui,-apple-system,Segoe UI,Roboto,sans-serif;font-size:12px;line-height:1.45;max-width:520px;color:#1a1a1a;"><p style="margin:0 0 6px;font-size:15px;font-weight:600;color:#0e7c86;">158</p><table style="border-collapse:collapse;width:100%;margin:0 0 10px;"><tr><td style="padding:3px 6px;border-bottom:1px solid #d8d8d8;font-weight:600;white-space:nowrap;width:38%;">Pakhar-A 115.13 Ha Boundary Pillars</td><td style="padding:3px 6px;border-bottom:1px solid #d8d8d8;vertical-align:top;">158</td></tr></table></div>]]></description><Point><altitudeMode>clampToGround</altitudeMode><coordinates>105.60205678,2.19886764</coordinates></Point></Placemark><Placemark><name>159</name><styleUrl>#ugcPoint</styleUrl><description><![CDATA[<div style="font-family:system-ui,-apple-system,Segoe UI,Roboto,sans-serif;font-size:12px;line-height:1.45;max-width:520px;color:#1a1a1a;"><p style="margin:0 0 6px;font-size:15px;font-weight:600;color:#0e7c86;">159</p><table style="border-collapse:collapse;width:100%;margin:0 0 10px;"><tr><td style="padding:3px 6px;border-bottom:1px solid #d8d8d8;font-weight:600;white-space:nowrap;width:38%;">Pakhar-A 115.13 Ha Boundary Pillars</td><td style="padding:3px 6px;border-bottom:1px solid #d8d8d8;vertical-align:top;">159</td></tr></table></div>]]></description><Point><altitudeMode>clampToGround</altitudeMode><coordinates>105.60198758,2.19890082</coordinates></Point></Placemark><Placemark><name>160</name><styleUrl>#ugcPoint</styleUrl><description><![CDATA[<div style="font-family:system-ui,-apple-system,Segoe UI,Roboto,sans-serif;font-size:12px;line-height:1.45;max-width:520px;color:#1a1a1a;"><p style="margin:0 0 6px;font-size:15px;font-weight:600;color:#0e7c86;">160</p><table style="border-collapse:collapse;width:100%;margin:0 0 10px;"><tr><td style="padding:3px 6px;border-bottom:1px solid #d8d8d8;font-weight:600;white-space:nowrap;width:38%;">Pakhar-A 115.13 Ha Boundary Pillars</td><td style="padding:3px 6px;border-bottom:1px solid #d8d8d8;vertical-align:top;">160</td></tr></table></div>]]></description><Point><altitudeMode>clampToGround</altitudeMode><coordinates>105.60194485,2.19897566</coordinates></Point></Placemark><Placemark><name>161</name><styleUrl>#ugcPoint</styleUrl><description><![CDATA[<div style="font-family:system-ui,-apple-system,Segoe UI,Roboto,sans-serif;font-size:12px;line-height:1.45;max-width:520px;color:#1a1a1a;"><p style="margin:0 0 6px;font-size:15px;font-weight:600;color:#0e7c86;">161</p><table style="border-collapse:collapse;width:100%;margin:0 0 10px;"><tr><td style="padding:3px 6px;border-bottom:1px solid #d8d8d8;font-weight:600;white-space:nowrap;width:38%;">Pakhar-A 115.13 Ha Boundary Pillars</td><td style="padding:3px 6px;border-bottom:1px solid #d8d8d8;vertical-align:top;">161</td></tr></table></div>]]></description><Point><altitudeMode>clampToGround</altitudeMode><coordinates>105.60204392,2.19904822</coordinates></Point></Placemark><Placemark><name>162</name><styleUrl>#ugcPoint</styleUrl><description><![CDATA[<div style="font-family:system-ui,-apple-system,Segoe UI,Roboto,sans-serif;font-size:12px;line-height:1.45;max-width:520px;color:#1a1a1a;"><p style="margin:0 0 6px;font-size:15px;font-weight:600;color:#0e7c86;">162</p><table style="border-collapse:collapse;width:100%;margin:0 0 10px;"><tr><td style="padding:3px 6px;border-bottom:1px solid #d8d8d8;font-weight:600;white-space:nowrap;width:38%;">Pakhar-A 115.13 Ha Boundary Pillars</td><td style="padding:3px 6px;border-bottom:1px solid #d8d8d8;vertical-align:top;">162</td></tr></table></div>]]></description><Point><altitudeMode>clampToGround</altitudeMode><coordinates>105.60214091,2.19917264</coordinates></Point></Placemark><Placemark><name>163</name><styleUrl>#ugcPoint</styleUrl><description><![CDATA[<div style="font-family:system-ui,-apple-system,Segoe UI,Roboto,sans-serif;font-size:12px;line-height:1.45;max-width:520px;color:#1a1a1a;"><p style="margin:0 0 6px;font-size:15px;font-weight:600;color:#0e7c86;">163</p><table style="border-collapse:collapse;width:100%;margin:0 0 10px;"><tr><td style="padding:3px 6px;border-bottom:1px solid #d8d8d8;font-weight:600;white-space:nowrap;width:38%;">Pakhar-A 115.13 Ha Boundary Pillars</td><td style="padding:3px 6px;border-bottom:1px solid #d8d8d8;vertical-align:top;">163</td></tr></table></div>]]></description><Point><altitudeMode>clampToGround</altitudeMode><coordinates>105.60209683,2.19933872</coordinates></Point></Placemark><Placemark><name>164</name><styleUrl>#ugcPoint</styleUrl><description><![CDATA[<div style="font-family:system-ui,-apple-system,Segoe UI,Roboto,sans-serif;font-size:12px;line-height:1.45;max-width:520px;color:#1a1a1a;"><p style="margin:0 0 6px;font-size:15px;font-weight:600;color:#0e7c86;">164</p><table style="border-collapse:collapse;width:100%;margin:0 0 10px;"><tr><td style="padding:3px 6px;border-bottom:1px solid #d8d8d8;font-weight:600;white-space:nowrap;width:38%;">Pakhar-A 115.13 Ha Boundary Pillars</td><td style="padding:3px 6px;border-bottom:1px solid #d8d8d8;vertical-align:top;">164</td></tr></table></div>]]></description><Point><altitudeMode>clampToGround</altitudeMode><coordinates>105.60197757,2.19940299</coordinates></Point></Placemark><Placemark><name>165</name><styleUrl>#ugcPoint</styleUrl><description><![CDATA[<div style="font-family:system-ui,-apple-system,Segoe UI,Roboto,sans-serif;font-size:12px;line-height:1.45;max-width:520px;color:#1a1a1a;"><p style="margin:0 0 6px;font-size:15px;font-weight:600;color:#0e7c86;">165</p><table style="border-collapse:collapse;width:100%;margin:0 0 10px;"><tr><td style="padding:3px 6px;border-bottom:1px solid #d8d8d8;font-weight:600;white-space:nowrap;width:38%;">Pakhar-A 115.13 Ha Boundary Pillars</td><td style="padding:3px 6px;border-bottom:1px solid #d8d8d8;vertical-align:top;">165</td></tr></table></div>]]></description><Point><altitudeMode>clampToGround</altitudeMode><coordinates>105.60186950,2.19966976</coordinates></Point></Placemark><Placemark><name>166</name><styleUrl>#ugcPoint</styleUrl><description><![CDATA[<div style="font-family:system-ui,-apple-system,Segoe UI,Roboto,sans-serif;font-size:12px;line-height:1.45;max-width:520px;color:#1a1a1a;"><p style="margin:0 0 6px;font-size:15px;font-weight:600;color:#0e7c86;">166</p><table style="border-collapse:collapse;width:100%;margin:0 0 10px;"><tr><td style="padding:3px 6px;border-bottom:1px solid #d8d8d8;font-weight:600;white-space:nowrap;width:38%;">Pakhar-A 115.13 Ha Boundary Pillars</td><td style="padding:3px 6px;border-bottom:1px solid #d8d8d8;vertical-align:top;">166</td></tr></table></div>]]></description><Point><altitudeMode>clampToGround</altitudeMode><coordinates>105.60187634,2.19982446</coordinates></Point></Placemark><Placemark><name>167</name><styleUrl>#ugcPoint</styleUrl><description><![CDATA[<div style="font-family:system-ui,-apple-system,Segoe UI,Roboto,sans-serif;font-size:12px;line-height:1.45;max-width:520px;color:#1a1a1a;"><p style="margin:0 0 6px;font-size:15px;font-weight:600;color:#0e7c86;">167</p><table style="border-collapse:collapse;width:100%;margin:0 0 10px;"><tr><td style="padding:3px 6px;border-bottom:1px solid #d8d8d8;font-weight:600;white-space:nowrap;width:38%;">Pakhar-A 115.13 Ha Boundary Pillars</td><td style="padding:3px 6px;border-bottom:1px solid #d8d8d8;vertical-align:top;">167</td></tr></table></div>]]></description><Point><altitudeMode>clampToGround</altitudeMode><coordinates>105.60178961,2.20004445</coordinates></Point></Placemark><Placemark><name>168</name><styleUrl>#ugcPoint</styleUrl><description><![CDATA[<div style="font-family:system-ui,-apple-system,Segoe UI,Roboto,sans-serif;font-size:12px;line-height:1.45;max-width:520px;color:#1a1a1a;"><p style="margin:0 0 6px;font-size:15px;font-weight:600;color:#0e7c86;">168</p><table style="border-collapse:collapse;width:100%;margin:0 0 10px;"><tr><td style="padding:3px 6px;border-bottom:1px solid #d8d8d8;font-weight:600;white-space:nowrap;width:38%;">Pakhar-A 115.13 Ha Boundary Pillars</td><td style="padding:3px 6px;border-bottom:1px solid #d8d8d8;vertical-align:top;">168</td></tr></table></div>]]></description><Point><altitudeMode>clampToGround</altitudeMode><coordinates>105.60172128,2.20011233</coordinates></Point></Placemark><Placemark><name>169</name><styleUrl>#ugcPoint</styleUrl><description><![CDATA[<div style="font-family:system-ui,-apple-system,Segoe UI,Roboto,sans-serif;font-size:12px;line-height:1.45;max-width:520px;color:#1a1a1a;"><p style="margin:0 0 6px;font-size:15px;font-weight:600;color:#0e7c86;">169</p><table style="border-collapse:collapse;width:100%;margin:0 0 10px;"><tr><td style="padding:3px 6px;border-bottom:1px solid #d8d8d8;font-weight:600;white-space:nowrap;width:38%;">Pakhar-A 115.13 Ha Boundary Pillars</td><td style="padding:3px 6px;border-bottom:1px solid #d8d8d8;vertical-align:top;">169</td></tr></table></div>]]></description><Point><altitudeMode>clampToGround</altitudeMode><coordinates>105.60168098,2.20024094</coordinates></Point></Placemark><Placemark><name>170</name><styleUrl>#ugcPoint</styleUrl><description><![CDATA[<div style="font-family:system-ui,-apple-system,Segoe UI,Roboto,sans-serif;font-size:12px;line-height:1.45;max-width:520px;color:#1a1a1a;"><p style="margin:0 0 6px;font-size:15px;font-weight:600;color:#0e7c86;">170</p><table style="border-collapse:collapse;width:100%;margin:0 0 10px;"><tr><td style="padding:3px 6px;border-bottom:1px solid #d8d8d8;font-weight:600;white-space:nowrap;width:38%;">Pakhar-A 115.13 Ha Boundary Pillars</td><td style="padding:3px 6px;border-bottom:1px solid #d8d8d8;vertical-align:top;">170</td></tr></table></div>]]></description><Point><altitudeMode>clampToGround</altitudeMode><coordinates>105.60125505,2.20025276</coordinates></Point></Placemark><Placemark><name>171</name><styleUrl>#ugcPoint</styleUrl><description><![CDATA[<div style="font-family:system-ui,-apple-system,Segoe UI,Roboto,sans-serif;font-size:12px;line-height:1.45;max-width:520px;color:#1a1a1a;"><p style="margin:0 0 6px;font-size:15px;font-weight:600;color:#0e7c86;">171</p><table style="border-collapse:collapse;width:100%;margin:0 0 10px;"><tr><td style="padding:3px 6px;border-bottom:1px solid #d8d8d8;font-weight:600;white-space:nowrap;width:38%;">Pakhar-A 115.13 Ha Boundary Pillars</td><td style="padding:3px 6px;border-bottom:1px solid #d8d8d8;vertical-align:top;">171</td></tr></table></div>]]></description><Point><altitudeMode>clampToGround</altitudeMode><coordinates>105.60083067,2.20029131</coordinates></Point></Placemark><Placemark><name>172</name><styleUrl>#ugcPoint</styleUrl><description><![CDATA[<div style="font-family:system-ui,-apple-system,Segoe UI,Roboto,sans-serif;font-size:12px;line-height:1.45;max-width:520px;color:#1a1a1a;"><p style="margin:0 0 6px;font-size:15px;font-weight:600;color:#0e7c86;">172</p><table style="border-collapse:collapse;width:100%;margin:0 0 10px;"><tr><td style="padding:3px 6px;border-bottom:1px solid #d8d8d8;font-weight:600;white-space:nowrap;width:38%;">Pakhar-A 115.13 Ha Boundary Pillars</td><td style="padding:3px 6px;border-bottom:1px solid #d8d8d8;vertical-align:top;">172</td></tr></table></div>]]></description><Point><altitudeMode>clampToGround</altitudeMode><coordinates>105.60064588,2.20031271</coordinates></Point></Placemark><Placemark><name>173</name><styleUrl>#ugcPoint</styleUrl><description><![CDATA[<div style="font-family:system-ui,-apple-system,Segoe UI,Roboto,sans-serif;font-size:12px;line-height:1.45;max-width:520px;color:#1a1a1a;"><p style="margin:0 0 6px;font-size:15px;font-weight:600;color:#0e7c86;">173</p><table style="border-collapse:collapse;width:100%;margin:0 0 10px;"><tr><td style="padding:3px 6px;border-bottom:1px solid #d8d8d8;font-weight:600;white-space:nowrap;width:38%;">Pakhar-A 115.13 Ha Boundary Pillars</td><td style="padding:3px 6px;border-bottom:1px solid #d8d8d8;vertical-align:top;">173</td></tr></table></div>]]></description><Point><altitudeMode>clampToGround</altitudeMode><coordinates>105.60031249,2.20057962</coordinates></Point></Placemark><Placemark><name>174</name><styleUrl>#ugcPoint</styleUrl><description><![CDATA[<div style="font-family:system-ui,-apple-system,Segoe UI,Roboto,sans-serif;font-size:12px;line-height:1.45;max-width:520px;color:#1a1a1a;"><p style="margin:0 0 6px;font-size:15px;font-weight:600;color:#0e7c86;">174</p><table style="border-collapse:collapse;width:100%;margin:0 0 10px;"><tr><td style="padding:3px 6px;border-bottom:1px solid #d8d8d8;font-weight:600;white-space:nowrap;width:38%;">Pakhar-A 115.13 Ha Boundary Pillars</td><td style="padding:3px 6px;border-bottom:1px solid #d8d8d8;vertical-align:top;">174</td></tr></table></div>]]></description><Point><altitudeMode>clampToGround</altitudeMode><coordinates>105.60000943,2.20080412</coordinates></Point></Placemark><Placemark><name>175</name><styleUrl>#ugcPoint</styleUrl><description><![CDATA[<div style="font-family:system-ui,-apple-system,Segoe UI,Roboto,sans-serif;font-size:12px;line-height:1.45;max-width:520px;color:#1a1a1a;"><p style="margin:0 0 6px;font-size:15px;font-weight:600;color:#0e7c86;">175</p><table style="border-collapse:collapse;width:100%;margin:0 0 10px;"><tr><td style="padding:3px 6px;border-bottom:1px solid #d8d8d8;font-weight:600;white-space:nowrap;width:38%;">Pakhar-A 115.13 Ha Boundary Pillars</td><td style="padding:3px 6px;border-bottom:1px solid #d8d8d8;vertical-align:top;">175</td></tr></table></div>]]></description><Point><altitudeMode>clampToGround</altitudeMode><coordinates>105.59967145,2.20054311</coordinates></Point></Placemark><Placemark><name>176</name><styleUrl>#ugcPoint</styleUrl><description><![CDATA[<div style="font-family:system-ui,-apple-system,Segoe UI,Roboto,sans-serif;font-size:12px;line-height:1.45;max-width:520px;color:#1a1a1a;"><p style="margin:0 0 6px;font-size:15px;font-weight:600;color:#0e7c86;">176</p><table style="border-collapse:collapse;width:100%;margin:0 0 10px;"><tr><td style="padding:3px 6px;border-bottom:1px solid #d8d8d8;font-weight:600;white-space:nowrap;width:38%;">Pakhar-A 115.13 Ha Boundary Pillars</td><td style="padding:3px 6px;border-bottom:1px solid #d8d8d8;vertical-align:top;">176</td></tr></table></div>]]></description><Point><altitudeMode>clampToGround</altitudeMode><coordinates>105.59933199,2.20028404</coordinates></Point></Placemark><Placemark><name>177</name><styleUrl>#ugcPoint</styleUrl><description><![CDATA[<div style="font-family:system-ui,-apple-system,Segoe UI,Roboto,sans-serif;font-size:12px;line-height:1.45;max-width:520px;color:#1a1a1a;"><p style="margin:0 0 6px;font-size:15px;font-weight:600;color:#0e7c86;">177</p><table style="border-collapse:collapse;width:100%;margin:0 0 10px;"><tr><td style="padding:3px 6px;border-bottom:1px solid #d8d8d8;font-weight:600;white-space:nowrap;width:38%;">Pakhar-A 115.13 Ha Boundary Pillars</td><td style="padding:3px 6px;border-bottom:1px solid #d8d8d8;vertical-align:top;">177</td></tr></table></div>]]></description><Point><altitudeMode>clampToGround</altitudeMode><coordinates>105.59899034,2.20002791</coordinates></Point></Placemark><Placemark><name>178</name><styleUrl>#ugcPoint</styleUrl><description><![CDATA[<div style="font-family:system-ui,-apple-system,Segoe UI,Roboto,sans-serif;font-size:12px;line-height:1.45;max-width:520px;color:#1a1a1a;"><p style="margin:0 0 6px;font-size:15px;font-weight:600;color:#0e7c86;">178</p><table style="border-collapse:collapse;width:100%;margin:0 0 10px;"><tr><td style="padding:3px 6px;border-bottom:1px solid #d8d8d8;font-weight:600;white-space:nowrap;width:38%;">Pakhar-A 115.13 Ha Boundary Pillars</td><td style="padding:3px 6px;border-bottom:1px solid #d8d8d8;vertical-align:top;">178</td></tr></table></div>]]></description><Point><altitudeMode>clampToGround</altitudeMode><coordinates>105.59866147,2.19975538</coordinates></Point></Placemark><Placemark><name>179</name><styleUrl>#ugcPoint</styleUrl><description><![CDATA[<div style="font-family:system-ui,-apple-system,Segoe UI,Roboto,sans-serif;font-size:12px;line-height:1.45;max-width:520px;color:#1a1a1a;"><p style="margin:0 0 6px;font-size:15px;font-weight:600;color:#0e7c86;">179</p><table style="border-collapse:collapse;width:100%;margin:0 0 10px;"><tr><td style="padding:3px 6px;border-bottom:1px solid #d8d8d8;font-weight:600;white-space:nowrap;width:38%;">Pakhar-A 115.13 Ha Boundary Pillars</td><td style="padding:3px 6px;border-bottom:1px solid #d8d8d8;vertical-align:top;">179</td></tr></table></div>]]></description><Point><altitudeMode>clampToGround</altitudeMode><coordinates>105.59835199,2.19946924</coordinates></Point></Placemark><Placemark><name>180</name><styleUrl>#ugcPoint</styleUrl><description><![CDATA[<div style="font-family:system-ui,-apple-system,Segoe UI,Roboto,sans-serif;font-size:12px;line-height:1.45;max-width:520px;color:#1a1a1a;"><p style="margin:0 0 6px;font-size:15px;font-weight:600;color:#0e7c86;">180</p><table style="border-collapse:collapse;width:100%;margin:0 0 10px;"><tr><td style="padding:3px 6px;border-bottom:1px solid #d8d8d8;font-weight:600;white-space:nowrap;width:38%;">Pakhar-A 115.13 Ha Boundary Pillars</td><td style="padding:3px 6px;border-bottom:1px solid #d8d8d8;vertical-align:top;">180</td></tr></table></div>]]></description><Point><altitudeMode>clampToGround</altitudeMode><coordinates>105.59819312,2.19932686</coordinates></Point></Placemark><Placemark><name>181</name><styleUrl>#ugcPoint</styleUrl><description><![CDATA[<div style="font-family:system-ui,-apple-system,Segoe UI,Roboto,sans-serif;font-size:12px;line-height:1.45;max-width:520px;color:#1a1a1a;"><p style="margin:0 0 6px;font-size:15px;font-weight:600;color:#0e7c86;">181</p><table style="border-collapse:collapse;width:100%;margin:0 0 10px;"><tr><td style="padding:3px 6px;border-bottom:1px solid #d8d8d8;font-weight:600;white-space:nowrap;width:38%;">Pakhar-A 115.13 Ha Boundary Pillars</td><td style="padding:3px 6px;border-bottom:1px solid #d8d8d8;vertical-align:top;">181</td></tr></table></div>]]></description><Point><altitudeMode>clampToGround</altitudeMode><coordinates>105.59782998,2.19910263</coordinates></Point></Placemark><Placemark><name>182</name><styleUrl>#ugcPoint</styleUrl><description><![CDATA[<div style="font-family:system-ui,-apple-system,Segoe UI,Roboto,sans-serif;font-size:12px;line-height:1.45;max-width:520px;color:#1a1a1a;"><p style="margin:0 0 6px;font-size:15px;font-weight:600;color:#0e7c86;">182</p><table style="border-collapse:collapse;width:100%;margin:0 0 10px;"><tr><td style="padding:3px 6px;border-bottom:1px solid #d8d8d8;font-weight:600;white-space:nowrap;width:38%;">Pakhar-A 115.13 Ha Boundary Pillars</td><td style="padding:3px 6px;border-bottom:1px solid #d8d8d8;vertical-align:top;">182</td></tr></table></div>]]></description><Point><altitudeMode>clampToGround</altitudeMode><coordinates>105.59753598,2.19891610</coordinates></Point></Placemark><Placemark><name>183</name><styleUrl>#ugcPoint</styleUrl><description><![CDATA[<div style="font-family:system-ui,-apple-system,Segoe UI,Roboto,sans-serif;font-size:12px;line-height:1.45;max-width:520px;color:#1a1a1a;"><p style="margin:0 0 6px;font-size:15px;font-weight:600;color:#0e7c86;">183</p><table style="border-collapse:collapse;width:100%;margin:0 0 10px;"><tr><td style="padding:3px 6px;border-bottom:1px solid #d8d8d8;font-weight:600;white-space:nowrap;width:38%;">Pakhar-A 115.13 Ha Boundary Pillars</td><td style="padding:3px 6px;border-bottom:1px solid #d8d8d8;vertical-align:top;">183</td></tr></table></div>]]></description><Point><altitudeMode>clampToGround</altitudeMode><coordinates>105.59733971,2.19853566</coordinates></Point></Placemark><Placemark><name>184</name><styleUrl>#ugcPoint</styleUrl><description><![CDATA[<div style="font-family:system-ui,-apple-system,Segoe UI,Roboto,sans-serif;font-size:12px;line-height:1.45;max-width:520px;color:#1a1a1a;"><p style="margin:0 0 6px;font-size:15px;font-weight:600;color:#0e7c86;">184</p><table style="border-collapse:collapse;width:100%;margin:0 0 10px;"><tr><td style="padding:3px 6px;border-bottom:1px solid #d8d8d8;font-weight:600;white-space:nowrap;width:38%;">Pakhar-A 115.13 Ha Boundary Pillars</td><td style="padding:3px 6px;border-bottom:1px solid #d8d8d8;vertical-align:top;">184</td></tr></table></div>]]></description><Point><altitudeMode>clampToGround</altitudeMode><coordinates>105.59714577,2.19815402</coordinates></Point></Placemark><Placemark><name>185</name><styleUrl>#ugcPoint</styleUrl><description><![CDATA[<div style="font-family:system-ui,-apple-system,Segoe UI,Roboto,sans-serif;font-size:12px;line-height:1.45;max-width:520px;color:#1a1a1a;"><p style="margin:0 0 6px;font-size:15px;font-weight:600;color:#0e7c86;">185</p><table style="border-collapse:collapse;width:100%;margin:0 0 10px;"><tr><td style="padding:3px 6px;border-bottom:1px solid #d8d8d8;font-weight:600;white-space:nowrap;width:38%;">Pakhar-A 115.13 Ha Boundary Pillars</td><td style="padding:3px 6px;border-bottom:1px solid #d8d8d8;vertical-align:top;">185</td></tr></table></div>]]></description><Point><altitudeMode>clampToGround</altitudeMode><coordinates>105.59704439,2.19795336</coordinates></Point></Placemark><Placemark><name>186</name><styleUrl>#ugcPoint</styleUrl><description><![CDATA[<div style="font-family:system-ui,-apple-system,Segoe UI,Roboto,sans-serif;font-size:12px;line-height:1.45;max-width:520px;color:#1a1a1a;"><p style="margin:0 0 6px;font-size:15px;font-weight:600;color:#0e7c86;">186</p><table style="border-collapse:collapse;width:100%;margin:0 0 10px;"><tr><td style="padding:3px 6px;border-bottom:1px solid #d8d8d8;font-weight:600;white-space:nowrap;width:38%;">Pakhar-A 115.13 Ha Boundary Pillars</td><td style="padding:3px 6px;border-bottom:1px solid #d8d8d8;vertical-align:top;">186</td></tr></table></div>]]></description><Point><altitudeMode>clampToGround</altitudeMode><coordinates>105.59676844,2.19762677</coordinates></Point></Placemark><Placemark><name>187</name><styleUrl>#ugcPoint</styleUrl><description><![CDATA[<div style="font-family:system-ui,-apple-system,Segoe UI,Roboto,sans-serif;font-size:12px;line-height:1.45;max-width:520px;color:#1a1a1a;"><p style="margin:0 0 6px;font-size:15px;font-weight:600;color:#0e7c86;">187</p><table style="border-collapse:collapse;width:100%;margin:0 0 10px;"><tr><td style="padding:3px 6px;border-bottom:1px solid #d8d8d8;font-weight:600;white-space:nowrap;width:38%;">Pakhar-A 115.13 Ha Boundary Pillars</td><td style="padding:3px 6px;border-bottom:1px solid #d8d8d8;vertical-align:top;">187</td></tr></table></div>]]></description><Point><altitudeMode>clampToGround</altitudeMode><coordinates>105.59649172,2.19730083</coordinates></Point></Placemark><Placemark><name>188</name><styleUrl>#ugcPoint</styleUrl><description><![CDATA[<div style="font-family:system-ui,-apple-system,Segoe UI,Roboto,sans-serif;font-size:12px;line-height:1.45;max-width:520px;color:#1a1a1a;"><p style="margin:0 0 6px;font-size:15px;font-weight:600;color:#0e7c86;">188</p><table style="border-collapse:collapse;width:100%;margin:0 0 10px;"><tr><td style="padding:3px 6px;border-bottom:1px solid #d8d8d8;font-weight:600;white-space:nowrap;width:38%;">Pakhar-A 115.13 Ha Boundary Pillars</td><td style="padding:3px 6px;border-bottom:1px solid #d8d8d8;vertical-align:top;">188</td></tr></table></div>]]></description><Point><altitudeMode>clampToGround</altitudeMode><coordinates>105.59644670,2.19725024</coordinates></Point></Placemark></Folder>
</Document>
</kml>
