{"type":"Topology","arcs":[[[84.594,23.544],[84.594,23.544],[84.594,23.544],[84.595,23.543],[84.595,23.543],[84.595,23.543],[84.596,23.543],[84.596,23.542],[84.596,23.542],[84.596,23.541],[84.596,23.541],[84.596,23.541],[84.596,23.54],[84.596,23.54],[84.596,23.539],[84.596,23.539],[84.597,23.538],[84.596,23.538],[84.597,23.537],[84.598,23.537],[84.598,23.537],[84.599,23.537],[84.599,23.537],[84.599,23.536],[84.599,23.536],[84.6,23.535],[84.601,23.535],[84.601,23.535],[84.602,23.534],[84.602,23.534],[84.602,23.533],[84.603,23.533],[84.603,23.534],[84.603,23.535],[84.603,23.535],[84.603,23.536],[84.603,23.537],[84.602,23.538],[84.602,23.539],[84.603,23.54],[84.603,23.54],[84.603,23.541],[84.603,23.54],[84.602,23.538],[84.602,23.536],[84.6,23.537],[84.6,23.537],[84.6,23.537],[84.598,23.538],[84.598,23.537],[84.597,23.538],[84.597,23.538],[84.596,23.539],[84.596,23.541],[84.596,23.543],[84.594,23.544],[84.594,23.544]],[[84.616,23.553],[84.617,23.553],[84.617,23.553],[84.617,23.553],[84.617,23.553],[84.617,23.554],[84.617,23.554],[84.617,23.555],[84.617,23.555],[84.617,23.555],[84.618,23.556],[84.618,23.556],[84.618,23.557],[84.618,23.557],[84.618,23.558],[84.618,23.558],[84.619,23.558],[84.619,23.558],[84.619,23.557],[84.619,23.557],[84.62,23.557],[84.62,23.556],[84.62,23.556],[84.62,23.555],[84.62,23.555],[84.621,23.555],[84.621,23.554],[84.621,23.554],[84.621,23.553],[84.621,23.553],[84.621,23.553],[84.622,23.553],[84.623,23.553],[84.623,23.553],[84.623,23.553],[84.624,23.553],[84.624,23.553],[84.624,23.553],[84.624,23.553],[84.624,23.553],[84.624,23.553],[84.624,23.553],[84.625,23.553],[84.625,23.553],[84.626,23.552],[84.627,23.552],[84.627,23.553],[84.626,23.553],[84.626,23.554],[84.625,23.554],[84.625,23.555],[84.625,23.556],[84.625,23.556],[84.624,23.558],[84.625,23.558],[84.624,23.559],[84.624,23.559],[84.625,23.56],[84.625,23.56],[84.625,23.56],[84.625,23.56],[84.625,23.561],[84.625,23.561],[84.626,23.561],[84.626,23.561],[84.626,23.561],[84.626,23.561],[84.626,23.562],[84.626,23.562],[84.626,23.562],[84.626,23.562],[84.626,23.562],[84.626,23.562],[84.626,23.562],[84.627,23.562],[84.626,23.561],[84.626,23.561],[84.627,23.562],[84.628,23.562],[84.628,23.563],[84.626,23.566],[84.625,23.566],[84.625,23.566],[84.625,23.566],[84.624,23.566],[84.623,23.565],[84.622,23.564],[84.622,23.563],[84.622,23.563],[84.622,23.563],[84.621,23.562],[84.621,23.562],[84.622,23.562],[84.621,23.562],[84.621,23.562],[84.621,23.562],[84.62,23.562],[84.62,23.562],[84.62,23.562],[84.62,23.562],[84.62,23.562],[84.62,23.561],[84.62,23.561],[84.619,23.561],[84.619,23.561],[84.619,23.561],[84.619,23.561],[84.619,23.561],[84.619,23.561],[84.619,23.56],[84.619,23.56],[84.619,23.56],[84.619,23.56],[84.618,23.56],[84.618,23.56],[84.618,23.56],[84.618,23.56],[84.618,23.56],[84.618,23.56],[84.617,23.56],[84.617,23.56],[84.617,23.56],[84.617,23.56],[84.617,23.56],[84.617,23.56],[84.617,23.559],[84.616,23.559],[84.616,23.559],[84.616,23.559],[84.616,23.559],[84.617,23.56],[84.617,23.56],[84.617,23.56],[84.617,23.56],[84.617,23.56],[84.617,23.56],[84.616,23.56],[84.616,23.56],[84.616,23.56],[84.616,23.56],[84.616,23.56],[84.616,23.56],[84.616,23.56],[84.616,23.561],[84.615,23.56],[84.615,23.56],[84.614,23.561],[84.614,23.561],[84.614,23.561],[84.614,23.561],[84.614,23.561],[84.614,23.561],[84.613,23.56],[84.613,23.56],[84.613,23.56],[84.612,23.559],[84.612,23.558],[84.613,23.557],[84.614,23.556],[84.614,23.556],[84.614,23.556],[84.614,23.556],[84.614,23.556],[84.613,23.555],[84.613,23.555],[84.613,23.555],[84.614,23.555],[84.614,23.555],[84.614,23.555],[84.614,23.554],[84.614,23.554],[84.615,23.554],[84.615,23.554],[84.615,23.554],[84.615,23.554],[84.615,23.554],[84.615,23.554],[84.615,23.554],[84.615,23.554],[84.615,23.554],[84.616,23.554],[84.616,23.554],[84.616,23.554],[84.616,23.555],[84.616,23.555],[84.616,23.555],[84.616,23.555],[84.616,23.555],[84.616,23.555],[84.616,23.555],[84.616,23.555],[84.617,23.555],[84.617,23.555],[84.617,23.555],[84.616,23.555],[84.616,23.555],[84.616,23.555],[84.616,23.555],[84.616,23.555],[84.616,23.555],[84.616,23.554],[84.616,23.554],[84.616,23.554],[84.616,23.554],[84.615,23.554],[84.615,23.554],[84.616,23.554],[84.616,23.554],[84.616,23.554],[84.616,23.554],[84.616,23.554],[84.616,23.555],[84.616,23.555],[84.616,23.555],[84.616,23.555],[84.616,23.555],[84.617,23.555],[84.617,23.555],[84.617,23.555],[84.617,23.555],[84.617,23.555],[84.617,23.555],[84.617,23.555],[84.616,23.554],[84.616,23.554],[84.616,23.554],[84.616,23.554],[84.616,23.554],[84.616,23.554],[84.615,23.554],[84.615,23.554],[84.615,23.554],[84.615,23.554],[84.615,23.553],[84.616,23.553]],[[84.621,23.553],[84.621,23.552],[84.619,23.551],[84.619,23.55],[84.618,23.55],[84.618,23.549],[84.619,23.548],[84.618,23.548],[84.617,23.547],[84.618,23.547],[84.617,23.546],[84.617,23.546],[84.617,23.546],[84.617,23.546],[84.617,23.546],[84.617,23.546],[84.616,23.546],[84.616,23.546],[84.616,23.546],[84.616,23.546],[84.616,23.546],[84.616,23.546],[84.616,23.545],[84.616,23.545],[84.616,23.545],[84.616,23.546],[84.616,23.546],[84.615,23.546],[84.615,23.546],[84.615,23.546],[84.615,23.546],[84.614,23.546],[84.614,23.546],[84.615,23.546],[84.615,23.546],[84.615,23.545],[84.615,23.545],[84.615,23.545],[84.615,23.545],[84.615,23.545],[84.615,23.545],[84.616,23.545],[84.616,23.545],[84.616,23.545],[84.616,23.545],[84.616,23.545],[84.616,23.545],[84.616,23.545],[84.616,23.545],[84.616,23.545],[84.616,23.545],[84.616,23.545],[84.616,23.545],[84.616,23.545],[84.616,23.545],[84.616,23.545],[84.615,23.545],[84.615,23.545],[84.615,23.545],[84.615,23.545],[84.615,23.545],[84.615,23.545],[84.615,23.545],[84.614,23.545],[84.615,23.545],[84.615,23.545],[84.615,23.545],[84.615,23.545],[84.615,23.545],[84.615,23.545],[84.615,23.545],[84.615,23.545],[84.615,23.545],[84.615,23.545],[84.615,23.545],[84.615,23.545],[84.615,23.545],[84.616,23.545],[84.616,23.545],[84.616,23.545],[84.616,23.545],[84.616,23.545],[84.616,23.545],[84.616,23.545],[84.616,23.545],[84.616,23.545],[84.616,23.545],[84.616,23.545],[84.616,23.545],[84.616,23.545],[84.616,23.545],[84.617,23.545],[84.617,23.545],[84.617,23.544],[84.617,23.544],[84.617,23.543],[84.617,23.543],[84.617,23.543],[84.617,23.543],[84.617,23.543],[84.617,23.543],[84.617,23.542],[84.617,23.542],[84.617,23.542],[84.617,23.542],[84.616,23.542],[84.616,23.542],[84.616,23.541],[84.616,23.541],[84.616,23.541],[84.616,23.541],[84.616,23.541],[84.616,23.541],[84.616,23.541],[84.616,23.541],[84.615,23.541],[84.615,23.54],[84.615,23.54],[84.614,23.54],[84.613,23.539],[84.613,23.539],[84.613,23.539],[84.613,23.54],[84.613,23.541],[84.612,23.542],[84.612,23.542],[84.612,23.543],[84.611,23.545],[84.612,23.546],[84.614,23.549],[84.614,23.549],[84.614,23.549],[84.614,23.549],[84.614,23.549],[84.614,23.549],[84.614,23.549],[84.614,23.549],[84.614,23.549],[84.614,23.549],[84.614,23.549],[84.615,23.548],[84.615,23.548],[84.615,23.548],[84.615,23.548],[84.614,23.548],[84.614,23.548],[84.615,23.548],[84.615,23.548],[84.615,23.548],[84.615,23.548],[84.615,23.548],[84.615,23.548],[84.615,23.548],[84.615,23.548],[84.615,23.548],[84.615,23.548],[84.615,23.549],[84.615,23.549],[84.615,23.549],[84.615,23.549],[84.615,23.549],[84.615,23.549],[84.615,23.549],[84.615,23.549],[84.615,23.549],[84.615,23.549],[84.616,23.551],[84.616,23.551],[84.616,23.551],[84.616,23.551],[84.616,23.551],[84.616,23.551],[84.616,23.551],[84.616,23.551],[84.616,23.551],[84.616,23.551],[84.616,23.551],[84.616,23.551],[84.616,23.551],[84.617,23.551],[84.617,23.551],[84.617,23.551],[84.617,23.551],[84.617,23.551],[84.617,23.551],[84.617,23.551],[84.617,23.551],[84.617,23.551],[84.617,23.551],[84.616,23.551],[84.616,23.551],[84.616,23.551],[84.617,23.551],[84.617,23.551],[84.617,23.551],[84.617,23.551],[84.617,23.551],[84.617,23.551],[84.617,23.552],[84.617,23.552],[84.617,23.552],[84.617,23.552],[84.616,23.552],[84.616,23.552],[84.616,23.552],[84.616,23.552],[84.616,23.552],[84.616,23.552],[84.618,23.558],[84.619,23.557],[84.621,23.553]],[[84.594,23.546],[84.594,23.545],[84.594,23.545],[84.594,23.545],[84.594,23.544],[84.594,23.544],[84.594,23.544],[84.596,23.543],[84.596,23.541],[84.596,23.539],[84.597,23.538],[84.597,23.538],[84.598,23.537],[84.598,23.538],[84.6,23.537],[84.6,23.537],[84.6,23.537],[84.602,23.536],[84.602,23.538],[84.603,23.54],[84.602,23.542],[84.599,23.542],[84.598,23.543],[84.597,23.543],[84.596,23.544],[84.596,23.544],[84.595,23.545],[84.594,23.546]],[[84.615,23.553],[84.615,23.554],[84.615,23.554],[84.615,23.554],[84.615,23.554],[84.616,23.554],[84.616,23.554],[84.616,23.554],[84.616,23.554],[84.616,23.554],[84.616,23.554],[84.617,23.555],[84.617,23.555],[84.617,23.555],[84.617,23.555],[84.617,23.555],[84.617,23.555],[84.617,23.555],[84.616,23.555],[84.616,23.555],[84.616,23.555],[84.616,23.555],[84.616,23.555],[84.616,23.554],[84.616,23.554],[84.616,23.554],[84.616,23.554],[84.616,23.554],[84.615,23.554],[84.615,23.554],[84.616,23.554],[84.616,23.554],[84.616,23.554],[84.616,23.554],[84.616,23.555],[84.616,23.555],[84.616,23.555],[84.616,23.555],[84.616,23.555],[84.616,23.555],[84.617,23.555],[84.617,23.555],[84.617,23.555],[84.616,23.555],[84.616,23.555],[84.616,23.555],[84.616,23.555],[84.616,23.555],[84.616,23.555],[84.616,23.555],[84.616,23.555],[84.616,23.554],[84.616,23.554],[84.616,23.554],[84.615,23.554],[84.615,23.554],[84.615,23.554],[84.615,23.554],[84.615,23.554],[84.615,23.554],[84.615,23.554],[84.615,23.554],[84.615,23.554],[84.614,23.554],[84.614,23.554],[84.614,23.555],[84.614,23.555],[84.614,23.555],[84.613,23.555],[84.613,23.555],[84.613,23.555],[84.614,23.556],[84.614,23.556],[84.614,23.556],[84.614,23.556],[84.614,23.556],[84.613,23.557],[84.612,23.558],[84.612,23.559],[84.613,23.56],[84.613,23.56],[84.613,23.56],[84.614,23.561],[84.614,23.561],[84.614,23.561],[84.614,23.561],[84.614,23.561],[84.614,23.561],[84.615,23.56],[84.615,23.56],[84.616,23.561],[84.616,23.56],[84.616,23.56],[84.616,23.56],[84.616,23.56],[84.616,23.56],[84.616,23.56],[84.616,23.56],[84.617,23.56],[84.617,23.56],[84.617,23.56],[84.617,23.56],[84.617,23.56],[84.617,23.56],[84.616,23.559],[84.616,23.559],[84.616,23.559],[84.616,23.559],[84.617,23.559],[84.617,23.56],[84.617,23.56],[84.617,23.56],[84.617,23.56],[84.617,23.56],[84.617,23.56],[84.618,23.56],[84.618,23.56],[84.618,23.56],[84.618,23.56],[84.618,23.56],[84.618,23.56],[84.619,23.56],[84.619,23.56],[84.619,23.56],[84.619,23.56],[84.619,23.561],[84.619,23.561],[84.619,23.561],[84.619,23.561],[84.619,23.561],[84.619,23.561],[84.62,23.561],[84.62,23.561],[84.62,23.562],[84.62,23.562],[84.62,23.562],[84.62,23.562],[84.62,23.562],[84.621,23.562],[84.621,23.562],[84.621,23.562],[84.622,23.562],[84.621,23.562],[84.621,23.562],[84.622,23.563],[84.622,23.563],[84.622,23.563],[84.622,23.564],[84.623,23.565],[84.624,23.566],[84.625,23.566],[84.625,23.566],[84.625,23.566],[84.626,23.566],[84.628,23.563],[84.628,23.562],[84.627,23.562],[84.626,23.561],[84.626,23.561],[84.627,23.562],[84.626,23.562],[84.626,23.562],[84.626,23.562],[84.626,23.562],[84.626,23.562],[84.626,23.562],[84.626,23.562],[84.626,23.561],[84.626,23.561],[84.626,23.561],[84.626,23.561],[84.625,23.561],[84.625,23.561],[84.625,23.56],[84.625,23.56],[84.625,23.56],[84.625,23.56],[84.624,23.559],[84.624,23.559],[84.625,23.558],[84.624,23.558],[84.625,23.556],[84.625,23.556],[84.625,23.555],[84.625,23.554],[84.626,23.554],[84.626,23.553],[84.627,23.553],[84.627,23.552],[84.626,23.552],[84.625,23.553],[84.625,23.553],[84.624,23.553],[84.624,23.553],[84.624,23.553],[84.624,23.553],[84.624,23.553],[84.624,23.553],[84.624,23.553],[84.623,23.553],[84.623,23.553],[84.623,23.553],[84.622,23.553],[84.621,23.553],[84.621,23.553],[84.621,23.553],[84.621,23.554],[84.621,23.554],[84.621,23.555],[84.62,23.555],[84.62,23.555],[84.62,23.556],[84.62,23.556],[84.62,23.557],[84.619,23.557],[84.619,23.557],[84.619,23.558],[84.619,23.558],[84.618,23.558],[84.618,23.558],[84.618,23.557],[84.618,23.557],[84.618,23.556],[84.618,23.556],[84.617,23.555],[84.617,23.555],[84.617,23.555],[84.617,23.554],[84.617,23.554],[84.617,23.553],[84.617,23.553],[84.617,23.553],[84.617,23.553],[84.616,23.553],[84.615,23.553]],[[84.616,23.553],[84.617,23.553],[84.617,23.553],[84.617,23.554],[84.617,23.554],[84.617,23.555],[84.617,23.555],[84.617,23.556],[84.618,23.556],[84.618,23.556],[84.618,23.557],[84.618,23.557],[84.618,23.558],[84.618,23.558],[84.618,23.558],[84.618,23.558],[84.618,23.558],[84.618,23.558],[84.618,23.558],[84.618,23.558],[84.618,23.558],[84.618,23.558],[84.618,23.558],[84.618,23.558],[84.618,23.558],[84.618,23.558],[84.618,23.558],[84.618,23.558],[84.618,23.558],[84.618,23.558],[84.618,23.558],[84.618,23.558],[84.618,23.558],[84.618,23.558],[84.618,23.558],[84.619,23.558],[84.619,23.558],[84.619,23.557],[84.62,23.557],[84.62,23.557],[84.62,23.557],[84.62,23.557],[84.62,23.557],[84.62,23.557],[84.62,23.556],[84.62,23.556],[84.62,23.556],[84.62,23.555],[84.621,23.555],[84.621,23.554],[84.621,23.554],[84.621,23.553],[84.621,23.553],[84.621,23.553],[84.622,23.553],[84.622,23.553],[84.623,23.553],[84.623,23.553],[84.623,23.553],[84.623,23.553],[84.623,23.553],[84.623,23.553],[84.623,23.553],[84.623,23.553],[84.623,23.553],[84.623,23.553],[84.623,23.553],[84.623,23.553],[84.623,23.553],[84.623,23.553],[84.623,23.553],[84.623,23.553],[84.624,23.553],[84.624,23.553],[84.624,23.553],[84.624,23.553],[84.624,23.553],[84.624,23.553],[84.624,23.553],[84.624,23.553],[84.624,23.553],[84.624,23.553],[84.624,23.553],[84.624,23.553],[84.624,23.553],[84.624,23.553],[84.624,23.553],[84.624,23.553],[84.624,23.553],[84.624,23.553],[84.624,23.553],[84.624,23.553],[84.624,23.553],[84.624,23.553],[84.624,23.553],[84.624,23.553],[84.624,23.553],[84.624,23.553],[84.624,23.553],[84.624,23.553],[84.624,23.553],[84.624,23.553],[84.624,23.553],[84.624,23.553],[84.624,23.553],[84.624,23.553],[84.624,23.553],[84.624,23.553],[84.624,23.553],[84.624,23.553],[84.624,23.553],[84.624,23.553],[84.624,23.553],[84.624,23.553],[84.625,23.553],[84.625,23.553],[84.625,23.553],[84.625,23.553],[84.625,23.553],[84.625,23.553],[84.626,23.553],[84.627,23.552],[84.627,23.553],[84.626,23.553],[84.626,23.553],[84.626,23.553],[84.626,23.554],[84.625,23.554],[84.625,23.554],[84.625,23.554],[84.625,23.554],[84.625,23.554],[84.625,23.554],[84.625,23.554],[84.625,23.554],[84.625,23.554],[84.625,23.554],[84.625,23.554],[84.625,23.555],[84.625,23.556],[84.625,23.556],[84.625,23.556],[84.625,23.556],[84.625,23.556],[84.625,23.556],[84.624,23.558],[84.624,23.558],[84.624,23.558],[84.624,23.558],[84.624,23.558],[84.624,23.559],[84.624,23.559],[84.624,23.559],[84.624,23.559],[84.624,23.559],[84.624,23.559],[84.624,23.559],[84.624,23.559],[84.624,23.559],[84.624,23.56],[84.624,23.56],[84.624,23.56],[84.624,23.56],[84.624,23.56],[84.624,23.56],[84.625,23.56],[84.625,23.56],[84.625,23.56],[84.625,23.56],[84.625,23.56],[84.625,23.56],[84.625,23.56],[84.625,23.56],[84.625,23.561],[84.625,23.561],[84.625,23.561],[84.625,23.561],[84.625,23.561],[84.625,23.561],[84.625,23.561],[84.625,23.561],[84.625,23.561],[84.625,23.561],[84.625,23.561],[84.625,23.561],[84.625,23.561],[84.625,23.561],[84.625,23.561],[84.625,23.561],[84.625,23.561],[84.625,23.561],[84.625,23.561],[84.626,23.561],[84.626,23.561],[84.626,23.561],[84.626,23.561],[84.626,23.561],[84.626,23.562],[84.626,23.562],[84.625,23.562],[84.625,23.562],[84.625,23.562],[84.625,23.562],[84.625,23.562],[84.625,23.562],[84.625,23.562],[84.625,23.562],[84.625,23.562],[84.625,23.562],[84.625,23.562],[84.625,23.562],[84.625,23.562],[84.625,23.562],[84.625,23.562],[84.626,23.562],[84.626,23.562],[84.626,23.562],[84.626,23.562],[84.626,23.562],[84.626,23.562],[84.626,23.562],[84.626,23.562],[84.626,23.562],[84.626,23.562],[84.626,23.562],[84.626,23.562],[84.626,23.562],[84.626,23.562],[84.626,23.562],[84.626,23.562],[84.626,23.562],[84.626,23.562],[84.626,23.562],[84.626,23.562],[84.626,23.562],[84.626,23.562],[84.626,23.562],[84.626,23.562],[84.626,23.562],[84.626,23.562],[84.626,23.562],[84.626,23.562],[84.626,23.562],[84.626,23.562],[84.626,23.562],[84.626,23.562],[84.626,23.562],[84.626,23.562],[84.626,23.562],[84.626,23.562],[84.626,23.562],[84.627,23.562],[84.627,23.562],[84.627,23.562],[84.627,23.562],[84.627,23.562],[84.627,23.562],[84.627,23.562],[84.627,23.562],[84.627,23.562],[84.627,23.562],[84.627,23.562],[84.627,23.562],[84.628,23.562],[84.628,23.563],[84.625,23.566],[84.625,23.566],[84.625,23.566],[84.625,23.566],[84.625,23.566],[84.625,23.566],[84.624,23.566],[84.624,23.566],[84.623,23.565],[84.622,23.564],[84.622,23.563],[84.622,23.563],[84.622,23.563],[84.622,23.563],[84.622,23.563],[84.622,23.563],[84.622,23.563],[84.622,23.563],[84.622,23.563],[84.622,23.563],[84.621,23.562],[84.621,23.562],[84.622,23.562],[84.622,23.562],[84.622,23.562],[84.622,23.562],[84.622,23.562],[84.622,23.562],[84.622,23.562],[84.622,23.562],[84.622,23.562],[84.622,23.562],[84.622,23.562],[84.622,23.562],[84.622,23.562],[84.622,23.562],[84.622,23.562],[84.622,23.562],[84.622,23.562],[84.622,23.562],[84.622,23.562],[84.622,23.562],[84.622,23.562],[84.621,23.562],[84.621,23.562],[84.621,23.562],[84.621,23.562],[84.621,23.562],[84.621,23.562],[84.621,23.562],[84.621,23.562],[84.621,23.562],[84.621,23.562],[84.621,23.562],[84.621,23.562],[84.621,23.562],[84.621,23.562],[84.62,23.562],[84.62,23.562],[84.62,23.562],[84.62,23.562],[84.62,23.562],[84.62,23.562],[84.62,23.562],[84.62,23.562],[84.62,23.562],[84.62,23.562],[84.62,23.561],[84.62,23.561],[84.62,23.561],[84.62,23.561],[84.62,23.561],[84.619,23.561],[84.619,23.561],[84.619,23.561],[84.619,23.561],[84.619,23.561],[84.619,23.561],[84.619,23.561],[84.619,23.561],[84.619,23.561],[84.619,23.561],[84.619,23.561],[84.619,23.561],[84.619,23.561],[84.619,23.561],[84.619,23.561],[84.619,23.561],[84.619,23.561],[84.619,23.561],[84.619,23.56],[84.619,23.56],[84.619,23.56],[84.619,23.56],[84.619,23.56],[84.619,23.56],[84.619,23.56],[84.619,23.56],[84.619,23.56],[84.619,23.56],[84.619,23.56],[84.619,23.56],[84.619,23.56],[84.619,23.56],[84.619,23.56],[84.619,23.56],[84.619,23.56],[84.619,23.56],[84.619,23.56],[84.619,23.56],[84.618,23.56],[84.618,23.56],[84.618,23.56],[84.618,23.56],[84.618,23.56],[84.618,23.56],[84.618,23.56],[84.618,23.56],[84.618,23.56],[84.618,23.56],[84.618,23.56],[84.618,23.56],[84.618,23.56],[84.618,23.56],[84.618,23.56],[84.618,23.56],[84.618,23.56],[84.618,23.56],[84.618,23.56],[84.618,23.56],[84.618,23.56],[84.617,23.56],[84.617,23.56],[84.617,23.56],[84.617,23.56],[84.617,23.56],[84.617,23.56],[84.617,23.559],[84.617,23.559],[84.617,23.559],[84.617,23.559],[84.617,23.559],[84.617,23.559],[84.617,23.559],[84.617,23.559],[84.617,23.559],[84.617,23.559],[84.617,23.559],[84.617,23.559],[84.617,23.559],[84.617,23.559],[84.617,23.559],[84.616,23.559],[84.616,23.559],[84.616,23.559],[84.616,23.559],[84.616,23.559],[84.616,23.559],[84.616,23.559],[84.616,23.559],[84.616,23.559],[84.616,23.559],[84.616,23.559],[84.616,23.559],[84.616,23.559],[84.616,23.559],[84.616,23.559],[84.616,23.559],[84.616,23.559],[84.616,23.559],[84.616,23.559],[84.616,23.559],[84.616,23.559],[84.616,23.559],[84.616,23.559],[84.616,23.559],[84.616,23.559],[84.616,23.559],[84.616,23.559],[84.616,23.559],[84.616,23.559],[84.616,23.559],[84.616,23.559],[84.616,23.559],[84.616,23.559],[84.616,23.56],[84.617,23.56],[84.617,23.56],[84.616,23.56],[84.616,23.56],[84.616,23.56],[84.616,23.56],[84.616,23.56],[84.616,23.56],[84.616,23.56],[84.616,23.56],[84.616,23.56],[84.616,23.56],[84.616,23.56],[84.616,23.56],[84.616,23.56],[84.616,23.56],[84.616,23.56],[84.616,23.56],[84.616,23.56],[84.616,23.56],[84.616,23.56],[84.616,23.56],[84.616,23.56],[84.616,23.56],[84.616,23.56],[84.616,23.56],[84.616,23.56],[84.616,23.56],[84.616,23.56],[84.616,23.56],[84.616,23.56],[84.616,23.56],[84.616,23.56],[84.616,23.56],[84.615,23.56],[84.615,23.56],[84.615,23.56],[84.615,23.56],[84.615,23.56],[84.615,23.56],[84.615,23.56],[84.615,23.56],[84.615,23.56],[84.614,23.56],[84.614,23.56],[84.614,23.561],[84.614,23.561],[84.614,23.561],[84.614,23.561],[84.614,23.56],[84.614,23.56],[84.613,23.56],[84.613,23.56],[84.613,23.56],[84.613,23.56],[84.612,23.559],[84.613,23.558],[84.613,23.557],[84.614,23.556],[84.614,23.556],[84.614,23.556],[84.614,23.556],[84.614,23.556],[84.614,23.556],[84.614,23.556],[84.614,23.556],[84.614,23.556],[84.614,23.556],[84.614,23.556],[84.614,23.556],[84.614,23.556],[84.614,23.556],[84.614,23.556],[84.614,23.556],[84.614,23.556],[84.614,23.556],[84.614,23.556],[84.614,23.556],[84.613,23.555],[84.613,23.555],[84.613,23.555],[84.613,23.555],[84.613,23.555],[84.613,23.555],[84.613,23.555],[84.613,23.555],[84.613,23.555],[84.613,23.555],[84.613,23.555],[84.614,23.555],[84.614,23.555],[84.614,23.555],[84.614,23.555],[84.614,23.555],[84.614,23.555],[84.614,23.555],[84.614,23.555],[84.614,23.555],[84.614,23.555],[84.614,23.555],[84.614,23.555],[84.614,23.555],[84.614,23.555],[84.614,23.555],[84.614,23.555],[84.614,23.555],[84.614,23.554],[84.614,23.554],[84.615,23.554],[84.615,23.554],[84.615,23.554],[84.615,23.554],[84.615,23.554],[84.615,23.554],[84.615,23.554],[84.615,23.554],[84.615,23.554],[84.615,23.554],[84.615,23.554],[84.615,23.554],[84.615,23.554],[84.615,23.554],[84.615,23.554],[84.616,23.554],[84.616,23.554],[84.616,23.554],[84.616,23.554],[84.616,23.554],[84.616,23.554],[84.616,23.554],[84.616,23.554],[84.616,23.554],[84.616,23.554],[84.616,23.554],[84.616,23.555],[84.616,23.555],[84.616,23.555],[84.616,23.555],[84.616,23.555],[84.616,23.555],[84.616,23.555],[84.616,23.555],[84.616,23.555],[84.616,23.555],[84.616,23.555],[84.616,23.555],[84.616,23.555],[84.616,23.555],[84.616,23.555],[84.616,23.555],[84.616,23.555],[84.616,23.555],[84.616,23.555],[84.616,23.555],[84.616,23.555],[84.616,23.555],[84.616,23.555],[84.616,23.555],[84.616,23.555],[84.616,23.555],[84.617,23.555],[84.617,23.555],[84.617,23.555],[84.617,23.555],[84.617,23.555],[84.617,23.555],[84.617,23.555],[84.617,23.555],[84.617,23.555],[84.617,23.555],[84.617,23.555],[84.617,23.555],[84.617,23.555],[84.617,23.555],[84.617,23.555],[84.617,23.555],[84.617,23.555],[84.617,23.555],[84.617,23.555],[84.617,23.555],[84.617,23.555],[84.617,23.555],[84.617,23.555],[84.617,23.555],[84.617,23.555],[84.617,23.555],[84.617,23.555],[84.617,23.555],[84.617,23.555],[84.617,23.555],[84.617,23.555],[84.617,23.555],[84.617,23.555],[84.617,23.555],[84.617,23.555],[84.617,23.555],[84.617,23.555],[84.617,23.555],[84.617,23.555],[84.617,23.555],[84.617,23.555],[84.617,23.555],[84.617,23.555],[84.617,23.555],[84.617,23.555],[84.617,23.555],[84.617,23.555],[84.617,23.555],[84.617,23.555],[84.617,23.555],[84.617,23.555],[84.617,23.555],[84.617,23.555],[84.617,23.555],[84.617,23.555],[84.617,23.555],[84.617,23.555],[84.617,23.555],[84.617,23.555],[84.617,23.555],[84.617,23.555],[84.617,23.555],[84.617,23.555],[84.617,23.555],[84.617,23.555],[84.617,23.555],[84.617,23.555],[84.617,23.555],[84.617,23.555],[84.617,23.555],[84.617,23.555],[84.617,23.555],[84.617,23.555],[84.617,23.555],[84.617,23.555],[84.617,23.555],[84.617,23.555],[84.617,23.555],[84.617,23.555],[84.617,23.555],[84.617,23.555],[84.617,23.555],[84.617,23.555],[84.616,23.554],[84.616,23.554],[84.616,23.554],[84.616,23.554],[84.616,23.554],[84.616,23.554],[84.616,23.554],[84.616,23.554],[84.616,23.554],[84.616,23.554],[84.616,23.554],[84.616,23.554],[84.616,23.554],[84.616,23.554],[84.616,23.554],[84.616,23.554],[84.616,23.554],[84.616,23.554],[84.616,23.554],[84.616,23.554],[84.616,23.554],[84.616,23.554],[84.616,23.554],[84.616,23.554],[84.616,23.554],[84.616,23.554],[84.616,23.554],[84.616,23.554],[84.615,23.554],[84.615,23.554],[84.615,23.554],[84.615,23.554],[84.615,23.554],[84.615,23.553],[84.616,23.553],[84.616,23.553]],[[84.621,23.552],[84.619,23.551],[84.619,23.55],[84.618,23.55],[84.618,23.549],[84.619,23.548],[84.618,23.548],[84.617,23.547],[84.618,23.547],[84.617,23.546],[84.617,23.546],[84.617,23.546],[84.617,23.546],[84.617,23.546],[84.617,23.546],[84.616,23.546],[84.616,23.546],[84.616,23.546],[84.616,23.546],[84.616,23.546],[84.616,23.546],[84.616,23.545],[84.616,23.545],[84.616,23.545],[84.616,23.546],[84.616,23.546],[84.615,23.546],[84.615,23.546],[84.615,23.546],[84.615,23.546],[84.614,23.546],[84.614,23.546],[84.615,23.546],[84.615,23.546],[84.615,23.545],[84.615,23.545],[84.615,23.545],[84.615,23.545],[84.615,23.545],[84.615,23.545],[84.616,23.545],[84.616,23.545],[84.616,23.545],[84.616,23.545],[84.616,23.545],[84.616,23.545],[84.616,23.545],[84.616,23.545],[84.616,23.545],[84.616,23.545],[84.616,23.545],[84.616,23.545],[84.616,23.545],[84.616,23.545],[84.616,23.545],[84.615,23.545],[84.615,23.545],[84.615,23.545],[84.615,23.545],[84.615,23.545],[84.615,23.545],[84.615,23.545],[84.614,23.545],[84.615,23.545],[84.615,23.545],[84.615,23.545],[84.615,23.545],[84.615,23.545],[84.615,23.545],[84.615,23.545],[84.615,23.545],[84.615,23.545],[84.615,23.545],[84.615,23.545],[84.615,23.545],[84.615,23.545],[84.616,23.545],[84.616,23.545],[84.616,23.545],[84.616,23.545],[84.616,23.545],[84.616,23.545],[84.616,23.545],[84.616,23.545],[84.616,23.545],[84.616,23.545],[84.616,23.545],[84.616,23.545],[84.616,23.545],[84.616,23.545],[84.617,23.545],[84.617,23.545],[84.617,23.544],[84.617,23.544],[84.617,23.543],[84.617,23.543],[84.617,23.543],[84.617,23.543],[84.617,23.543],[84.617,23.543],[84.617,23.542],[84.617,23.542],[84.617,23.542],[84.617,23.542],[84.616,23.542],[84.616,23.542],[84.616,23.541],[84.616,23.541],[84.616,23.541],[84.616,23.541],[84.616,23.541],[84.616,23.541],[84.616,23.541],[84.616,23.541],[84.615,23.541],[84.615,23.54],[84.615,23.54],[84.614,23.54],[84.613,23.539],[84.613,23.539],[84.613,23.539],[84.613,23.54],[84.613,23.541],[84.612,23.542],[84.612,23.542],[84.612,23.543],[84.611,23.545],[84.612,23.546],[84.614,23.549],[84.614,23.549],[84.614,23.549],[84.614,23.549],[84.614,23.549],[84.614,23.549],[84.614,23.549],[84.614,23.549],[84.614,23.549],[84.614,23.549],[84.614,23.549],[84.615,23.548],[84.615,23.548],[84.615,23.548],[84.615,23.548],[84.614,23.548],[84.614,23.548],[84.615,23.548],[84.615,23.548],[84.615,23.548],[84.615,23.548],[84.615,23.548],[84.615,23.548],[84.615,23.548],[84.615,23.548],[84.615,23.548],[84.615,23.548],[84.615,23.549],[84.615,23.549],[84.615,23.549],[84.615,23.549],[84.615,23.549],[84.615,23.549],[84.615,23.549],[84.615,23.549],[84.615,23.549],[84.615,23.549],[84.616,23.551],[84.616,23.551],[84.616,23.551],[84.616,23.551],[84.616,23.551],[84.616,23.551],[84.616,23.551],[84.616,23.551],[84.616,23.551],[84.616,23.551],[84.616,23.551],[84.616,23.551],[84.616,23.551],[84.617,23.551],[84.617,23.551],[84.617,23.551],[84.617,23.551],[84.617,23.551],[84.617,23.551],[84.617,23.551],[84.617,23.551],[84.617,23.551],[84.617,23.551],[84.616,23.551],[84.616,23.551],[84.616,23.551],[84.617,23.551],[84.617,23.551],[84.617,23.551],[84.617,23.551],[84.617,23.551],[84.617,23.551],[84.617,23.552],[84.617,23.552],[84.617,23.552],[84.617,23.552],[84.616,23.552],[84.616,23.552],[84.616,23.552],[84.616,23.552],[84.616,23.552],[84.616,23.552],[84.618,23.558],[84.619,23.557],[84.621,23.553],[84.621,23.552]],[[84.614,23.54],[84.614,23.54],[84.614,23.54],[84.614,23.54],[84.615,23.54],[84.615,23.541],[84.615,23.541],[84.615,23.541],[84.615,23.541],[84.616,23.541],[84.616,23.541],[84.616,23.541],[84.616,23.541],[84.616,23.541],[84.616,23.541],[84.616,23.541],[84.616,23.541],[84.616,23.541],[84.616,23.542],[84.616,23.542],[84.616,23.542],[84.616,23.542],[84.616,23.542],[84.617,23.542],[84.617,23.542],[84.617,23.542],[84.617,23.542],[84.617,23.542],[84.617,23.543],[84.617,23.543],[84.617,23.543],[84.617,23.543],[84.617,23.543],[84.617,23.543],[84.617,23.543],[84.617,23.543],[84.617,23.543],[84.617,23.543],[84.617,23.543],[84.617,23.543],[84.617,23.543],[84.617,23.543],[84.617,23.544],[84.617,23.544],[84.616,23.544],[84.616,23.544],[84.616,23.544],[84.616,23.544],[84.616,23.544],[84.616,23.544],[84.616,23.545],[84.616,23.545],[84.616,23.545],[84.616,23.545],[84.616,23.545],[84.616,23.545],[84.616,23.545],[84.616,23.545],[84.616,23.545],[84.616,23.545],[84.616,23.545],[84.616,23.545],[84.616,23.545],[84.616,23.545],[84.616,23.545],[84.616,23.545],[84.616,23.545],[84.616,23.545],[84.616,23.545],[84.616,23.545],[84.616,23.545],[84.616,23.545],[84.616,23.545],[84.616,23.545],[84.616,23.545],[84.616,23.545],[84.616,23.545],[84.616,23.545],[84.615,23.545],[84.615,23.545],[84.615,23.545],[84.615,23.545],[84.615,23.545],[84.615,23.545],[84.615,23.545],[84.615,23.545],[84.615,23.545],[84.615,23.545],[84.615,23.545],[84.615,23.545],[84.615,23.545],[84.615,23.545],[84.615,23.545],[84.615,23.545],[84.615,23.545],[84.615,23.545],[84.615,23.545],[84.615,23.545],[84.615,23.545],[84.615,23.545],[84.615,23.545],[84.615,23.545],[84.615,23.545],[84.615,23.545],[84.615,23.545],[84.615,23.545],[84.615,23.545],[84.615,23.545],[84.615,23.545],[84.615,23.545],[84.615,23.545],[84.615,23.545],[84.615,23.545],[84.615,23.545],[84.615,23.545],[84.615,23.545],[84.615,23.545],[84.615,23.545],[84.615,23.545],[84.615,23.545],[84.615,23.545],[84.615,23.545],[84.615,23.545],[84.615,23.545],[84.614,23.545],[84.614,23.545],[84.614,23.545],[84.614,23.545],[84.614,23.545],[84.614,23.545],[84.614,23.545],[84.614,23.545],[84.614,23.545],[84.614,23.545],[84.614,23.545],[84.614,23.545],[84.614,23.545],[84.614,23.545],[84.614,23.545],[84.614,23.545],[84.614,23.545],[84.614,23.545],[84.614,23.545],[84.614,23.545],[84.614,23.545],[84.614,23.545],[84.614,23.545],[84.615,23.545],[84.615,23.545],[84.615,23.545],[84.615,23.545],[84.615,23.545],[84.615,23.545],[84.615,23.545],[84.615,23.545],[84.615,23.545],[84.615,23.545],[84.615,23.545],[84.615,23.545],[84.615,23.545],[84.615,23.545],[84.615,23.545],[84.615,23.545],[84.615,23.545],[84.615,23.545],[84.615,23.545],[84.615,23.545],[84.615,23.545],[84.615,23.545],[84.615,23.545],[84.615,23.545],[84.615,23.545],[84.615,23.545],[84.615,23.545],[84.615,23.545],[84.615,23.545],[84.615,23.546],[84.615,23.546],[84.614,23.546],[84.614,23.546],[84.614,23.546],[84.614,23.546],[84.614,23.546],[84.614,23.546],[84.614,23.546],[84.614,23.546],[84.614,23.546],[84.614,23.546],[84.614,23.546],[84.614,23.546],[84.614,23.546],[84.614,23.546],[84.614,23.546],[84.614,23.546],[84.614,23.546],[84.614,23.546],[84.614,23.546],[84.614,23.546],[84.614,23.546],[84.614,23.546],[84.614,23.546],[84.614,23.546],[84.614,23.546],[84.614,23.546],[84.614,23.546],[84.614,23.546],[84.615,23.546],[84.615,23.546],[84.615,23.546],[84.615,23.546],[84.615,23.546],[84.615,23.546],[84.615,23.546],[84.615,23.546],[84.615,23.546],[84.615,23.546],[84.615,23.546],[84.615,23.546],[84.615,23.546],[84.616,23.546],[84.616,23.546],[84.616,23.546],[84.616,23.546],[84.616,23.546],[84.616,23.546],[84.616,23.546],[84.616,23.546],[84.616,23.546],[84.616,23.546],[84.616,23.546],[84.616,23.546],[84.616,23.546],[84.616,23.546],[84.616,23.546],[84.616,23.546],[84.616,23.545],[84.616,23.546],[84.616,23.546],[84.616,23.546],[84.616,23.546],[84.616,23.546],[84.616,23.546],[84.616,23.546],[84.616,23.546],[84.616,23.546],[84.616,23.546],[84.616,23.546],[84.616,23.546],[84.616,23.546],[84.616,23.546],[84.616,23.546],[84.616,23.546],[84.616,23.546],[84.616,23.546],[84.616,23.546],[84.616,23.546],[84.616,23.546],[84.616,23.546],[84.616,23.546],[84.616,23.546],[84.616,23.546],[84.616,23.546],[84.616,23.546],[84.616,23.546],[84.616,23.546],[84.616,23.546],[84.616,23.546],[84.616,23.546],[84.616,23.546],[84.616,23.546],[84.616,23.546],[84.616,23.546],[84.617,23.546],[84.617,23.546],[84.617,23.546],[84.617,23.546],[84.617,23.546],[84.617,23.546],[84.617,23.546],[84.617,23.547],[84.617,23.547],[84.617,23.547],[84.617,23.547],[84.617,23.547],[84.617,23.547],[84.617,23.547],[84.617,23.547],[84.617,23.547],[84.617,23.547],[84.617,23.547],[84.617,23.547],[84.617,23.547],[84.617,23.547],[84.617,23.547],[84.617,23.547],[84.617,23.547],[84.617,23.547],[84.618,23.548],[84.619,23.548],[84.618,23.549],[84.618,23.549],[84.618,23.549],[84.618,23.549],[84.618,23.549],[84.618,23.549],[84.618,23.549],[84.618,23.549],[84.618,23.549],[84.618,23.549],[84.618,23.549],[84.618,23.549],[84.618,23.55],[84.618,23.55],[84.618,23.55],[84.618,23.55],[84.618,23.55],[84.619,23.55],[84.619,23.551],[84.619,23.551],[84.619,23.551],[84.619,23.551],[84.62,23.552],[84.621,23.552],[84.621,23.553],[84.619,23.557],[84.618,23.558],[84.617,23.553],[84.617,23.553],[84.617,23.552],[84.617,23.552],[84.617,23.552],[84.617,23.552],[84.617,23.552],[84.617,23.552],[84.617,23.552],[84.617,23.552],[84.617,23.552],[84.617,23.552],[84.617,23.552],[84.617,23.552],[84.617,23.552],[84.617,23.552],[84.617,23.552],[84.617,23.552],[84.617,23.552],[84.617,23.552],[84.617,23.552],[84.617,23.551],[84.617,23.551],[84.617,23.551],[84.617,23.551],[84.617,23.551],[84.617,23.551],[84.617,23.551],[84.617,23.551],[84.617,23.551],[84.617,23.551],[84.617,23.551],[84.617,23.551],[84.617,23.551],[84.617,23.551],[84.617,23.551],[84.617,23.551],[84.617,23.551],[84.617,23.551],[84.617,23.551],[84.617,23.551],[84.617,23.551],[84.617,23.551],[84.617,23.551],[84.617,23.551],[84.617,23.551],[84.617,23.551],[84.617,23.551],[84.617,23.551],[84.617,23.551],[84.617,23.551],[84.617,23.551],[84.617,23.551],[84.617,23.551],[84.617,23.551],[84.617,23.551],[84.617,23.551],[84.617,23.551],[84.617,23.551],[84.617,23.551],[84.617,23.551],[84.617,23.551],[84.616,23.551],[84.616,23.551],[84.616,23.551],[84.616,23.551],[84.617,23.551],[84.617,23.551],[84.617,23.551],[84.617,23.551],[84.617,23.551],[84.617,23.551],[84.617,23.551],[84.617,23.551],[84.617,23.551],[84.617,23.551],[84.617,23.551],[84.617,23.551],[84.617,23.551],[84.617,23.551],[84.617,23.551],[84.617,23.551],[84.617,23.551],[84.617,23.551],[84.617,23.551],[84.617,23.551],[84.617,23.551],[84.617,23.551],[84.617,23.551],[84.617,23.551],[84.617,23.551],[84.617,23.551],[84.617,23.551],[84.617,23.551],[84.617,23.551],[84.617,23.551],[84.617,23.551],[84.617,23.551],[84.617,23.551],[84.617,23.551],[84.617,23.551],[84.617,23.551],[84.617,23.551],[84.617,23.551],[84.617,23.551],[84.617,23.551],[84.617,23.551],[84.617,23.551],[84.617,23.551],[84.617,23.551],[84.617,23.551],[84.616,23.551],[84.616,23.551],[84.616,23.551],[84.616,23.551],[84.616,23.551],[84.616,23.551],[84.616,23.551],[84.616,23.551],[84.616,23.551],[84.616,23.551],[84.616,23.551],[84.616,23.551],[84.616,23.551],[84.616,23.551],[84.616,23.551],[84.616,23.551],[84.616,23.551],[84.616,23.551],[84.616,23.551],[84.616,23.551],[84.616,23.551],[84.616,23.551],[84.616,23.551],[84.616,23.551],[84.616,23.551],[84.616,23.55],[84.616,23.55],[84.616,23.55],[84.616,23.55],[84.616,23.55],[84.616,23.55],[84.616,23.55],[84.616,23.55],[84.616,23.551],[84.616,23.551],[84.616,23.551],[84.616,23.551],[84.616,23.551],[84.616,23.551],[84.616,23.551],[84.616,23.551],[84.616,23.551],[84.616,23.551],[84.616,23.551],[84.616,23.551],[84.616,23.551],[84.616,23.551],[84.616,23.551],[84.616,23.551],[84.616,23.551],[84.616,23.551],[84.616,23.551],[84.616,23.551],[84.616,23.551],[84.616,23.551],[84.615,23.549],[84.615,23.549],[84.615,23.549],[84.615,23.549],[84.615,23.549],[84.615,23.549],[84.615,23.549],[84.615,23.549],[84.615,23.549],[84.615,23.549],[84.615,23.549],[84.615,23.549],[84.615,23.549],[84.615,23.549],[84.615,23.549],[84.615,23.549],[84.615,23.549],[84.615,23.549],[84.615,23.549],[84.615,23.549],[84.615,23.549],[84.615,23.549],[84.615,23.549],[84.615,23.548],[84.615,23.548],[84.615,23.548],[84.615,23.548],[84.615,23.548],[84.615,23.548],[84.615,23.548],[84.615,23.548],[84.615,23.548],[84.615,23.548],[84.615,23.548],[84.615,23.548],[84.615,23.548],[84.615,23.548],[84.615,23.548],[84.615,23.548],[84.615,23.548],[84.615,23.548],[84.615,23.548],[84.615,23.548],[84.615,23.548],[84.615,23.548],[84.615,23.548],[84.615,23.548],[84.615,23.548],[84.615,23.548],[84.615,23.548],[84.615,23.548],[84.615,23.548],[84.615,23.548],[84.615,23.548],[84.615,23.548],[84.614,23.548],[84.614,23.548],[84.614,23.548],[84.614,23.548],[84.614,23.548],[84.614,23.548],[84.614,23.548],[84.614,23.548],[84.614,23.548],[84.614,23.548],[84.614,23.548],[84.614,23.548],[84.614,23.548],[84.614,23.548],[84.614,23.548],[84.615,23.548],[84.615,23.548],[84.614,23.548],[84.614,23.548],[84.614,23.548],[84.614,23.548],[84.614,23.548],[84.614,23.548],[84.614,23.548],[84.614,23.548],[84.614,23.548],[84.614,23.548],[84.614,23.548],[84.614,23.548],[84.614,23.548],[84.614,23.548],[84.614,23.548],[84.614,23.548],[84.614,23.548],[84.614,23.548],[84.614,23.548],[84.614,23.548],[84.614,23.548],[84.614,23.548],[84.614,23.548],[84.614,23.548],[84.614,23.548],[84.614,23.548],[84.614,23.548],[84.614,23.548],[84.614,23.548],[84.614,23.548],[84.614,23.548],[84.614,23.548],[84.614,23.548],[84.614,23.548],[84.614,23.548],[84.614,23.548],[84.614,23.548],[84.614,23.548],[84.614,23.548],[84.614,23.548],[84.614,23.548],[84.614,23.549],[84.614,23.549],[84.614,23.549],[84.614,23.549],[84.614,23.549],[84.614,23.549],[84.614,23.549],[84.614,23.549],[84.614,23.548],[84.614,23.548],[84.614,23.548],[84.614,23.548],[84.614,23.548],[84.614,23.548],[84.614,23.548],[84.614,23.548],[84.614,23.548],[84.614,23.548],[84.612,23.546],[84.611,23.545],[84.612,23.543],[84.612,23.542],[84.612,23.542],[84.613,23.541],[84.613,23.54],[84.613,23.54],[84.613,23.54],[84.613,23.54],[84.613,23.54],[84.613,23.54],[84.613,23.54],[84.613,23.539],[84.614,23.54]],[[84.595,23.545],[84.596,23.544],[84.596,23.544],[84.597,23.543],[84.598,23.543],[84.599,23.542],[84.602,23.542],[84.603,23.54],[84.602,23.538],[84.602,23.536],[84.6,23.537],[84.6,23.537],[84.6,23.537],[84.598,23.538],[84.598,23.537],[84.597,23.538],[84.597,23.538],[84.596,23.539],[84.596,23.541],[84.596,23.543],[84.594,23.544],[84.594,23.544],[84.594,23.544],[84.594,23.545],[84.594,23.545],[84.594,23.545],[84.594,23.546],[84.595,23.545]],[[84.594,23.545],[84.594,23.545],[84.594,23.545],[84.594,23.545],[84.594,23.544],[84.594,23.544],[84.594,23.544],[84.594,23.544],[84.594,23.544],[84.594,23.544],[84.594,23.544],[84.594,23.544],[84.594,23.544],[84.594,23.544],[84.594,23.544],[84.594,23.544],[84.594,23.544],[84.594,23.544],[84.594,23.544],[84.594,23.544],[84.594,23.544],[84.594,23.544],[84.594,23.544],[84.594,23.544],[84.596,23.543],[84.596,23.543],[84.596,23.543],[84.596,23.543],[84.596,23.543],[84.596,23.543],[84.596,23.543],[84.596,23.543],[84.597,23.541],[84.597,23.541],[84.596,23.539],[84.597,23.539],[84.597,23.539],[84.597,23.539],[84.597,23.538],[84.598,23.537],[84.598,23.538],[84.598,23.538],[84.598,23.538],[84.598,23.538],[84.598,23.538],[84.598,23.538],[84.598,23.538],[84.598,23.538],[84.598,23.538],[84.598,23.538],[84.598,23.538],[84.598,23.538],[84.598,23.538],[84.598,23.538],[84.598,23.538],[84.598,23.538],[84.6,23.537],[84.6,23.537],[84.6,23.537],[84.6,23.537],[84.6,23.537],[84.6,23.537],[84.6,23.537],[84.6,23.537],[84.6,23.537],[84.6,23.537],[84.6,23.537],[84.6,23.537],[84.6,23.537],[84.6,23.537],[84.6,23.537],[84.6,23.537],[84.6,23.537],[84.6,23.537],[84.6,23.537],[84.6,23.537],[84.6,23.537],[84.602,23.536],[84.602,23.538],[84.602,23.538],[84.602,23.538],[84.602,23.538],[84.602,23.538],[84.602,23.538],[84.603,23.54],[84.602,23.542],[84.599,23.542],[84.599,23.542],[84.599,23.542],[84.599,23.542],[84.599,23.542],[84.599,23.542],[84.599,23.542],[84.599,23.542],[84.599,23.542],[84.599,23.542],[84.599,23.542],[84.598,23.543],[84.597,23.543],[84.596,23.544],[84.596,23.544],[84.595,23.545],[84.594,23.546],[84.594,23.545]],[[84.594,23.544],[84.596,23.543],[84.596,23.541],[84.596,23.539],[84.597,23.538],[84.597,23.538],[84.598,23.537],[84.598,23.538],[84.6,23.537],[84.6,23.537],[84.6,23.537],[84.602,23.536],[84.602,23.538],[84.603,23.54],[84.603,23.541],[84.603,23.54],[84.603,23.54],[84.602,23.539],[84.602,23.538],[84.603,23.537],[84.603,23.536],[84.603,23.535],[84.603,23.535],[84.603,23.534],[84.603,23.533],[84.602,23.533],[84.602,23.534],[84.602,23.534],[84.601,23.535],[84.601,23.535],[84.6,23.535],[84.599,23.536],[84.599,23.536],[84.599,23.537],[84.599,23.537],[84.598,23.537],[84.598,23.537],[84.597,23.537],[84.596,23.538],[84.597,23.538],[84.596,23.539],[84.596,23.539],[84.596,23.54],[84.596,23.54],[84.596,23.541],[84.596,23.541],[84.596,23.541],[84.596,23.542],[84.596,23.542],[84.596,23.543],[84.595,23.543],[84.595,23.543],[84.595,23.543],[84.594,23.544],[84.594,23.544],[84.594,23.544],[84.594,23.544]],[[84.594,23.544],[84.594,23.544],[84.594,23.544],[84.594,23.544],[84.594,23.544],[84.594,23.544],[84.594,23.544],[84.594,23.544],[84.595,23.543],[84.595,23.543],[84.595,23.543],[84.596,23.543],[84.596,23.543],[84.596,23.543],[84.596,23.543],[84.596,23.543],[84.596,23.543],[84.596,23.543],[84.596,23.542],[84.596,23.542],[84.596,23.542],[84.596,23.542],[84.596,23.542],[84.596,23.542],[84.596,23.542],[84.596,23.542],[84.596,23.541],[84.596,23.541],[84.596,23.541],[84.596,23.541],[84.596,23.541],[84.596,23.541],[84.596,23.541],[84.596,23.541],[84.596,23.541],[84.596,23.541],[84.596,23.54],[84.596,23.54],[84.596,23.54],[84.596,23.54],[84.596,23.539],[84.596,23.539],[84.597,23.538],[84.597,23.538],[84.597,23.538],[84.597,23.538],[84.597,23.538],[84.597,23.538],[84.597,23.538],[84.597,23.538],[84.597,23.538],[84.597,23.538],[84.597,23.538],[84.597,23.537],[84.598,23.537],[84.598,23.537],[84.598,23.537],[84.598,23.537],[84.598,23.537],[84.598,23.537],[84.598,23.537],[84.598,23.537],[84.598,23.537],[84.598,23.537],[84.598,23.537],[84.598,23.537],[84.598,23.537],[84.598,23.537],[84.598,23.537],[84.598,23.537],[84.598,23.537],[84.598,23.537],[84.598,23.537],[84.599,23.537],[84.599,23.537],[84.599,23.537],[84.599,23.537],[84.599,23.537],[84.599,23.537],[84.599,23.537],[84.599,23.537],[84.599,23.537],[84.599,23.537],[84.599,23.537],[84.599,23.537],[84.599,23.537],[84.599,23.537],[84.599,23.537],[84.6,23.536],[84.6,23.536],[84.6,23.536],[84.6,23.536],[84.6,23.536],[84.6,23.536],[84.6,23.536],[84.6,23.536],[84.6,23.536],[84.6,23.536],[84.6,23.536],[84.6,23.536],[84.6,23.536],[84.6,23.536],[84.599,23.536],[84.6,23.535],[84.6,23.535],[84.6,23.535],[84.6,23.535],[84.6,23.535],[84.6,23.535],[84.6,23.535],[84.601,23.535],[84.601,23.535],[84.601,23.535],[84.601,23.535],[84.602,23.534],[84.602,23.534],[84.602,23.534],[84.602,23.534],[84.602,23.534],[84.602,23.534],[84.602,23.533],[84.602,23.533],[84.602,23.534],[84.602,23.534],[84.603,23.535],[84.603,23.535],[84.603,23.535],[84.603,23.535],[84.603,23.535],[84.603,23.535],[84.603,23.535],[84.603,23.536],[84.603,23.537],[84.602,23.538],[84.602,23.538],[84.602,23.538],[84.602,23.538],[84.602,23.538],[84.602,23.538],[84.602,23.538],[84.602,23.538],[84.602,23.538],[84.602,23.538],[84.602,23.538],[84.602,23.539],[84.602,23.539],[84.603,23.54],[84.603,23.54],[84.603,23.54],[84.603,23.541],[84.603,23.54],[84.602,23.538],[84.602,23.536],[84.602,23.536],[84.602,23.536],[84.602,23.536],[84.602,23.536],[84.602,23.536],[84.602,23.536],[84.602,23.536],[84.602,23.536],[84.602,23.536],[84.602,23.536],[84.602,23.536],[84.602,23.536],[84.602,23.536],[84.602,23.536],[84.602,23.536],[84.602,23.536],[84.602,23.536],[84.602,23.536],[84.602,23.536],[84.602,23.536],[84.602,23.536],[84.602,23.536],[84.602,23.536],[84.602,23.536],[84.6,23.537],[84.6,23.537],[84.6,23.537],[84.6,23.537],[84.6,23.537],[84.6,23.537],[84.6,23.537],[84.6,23.537],[84.6,23.537],[84.6,23.537],[84.6,23.537],[84.6,23.537],[84.6,23.537],[84.6,23.537],[84.6,23.537],[84.6,23.537],[84.6,23.537],[84.6,23.537],[84.6,23.537],[84.6,23.537],[84.598,23.538],[84.598,23.537],[84.598,23.537],[84.598,23.537],[84.598,23.537],[84.598,23.537],[84.598,23.537],[84.598,23.537],[84.598,23.537],[84.598,23.537],[84.598,23.537],[84.598,23.537],[84.598,23.537],[84.598,23.537],[84.598,23.537],[84.597,23.538],[84.597,23.538],[84.597,23.538],[84.597,23.538],[84.597,23.538],[84.597,23.538],[84.597,23.538],[84.597,23.538],[84.597,23.538],[84.597,23.538],[84.597,23.538],[84.597,23.538],[84.596,23.539],[84.596,23.539],[84.596,23.539],[84.596,23.539],[84.596,23.539],[84.596,23.539],[84.596,23.541],[84.596,23.543],[84.594,23.544],[84.594,23.544],[84.594,23.544]],[[84.594,23.545],[84.594,23.544],[84.594,23.544],[84.594,23.544],[84.594,23.544],[84.594,23.545]],[[84.602,23.541],[84.602,23.541],[84.602,23.541],[84.602,23.541],[84.602,23.541],[84.602,23.541],[84.602,23.542],[84.602,23.542],[84.602,23.542],[84.602,23.542],[84.602,23.542],[84.602,23.542],[84.602,23.542],[84.602,23.542],[84.601,23.542],[84.599,23.542],[84.598,23.542],[84.598,23.542],[84.598,23.542],[84.598,23.542],[84.598,23.542],[84.598,23.542],[84.598,23.542],[84.597,23.542],[84.597,23.542],[84.597,23.542],[84.597,23.542],[84.597,23.542],[84.597,23.541],[84.597,23.541],[84.597,23.541],[84.597,23.541],[84.597,23.541],[84.597,23.541],[84.598,23.54],[84.598,23.54],[84.598,23.54],[84.598,23.54],[84.598,23.54],[84.598,23.54],[84.598,23.54],[84.598,23.54],[84.598,23.54],[84.598,23.539],[84.597,23.539],[84.597,23.539],[84.597,23.539],[84.597,23.538],[84.597,23.538],[84.597,23.538],[84.597,23.538],[84.597,23.538],[84.598,23.539],[84.598,23.539],[84.598,23.539],[84.598,23.539],[84.598,23.539],[84.598,23.539],[84.598,23.539],[84.599,23.539],[84.599,23.539],[84.598,23.539],[84.599,23.539],[84.598,23.538],[84.599,23.538],[84.599,23.538],[84.599,23.537],[84.6,23.537],[84.6,23.537],[84.6,23.537],[84.602,23.536],[84.602,23.538],[84.603,23.54],[84.603,23.54],[84.602,23.541],[84.602,23.541]],[[84.617,23.543],[84.617,23.543],[84.617,23.543],[84.617,23.543],[84.617,23.543],[84.617,23.543],[84.617,23.543],[84.617,23.543],[84.616,23.543],[84.616,23.543],[84.616,23.543],[84.616,23.543],[84.616,23.544],[84.616,23.544],[84.616,23.544],[84.616,23.544],[84.616,23.544],[84.616,23.544],[84.616,23.544],[84.616,23.544],[84.616,23.544],[84.616,23.544],[84.616,23.544],[84.616,23.544],[84.616,23.544],[84.616,23.544],[84.616,23.544],[84.616,23.544],[84.616,23.544],[84.616,23.544],[84.616,23.544],[84.616,23.544],[84.616,23.544],[84.616,23.544],[84.616,23.544],[84.616,23.544],[84.616,23.544],[84.615,23.544],[84.616,23.544],[84.615,23.544],[84.615,23.543],[84.615,23.543],[84.615,23.543],[84.616,23.543],[84.616,23.543],[84.616,23.543],[84.616,23.542],[84.616,23.542],[84.616,23.542],[84.617,23.542],[84.617,23.542],[84.617,23.543],[84.617,23.543],[84.617,23.543],[84.617,23.543],[84.617,23.543],[84.617,23.543]],[[84.618,23.555],[84.618,23.554],[84.618,23.554],[84.617,23.555],[84.617,23.554],[84.617,23.554],[84.617,23.553],[84.617,23.553],[84.617,23.553],[84.617,23.553],[84.617,23.553],[84.617,23.553],[84.617,23.553],[84.617,23.553],[84.617,23.552],[84.617,23.552],[84.617,23.552],[84.617,23.552],[84.617,23.552],[84.617,23.552],[84.617,23.552],[84.617,23.552],[84.617,23.552],[84.617,23.552],[84.617,23.552],[84.617,23.552],[84.617,23.552],[84.617,23.551],[84.617,23.551],[84.617,23.551],[84.617,23.551],[84.617,23.551],[84.617,23.551],[84.617,23.55],[84.617,23.55],[84.616,23.55],[84.616,23.55],[84.616,23.55],[84.616,23.551],[84.616,23.551],[84.616,23.551],[84.616,23.551],[84.616,23.551],[84.616,23.55],[84.616,23.55],[84.616,23.55],[84.616,23.55],[84.616,23.55],[84.616,23.55],[84.616,23.55],[84.616,23.55],[84.616,23.55],[84.616,23.55],[84.616,23.55],[84.616,23.55],[84.616,23.55],[84.616,23.55],[84.616,23.55],[84.616,23.55],[84.616,23.55],[84.616,23.55],[84.616,23.55],[84.616,23.55],[84.616,23.55],[84.616,23.55],[84.615,23.55],[84.615,23.55],[84.615,23.55],[84.615,23.55],[84.615,23.55],[84.615,23.55],[84.615,23.55],[84.615,23.55],[84.615,23.549],[84.615,23.549],[84.615,23.549],[84.615,23.549],[84.615,23.549],[84.615,23.548],[84.615,23.548],[84.615,23.548],[84.615,23.548],[84.615,23.548],[84.615,23.548],[84.615,23.548],[84.615,23.548],[84.615,23.548],[84.615,23.548],[84.615,23.548],[84.615,23.548],[84.615,23.548],[84.614,23.548],[84.614,23.548],[84.614,23.547],[84.614,23.547],[84.614,23.547],[84.614,23.547],[84.614,23.547],[84.614,23.547],[84.614,23.547],[84.614,23.547],[84.614,23.547],[84.614,23.547],[84.614,23.547],[84.614,23.547],[84.614,23.547],[84.614,23.547],[84.614,23.547],[84.614,23.547],[84.614,23.547],[84.614,23.547],[84.614,23.547],[84.614,23.547],[84.614,23.547],[84.614,23.547],[84.614,23.547],[84.614,23.547],[84.614,23.547],[84.614,23.547],[84.614,23.547],[84.614,23.547],[84.614,23.547],[84.614,23.547],[84.614,23.547],[84.614,23.547],[84.614,23.547],[84.614,23.547],[84.614,23.547],[84.614,23.547],[84.614,23.547],[84.614,23.547],[84.614,23.547],[84.614,23.547],[84.614,23.547],[84.614,23.547],[84.614,23.547],[84.614,23.547],[84.614,23.547],[84.614,23.546],[84.614,23.546],[84.614,23.546],[84.614,23.546],[84.614,23.546],[84.614,23.546],[84.614,23.546],[84.614,23.546],[84.614,23.546],[84.614,23.546],[84.614,23.546],[84.614,23.546],[84.614,23.546],[84.614,23.546],[84.614,23.546],[84.614,23.546],[84.614,23.546],[84.614,23.546],[84.614,23.546],[84.614,23.546],[84.614,23.546],[84.614,23.546],[84.614,23.546],[84.614,23.546],[84.615,23.546],[84.615,23.546],[84.615,23.546],[84.615,23.546],[84.615,23.546],[84.615,23.546],[84.615,23.546],[84.615,23.546],[84.616,23.546],[84.616,23.546],[84.616,23.546],[84.616,23.546],[84.616,23.546],[84.616,23.546],[84.616,23.546],[84.616,23.546],[84.616,23.546],[84.616,23.546],[84.616,23.546],[84.617,23.546],[84.617,23.546],[84.617,23.546],[84.617,23.547],[84.616,23.547],[84.616,23.547],[84.616,23.547],[84.616,23.547],[84.616,23.547],[84.617,23.547],[84.617,23.547],[84.617,23.547],[84.617,23.547],[84.617,23.548],[84.617,23.548],[84.617,23.548],[84.617,23.548],[84.618,23.549],[84.618,23.549],[84.617,23.549],[84.617,23.549],[84.617,23.549],[84.617,23.549],[84.617,23.549],[84.617,23.549],[84.617,23.549],[84.617,23.549],[84.617,23.549],[84.617,23.549],[84.617,23.549],[84.616,23.549],[84.616,23.549],[84.616,23.549],[84.616,23.549],[84.616,23.549],[84.616,23.549],[84.616,23.549],[84.616,23.549],[84.616,23.549],[84.616,23.55],[84.617,23.55],[84.616,23.55],[84.616,23.55],[84.616,23.55],[84.617,23.55],[84.617,23.55],[84.617,23.55],[84.617,23.55],[84.617,23.55],[84.617,23.55],[84.617,23.55],[84.617,23.55],[84.617,23.55],[84.617,23.55],[84.617,23.55],[84.617,23.55],[84.618,23.55],[84.618,23.55],[84.618,23.55],[84.618,23.551],[84.618,23.551],[84.618,23.551],[84.618,23.551],[84.619,23.551],[84.619,23.551],[84.619,23.551],[84.619,23.551],[84.62,23.551],[84.62,23.551],[84.62,23.552],[84.62,23.552],[84.62,23.552],[84.62,23.552],[84.62,23.552],[84.62,23.552],[84.62,23.552],[84.62,23.553],[84.62,23.553],[84.62,23.553],[84.62,23.553],[84.62,23.553],[84.62,23.553],[84.62,23.553],[84.62,23.553],[84.62,23.553],[84.62,23.553],[84.62,23.553],[84.62,23.554],[84.62,23.554],[84.62,23.554],[84.62,23.554],[84.62,23.554],[84.62,23.554],[84.62,23.554],[84.62,23.554],[84.62,23.554],[84.62,23.554],[84.62,23.554],[84.62,23.554],[84.62,23.554],[84.62,23.554],[84.62,23.554],[84.62,23.554],[84.62,23.554],[84.62,23.554],[84.62,23.554],[84.62,23.554],[84.62,23.555],[84.62,23.555],[84.62,23.555],[84.62,23.555],[84.62,23.555],[84.62,23.555],[84.62,23.555],[84.62,23.555],[84.62,23.555],[84.62,23.555],[84.62,23.555],[84.62,23.555],[84.62,23.555],[84.62,23.555],[84.62,23.555],[84.62,23.555],[84.62,23.555],[84.62,23.555],[84.62,23.555],[84.62,23.555],[84.62,23.555],[84.62,23.555],[84.62,23.555],[84.62,23.555],[84.62,23.555],[84.619,23.555],[84.619,23.555],[84.619,23.555],[84.619,23.555],[84.619,23.555],[84.619,23.555],[84.619,23.555],[84.619,23.555],[84.619,23.555],[84.619,23.554],[84.619,23.554],[84.618,23.555]],[[84.616,23.558],[84.615,23.559],[84.615,23.558],[84.615,23.558],[84.615,23.558],[84.615,23.558],[84.616,23.558]],[[84.625,23.554],[84.625,23.554],[84.625,23.554],[84.625,23.554],[84.625,23.554],[84.625,23.554],[84.624,23.554],[84.625,23.554],[84.625,23.554],[84.625,23.555],[84.625,23.555],[84.625,23.555],[84.624,23.555],[84.624,23.555],[84.623,23.556],[84.623,23.556],[84.623,23.556],[84.623,23.556],[84.623,23.556],[84.623,23.556],[84.623,23.556],[84.622,23.556],[84.622,23.556],[84.622,23.556],[84.622,23.556],[84.622,23.556],[84.622,23.556],[84.622,23.556],[84.622,23.557],[84.622,23.557],[84.622,23.557],[84.622,23.557],[84.623,23.557],[84.623,23.557],[84.623,23.557],[84.623,23.557],[84.623,23.557],[84.623,23.557],[84.623,23.557],[84.623,23.557],[84.623,23.557],[84.623,23.556],[84.623,23.556],[84.623,23.556],[84.624,23.556],[84.624,23.556],[84.624,23.556],[84.624,23.557],[84.624,23.557],[84.624,23.557],[84.624,23.557],[84.624,23.557],[84.624,23.557],[84.624,23.556],[84.625,23.556],[84.625,23.556],[84.625,23.556],[84.625,23.556],[84.625,23.555],[84.625,23.555],[84.625,23.555],[84.625,23.555],[84.625,23.555],[84.625,23.554],[84.625,23.554]],[[84.625,23.562],[84.625,23.562],[84.625,23.562],[84.625,23.562],[84.625,23.562],[84.625,23.562],[84.625,23.562],[84.625,23.561],[84.625,23.561],[84.625,23.561],[84.625,23.561],[84.625,23.561],[84.625,23.561],[84.625,23.562],[84.625,23.562],[84.625,23.562]],[[84.626,23.562],[84.625,23.562],[84.625,23.562],[84.625,23.562],[84.625,23.562],[84.625,23.562],[84.625,23.562],[84.625,23.562],[84.625,23.562],[84.625,23.563],[84.625,23.563],[84.625,23.563],[84.625,23.563],[84.625,23.563],[84.626,23.563],[84.626,23.563],[84.626,23.563],[84.626,23.563],[84.626,23.563],[84.626,23.563],[84.626,23.563],[84.626,23.563],[84.626,23.563],[84.626,23.563],[84.626,23.563],[84.626,23.563],[84.626,23.563],[84.626,23.562],[84.626,23.562],[84.626,23.562],[84.626,23.562],[84.626,23.562],[84.626,23.562],[84.626,23.562],[84.626,23.562],[84.626,23.562]],[[84.626,23.563],[84.626,23.563],[84.627,23.564],[84.627,23.564],[84.627,23.564],[84.627,23.564],[84.627,23.564],[84.627,23.563],[84.627,23.563],[84.627,23.563],[84.627,23.563],[84.627,23.563],[84.628,23.563],[84.628,23.563],[84.628,23.562],[84.628,23.562],[84.627,23.562],[84.627,23.562],[84.626,23.562],[84.626,23.562],[84.626,23.562],[84.626,23.563],[84.626,23.563]],[[84.624,23.562],[84.624,23.562],[84.624,23.562],[84.624,23.562],[84.624,23.562],[84.624,23.562],[84.624,23.562],[84.624,23.562],[84.623,23.562],[84.623,23.562],[84.623,23.562],[84.623,23.562],[84.623,23.562],[84.623,23.562],[84.623,23.562],[84.623,23.562],[84.623,23.561],[84.623,23.561],[84.623,23.561],[84.623,23.561],[84.622,23.561],[84.622,23.561],[84.622,23.561],[84.622,23.561],[84.622,23.561],[84.622,23.561],[84.622,23.561],[84.622,23.562],[84.622,23.562],[84.622,23.562],[84.621,23.562],[84.621,23.562],[84.621,23.562],[84.622,23.563],[84.622,23.563],[84.622,23.564],[84.622,23.564],[84.622,23.564],[84.623,23.565],[84.623,23.565],[84.623,23.565],[84.623,23.565],[84.623,23.565],[84.624,23.565],[84.624,23.566],[84.624,23.566],[84.625,23.566],[84.625,23.566],[84.625,23.566],[84.625,23.566],[84.625,23.566],[84.625,23.566],[84.625,23.566],[84.625,23.566],[84.625,23.566],[84.625,23.566],[84.625,23.566],[84.625,23.566],[84.625,23.566],[84.625,23.566],[84.625,23.566],[84.625,23.566],[84.625,23.565],[84.624,23.565],[84.624,23.565],[84.624,23.565],[84.624,23.565],[84.624,23.564],[84.624,23.564],[84.624,23.564],[84.624,23.564],[84.624,23.564],[84.624,23.564],[84.624,23.564],[84.624,23.564],[84.625,23.563],[84.625,23.563],[84.625,23.563],[84.625,23.563],[84.624,23.563],[84.624,23.563],[84.624,23.563],[84.624,23.562],[84.624,23.562],[84.624,23.562]],[[84.625,23.553],[84.625,23.553],[84.625,23.553],[84.625,23.553],[84.625,23.553],[84.625,23.553],[84.625,23.553],[84.625,23.553],[84.625,23.553]],[[84.623,23.554],[84.622,23.554],[84.622,23.554],[84.622,23.554],[84.622,23.554],[84.622,23.553],[84.622,23.553],[84.622,23.553],[84.622,23.553],[84.622,23.554],[84.622,23.553],[84.622,23.554],[84.621,23.554],[84.621,23.554],[84.621,23.555],[84.621,23.555],[84.621,23.555],[84.622,23.555],[84.622,23.555],[84.622,23.555],[84.622,23.555],[84.622,23.555],[84.622,23.555],[84.622,23.555],[84.622,23.555],[84.622,23.555],[84.622,23.555],[84.622,23.555],[84.622,23.555],[84.622,23.555],[84.622,23.555],[84.622,23.555],[84.622,23.555],[84.622,23.555],[84.622,23.555],[84.622,23.555],[84.622,23.555],[84.623,23.555],[84.623,23.555],[84.623,23.555],[84.623,23.555],[84.623,23.555],[84.623,23.555],[84.623,23.555],[84.623,23.555],[84.623,23.555],[84.623,23.555],[84.623,23.555],[84.623,23.555],[84.623,23.555],[84.623,23.555],[84.623,23.555],[84.623,23.555],[84.623,23.555],[84.623,23.555],[84.623,23.555],[84.623,23.555],[84.623,23.554],[84.623,23.554],[84.623,23.554],[84.623,23.554],[84.623,23.554],[84.623,23.554]],[[84.616,23.555],[84.616,23.554],[84.616,23.555],[84.615,23.554],[84.615,23.554],[84.615,23.554],[84.615,23.554],[84.615,23.554],[84.615,23.554],[84.615,23.554],[84.615,23.554],[84.615,23.554],[84.614,23.554],[84.614,23.554],[84.614,23.555],[84.614,23.555],[84.614,23.555],[84.613,23.555],[84.613,23.555],[84.613,23.555],[84.614,23.556],[84.614,23.556],[84.614,23.556],[84.614,23.556],[84.614,23.556],[84.613,23.557],[84.613,23.557],[84.613,23.557],[84.613,23.557],[84.613,23.558],[84.613,23.558],[84.613,23.558],[84.614,23.558],[84.615,23.558],[84.615,23.558],[84.615,23.558],[84.616,23.558],[84.616,23.557],[84.615,23.557],[84.615,23.557],[84.615,23.557],[84.615,23.557],[84.614,23.557],[84.614,23.557],[84.614,23.557],[84.614,23.557],[84.614,23.557],[84.614,23.557],[84.614,23.557],[84.615,23.556],[84.615,23.556],[84.615,23.556],[84.615,23.556],[84.615,23.556],[84.616,23.555],[84.616,23.555],[84.616,23.555],[84.616,23.555],[84.616,23.555],[84.616,23.555],[84.616,23.555],[84.616,23.555],[84.616,23.555]],[[84.618,23.558],[84.618,23.558],[84.618,23.558],[84.618,23.558],[84.618,23.558],[84.618,23.558],[84.617,23.558],[84.617,23.559],[84.617,23.559],[84.617,23.559],[84.617,23.559],[84.617,23.559],[84.617,23.56],[84.618,23.56],[84.618,23.56],[84.618,23.56],[84.618,23.56],[84.618,23.559],[84.619,23.559],[84.619,23.559],[84.619,23.559],[84.619,23.559],[84.619,23.559],[84.619,23.559],[84.619,23.559],[84.619,23.558],[84.619,23.558],[84.619,23.558],[84.618,23.558],[84.618,23.558],[84.618,23.558]],[[84.623,23.558],[84.623,23.558],[84.623,23.558],[84.623,23.559],[84.623,23.559],[84.622,23.559],[84.622,23.559],[84.622,23.559],[84.622,23.559],[84.622,23.559],[84.622,23.559],[84.622,23.559],[84.622,23.559],[84.622,23.559],[84.622,23.559],[84.622,23.559],[84.622,23.56],[84.622,23.559],[84.622,23.559],[84.623,23.559],[84.623,23.559],[84.623,23.559],[84.623,23.559],[84.623,23.559],[84.623,23.559],[84.623,23.559],[84.623,23.558],[84.623,23.558]],[[84.613,23.558],[84.613,23.558],[84.613,23.558],[84.613,23.558],[84.613,23.558],[84.613,23.558],[84.612,23.558],[84.612,23.559],[84.613,23.56],[84.613,23.56],[84.613,23.56],[84.613,23.56],[84.613,23.56],[84.614,23.56],[84.614,23.56],[84.614,23.56],[84.614,23.561],[84.614,23.561],[84.614,23.561],[84.614,23.561],[84.614,23.561],[84.614,23.561],[84.614,23.561],[84.614,23.56],[84.614,23.56],[84.614,23.56],[84.614,23.56],[84.614,23.56],[84.614,23.56],[84.614,23.56],[84.614,23.56],[84.614,23.56],[84.614,23.56],[84.614,23.56],[84.614,23.56],[84.614,23.56],[84.614,23.56],[84.614,23.56],[84.614,23.56],[84.614,23.56],[84.614,23.56],[84.614,23.56],[84.614,23.56],[84.614,23.56],[84.614,23.56],[84.614,23.56],[84.614,23.56],[84.614,23.56],[84.614,23.56],[84.614,23.56],[84.614,23.56],[84.614,23.56],[84.614,23.56],[84.614,23.56],[84.614,23.56],[84.615,23.56],[84.615,23.56],[84.615,23.56],[84.615,23.56],[84.615,23.56],[84.615,23.559],[84.614,23.559],[84.614,23.559],[84.614,23.559],[84.614,23.558],[84.615,23.558],[84.614,23.558],[84.614,23.558],[84.614,23.558],[84.613,23.558],[84.613,23.558],[84.613,23.558]],[[84.62,23.561],[84.62,23.561],[84.62,23.561],[84.62,23.561],[84.62,23.561],[84.62,23.561],[84.62,23.561],[84.621,23.561],[84.621,23.561],[84.621,23.561],[84.621,23.561],[84.621,23.561],[84.621,23.56],[84.621,23.56],[84.62,23.56],[84.62,23.56],[84.62,23.56],[84.62,23.561],[84.62,23.561],[84.62,23.561],[84.62,23.561]],[[84.626,23.553],[84.626,23.553],[84.626,23.553],[84.626,23.553],[84.626,23.553],[84.626,23.553],[84.626,23.553],[84.626,23.553],[84.626,23.553],[84.626,23.553]],[[84.615,23.554],[84.615,23.554],[84.615,23.554],[84.616,23.554],[84.616,23.554],[84.616,23.554],[84.616,23.554],[84.616,23.554],[84.616,23.554],[84.616,23.554],[84.617,23.555],[84.617,23.555],[84.617,23.555],[84.617,23.555],[84.617,23.555],[84.617,23.554],[84.617,23.554],[84.617,23.554],[84.617,23.554],[84.617,23.553],[84.617,23.553],[84.616,23.553],[84.616,23.553],[84.615,23.553],[84.615,23.554]],[[84.618,23.56],[84.618,23.56],[84.618,23.56],[84.618,23.56],[84.618,23.56],[84.618,23.56],[84.619,23.56],[84.619,23.56],[84.619,23.56],[84.619,23.56],[84.619,23.56],[84.619,23.559],[84.618,23.56]],[[84.625,23.566],[84.625,23.566],[84.626,23.565],[84.626,23.565],[84.626,23.565],[84.626,23.565],[84.625,23.565],[84.625,23.565],[84.625,23.565],[84.625,23.565],[84.625,23.564],[84.625,23.564],[84.625,23.564],[84.625,23.564],[84.625,23.563],[84.624,23.564],[84.624,23.564],[84.624,23.564],[84.624,23.564],[84.624,23.564],[84.624,23.564],[84.624,23.565],[84.624,23.565],[84.624,23.565],[84.625,23.565],[84.625,23.565],[84.625,23.566]],[[84.618,23.56],[84.618,23.56],[84.618,23.56],[84.618,23.56],[84.618,23.56],[84.618,23.56],[84.619,23.56],[84.619,23.56],[84.619,23.56],[84.619,23.56],[84.619,23.56],[84.619,23.559],[84.618,23.56]],[[84.62,23.56],[84.62,23.56],[84.62,23.56],[84.621,23.56],[84.621,23.561],[84.621,23.561],[84.621,23.561],[84.621,23.561],[84.621,23.561],[84.621,23.561],[84.621,23.561],[84.621,23.561],[84.621,23.561],[84.621,23.561],[84.621,23.56],[84.621,23.56],[84.621,23.56],[84.621,23.56],[84.621,23.56],[84.621,23.56],[84.621,23.56],[84.621,23.56],[84.621,23.56],[84.621,23.56],[84.62,23.56]],[[84.625,23.566],[84.625,23.566],[84.626,23.565],[84.626,23.565],[84.626,23.565],[84.626,23.565],[84.625,23.565],[84.625,23.565],[84.625,23.565],[84.625,23.565],[84.625,23.564],[84.625,23.564],[84.625,23.564],[84.625,23.564],[84.625,23.563],[84.624,23.564],[84.624,23.564],[84.624,23.564],[84.624,23.564],[84.624,23.564],[84.624,23.564],[84.624,23.565],[84.624,23.565],[84.624,23.565],[84.625,23.565],[84.625,23.565],[84.625,23.566]],[[84.602,23.534],[84.602,23.534],[84.602,23.534],[84.602,23.534],[84.602,23.534],[84.602,23.534],[84.602,23.534],[84.601,23.535],[84.601,23.535],[84.601,23.535],[84.601,23.535],[84.601,23.535],[84.601,23.535],[84.601,23.535],[84.601,23.535],[84.601,23.535],[84.601,23.535],[84.601,23.535],[84.6,23.535],[84.6,23.535],[84.6,23.535],[84.6,23.535],[84.6,23.535],[84.6,23.535],[84.6,23.535],[84.6,23.536],[84.6,23.536],[84.6,23.536],[84.6,23.536],[84.6,23.536],[84.6,23.536],[84.6,23.536],[84.6,23.536],[84.6,23.536],[84.599,23.536],[84.599,23.536],[84.6,23.536],[84.6,23.536],[84.6,23.536],[84.6,23.536],[84.6,23.536],[84.6,23.536],[84.6,23.536],[84.6,23.536],[84.6,23.536],[84.6,23.536],[84.6,23.536],[84.6,23.536],[84.6,23.536],[84.6,23.536],[84.6,23.536],[84.6,23.536],[84.6,23.536],[84.6,23.536],[84.6,23.536],[84.6,23.536],[84.6,23.536],[84.599,23.536],[84.599,23.537],[84.599,23.537],[84.599,23.537],[84.599,23.537],[84.599,23.537],[84.599,23.537],[84.599,23.537],[84.599,23.537],[84.599,23.537],[84.6,23.537],[84.6,23.537],[84.6,23.537],[84.602,23.535],[84.602,23.535],[84.602,23.536],[84.602,23.537],[84.602,23.537],[84.602,23.537],[84.602,23.537],[84.602,23.537],[84.602,23.537],[84.602,23.537],[84.602,23.537],[84.602,23.537],[84.602,23.537],[84.602,23.537],[84.602,23.537],[84.602,23.537],[84.602,23.537],[84.602,23.537],[84.602,23.538],[84.602,23.538],[84.602,23.538],[84.602,23.538],[84.602,23.538],[84.602,23.538],[84.602,23.538],[84.602,23.538],[84.602,23.538],[84.602,23.538],[84.602,23.538],[84.602,23.538],[84.602,23.538],[84.602,23.538],[84.602,23.538],[84.602,23.538],[84.603,23.537],[84.603,23.536],[84.603,23.535],[84.603,23.535],[84.602,23.534],[84.602,23.534],[84.602,23.534],[84.602,23.534]],[[84.596,23.54],[84.596,23.539],[84.596,23.539],[84.596,23.539],[84.596,23.539],[84.596,23.539],[84.596,23.539],[84.596,23.539],[84.596,23.539],[84.596,23.539],[84.596,23.539],[84.596,23.539],[84.596,23.539],[84.596,23.54],[84.596,23.54],[84.596,23.54],[84.596,23.54],[84.596,23.54],[84.596,23.54],[84.596,23.54],[84.596,23.54],[84.596,23.54],[84.596,23.54],[84.596,23.54],[84.596,23.54],[84.596,23.54],[84.596,23.54],[84.596,23.54],[84.596,23.54],[84.596,23.54],[84.596,23.54]],[[84.603,23.54],[84.603,23.54],[84.603,23.54],[84.603,23.54],[84.603,23.54],[84.603,23.54],[84.603,23.54],[84.603,23.54],[84.603,23.54],[84.603,23.54],[84.603,23.54],[84.603,23.54],[84.603,23.54],[84.603,23.54],[84.603,23.541],[84.603,23.54],[84.603,23.54]],[[84.596,23.541],[84.596,23.541],[84.596,23.541],[84.596,23.541],[84.596,23.541],[84.596,23.541],[84.596,23.541],[84.596,23.541],[84.596,23.541],[84.596,23.541],[84.596,23.541],[84.596,23.541],[84.596,23.541]],[[84.62,23.552],[84.62,23.552],[84.62,23.552],[84.62,23.552],[84.62,23.552],[84.62,23.552],[84.62,23.552],[84.62,23.552],[84.62,23.552],[84.62,23.552],[84.62,23.552],[84.62,23.552],[84.62,23.552],[84.62,23.552],[84.62,23.552],[84.62,23.552],[84.62,23.552],[84.62,23.552],[84.62,23.552],[84.62,23.552],[84.62,23.552],[84.62,23.552],[84.62,23.552],[84.62,23.552],[84.62,23.552],[84.62,23.552],[84.62,23.552],[84.62,23.552],[84.62,23.552],[84.62,23.552],[84.62,23.552],[84.62,23.552],[84.62,23.552],[84.62,23.552],[84.62,23.552],[84.62,23.552],[84.62,23.552],[84.62,23.552],[84.62,23.552],[84.62,23.552],[84.62,23.552],[84.62,23.552],[84.62,23.552],[84.62,23.552],[84.62,23.552],[84.62,23.552],[84.62,23.552],[84.62,23.552],[84.619,23.552],[84.619,23.552],[84.619,23.552],[84.619,23.552],[84.619,23.552],[84.619,23.552],[84.619,23.552],[84.619,23.552],[84.619,23.552],[84.619,23.552],[84.619,23.552],[84.619,23.552],[84.619,23.552],[84.619,23.552],[84.619,23.552],[84.619,23.552],[84.619,23.552],[84.619,23.552],[84.619,23.552],[84.619,23.552],[84.619,23.552],[84.619,23.552],[84.619,23.552],[84.619,23.552],[84.619,23.552],[84.619,23.552],[84.619,23.552],[84.619,23.552],[84.619,23.552],[84.619,23.552],[84.619,23.552],[84.619,23.552],[84.619,23.552],[84.619,23.552],[84.619,23.552],[84.619,23.552],[84.619,23.552],[84.619,23.552],[84.619,23.552],[84.619,23.552],[84.619,23.552],[84.619,23.552],[84.619,23.552],[84.619,23.552],[84.619,23.552],[84.619,23.552],[84.619,23.552],[84.619,23.552],[84.619,23.552],[84.619,23.552],[84.619,23.552],[84.619,23.552],[84.619,23.552],[84.619,23.552],[84.619,23.552],[84.619,23.551],[84.62,23.551],[84.62,23.552]],[[84.619,23.552],[84.618,23.551],[84.619,23.55],[84.619,23.551],[84.62,23.551],[84.619,23.552]]],"objects":{"Lease Boundaries (outline only)":{"type":"GeometryCollection","geometries":[{"type":"Polygon","arcs":[[0]],"properties":{"name":"Pakhar 15.58 Ha","_styleUrl":"#leaseLine0"},"id":0},{"type":"Polygon","arcs":[[1]],"properties":{"name":"Pakhar 109.507 Ha","_styleUrl":"#leaseLine0"},"id":1},{"type":"Polygon","arcs":[[2]],"properties":{"name":"Pakhar 115.13 Ha - Block A","_styleUrl":"#leaseLine0"},"id":2},{"type":"Polygon","arcs":[[3]],"properties":{"name":"Pakhar 115.13 Ha - Block B","_styleUrl":"#leaseLine0"},"id":3}]},"Pakhar 15.58 Ha - 121 pillars":{"type":"GeometryCollection","geometries":[{"type":"Point","coordinates":[84.60198989,23.53311211],"properties":{"name":"BP1","description":"<table border=\"1\" cellpadding=\"4\" cellspacing=\"0\" style=\"border-collapse:collapse;font-family:Arial;font-size:12px\"><tr><th align=\"left\">Parameter</th><th align=\"left\">Value</th></tr><tr><td>Pillar</td><td>BP1</td></tr><tr><td>Lease</td><td>Pakhar 15.58 Ha</td></tr><tr><td>Latitude</td><td>23.53311211</td></tr><tr><td>Longitude</td><td>84.60198989</td></tr><tr><td>Easting (m)</td><td>255174.933</td></tr><tr><td>Northing (m)</td><td>2604583.576</td></tr><tr><td>Zone / Datum</td><td>UTM 45N / WGS84</td></tr></table>","_styleUrl":"#pillar0"},"id":0},{"type":"Point","coordinates":[84.60183686,23.53354079],"properties":{"name":"BP2","description":"<table border=\"1\" cellpadding=\"4\" cellspacing=\"0\" style=\"border-collapse:collapse;font-family:Arial;font-size:12px\"><tr><th align=\"left\">Parameter</th><th align=\"left\">Value</th></tr><tr><td>Pillar</td><td>BP2</td></tr><tr><td>Lease</td><td>Pakhar 15.58 Ha</td></tr><tr><td>Latitude</td><td>23.53354079</td></tr><tr><td>Longitude</td><td>84.60183686</td></tr><tr><td>Easting (m)</td><td>255160.098</td></tr><tr><td>Northing (m)</td><td>2604631.324</td></tr><tr><td>Zone / Datum</td><td>UTM 45N / WGS84</td></tr></table>","_styleUrl":"#pillar0"},"id":1},{"type":"Point","coordinates":[84.60168687,23.5339704],"properties":{"name":"BP3","description":"<table border=\"1\" cellpadding=\"4\" cellspacing=\"0\" style=\"border-collapse:collapse;font-family:Arial;font-size:12px\"><tr><th align=\"left\">Parameter</th><th align=\"left\">Value</th></tr><tr><td>Pillar</td><td>BP3</td></tr><tr><td>Lease</td><td>Pakhar 15.58 Ha</td></tr><tr><td>Latitude</td><td>23.53397040</td></tr><tr><td>Longitude</td><td>84.60168687</td></tr><tr><td>Easting (m)</td><td>255145.574</td></tr><tr><td>Northing (m)</td><td>2604679.169</td></tr><tr><td>Zone / Datum</td><td>UTM 45N / WGS84</td></tr></table>","_styleUrl":"#pillar0"},"id":2},{"type":"Point","coordinates":[84.60153065,23.53441844],"properties":{"name":"BP4","description":"<table border=\"1\" cellpadding=\"4\" cellspacing=\"0\" style=\"border-collapse:collapse;font-family:Arial;font-size:12px\"><tr><th align=\"left\">Parameter</th><th align=\"left\">Value</th></tr><tr><td>Pillar</td><td>BP4</td></tr><tr><td>Lease</td><td>Pakhar 15.58 Ha</td></tr><tr><td>Latitude</td><td>23.53441844</td></tr><tr><td>Longitude</td><td>84.60153065</td></tr><tr><td>Easting (m)</td><td>255130.449</td></tr><tr><td>Northing (m)</td><td>2604729.067</td></tr><tr><td>Zone / Datum</td><td>UTM 45N / WGS84</td></tr></table>","_styleUrl":"#pillar0"},"id":3},{"type":"Point","coordinates":[84.60127961,23.53469326],"properties":{"name":"BP5","description":"<table border=\"1\" cellpadding=\"4\" cellspacing=\"0\" style=\"border-collapse:collapse;font-family:Arial;font-size:12px\"><tr><th align=\"left\">Parameter</th><th align=\"left\">Value</th></tr><tr><td>Pillar</td><td>BP5</td></tr><tr><td>Lease</td><td>Pakhar 15.58 Ha</td></tr><tr><td>Latitude</td><td>23.53469326</td></tr><tr><td>Longitude</td><td>84.60127961</td></tr><tr><td>Easting (m)</td><td>255105.318</td></tr><tr><td>Northing (m)</td><td>2604759.939</td></tr><tr><td>Zone / Datum</td><td>UTM 45N / WGS84</td></tr></table>","_styleUrl":"#pillar0"},"id":4},{"type":"Point","coordinates":[84.60089473,23.53497209],"properties":{"name":"BP6","description":"<table border=\"1\" cellpadding=\"4\" cellspacing=\"0\" style=\"border-collapse:collapse;font-family:Arial;font-size:12px\"><tr><th align=\"left\">Parameter</th><th align=\"left\">Value</th></tr><tr><td>Pillar</td><td>BP6</td></tr><tr><td>Lease</td><td>Pakhar 15.58 Ha</td></tr><tr><td>Latitude</td><td>23.53497209</td></tr><tr><td>Longitude</td><td>84.60089473</td></tr><tr><td>Easting (m)</td><td>255066.525</td></tr><tr><td>Northing (m)</td><td>2604791.484</td></tr><tr><td>Zone / Datum</td><td>UTM 45N / WGS84</td></tr></table>","_styleUrl":"#pillar0"},"id":5},{"type":"Point","coordinates":[84.60051097,23.53525224],"properties":{"name":"BP7","description":"<table border=\"1\" cellpadding=\"4\" cellspacing=\"0\" style=\"border-collapse:collapse;font-family:Arial;font-size:12px\"><tr><th align=\"left\">Parameter</th><th align=\"left\">Value</th></tr><tr><td>Pillar</td><td>BP7</td></tr><tr><td>Lease</td><td>Pakhar 15.58 Ha</td></tr><tr><td>Latitude</td><td>23.53525224</td></tr><tr><td>Longitude</td><td>84.60051097</td></tr><tr><td>Easting (m)</td><td>255027.849</td></tr><tr><td>Northing (m)</td><td>2604823.173</td></tr><tr><td>Zone / Datum</td><td>UTM 45N / WGS84</td></tr></table>","_styleUrl":"#pillar0"},"id":6},{"type":"Point","coordinates":[84.60027192,23.53542733],"properties":{"name":"BP8","description":"<table border=\"1\" cellpadding=\"4\" cellspacing=\"0\" style=\"border-collapse:collapse;font-family:Arial;font-size:12px\"><tr><th align=\"left\">Parameter</th><th align=\"left\">Value</th></tr><tr><td>Pillar</td><td>BP8</td></tr><tr><td>Lease</td><td>Pakhar 15.58 Ha</td></tr><tr><td>Latitude</td><td>23.53542733</td></tr><tr><td>Longitude</td><td>84.60027192</td></tr><tr><td>Easting (m)</td><td>255003.758</td></tr><tr><td>Northing (m)</td><td>2604842.976</td></tr><tr><td>Zone / Datum</td><td>UTM 45N / WGS84</td></tr></table>","_styleUrl":"#pillar0"},"id":7},{"type":"Point","coordinates":[84.59978458,23.53546964],"properties":{"name":"BP9","description":"<table border=\"1\" cellpadding=\"4\" cellspacing=\"0\" style=\"border-collapse:collapse;font-family:Arial;font-size:12px\"><tr><th align=\"left\">Parameter</th><th align=\"left\">Value</th></tr><tr><td>Pillar</td><td>BP9</td></tr><tr><td>Lease</td><td>Pakhar 15.58 Ha</td></tr><tr><td>Latitude</td><td>23.53546964</td></tr><tr><td>Longitude</td><td>84.59978458</td></tr><tr><td>Easting (m)</td><td>254954.063</td></tr><tr><td>Northing (m)</td><td>2604848.496</td></tr><tr><td>Zone / Datum</td><td>UTM 45N / WGS84</td></tr></table>","_styleUrl":"#pillar0"},"id":8},{"type":"Point","coordinates":[84.59929726,23.53551194],"properties":{"name":"BP10","description":"<table border=\"1\" cellpadding=\"4\" cellspacing=\"0\" style=\"border-collapse:collapse;font-family:Arial;font-size:12px\"><tr><th align=\"left\">Parameter</th><th align=\"left\">Value</th></tr><tr><td>Pillar</td><td>BP10</td></tr><tr><td>Lease</td><td>Pakhar 15.58 Ha</td></tr><tr><td>Latitude</td><td>23.53551194</td></tr><tr><td>Longitude</td><td>84.59929726</td></tr><tr><td>Easting (m)</td><td>254904.369</td></tr><tr><td>Northing (m)</td><td>2604854.015</td></tr><tr><td>Zone / Datum</td><td>UTM 45N / WGS84</td></tr></table>","_styleUrl":"#pillar0"},"id":9},{"type":"Point","coordinates":[84.59895489,23.53554166],"properties":{"name":"BP11","description":"<table border=\"1\" cellpadding=\"4\" cellspacing=\"0\" style=\"border-collapse:collapse;font-family:Arial;font-size:12px\"><tr><th align=\"left\">Parameter</th><th align=\"left\">Value</th></tr><tr><td>Pillar</td><td>BP11</td></tr><tr><td>Lease</td><td>Pakhar 15.58 Ha</td></tr><tr><td>Latitude</td><td>23.53554166</td></tr><tr><td>Longitude</td><td>84.59895489</td></tr><tr><td>Easting (m)</td><td>254869.456</td></tr><tr><td>Northing (m)</td><td>2604857.893</td></tr><tr><td>Zone / Datum</td><td>UTM 45N / WGS84</td></tr></table>","_styleUrl":"#pillar0"},"id":10},{"type":"Point","coordinates":[84.59923109,23.53591425],"properties":{"name":"BP12","description":"<table border=\"1\" cellpadding=\"4\" cellspacing=\"0\" style=\"border-collapse:collapse;font-family:Arial;font-size:12px\"><tr><th align=\"left\">Parameter</th><th align=\"left\">Value</th></tr><tr><td>Pillar</td><td>BP12</td></tr><tr><td>Lease</td><td>Pakhar 15.58 Ha</td></tr><tr><td>Latitude</td><td>23.53591425</td></tr><tr><td>Longitude</td><td>84.59923109</td></tr><tr><td>Easting (m)</td><td>254898.357</td></tr><tr><td>Northing (m)</td><td>2604898.694</td></tr><tr><td>Zone / Datum</td><td>UTM 45N / WGS84</td></tr></table>","_styleUrl":"#pillar0"},"id":11},{"type":"Point","coordinates":[84.59945576,23.53621731],"properties":{"name":"BP13","description":"<table border=\"1\" cellpadding=\"4\" cellspacing=\"0\" style=\"border-collapse:collapse;font-family:Arial;font-size:12px\"><tr><th align=\"left\">Parameter</th><th align=\"left\">Value</th></tr><tr><td>Pillar</td><td>BP13</td></tr><tr><td>Lease</td><td>Pakhar 15.58 Ha</td></tr><tr><td>Latitude</td><td>23.53621731</td></tr><tr><td>Longitude</td><td>84.59945576</td></tr><tr><td>Easting (m)</td><td>254921.865</td></tr><tr><td>Northing (m)</td><td>2604931.881</td></tr><tr><td>Zone / Datum</td><td>UTM 45N / WGS84</td></tr></table>","_styleUrl":"#pillar0"},"id":12},{"type":"Point","coordinates":[84.59914585,23.53656664],"properties":{"name":"BP14","description":"<table border=\"1\" cellpadding=\"4\" cellspacing=\"0\" style=\"border-collapse:collapse;font-family:Arial;font-size:12px\"><tr><th align=\"left\">Parameter</th><th align=\"left\">Value</th></tr><tr><td>Pillar</td><td>BP14</td></tr><tr><td>Lease</td><td>Pakhar 15.58 Ha</td></tr><tr><td>Latitude</td><td>23.53656664</td></tr><tr><td>Longitude</td><td>84.59914585</td></tr><tr><td>Easting (m)</td><td>254890.861</td></tr><tr><td>Northing (m)</td><td>2604971.108</td></tr><tr><td>Zone / Datum</td><td>UTM 45N / WGS84</td></tr></table>","_styleUrl":"#pillar0"},"id":13},{"type":"Point","coordinates":[84.59898534,23.53674758],"properties":{"name":"BP15","description":"<table border=\"1\" cellpadding=\"4\" cellspacing=\"0\" style=\"border-collapse:collapse;font-family:Arial;font-size:12px\"><tr><th align=\"left\">Parameter</th><th align=\"left\">Value</th></tr><tr><td>Pillar</td><td>BP15</td></tr><tr><td>Lease</td><td>Pakhar 15.58 Ha</td></tr><tr><td>Latitude</td><td>23.53674758</td></tr><tr><td>Longitude</td><td>84.59898534</td></tr><tr><td>Easting (m)</td><td>254874.803</td></tr><tr><td>Northing (m)</td><td>2604991.425</td></tr><tr><td>Zone / Datum</td><td>UTM 45N / WGS84</td></tr></table>","_styleUrl":"#pillar0"},"id":14},{"type":"Point","coordinates":[84.59906529,23.53705405],"properties":{"name":"BP16","description":"<table border=\"1\" cellpadding=\"4\" cellspacing=\"0\" style=\"border-collapse:collapse;font-family:Arial;font-size:12px\"><tr><th align=\"left\">Parameter</th><th align=\"left\">Value</th></tr><tr><td>Pillar</td><td>BP16</td></tr><tr><td>Lease</td><td>Pakhar 15.58 Ha</td></tr><tr><td>Latitude</td><td>23.53705405</td></tr><tr><td>Longitude</td><td>84.59906529</td></tr><tr><td>Easting (m)</td><td>254883.537</td></tr><tr><td>Northing (m)</td><td>2605025.237</td></tr><tr><td>Zone / Datum</td><td>UTM 45N / WGS84</td></tr></table>","_styleUrl":"#pillar0"},"id":15},{"type":"Point","coordinates":[84.59863581,23.53727057],"properties":{"name":"BP17","description":"<table border=\"1\" cellpadding=\"4\" cellspacing=\"0\" style=\"border-collapse:collapse;font-family:Arial;font-size:12px\"><tr><th align=\"left\">Parameter</th><th align=\"left\">Value</th></tr><tr><td>Pillar</td><td>BP17</td></tr><tr><td>Lease</td><td>Pakhar 15.58 Ha</td></tr><tr><td>Latitude</td><td>23.53727057</td></tr><tr><td>Longitude</td><td>84.59863581</td></tr><tr><td>Easting (m)</td><td>254840.075</td></tr><tr><td>Northing (m)</td><td>2605049.957</td></tr><tr><td>Zone / Datum</td><td>UTM 45N / WGS84</td></tr></table>","_styleUrl":"#pillar0"},"id":16},{"type":"Point","coordinates":[84.59840761,23.53738562],"properties":{"name":"BP18","description":"<table border=\"1\" cellpadding=\"4\" cellspacing=\"0\" style=\"border-collapse:collapse;font-family:Arial;font-size:12px\"><tr><th align=\"left\">Parameter</th><th align=\"left\">Value</th></tr><tr><td>Pillar</td><td>BP18</td></tr><tr><td>Lease</td><td>Pakhar 15.58 Ha</td></tr><tr><td>Latitude</td><td>23.53738562</td></tr><tr><td>Longitude</td><td>84.59840761</td></tr><tr><td>Easting (m)</td><td>254816.981</td></tr><tr><td>Northing (m)</td><td>2605063.092</td></tr><tr><td>Zone / Datum</td><td>UTM 45N / WGS84</td></tr></table>","_styleUrl":"#pillar0"},"id":17},{"type":"Point","coordinates":[84.59819503,23.53697909],"properties":{"name":"BP19","description":"<table border=\"1\" cellpadding=\"4\" cellspacing=\"0\" style=\"border-collapse:collapse;font-family:Arial;font-size:12px\"><tr><th align=\"left\">Parameter</th><th align=\"left\">Value</th></tr><tr><td>Pillar</td><td>BP19</td></tr><tr><td>Lease</td><td>Pakhar 15.58 Ha</td></tr><tr><td>Latitude</td><td>23.53697909</td></tr><tr><td>Longitude</td><td>84.59819503</td></tr><tr><td>Easting (m)</td><td>254794.516</td></tr><tr><td>Northing (m)</td><td>2605018.423</td></tr><tr><td>Zone / Datum</td><td>UTM 45N / WGS84</td></tr></table>","_styleUrl":"#pillar0"},"id":18},{"type":"Point","coordinates":[84.59814016,23.53687416],"properties":{"name":"BP20","description":"<table border=\"1\" cellpadding=\"4\" cellspacing=\"0\" style=\"border-collapse:collapse;font-family:Arial;font-size:12px\"><tr><th align=\"left\">Parameter</th><th align=\"left\">Value</th></tr><tr><td>Pillar</td><td>BP20</td></tr><tr><td>Lease</td><td>Pakhar 15.58 Ha</td></tr><tr><td>Latitude</td><td>23.53687416</td></tr><tr><td>Longitude</td><td>84.59814016</td></tr><tr><td>Easting (m)</td><td>254788.717</td></tr><tr><td>Northing (m)</td><td>2605006.893</td></tr><tr><td>Zone / Datum</td><td>UTM 45N / WGS84</td></tr></table>","_styleUrl":"#pillar0"},"id":19},{"type":"Point","coordinates":[84.59770532,23.53708139],"properties":{"name":"BP21","description":"<table border=\"1\" cellpadding=\"4\" cellspacing=\"0\" style=\"border-collapse:collapse;font-family:Arial;font-size:12px\"><tr><th align=\"left\">Parameter</th><th align=\"left\">Value</th></tr><tr><td>Pillar</td><td>BP21</td></tr><tr><td>Lease</td><td>Pakhar 15.58 Ha</td></tr><tr><td>Latitude</td><td>23.53708139</td></tr><tr><td>Longitude</td><td>84.59770532</td></tr><tr><td>Easting (m)</td><td>254744.690</td></tr><tr><td>Northing (m)</td><td>2605030.592</td></tr><tr><td>Zone / Datum</td><td>UTM 45N / WGS84</td></tr></table>","_styleUrl":"#pillar0"},"id":20},{"type":"Point","coordinates":[84.59727067,23.53728895],"properties":{"name":"BP22","description":"<table border=\"1\" cellpadding=\"4\" cellspacing=\"0\" style=\"border-collapse:collapse;font-family:Arial;font-size:12px\"><tr><th align=\"left\">Parameter</th><th align=\"left\">Value</th></tr><tr><td>Pillar</td><td>BP22</td></tr><tr><td>Lease</td><td>Pakhar 15.58 Ha</td></tr><tr><td>Latitude</td><td>23.53728895</td></tr><tr><td>Longitude</td><td>84.59727067</td></tr><tr><td>Easting (m)</td><td>254700.683</td></tr><tr><td>Northing (m)</td><td>2605054.328</td></tr><tr><td>Zone / Datum</td><td>UTM 45N / WGS84</td></tr></table>","_styleUrl":"#pillar0"},"id":21},{"type":"Point","coordinates":[84.59683804,23.53750006],"properties":{"name":"BP23","description":"<table border=\"1\" cellpadding=\"4\" cellspacing=\"0\" style=\"border-collapse:collapse;font-family:Arial;font-size:12px\"><tr><th align=\"left\">Parameter</th><th align=\"left\">Value</th></tr><tr><td>Pillar</td><td>BP23</td></tr><tr><td>Lease</td><td>Pakhar 15.58 Ha</td></tr><tr><td>Latitude</td><td>23.53750006</td></tr><tr><td>Longitude</td><td>84.59683804</td></tr><tr><td>Easting (m)</td><td>254656.889</td></tr><tr><td>Northing (m)</td><td>2605078.454</td></tr><tr><td>Zone / Datum</td><td>UTM 45N / WGS84</td></tr></table>","_styleUrl":"#pillar0"},"id":22},{"type":"Point","coordinates":[84.59647834,23.53767556],"properties":{"name":"BP24","description":"<table border=\"1\" cellpadding=\"4\" cellspacing=\"0\" style=\"border-collapse:collapse;font-family:Arial;font-size:12px\"><tr><th align=\"left\">Parameter</th><th align=\"left\">Value</th></tr><tr><td>Pillar</td><td>BP24</td></tr><tr><td>Lease</td><td>Pakhar 15.58 Ha</td></tr><tr><td>Latitude</td><td>23.53767556</td></tr><tr><td>Longitude</td><td>84.59647834</td></tr><tr><td>Easting (m)</td><td>254620.478</td></tr><tr><td>Northing (m)</td><td>2605098.511</td></tr><tr><td>Zone / Datum</td><td>UTM 45N / WGS84</td></tr></table>","_styleUrl":"#pillar0"},"id":23},{"type":"Point","coordinates":[84.59650689,23.5381261],"properties":{"name":"BP25","description":"<table border=\"1\" cellpadding=\"4\" cellspacing=\"0\" style=\"border-collapse:collapse;font-family:Arial;font-size:12px\"><tr><th align=\"left\">Parameter</th><th align=\"left\">Value</th></tr><tr><td>Pillar</td><td>BP25</td></tr><tr><td>Lease</td><td>Pakhar 15.58 Ha</td></tr><tr><td>Latitude</td><td>23.53812610</td></tr><tr><td>Longitude</td><td>84.59650689</td></tr><tr><td>Easting (m)</td><td>254624.230</td></tr><tr><td>Northing (m)</td><td>2605148.370</td></tr><tr><td>Zone / Datum</td><td>UTM 45N / WGS84</td></tr></table>","_styleUrl":"#pillar0"},"id":24},{"type":"Point","coordinates":[84.59651641,23.53827649],"properties":{"name":"BP26","description":"<table border=\"1\" cellpadding=\"4\" cellspacing=\"0\" style=\"border-collapse:collapse;font-family:Arial;font-size:12px\"><tr><th align=\"left\">Parameter</th><th align=\"left\">Value</th></tr><tr><td>Pillar</td><td>BP26</td></tr><tr><td>Lease</td><td>Pakhar 15.58 Ha</td></tr><tr><td>Latitude</td><td>23.53827649</td></tr><tr><td>Longitude</td><td>84.59651641</td></tr><tr><td>Easting (m)</td><td>254625.482</td></tr><tr><td>Northing (m)</td><td>2605165.014</td></tr><tr><td>Zone / Datum</td><td>UTM 45N / WGS84</td></tr></table>","_styleUrl":"#pillar0"},"id":25},{"type":"Point","coordinates":[84.59615879,23.53858465],"properties":{"name":"BP27","description":"<table border=\"1\" cellpadding=\"4\" cellspacing=\"0\" style=\"border-collapse:collapse;font-family:Arial;font-size:12px\"><tr><th align=\"left\">Parameter</th><th align=\"left\">Value</th></tr><tr><td>Pillar</td><td>BP27</td></tr><tr><td>Lease</td><td>Pakhar 15.58 Ha</td></tr><tr><td>Latitude</td><td>23.53858465</td></tr><tr><td>Longitude</td><td>84.59615879</td></tr><tr><td>Easting (m)</td><td>254589.530</td></tr><tr><td>Northing (m)</td><td>2605199.762</td></tr><tr><td>Zone / Datum</td><td>UTM 45N / WGS84</td></tr></table>","_styleUrl":"#pillar0"},"id":26},{"type":"Point","coordinates":[84.59599769,23.53872348],"properties":{"name":"BP28","description":"<table border=\"1\" cellpadding=\"4\" cellspacing=\"0\" style=\"border-collapse:collapse;font-family:Arial;font-size:12px\"><tr><th align=\"left\">Parameter</th><th align=\"left\">Value</th></tr><tr><td>Pillar</td><td>BP28</td></tr><tr><td>Lease</td><td>Pakhar 15.58 Ha</td></tr><tr><td>Latitude</td><td>23.53872348</td></tr><tr><td>Longitude</td><td>84.59599769</td></tr><tr><td>Easting (m)</td><td>254573.334</td></tr><tr><td>Northing (m)</td><td>2605215.416</td></tr><tr><td>Zone / Datum</td><td>UTM 45N / WGS84</td></tr></table>","_styleUrl":"#pillar0"},"id":27},{"type":"Point","coordinates":[84.59595961,23.53917342],"properties":{"name":"BP29","description":"<table border=\"1\" cellpadding=\"4\" cellspacing=\"0\" style=\"border-collapse:collapse;font-family:Arial;font-size:12px\"><tr><th align=\"left\">Parameter</th><th align=\"left\">Value</th></tr><tr><td>Pillar</td><td>BP29</td></tr><tr><td>Lease</td><td>Pakhar 15.58 Ha</td></tr><tr><td>Latitude</td><td>23.53917342</td></tr><tr><td>Longitude</td><td>84.59595961</td></tr><tr><td>Easting (m)</td><td>254570.281</td></tr><tr><td>Northing (m)</td><td>2605265.323</td></tr><tr><td>Zone / Datum</td><td>UTM 45N / WGS84</td></tr></table>","_styleUrl":"#pillar0"},"id":28},{"type":"Point","coordinates":[84.59595202,23.53962467],"properties":{"name":"BP30","description":"<table border=\"1\" cellpadding=\"4\" cellspacing=\"0\" style=\"border-collapse:collapse;font-family:Arial;font-size:12px\"><tr><th align=\"left\">Parameter</th><th align=\"left\">Value</th></tr><tr><td>Pillar</td><td>BP30</td></tr><tr><td>Lease</td><td>Pakhar 15.58 Ha</td></tr><tr><td>Latitude</td><td>23.53962467</td></tr><tr><td>Longitude</td><td>84.59595202</td></tr><tr><td>Easting (m)</td><td>254570.343</td></tr><tr><td>Northing (m)</td><td>2605315.323</td></tr><tr><td>Zone / Datum</td><td>UTM 45N / WGS84</td></tr></table>","_styleUrl":"#pillar0"},"id":29},{"type":"Point","coordinates":[84.59595064,23.53970637],"properties":{"name":"BP31","description":"<table border=\"1\" cellpadding=\"4\" cellspacing=\"0\" style=\"border-collapse:collapse;font-family:Arial;font-size:12px\"><tr><th align=\"left\">Parameter</th><th align=\"left\">Value</th></tr><tr><td>Pillar</td><td>BP31</td></tr><tr><td>Lease</td><td>Pakhar 15.58 Ha</td></tr><tr><td>Latitude</td><td>23.53970637</td></tr><tr><td>Longitude</td><td>84.59595064</td></tr><tr><td>Easting (m)</td><td>254570.354</td></tr><tr><td>Northing (m)</td><td>2605324.376</td></tr><tr><td>Zone / Datum</td><td>UTM 45N / WGS84</td></tr></table>","_styleUrl":"#pillar0"},"id":30},{"type":"Point","coordinates":[84.59605334,23.54014763],"properties":{"name":"BP32","description":"<table border=\"1\" cellpadding=\"4\" cellspacing=\"0\" style=\"border-collapse:collapse;font-family:Arial;font-size:12px\"><tr><th align=\"left\">Parameter</th><th align=\"left\">Value</th></tr><tr><td>Pillar</td><td>BP32</td></tr><tr><td>Lease</td><td>Pakhar 15.58 Ha</td></tr><tr><td>Latitude</td><td>23.54014763</td></tr><tr><td>Longitude</td><td>84.59605334</td></tr><tr><td>Easting (m)</td><td>254581.663</td></tr><tr><td>Northing (m)</td><td>2605373.080</td></tr><tr><td>Zone / Datum</td><td>UTM 45N / WGS84</td></tr></table>","_styleUrl":"#pillar0"},"id":31},{"type":"Point","coordinates":[84.59613522,23.54049939],"properties":{"name":"BP33","description":"<table border=\"1\" cellpadding=\"4\" cellspacing=\"0\" style=\"border-collapse:collapse;font-family:Arial;font-size:12px\"><tr><th align=\"left\">Parameter</th><th align=\"left\">Value</th></tr><tr><td>Pillar</td><td>BP33</td></tr><tr><td>Lease</td><td>Pakhar 15.58 Ha</td></tr><tr><td>Latitude</td><td>23.54049939</td></tr><tr><td>Longitude</td><td>84.59613522</td></tr><tr><td>Easting (m)</td><td>254590.679</td></tr><tr><td>Northing (m)</td><td>2605411.906</td></tr><tr><td>Zone / Datum</td><td>UTM 45N / WGS84</td></tr></table>","_styleUrl":"#pillar0"},"id":32},{"type":"Point","coordinates":[84.59609525,23.54093483],"properties":{"name":"BP34","description":"<table border=\"1\" cellpadding=\"4\" cellspacing=\"0\" style=\"border-collapse:collapse;font-family:Arial;font-size:12px\"><tr><th align=\"left\">Parameter</th><th align=\"left\">Value</th></tr><tr><td>Pillar</td><td>BP34</td></tr><tr><td>Lease</td><td>Pakhar 15.58 Ha</td></tr><tr><td>Latitude</td><td>23.54093483</td></tr><tr><td>Longitude</td><td>84.59609525</td></tr><tr><td>Easting (m)</td><td>254587.405</td></tr><tr><td>Northing (m)</td><td>2605460.210</td></tr><tr><td>Zone / Datum</td><td>UTM 45N / WGS84</td></tr></table>","_styleUrl":"#pillar0"},"id":33},{"type":"Point","coordinates":[84.59585308,23.54118937],"properties":{"name":"BP35","description":"<table border=\"1\" cellpadding=\"4\" cellspacing=\"0\" style=\"border-collapse:collapse;font-family:Arial;font-size:12px\"><tr><th align=\"left\">Parameter</th><th align=\"left\">Value</th></tr><tr><td>Pillar</td><td>BP35</td></tr><tr><td>Lease</td><td>Pakhar 15.58 Ha</td></tr><tr><td>Latitude</td><td>23.54118937</td></tr><tr><td>Longitude</td><td>84.59585308</td></tr><tr><td>Easting (m)</td><td>254563.145</td></tr><tr><td>Northing (m)</td><td>2605488.821</td></tr><tr><td>Zone / Datum</td><td>UTM 45N / WGS84</td></tr></table>","_styleUrl":"#pillar0"},"id":34},{"type":"Point","coordinates":[84.59573648,23.54139817],"properties":{"name":"BP36","description":"<table border=\"1\" cellpadding=\"4\" cellspacing=\"0\" style=\"border-collapse:collapse;font-family:Arial;font-size:12px\"><tr><th align=\"left\">Parameter</th><th align=\"left\">Value</th></tr><tr><td>Pillar</td><td>BP36</td></tr><tr><td>Lease</td><td>Pakhar 15.58 Ha</td></tr><tr><td>Latitude</td><td>23.54139817</td></tr><tr><td>Longitude</td><td>84.59573648</td></tr><tr><td>Easting (m)</td><td>254551.625</td></tr><tr><td>Northing (m)</td><td>2605512.150</td></tr><tr><td>Zone / Datum</td><td>UTM 45N / WGS84</td></tr></table>","_styleUrl":"#pillar0"},"id":35},{"type":"Point","coordinates":[84.59582113,23.54178287],"properties":{"name":"BP37","description":"<table border=\"1\" cellpadding=\"4\" cellspacing=\"0\" style=\"border-collapse:collapse;font-family:Arial;font-size:12px\"><tr><th align=\"left\">Parameter</th><th align=\"left\">Value</th></tr><tr><td>Pillar</td><td>BP37</td></tr><tr><td>Lease</td><td>Pakhar 15.58 Ha</td></tr><tr><td>Latitude</td><td>23.54178287</td></tr><tr><td>Longitude</td><td>84.59582113</td></tr><tr><td>Easting (m)</td><td>254560.985</td></tr><tr><td>Northing (m)</td><td>2605554.620</td></tr><tr><td>Zone / Datum</td><td>UTM 45N / WGS84</td></tr></table>","_styleUrl":"#pillar0"},"id":36},{"type":"Point","coordinates":[84.59578401,23.54224972],"properties":{"name":"BP38","description":"<table border=\"1\" cellpadding=\"4\" cellspacing=\"0\" style=\"border-collapse:collapse;font-family:Arial;font-size:12px\"><tr><th align=\"left\">Parameter</th><th align=\"left\">Value</th></tr><tr><td>Pillar</td><td>BP38</td></tr><tr><td>Lease</td><td>Pakhar 15.58 Ha</td></tr><tr><td>Latitude</td><td>23.54224972</td></tr><tr><td>Longitude</td><td>84.59578401</td></tr><tr><td>Easting (m)</td><td>254558.061</td></tr><tr><td>Northing (m)</td><td>2605606.399</td></tr><tr><td>Zone / Datum</td><td>UTM 45N / WGS84</td></tr></table>","_styleUrl":"#pillar0"},"id":37},{"type":"Point","coordinates":[84.59566451,23.54252899999999],"properties":{"name":"BP39","description":"<table border=\"1\" cellpadding=\"4\" cellspacing=\"0\" style=\"border-collapse:collapse;font-family:Arial;font-size:12px\"><tr><th align=\"left\">Parameter</th><th align=\"left\">Value</th></tr><tr><td>Pillar</td><td>BP39</td></tr><tr><td>Lease</td><td>Pakhar 15.58 Ha</td></tr><tr><td>Latitude</td><td>23.54252900</td></tr><tr><td>Longitude</td><td>84.59566451</td></tr><tr><td>Easting (m)</td><td>254546.375</td></tr><tr><td>Northing (m)</td><td>2605637.541</td></tr><tr><td>Zone / Datum</td><td>UTM 45N / WGS84</td></tr></table>","_styleUrl":"#pillar0"},"id":38},{"type":"Point","coordinates":[84.59526899,23.54279491],"properties":{"name":"BP40","description":"<table border=\"1\" cellpadding=\"4\" cellspacing=\"0\" style=\"border-collapse:collapse;font-family:Arial;font-size:12px\"><tr><th align=\"left\">Parameter</th><th align=\"left\">Value</th></tr><tr><td>Pillar</td><td>BP40</td></tr><tr><td>Lease</td><td>Pakhar 15.58 Ha</td></tr><tr><td>Latitude</td><td>23.54279491</td></tr><tr><td>Longitude</td><td>84.59526899</td></tr><tr><td>Easting (m)</td><td>254506.475</td></tr><tr><td>Northing (m)</td><td>2605667.674</td></tr><tr><td>Zone / Datum</td><td>UTM 45N / WGS84</td></tr></table>","_styleUrl":"#pillar0"},"id":39},{"type":"Point","coordinates":[84.59509997,23.54290853],"properties":{"name":"BP41","description":"<table border=\"1\" cellpadding=\"4\" cellspacing=\"0\" style=\"border-collapse:collapse;font-family:Arial;font-size:12px\"><tr><th align=\"left\">Parameter</th><th align=\"left\">Value</th></tr><tr><td>Pillar</td><td>BP41</td></tr><tr><td>Lease</td><td>Pakhar 15.58 Ha</td></tr><tr><td>Latitude</td><td>23.54290853</td></tr><tr><td>Longitude</td><td>84.59509997</td></tr><tr><td>Easting (m)</td><td>254489.425</td></tr><tr><td>Northing (m)</td><td>2605680.550</td></tr><tr><td>Zone / Datum</td><td>UTM 45N / WGS84</td></tr></table>","_styleUrl":"#pillar0"},"id":40},{"type":"Point","coordinates":[84.59503455,23.54297634],"properties":{"name":"BP42","description":"<table border=\"1\" cellpadding=\"4\" cellspacing=\"0\" style=\"border-collapse:collapse;font-family:Arial;font-size:12px\"><tr><th align=\"left\">Parameter</th><th align=\"left\">Value</th></tr><tr><td>Pillar</td><td>BP42</td></tr><tr><td>Lease</td><td>Pakhar 15.58 Ha</td></tr><tr><td>Latitude</td><td>23.54297634</td></tr><tr><td>Longitude</td><td>84.59503455</td></tr><tr><td>Easting (m)</td><td>254482.869</td></tr><tr><td>Northing (m)</td><td>2605688.174</td></tr><tr><td>Zone / Datum</td><td>UTM 45N / WGS84</td></tr></table>","_styleUrl":"#pillar0"},"id":41},{"type":"Point","coordinates":[84.59473541,23.54333358],"properties":{"name":"BP43","description":"<table border=\"1\" cellpadding=\"4\" cellspacing=\"0\" style=\"border-collapse:collapse;font-family:Arial;font-size:12px\"><tr><th align=\"left\">Parameter</th><th align=\"left\">Value</th></tr><tr><td>Pillar</td><td>BP43</td></tr><tr><td>Lease</td><td>Pakhar 15.58 Ha</td></tr><tr><td>Latitude</td><td>23.54333358</td></tr><tr><td>Longitude</td><td>84.59473541</td></tr><tr><td>Easting (m)</td><td>254452.982</td></tr><tr><td>Northing (m)</td><td>2605728.259</td></tr><tr><td>Zone / Datum</td><td>UTM 45N / WGS84</td></tr></table>","_styleUrl":"#pillar0"},"id":42},{"type":"Point","coordinates":[84.59443718,23.54369146],"properties":{"name":"BP44","description":"<table border=\"1\" cellpadding=\"4\" cellspacing=\"0\" style=\"border-collapse:collapse;font-family:Arial;font-size:12px\"><tr><th align=\"left\">Parameter</th><th align=\"left\">Value</th></tr><tr><td>Pillar</td><td>BP44</td></tr><tr><td>Lease</td><td>Pakhar 15.58 Ha</td></tr><tr><td>Latitude</td><td>23.54369146</td></tr><tr><td>Longitude</td><td>84.59443718</td></tr><tr><td>Easting (m)</td><td>254423.190</td></tr><tr><td>Northing (m)</td><td>2605768.414</td></tr><tr><td>Zone / Datum</td><td>UTM 45N / WGS84</td></tr></table>","_styleUrl":"#pillar0"},"id":43},{"type":"Point","coordinates":[84.59440488,23.54373022],"properties":{"name":"BP45","description":"<table border=\"1\" cellpadding=\"4\" cellspacing=\"0\" style=\"border-collapse:collapse;font-family:Arial;font-size:12px\"><tr><th align=\"left\">Parameter</th><th align=\"left\">Value</th></tr><tr><td>Pillar</td><td>BP45</td></tr><tr><td>Lease</td><td>Pakhar 15.58 Ha</td></tr><tr><td>Latitude</td><td>23.54373022</td></tr><tr><td>Longitude</td><td>84.59440488</td></tr><tr><td>Easting (m)</td><td>254419.963</td></tr><tr><td>Northing (m)</td><td>2605772.763</td></tr><tr><td>Zone / Datum</td><td>UTM 45N / WGS84</td></tr></table>","_styleUrl":"#pillar0"},"id":44},{"type":"Point","coordinates":[84.59437603,23.54374313],"properties":{"name":"BP46","description":"<table border=\"1\" cellpadding=\"4\" cellspacing=\"0\" style=\"border-collapse:collapse;font-family:Arial;font-size:12px\"><tr><th align=\"left\">Parameter</th><th align=\"left\">Value</th></tr><tr><td>Pillar</td><td>BP46</td></tr><tr><td>Lease</td><td>Pakhar 15.58 Ha</td></tr><tr><td>Latitude</td><td>23.54374313</td></tr><tr><td>Longitude</td><td>84.59437603</td></tr><tr><td>Easting (m)</td><td>254417.041</td></tr><tr><td>Northing (m)</td><td>2605774.242</td></tr><tr><td>Zone / Datum</td><td>UTM 45N / WGS84</td></tr></table>","_styleUrl":"#pillar0"},"id":45},{"type":"Point","coordinates":[84.59395373,23.54386728],"properties":{"name":"BP47","description":"<table border=\"1\" cellpadding=\"4\" cellspacing=\"0\" style=\"border-collapse:collapse;font-family:Arial;font-size:12px\"><tr><th align=\"left\">Parameter</th><th align=\"left\">Value</th></tr><tr><td>Pillar</td><td>BP47</td></tr><tr><td>Lease</td><td>Pakhar 15.58 Ha</td></tr><tr><td>Latitude</td><td>23.54386728</td></tr><tr><td>Longitude</td><td>84.59395373</td></tr><tr><td>Easting (m)</td><td>254374.143</td></tr><tr><td>Northing (m)</td><td>2605788.719</td></tr><tr><td>Zone / Datum</td><td>UTM 45N / WGS84</td></tr></table>","_styleUrl":"#pillar0"},"id":46},{"type":"Point","coordinates":[84.59425686,23.54422164],"properties":{"name":"BP48","description":"<table border=\"1\" cellpadding=\"4\" cellspacing=\"0\" style=\"border-collapse:collapse;font-family:Arial;font-size:12px\"><tr><th align=\"left\">Parameter</th><th align=\"left\">Value</th></tr><tr><td>Pillar</td><td>BP48</td></tr><tr><td>Lease</td><td>Pakhar 15.58 Ha</td></tr><tr><td>Latitude</td><td>23.54422164</td></tr><tr><td>Longitude</td><td>84.59425686</td></tr><tr><td>Easting (m)</td><td>254405.760</td></tr><tr><td>Northing (m)</td><td>2605827.453</td></tr><tr><td>Zone / Datum</td><td>UTM 45N / WGS84</td></tr></table>","_styleUrl":"#pillar0"},"id":47},{"type":"Point","coordinates":[84.59431638,23.54429121],"properties":{"name":"BP49","description":"<table border=\"1\" cellpadding=\"4\" cellspacing=\"0\" style=\"border-collapse:collapse;font-family:Arial;font-size:12px\"><tr><th align=\"left\">Parameter</th><th align=\"left\">Value</th></tr><tr><td>Pillar</td><td>BP49</td></tr><tr><td>Lease</td><td>Pakhar 15.58 Ha</td></tr><tr><td>Latitude</td><td>23.54429121</td></tr><tr><td>Longitude</td><td>84.59431638</td></tr><tr><td>Easting (m)</td><td>254411.968</td></tr><tr><td>Northing (m)</td><td>2605835.058</td></tr><tr><td>Zone / Datum</td><td>UTM 45N / WGS84</td></tr></table>","_styleUrl":"#pillar0"},"id":48},{"type":"Point","coordinates":[84.59467276,23.54398182],"properties":{"name":"BP50","description":"<table border=\"1\" cellpadding=\"4\" cellspacing=\"0\" style=\"border-collapse:collapse;font-family:Arial;font-size:12px\"><tr><th align=\"left\">Parameter</th><th align=\"left\">Value</th></tr><tr><td>Pillar</td><td>BP50</td></tr><tr><td>Lease</td><td>Pakhar 15.58 Ha</td></tr><tr><td>Latitude</td><td>23.54398182</td></tr><tr><td>Longitude</td><td>84.59467276</td></tr><tr><td>Easting (m)</td><td>254447.789</td></tr><tr><td>Northing (m)</td><td>2605800.175</td></tr><tr><td>Zone / Datum</td><td>UTM 45N / WGS84</td></tr></table>","_styleUrl":"#pillar0"},"id":49},{"type":"Point","coordinates":[84.59502915,23.54367243],"properties":{"name":"BP51","description":"<table border=\"1\" cellpadding=\"4\" cellspacing=\"0\" style=\"border-collapse:collapse;font-family:Arial;font-size:12px\"><tr><th align=\"left\">Parameter</th><th align=\"left\">Value</th></tr><tr><td>Pillar</td><td>BP51</td></tr><tr><td>Lease</td><td>Pakhar 15.58 Ha</td></tr><tr><td>Latitude</td><td>23.54367243</td></tr><tr><td>Longitude</td><td>84.59502915</td></tr><tr><td>Easting (m)</td><td>254483.611</td></tr><tr><td>Northing (m)</td><td>2605765.292</td></tr><tr><td>Zone / Datum</td><td>UTM 45N / WGS84</td></tr></table>","_styleUrl":"#pillar0"},"id":50},{"type":"Point","coordinates":[84.59538552,23.54336304],"properties":{"name":"BP52","description":"<table border=\"1\" cellpadding=\"4\" cellspacing=\"0\" style=\"border-collapse:collapse;font-family:Arial;font-size:12px\"><tr><th align=\"left\">Parameter</th><th align=\"left\">Value</th></tr><tr><td>Pillar</td><td>BP52</td></tr><tr><td>Lease</td><td>Pakhar 15.58 Ha</td></tr><tr><td>Latitude</td><td>23.54336304</td></tr><tr><td>Longitude</td><td>84.59538552</td></tr><tr><td>Easting (m)</td><td>254519.432</td></tr><tr><td>Northing (m)</td><td>2605730.409</td></tr><tr><td>Zone / Datum</td><td>UTM 45N / WGS84</td></tr></table>","_styleUrl":"#pillar0"},"id":51},{"type":"Point","coordinates":[84.59574189,23.54305365],"properties":{"name":"BP53","description":"<table border=\"1\" cellpadding=\"4\" cellspacing=\"0\" style=\"border-collapse:collapse;font-family:Arial;font-size:12px\"><tr><th align=\"left\">Parameter</th><th align=\"left\">Value</th></tr><tr><td>Pillar</td><td>BP53</td></tr><tr><td>Lease</td><td>Pakhar 15.58 Ha</td></tr><tr><td>Latitude</td><td>23.54305365</td></tr><tr><td>Longitude</td><td>84.59574189</td></tr><tr><td>Easting (m)</td><td>254555.253</td></tr><tr><td>Northing (m)</td><td>2605695.526</td></tr><tr><td>Zone / Datum</td><td>UTM 45N / WGS84</td></tr></table>","_styleUrl":"#pillar0"},"id":52},{"type":"Point","coordinates":[84.59609827,23.54274426],"properties":{"name":"BP54","description":"<table border=\"1\" cellpadding=\"4\" cellspacing=\"0\" style=\"border-collapse:collapse;font-family:Arial;font-size:12px\"><tr><th align=\"left\">Parameter</th><th align=\"left\">Value</th></tr><tr><td>Pillar</td><td>BP54</td></tr><tr><td>Lease</td><td>Pakhar 15.58 Ha</td></tr><tr><td>Latitude</td><td>23.54274426</td></tr><tr><td>Longitude</td><td>84.59609827</td></tr><tr><td>Easting (m)</td><td>254591.075</td></tr><tr><td>Northing (m)</td><td>2605660.643</td></tr><tr><td>Zone / Datum</td><td>UTM 45N / WGS84</td></tr></table>","_styleUrl":"#pillar0"},"id":53},{"type":"Point","coordinates":[84.59627286,23.54259268],"properties":{"name":"BP55","description":"<table border=\"1\" cellpadding=\"4\" cellspacing=\"0\" style=\"border-collapse:collapse;font-family:Arial;font-size:12px\"><tr><th align=\"left\">Parameter</th><th align=\"left\">Value</th></tr><tr><td>Pillar</td><td>BP55</td></tr><tr><td>Lease</td><td>Pakhar 15.58 Ha</td></tr><tr><td>Latitude</td><td>23.54259268</td></tr><tr><td>Longitude</td><td>84.59627286</td></tr><tr><td>Easting (m)</td><td>254608.624</td></tr><tr><td>Northing (m)</td><td>2605643.553</td></tr><tr><td>Zone / Datum</td><td>UTM 45N / WGS84</td></tr></table>","_styleUrl":"#pillar0"},"id":54},{"type":"Point","coordinates":[84.59631234,23.54214284],"properties":{"name":"BP56","description":"<table border=\"1\" cellpadding=\"4\" cellspacing=\"0\" style=\"border-collapse:collapse;font-family:Arial;font-size:12px\"><tr><th align=\"left\">Parameter</th><th align=\"left\">Value</th></tr><tr><td>Pillar</td><td>BP56</td></tr><tr><td>Lease</td><td>Pakhar 15.58 Ha</td></tr><tr><td>Latitude</td><td>23.54214284</td></tr><tr><td>Longitude</td><td>84.59631234</td></tr><tr><td>Easting (m)</td><td>254611.820</td></tr><tr><td>Northing (m)</td><td>2605593.655</td></tr><tr><td>Zone / Datum</td><td>UTM 45N / WGS84</td></tr></table>","_styleUrl":"#pillar0"},"id":55},{"type":"Point","coordinates":[84.59635182,23.54169302],"properties":{"name":"BP57","description":"<table border=\"1\" cellpadding=\"4\" cellspacing=\"0\" style=\"border-collapse:collapse;font-family:Arial;font-size:12px\"><tr><th align=\"left\">Parameter</th><th align=\"left\">Value</th></tr><tr><td>Pillar</td><td>BP57</td></tr><tr><td>Lease</td><td>Pakhar 15.58 Ha</td></tr><tr><td>Latitude</td><td>23.54169302</td></tr><tr><td>Longitude</td><td>84.59635182</td></tr><tr><td>Easting (m)</td><td>254615.017</td></tr><tr><td>Northing (m)</td><td>2605543.758</td></tr><tr><td>Zone / Datum</td><td>UTM 45N / WGS84</td></tr></table>","_styleUrl":"#pillar0"},"id":56},{"type":"Point","coordinates":[84.5963913,23.54124318],"properties":{"name":"BP58","description":"<table border=\"1\" cellpadding=\"4\" cellspacing=\"0\" style=\"border-collapse:collapse;font-family:Arial;font-size:12px\"><tr><th align=\"left\">Parameter</th><th align=\"left\">Value</th></tr><tr><td>Pillar</td><td>BP58</td></tr><tr><td>Lease</td><td>Pakhar 15.58 Ha</td></tr><tr><td>Latitude</td><td>23.54124318</td></tr><tr><td>Longitude</td><td>84.59639130</td></tr><tr><td>Easting (m)</td><td>254618.213</td></tr><tr><td>Northing (m)</td><td>2605493.860</td></tr><tr><td>Zone / Datum</td><td>UTM 45N / WGS84</td></tr></table>","_styleUrl":"#pillar0"},"id":57},{"type":"Point","coordinates":[84.59643078,23.54079334],"properties":{"name":"BP59","description":"<table border=\"1\" cellpadding=\"4\" cellspacing=\"0\" style=\"border-collapse:collapse;font-family:Arial;font-size:12px\"><tr><th align=\"left\">Parameter</th><th align=\"left\">Value</th></tr><tr><td>Pillar</td><td>BP59</td></tr><tr><td>Lease</td><td>Pakhar 15.58 Ha</td></tr><tr><td>Latitude</td><td>23.54079334</td></tr><tr><td>Longitude</td><td>84.59643078</td></tr><tr><td>Easting (m)</td><td>254621.410</td></tr><tr><td>Northing (m)</td><td>2605443.962</td></tr><tr><td>Zone / Datum</td><td>UTM 45N / WGS84</td></tr></table>","_styleUrl":"#pillar0"},"id":58},{"type":"Point","coordinates":[84.59644556,23.54062485],"properties":{"name":"BP60","description":"<table border=\"1\" cellpadding=\"4\" cellspacing=\"0\" style=\"border-collapse:collapse;font-family:Arial;font-size:12px\"><tr><th align=\"left\">Parameter</th><th align=\"left\">Value</th></tr><tr><td>Pillar</td><td>BP60</td></tr><tr><td>Lease</td><td>Pakhar 15.58 Ha</td></tr><tr><td>Latitude</td><td>23.54062485</td></tr><tr><td>Longitude</td><td>84.59644556</td></tr><tr><td>Easting (m)</td><td>254622.607</td></tr><tr><td>Northing (m)</td><td>2605425.272</td></tr><tr><td>Zone / Datum</td><td>UTM 45N / WGS84</td></tr></table>","_styleUrl":"#pillar0"},"id":59},{"type":"Point","coordinates":[84.5964177,23.54017427],"properties":{"name":"BP61","description":"<table border=\"1\" cellpadding=\"4\" cellspacing=\"0\" style=\"border-collapse:collapse;font-family:Arial;font-size:12px\"><tr><th align=\"left\">Parameter</th><th align=\"left\">Value</th></tr><tr><td>Pillar</td><td>BP61</td></tr><tr><td>Lease</td><td>Pakhar 15.58 Ha</td></tr><tr><td>Latitude</td><td>23.54017427</td></tr><tr><td>Longitude</td><td>84.59641770</td></tr><tr><td>Easting (m)</td><td>254618.925</td></tr><tr><td>Northing (m)</td><td>2605375.407</td></tr><tr><td>Zone / Datum</td><td>UTM 45N / WGS84</td></tr></table>","_styleUrl":"#pillar0"},"id":60},{"type":"Point","coordinates":[84.59638985,23.53972369],"properties":{"name":"BP62","description":"<table border=\"1\" cellpadding=\"4\" cellspacing=\"0\" style=\"border-collapse:collapse;font-family:Arial;font-size:12px\"><tr><th align=\"left\">Parameter</th><th align=\"left\">Value</th></tr><tr><td>Pillar</td><td>BP62</td></tr><tr><td>Lease</td><td>Pakhar 15.58 Ha</td></tr><tr><td>Latitude</td><td>23.53972369</td></tr><tr><td>Longitude</td><td>84.59638985</td></tr><tr><td>Easting (m)</td><td>254615.243</td></tr><tr><td>Northing (m)</td><td>2605325.543</td></tr><tr><td>Zone / Datum</td><td>UTM 45N / WGS84</td></tr></table>","_styleUrl":"#pillar0"},"id":61},{"type":"Point","coordinates":[84.59636198,23.53927312],"properties":{"name":"BP63","description":"<table border=\"1\" cellpadding=\"4\" cellspacing=\"0\" style=\"border-collapse:collapse;font-family:Arial;font-size:12px\"><tr><th align=\"left\">Parameter</th><th align=\"left\">Value</th></tr><tr><td>Pillar</td><td>BP63</td></tr><tr><td>Lease</td><td>Pakhar 15.58 Ha</td></tr><tr><td>Latitude</td><td>23.53927312</td></tr><tr><td>Longitude</td><td>84.59636198</td></tr><tr><td>Easting (m)</td><td>254611.560</td></tr><tr><td>Northing (m)</td><td>2605275.679</td></tr><tr><td>Zone / Datum</td><td>UTM 45N / WGS84</td></tr></table>","_styleUrl":"#pillar0"},"id":62},{"type":"Point","coordinates":[84.59635931,23.53922989],"properties":{"name":"BP64","description":"<table border=\"1\" cellpadding=\"4\" cellspacing=\"0\" style=\"border-collapse:collapse;font-family:Arial;font-size:12px\"><tr><th align=\"left\">Parameter</th><th align=\"left\">Value</th></tr><tr><td>Pillar</td><td>BP64</td></tr><tr><td>Lease</td><td>Pakhar 15.58 Ha</td></tr><tr><td>Latitude</td><td>23.53922989</td></tr><tr><td>Longitude</td><td>84.59635931</td></tr><tr><td>Easting (m)</td><td>254611.207</td></tr><tr><td>Northing (m)</td><td>2605270.894</td></tr><tr><td>Zone / Datum</td><td>UTM 45N / WGS84</td></tr></table>","_styleUrl":"#pillar0"},"id":63},{"type":"Point","coordinates":[84.59655595,23.5388166],"properties":{"name":"BP65","description":"<table border=\"1\" cellpadding=\"4\" cellspacing=\"0\" style=\"border-collapse:collapse;font-family:Arial;font-size:12px\"><tr><th align=\"left\">Parameter</th><th align=\"left\">Value</th></tr><tr><td>Pillar</td><td>BP65</td></tr><tr><td>Lease</td><td>Pakhar 15.58 Ha</td></tr><tr><td>Latitude</td><td>23.53881660</td></tr><tr><td>Longitude</td><td>84.59655595</td></tr><tr><td>Easting (m)</td><td>254630.523</td></tr><tr><td>Northing (m)</td><td>2605224.776</td></tr><tr><td>Zone / Datum</td><td>UTM 45N / WGS84</td></tr></table>","_styleUrl":"#pillar0"},"id":64},{"type":"Point","coordinates":[84.59671028,23.53849225],"properties":{"name":"BP66","description":"<table border=\"1\" cellpadding=\"4\" cellspacing=\"0\" style=\"border-collapse:collapse;font-family:Arial;font-size:12px\"><tr><th align=\"left\">Parameter</th><th align=\"left\">Value</th></tr><tr><td>Pillar</td><td>BP66</td></tr><tr><td>Lease</td><td>Pakhar 15.58 Ha</td></tr><tr><td>Latitude</td><td>23.53849225</td></tr><tr><td>Longitude</td><td>84.59671028</td></tr><tr><td>Easting (m)</td><td>254645.683</td></tr><tr><td>Northing (m)</td><td>2605188.582</td></tr><tr><td>Zone / Datum</td><td>UTM 45N / WGS84</td></tr></table>","_styleUrl":"#pillar0"},"id":65},{"type":"Point","coordinates":[84.59679228,23.53804733],"properties":{"name":"BP67","description":"<table border=\"1\" cellpadding=\"4\" cellspacing=\"0\" style=\"border-collapse:collapse;font-family:Arial;font-size:12px\"><tr><th align=\"left\">Parameter</th><th align=\"left\">Value</th></tr><tr><td>Pillar</td><td>BP67</td></tr><tr><td>Lease</td><td>Pakhar 15.58 Ha</td></tr><tr><td>Latitude</td><td>23.53804733</td></tr><tr><td>Longitude</td><td>84.59679228</td></tr><tr><td>Easting (m)</td><td>254653.232</td></tr><tr><td>Northing (m)</td><td>2605139.156</td></tr><tr><td>Zone / Datum</td><td>UTM 45N / WGS84</td></tr></table>","_styleUrl":"#pillar0"},"id":66},{"type":"Point","coordinates":[84.59685007,23.5377338],"properties":{"name":"BP68","description":"<table border=\"1\" cellpadding=\"4\" cellspacing=\"0\" style=\"border-collapse:collapse;font-family:Arial;font-size:12px\"><tr><th align=\"left\">Parameter</th><th align=\"left\">Value</th></tr><tr><td>Pillar</td><td>BP68</td></tr><tr><td>Lease</td><td>Pakhar 15.58 Ha</td></tr><tr><td>Latitude</td><td>23.53773380</td></tr><tr><td>Longitude</td><td>84.59685007</td></tr><tr><td>Easting (m)</td><td>254658.552</td></tr><tr><td>Northing (m)</td><td>2605104.326</td></tr><tr><td>Zone / Datum</td><td>UTM 45N / WGS84</td></tr></table>","_styleUrl":"#pillar0"},"id":67},{"type":"Point","coordinates":[84.59729543,23.53754654],"properties":{"name":"BP69","description":"<table border=\"1\" cellpadding=\"4\" cellspacing=\"0\" style=\"border-collapse:collapse;font-family:Arial;font-size:12px\"><tr><th align=\"left\">Parameter</th><th align=\"left\">Value</th></tr><tr><td>Pillar</td><td>BP69</td></tr><tr><td>Lease</td><td>Pakhar 15.58 Ha</td></tr><tr><td>Latitude</td><td>23.53754654</td></tr><tr><td>Longitude</td><td>84.59729543</td></tr><tr><td>Easting (m)</td><td>254703.690</td></tr><tr><td>Northing (m)</td><td>2605082.820</td></tr><tr><td>Zone / Datum</td><td>UTM 45N / WGS84</td></tr></table>","_styleUrl":"#pillar0"},"id":68},{"type":"Point","coordinates":[84.5977408,23.53735926],"properties":{"name":"BP70","description":"<table border=\"1\" cellpadding=\"4\" cellspacing=\"0\" style=\"border-collapse:collapse;font-family:Arial;font-size:12px\"><tr><th align=\"left\">Parameter</th><th align=\"left\">Value</th></tr><tr><td>Pillar</td><td>BP70</td></tr><tr><td>Lease</td><td>Pakhar 15.58 Ha</td></tr><tr><td>Latitude</td><td>23.53735926</td></tr><tr><td>Longitude</td><td>84.59774080</td></tr><tr><td>Easting (m)</td><td>254748.829</td></tr><tr><td>Northing (m)</td><td>2605061.313</td></tr><tr><td>Zone / Datum</td><td>UTM 45N / WGS84</td></tr></table>","_styleUrl":"#pillar0"},"id":69},{"type":"Point","coordinates":[84.59795355,23.5372698],"properties":{"name":"BP71","description":"<table border=\"1\" cellpadding=\"4\" cellspacing=\"0\" style=\"border-collapse:collapse;font-family:Arial;font-size:12px\"><tr><th align=\"left\">Parameter</th><th align=\"left\">Value</th></tr><tr><td>Pillar</td><td>BP71</td></tr><tr><td>Lease</td><td>Pakhar 15.58 Ha</td></tr><tr><td>Latitude</td><td>23.53726980</td></tr><tr><td>Longitude</td><td>84.59795355</td></tr><tr><td>Easting (m)</td><td>254770.392</td></tr><tr><td>Northing (m)</td><td>2605051.039</td></tr><tr><td>Zone / Datum</td><td>UTM 45N / WGS84</td></tr></table>","_styleUrl":"#pillar0"},"id":70},{"type":"Point","coordinates":[84.59826678,23.53761661],"properties":{"name":"BP72","description":"<table border=\"1\" cellpadding=\"4\" cellspacing=\"0\" style=\"border-collapse:collapse;font-family:Arial;font-size:12px\"><tr><th align=\"left\">Parameter</th><th align=\"left\">Value</th></tr><tr><td>Pillar</td><td>BP72</td></tr><tr><td>Lease</td><td>Pakhar 15.58 Ha</td></tr><tr><td>Latitude</td><td>23.53761661</td></tr><tr><td>Longitude</td><td>84.59826678</td></tr><tr><td>Easting (m)</td><td>254803.027</td></tr><tr><td>Northing (m)</td><td>2605088.920</td></tr><tr><td>Zone / Datum</td><td>UTM 45N / WGS84</td></tr></table>","_styleUrl":"#pillar0"},"id":71},{"type":"Point","coordinates":[84.59845324,23.53782302999999],"properties":{"name":"BP73","description":"<table border=\"1\" cellpadding=\"4\" cellspacing=\"0\" style=\"border-collapse:collapse;font-family:Arial;font-size:12px\"><tr><th align=\"left\">Parameter</th><th align=\"left\">Value</th></tr><tr><td>Pillar</td><td>BP73</td></tr><tr><td>Lease</td><td>Pakhar 15.58 Ha</td></tr><tr><td>Latitude</td><td>23.53782303</td></tr><tr><td>Longitude</td><td>84.59845324</td></tr><tr><td>Easting (m)</td><td>254822.453</td></tr><tr><td>Northing (m)</td><td>2605111.467</td></tr><tr><td>Zone / Datum</td><td>UTM 45N / WGS84</td></tr></table>","_styleUrl":"#pillar0"},"id":72},{"type":"Point","coordinates":[84.59886447,23.53757823999999],"properties":{"name":"BP74","description":"<table border=\"1\" cellpadding=\"4\" cellspacing=\"0\" style=\"border-collapse:collapse;font-family:Arial;font-size:12px\"><tr><th align=\"left\">Parameter</th><th align=\"left\">Value</th></tr><tr><td>Pillar</td><td>BP74</td></tr><tr><td>Lease</td><td>Pakhar 15.58 Ha</td></tr><tr><td>Latitude</td><td>23.53757824</td></tr><tr><td>Longitude</td><td>84.59886447</td></tr><tr><td>Easting (m)</td><td>254863.999</td></tr><tr><td>Northing (m)</td><td>2605083.648</td></tr><tr><td>Zone / Datum</td><td>UTM 45N / WGS84</td></tr></table>","_styleUrl":"#pillar0"},"id":73},{"type":"Point","coordinates":[84.59927571,23.53733347],"properties":{"name":"BP75","description":"<table border=\"1\" cellpadding=\"4\" cellspacing=\"0\" style=\"border-collapse:collapse;font-family:Arial;font-size:12px\"><tr><th align=\"left\">Parameter</th><th align=\"left\">Value</th></tr><tr><td>Pillar</td><td>BP75</td></tr><tr><td>Lease</td><td>Pakhar 15.58 Ha</td></tr><tr><td>Latitude</td><td>23.53733347</td></tr><tr><td>Longitude</td><td>84.59927571</td></tr><tr><td>Easting (m)</td><td>254905.546</td></tr><tr><td>Northing (m)</td><td>2605055.830</td></tr><tr><td>Zone / Datum</td><td>UTM 45N / WGS84</td></tr></table>","_styleUrl":"#pillar0"},"id":74},{"type":"Point","coordinates":[84.59957753,23.53715381],"properties":{"name":"BP76","description":"<table border=\"1\" cellpadding=\"4\" cellspacing=\"0\" style=\"border-collapse:collapse;font-family:Arial;font-size:12px\"><tr><th align=\"left\">Parameter</th><th align=\"left\">Value</th></tr><tr><td>Pillar</td><td>BP76</td></tr><tr><td>Lease</td><td>Pakhar 15.58 Ha</td></tr><tr><td>Latitude</td><td>23.53715381</td></tr><tr><td>Longitude</td><td>84.59957753</td></tr><tr><td>Easting (m)</td><td>254936.039</td></tr><tr><td>Northing (m)</td><td>2605035.412</td></tr><tr><td>Zone / Datum</td><td>UTM 45N / WGS84</td></tr></table>","_styleUrl":"#pillar0"},"id":75},{"type":"Point","coordinates":[84.59962656,23.53670477],"properties":{"name":"BP77","description":"<table border=\"1\" cellpadding=\"4\" cellspacing=\"0\" style=\"border-collapse:collapse;font-family:Arial;font-size:12px\"><tr><th align=\"left\">Parameter</th><th align=\"left\">Value</th></tr><tr><td>Pillar</td><td>BP77</td></tr><tr><td>Lease</td><td>Pakhar 15.58 Ha</td></tr><tr><td>Latitude</td><td>23.53670477</td></tr><tr><td>Longitude</td><td>84.59962656</td></tr><tr><td>Easting (m)</td><td>254940.214</td></tr><tr><td>Northing (m)</td><td>2604985.587</td></tr><tr><td>Zone / Datum</td><td>UTM 45N / WGS84</td></tr></table>","_styleUrl":"#pillar0"},"id":76},{"type":"Point","coordinates":[84.599634,23.53663668],"properties":{"name":"BP78","description":"<table border=\"1\" cellpadding=\"4\" cellspacing=\"0\" style=\"border-collapse:collapse;font-family:Arial;font-size:12px\"><tr><th align=\"left\">Parameter</th><th align=\"left\">Value</th></tr><tr><td>Pillar</td><td>BP78</td></tr><tr><td>Lease</td><td>Pakhar 15.58 Ha</td></tr><tr><td>Latitude</td><td>23.53663668</td></tr><tr><td>Longitude</td><td>84.59963400</td></tr><tr><td>Easting (m)</td><td>254940.847</td></tr><tr><td>Northing (m)</td><td>2604978.031</td></tr><tr><td>Zone / Datum</td><td>UTM 45N / WGS84</td></tr></table>","_styleUrl":"#pillar0"},"id":77},{"type":"Point","coordinates":[84.60011688,23.53672342],"properties":{"name":"BP79","description":"<table border=\"1\" cellpadding=\"4\" cellspacing=\"0\" style=\"border-collapse:collapse;font-family:Arial;font-size:12px\"><tr><th align=\"left\">Parameter</th><th align=\"left\">Value</th></tr><tr><td>Pillar</td><td>BP79</td></tr><tr><td>Lease</td><td>Pakhar 15.58 Ha</td></tr><tr><td>Latitude</td><td>23.53672342</td></tr><tr><td>Longitude</td><td>84.60011688</td></tr><tr><td>Easting (m)</td><td>254990.326</td></tr><tr><td>Northing (m)</td><td>2604986.814</td></tr><tr><td>Zone / Datum</td><td>UTM 45N / WGS84</td></tr></table>","_styleUrl":"#pillar0"},"id":78},{"type":"Point","coordinates":[84.60024378,23.53674633],"properties":{"name":"BP80","description":"<table border=\"1\" cellpadding=\"4\" cellspacing=\"0\" style=\"border-collapse:collapse;font-family:Arial;font-size:12px\"><tr><th align=\"left\">Parameter</th><th align=\"left\">Value</th></tr><tr><td>Pillar</td><td>BP80</td></tr><tr><td>Lease</td><td>Pakhar 15.58 Ha</td></tr><tr><td>Latitude</td><td>23.53674633</td></tr><tr><td>Longitude</td><td>84.60024378</td></tr><tr><td>Easting (m)</td><td>255003.329</td></tr><tr><td>Northing (m)</td><td>2604989.135</td></tr><tr><td>Zone / Datum</td><td>UTM 45N / WGS84</td></tr></table>","_styleUrl":"#pillar0"},"id":79},{"type":"Point","coordinates":[84.60061402,23.53645111],"properties":{"name":"BP81","description":"<table border=\"1\" cellpadding=\"4\" cellspacing=\"0\" style=\"border-collapse:collapse;font-family:Arial;font-size:12px\"><tr><th align=\"left\">Parameter</th><th align=\"left\">Value</th></tr><tr><td>Pillar</td><td>BP81</td></tr><tr><td>Lease</td><td>Pakhar 15.58 Ha</td></tr><tr><td>Latitude</td><td>23.53645111</td></tr><tr><td>Longitude</td><td>84.60061402</td></tr><tr><td>Easting (m)</td><td>255040.596</td></tr><tr><td>Northing (m)</td><td>2604955.800</td></tr><tr><td>Zone / Datum</td><td>UTM 45N / WGS84</td></tr></table>","_styleUrl":"#pillar0"},"id":80},{"type":"Point","coordinates":[84.60098426,23.5361559],"properties":{"name":"BP82","description":"<table border=\"1\" cellpadding=\"4\" cellspacing=\"0\" style=\"border-collapse:collapse;font-family:Arial;font-size:12px\"><tr><th align=\"left\">Parameter</th><th align=\"left\">Value</th></tr><tr><td>Pillar</td><td>BP82</td></tr><tr><td>Lease</td><td>Pakhar 15.58 Ha</td></tr><tr><td>Latitude</td><td>23.53615590</td></tr><tr><td>Longitude</td><td>84.60098426</td></tr><tr><td>Easting (m)</td><td>255077.863</td></tr><tr><td>Northing (m)</td><td>2604922.466</td></tr><tr><td>Zone / Datum</td><td>UTM 45N / WGS84</td></tr></table>","_styleUrl":"#pillar0"},"id":81},{"type":"Point","coordinates":[84.6013545,23.53586069],"properties":{"name":"BP83","description":"<table border=\"1\" cellpadding=\"4\" cellspacing=\"0\" style=\"border-collapse:collapse;font-family:Arial;font-size:12px\"><tr><th align=\"left\">Parameter</th><th align=\"left\">Value</th></tr><tr><td>Pillar</td><td>BP83</td></tr><tr><td>Lease</td><td>Pakhar 15.58 Ha</td></tr><tr><td>Latitude</td><td>23.53586069</td></tr><tr><td>Longitude</td><td>84.60135450</td></tr><tr><td>Easting (m)</td><td>255115.130</td></tr><tr><td>Northing (m)</td><td>2604889.132</td></tr><tr><td>Zone / Datum</td><td>UTM 45N / WGS84</td></tr></table>","_styleUrl":"#pillar0"},"id":82},{"type":"Point","coordinates":[84.6016847,23.5355974],"properties":{"name":"BP84","description":"<table border=\"1\" cellpadding=\"4\" cellspacing=\"0\" style=\"border-collapse:collapse;font-family:Arial;font-size:12px\"><tr><th align=\"left\">Parameter</th><th align=\"left\">Value</th></tr><tr><td>Pillar</td><td>BP84</td></tr><tr><td>Lease</td><td>Pakhar 15.58 Ha</td></tr><tr><td>Latitude</td><td>23.53559740</td></tr><tr><td>Longitude</td><td>84.60168470</td></tr><tr><td>Easting (m)</td><td>255148.367</td></tr><tr><td>Northing (m)</td><td>2604859.402</td></tr><tr><td>Zone / Datum</td><td>UTM 45N / WGS84</td></tr></table>","_styleUrl":"#pillar0"},"id":83},{"type":"Point","coordinates":[84.6016706,23.53604852],"properties":{"name":"BP85","description":"<table border=\"1\" cellpadding=\"4\" cellspacing=\"0\" style=\"border-collapse:collapse;font-family:Arial;font-size:12px\"><tr><th align=\"left\">Parameter</th><th align=\"left\">Value</th></tr><tr><td>Pillar</td><td>BP85</td></tr><tr><td>Lease</td><td>Pakhar 15.58 Ha</td></tr><tr><td>Latitude</td><td>23.53604852</td></tr><tr><td>Longitude</td><td>84.60167060</td></tr><tr><td>Easting (m)</td><td>255147.762</td></tr><tr><td>Northing (m)</td><td>2604909.398</td></tr><tr><td>Zone / Datum</td><td>UTM 45N / WGS84</td></tr></table>","_styleUrl":"#pillar0"},"id":84},{"type":"Point","coordinates":[84.60165649,23.53649964],"properties":{"name":"BP86","description":"<table border=\"1\" cellpadding=\"4\" cellspacing=\"0\" style=\"border-collapse:collapse;font-family:Arial;font-size:12px\"><tr><th align=\"left\">Parameter</th><th align=\"left\">Value</th></tr><tr><td>Pillar</td><td>BP86</td></tr><tr><td>Lease</td><td>Pakhar 15.58 Ha</td></tr><tr><td>Latitude</td><td>23.53649964</td></tr><tr><td>Longitude</td><td>84.60165649</td></tr><tr><td>Easting (m)</td><td>255147.157</td></tr><tr><td>Northing (m)</td><td>2604959.395</td></tr><tr><td>Zone / Datum</td><td>UTM 45N / WGS84</td></tr></table>","_styleUrl":"#pillar0"},"id":85},{"type":"Point","coordinates":[84.60164238,23.53695076],"properties":{"name":"BP87","description":"<table border=\"1\" cellpadding=\"4\" cellspacing=\"0\" style=\"border-collapse:collapse;font-family:Arial;font-size:12px\"><tr><th align=\"left\">Parameter</th><th align=\"left\">Value</th></tr><tr><td>Pillar</td><td>BP87</td></tr><tr><td>Lease</td><td>Pakhar 15.58 Ha</td></tr><tr><td>Latitude</td><td>23.53695076</td></tr><tr><td>Longitude</td><td>84.60164238</td></tr><tr><td>Easting (m)</td><td>255146.552</td></tr><tr><td>Northing (m)</td><td>2605009.391</td></tr><tr><td>Zone / Datum</td><td>UTM 45N / WGS84</td></tr></table>","_styleUrl":"#pillar0"},"id":86},{"type":"Point","coordinates":[84.60162827,23.53740188],"properties":{"name":"BP88","description":"<table border=\"1\" cellpadding=\"4\" cellspacing=\"0\" style=\"border-collapse:collapse;font-family:Arial;font-size:12px\"><tr><th align=\"left\">Parameter</th><th align=\"left\">Value</th></tr><tr><td>Pillar</td><td>BP88</td></tr><tr><td>Lease</td><td>Pakhar 15.58 Ha</td></tr><tr><td>Latitude</td><td>23.53740188</td></tr><tr><td>Longitude</td><td>84.60162827</td></tr><tr><td>Easting (m)</td><td>255145.946</td></tr><tr><td>Northing (m)</td><td>2605059.387</td></tr><tr><td>Zone / Datum</td><td>UTM 45N / WGS84</td></tr></table>","_styleUrl":"#pillar0"},"id":87},{"type":"Point","coordinates":[84.60161416,23.537853],"properties":{"name":"BP89","description":"<table border=\"1\" cellpadding=\"4\" cellspacing=\"0\" style=\"border-collapse:collapse;font-family:Arial;font-size:12px\"><tr><th align=\"left\">Parameter</th><th align=\"left\">Value</th></tr><tr><td>Pillar</td><td>BP89</td></tr><tr><td>Lease</td><td>Pakhar 15.58 Ha</td></tr><tr><td>Latitude</td><td>23.53785300</td></tr><tr><td>Longitude</td><td>84.60161416</td></tr><tr><td>Easting (m)</td><td>255145.341</td></tr><tr><td>Northing (m)</td><td>2605109.384</td></tr><tr><td>Zone / Datum</td><td>UTM 45N / WGS84</td></tr></table>","_styleUrl":"#pillar0"},"id":88},{"type":"Point","coordinates":[84.60161094,23.53795608],"properties":{"name":"BP90","description":"<table border=\"1\" cellpadding=\"4\" cellspacing=\"0\" style=\"border-collapse:collapse;font-family:Arial;font-size:12px\"><tr><th align=\"left\">Parameter</th><th align=\"left\">Value</th></tr><tr><td>Pillar</td><td>BP90</td></tr><tr><td>Lease</td><td>Pakhar 15.58 Ha</td></tr><tr><td>Latitude</td><td>23.53795608</td></tr><tr><td>Longitude</td><td>84.60161094</td></tr><tr><td>Easting (m)</td><td>255145.203</td></tr><tr><td>Northing (m)</td><td>2605120.808</td></tr><tr><td>Zone / Datum</td><td>UTM 45N / WGS84</td></tr></table>","_styleUrl":"#pillar0"},"id":89},{"type":"Point","coordinates":[84.60180886,23.53836885],"properties":{"name":"BP91","description":"<table border=\"1\" cellpadding=\"4\" cellspacing=\"0\" style=\"border-collapse:collapse;font-family:Arial;font-size:12px\"><tr><th align=\"left\">Parameter</th><th align=\"left\">Value</th></tr><tr><td>Pillar</td><td>BP91</td></tr><tr><td>Lease</td><td>Pakhar 15.58 Ha</td></tr><tr><td>Latitude</td><td>23.53836885</td></tr><tr><td>Longitude</td><td>84.60180886</td></tr><tr><td>Easting (m)</td><td>255166.182</td></tr><tr><td>Northing (m)</td><td>2605166.194</td></tr><tr><td>Zone / Datum</td><td>UTM 45N / WGS84</td></tr></table>","_styleUrl":"#pillar0"},"id":90},{"type":"Point","coordinates":[84.60200678,23.53878162000001],"properties":{"name":"BP92","description":"<table border=\"1\" cellpadding=\"4\" cellspacing=\"0\" style=\"border-collapse:collapse;font-family:Arial;font-size:12px\"><tr><th align=\"left\">Parameter</th><th align=\"left\">Value</th></tr><tr><td>Pillar</td><td>BP92</td></tr><tr><td>Lease</td><td>Pakhar 15.58 Ha</td></tr><tr><td>Latitude</td><td>23.53878162</td></tr><tr><td>Longitude</td><td>84.60200678</td></tr><tr><td>Easting (m)</td><td>255187.161</td></tr><tr><td>Northing (m)</td><td>2605211.580</td></tr><tr><td>Zone / Datum</td><td>UTM 45N / WGS84</td></tr></table>","_styleUrl":"#pillar0"},"id":91},{"type":"Point","coordinates":[84.6022047,23.53919439],"properties":{"name":"BP93","description":"<table border=\"1\" cellpadding=\"4\" cellspacing=\"0\" style=\"border-collapse:collapse;font-family:Arial;font-size:12px\"><tr><th align=\"left\">Parameter</th><th align=\"left\">Value</th></tr><tr><td>Pillar</td><td>BP93</td></tr><tr><td>Lease</td><td>Pakhar 15.58 Ha</td></tr><tr><td>Latitude</td><td>23.53919439</td></tr><tr><td>Longitude</td><td>84.60220470</td></tr><tr><td>Easting (m)</td><td>255208.139</td></tr><tr><td>Northing (m)</td><td>2605256.966</td></tr><tr><td>Zone / Datum</td><td>UTM 45N / WGS84</td></tr></table>","_styleUrl":"#pillar0"},"id":92},{"type":"Point","coordinates":[84.60240262,23.53960716],"properties":{"name":"BP94","description":"<table border=\"1\" cellpadding=\"4\" cellspacing=\"0\" style=\"border-collapse:collapse;font-family:Arial;font-size:12px\"><tr><th align=\"left\">Parameter</th><th align=\"left\">Value</th></tr><tr><td>Pillar</td><td>BP94</td></tr><tr><td>Lease</td><td>Pakhar 15.58 Ha</td></tr><tr><td>Latitude</td><td>23.53960716</td></tr><tr><td>Longitude</td><td>84.60240262</td></tr><tr><td>Easting (m)</td><td>255229.118</td></tr><tr><td>Northing (m)</td><td>2605302.352</td></tr><tr><td>Zone / Datum</td><td>UTM 45N / WGS84</td></tr></table>","_styleUrl":"#pillar0"},"id":93},{"type":"Point","coordinates":[84.60260055,23.54001993],"properties":{"name":"BP95","description":"<table border=\"1\" cellpadding=\"4\" cellspacing=\"0\" style=\"border-collapse:collapse;font-family:Arial;font-size:12px\"><tr><th align=\"left\">Parameter</th><th align=\"left\">Value</th></tr><tr><td>Pillar</td><td>BP95</td></tr><tr><td>Lease</td><td>Pakhar 15.58 Ha</td></tr><tr><td>Latitude</td><td>23.54001993</td></tr><tr><td>Longitude</td><td>84.60260055</td></tr><tr><td>Easting (m)</td><td>255250.097</td></tr><tr><td>Northing (m)</td><td>2605347.738</td></tr><tr><td>Zone / Datum</td><td>UTM 45N / WGS84</td></tr></table>","_styleUrl":"#pillar0"},"id":94},{"type":"Point","coordinates":[84.60279848,23.5404327],"properties":{"name":"BP96","description":"<table border=\"1\" cellpadding=\"4\" cellspacing=\"0\" style=\"border-collapse:collapse;font-family:Arial;font-size:12px\"><tr><th align=\"left\">Parameter</th><th align=\"left\">Value</th></tr><tr><td>Pillar</td><td>BP96</td></tr><tr><td>Lease</td><td>Pakhar 15.58 Ha</td></tr><tr><td>Latitude</td><td>23.54043270</td></tr><tr><td>Longitude</td><td>84.60279848</td></tr><tr><td>Easting (m)</td><td>255271.076</td></tr><tr><td>Northing (m)</td><td>2605393.124</td></tr><tr><td>Zone / Datum</td><td>UTM 45N / WGS84</td></tr></table>","_styleUrl":"#pillar0"},"id":95},{"type":"Point","coordinates":[84.6028136,23.54046423],"properties":{"name":"BP97","description":"<table border=\"1\" cellpadding=\"4\" cellspacing=\"0\" style=\"border-collapse:collapse;font-family:Arial;font-size:12px\"><tr><th align=\"left\">Parameter</th><th align=\"left\">Value</th></tr><tr><td>Pillar</td><td>BP97</td></tr><tr><td>Lease</td><td>Pakhar 15.58 Ha</td></tr><tr><td>Latitude</td><td>23.54046423</td></tr><tr><td>Longitude</td><td>84.60281360</td></tr><tr><td>Easting (m)</td><td>255272.679</td></tr><tr><td>Northing (m)</td><td>2605396.591</td></tr><tr><td>Zone / Datum</td><td>UTM 45N / WGS84</td></tr></table>","_styleUrl":"#pillar0"},"id":96},{"type":"Point","coordinates":[84.60322107,23.54070812],"properties":{"name":"BP98","description":"<table border=\"1\" cellpadding=\"4\" cellspacing=\"0\" style=\"border-collapse:collapse;font-family:Arial;font-size:12px\"><tr><th align=\"left\">Parameter</th><th align=\"left\">Value</th></tr><tr><td>Pillar</td><td>BP98</td></tr><tr><td>Lease</td><td>Pakhar 15.58 Ha</td></tr><tr><td>Latitude</td><td>23.54070812</td></tr><tr><td>Longitude</td><td>84.60322107</td></tr><tr><td>Easting (m)</td><td>255314.746</td></tr><tr><td>Northing (m)</td><td>2605422.912</td></tr><tr><td>Zone / Datum</td><td>UTM 45N / WGS84</td></tr></table>","_styleUrl":"#pillar0"},"id":97},{"type":"Point","coordinates":[84.60321616,23.54025704],"properties":{"name":"BP99","description":"<table border=\"1\" cellpadding=\"4\" cellspacing=\"0\" style=\"border-collapse:collapse;font-family:Arial;font-size:12px\"><tr><th align=\"left\">Parameter</th><th align=\"left\">Value</th></tr><tr><td>Pillar</td><td>BP99</td></tr><tr><td>Lease</td><td>Pakhar 15.58 Ha</td></tr><tr><td>Latitude</td><td>23.54025704</td></tr><tr><td>Longitude</td><td>84.60321616</td></tr><tr><td>Easting (m)</td><td>255313.409</td></tr><tr><td>Northing (m)</td><td>2605372.952</td></tr><tr><td>Zone / Datum</td><td>UTM 45N / WGS84</td></tr></table>","_styleUrl":"#pillar0"},"id":98},{"type":"Point","coordinates":[84.60321543,23.54018935],"properties":{"name":"BP100","description":"<table border=\"1\" cellpadding=\"4\" cellspacing=\"0\" style=\"border-collapse:collapse;font-family:Arial;font-size:12px\"><tr><th align=\"left\">Parameter</th><th align=\"left\">Value</th></tr><tr><td>Pillar</td><td>BP100</td></tr><tr><td>Lease</td><td>Pakhar 15.58 Ha</td></tr><tr><td>Latitude</td><td>23.54018935</td></tr><tr><td>Longitude</td><td>84.60321543</td></tr><tr><td>Easting (m)</td><td>255313.209</td></tr><tr><td>Northing (m)</td><td>2605365.455</td></tr><tr><td>Zone / Datum</td><td>UTM 45N / WGS84</td></tr></table>","_styleUrl":"#pillar0"},"id":99},{"type":"Point","coordinates":[84.60300285,23.53978282],"properties":{"name":"BP101","description":"<table border=\"1\" cellpadding=\"4\" cellspacing=\"0\" style=\"border-collapse:collapse;font-family:Arial;font-size:12px\"><tr><th align=\"left\">Parameter</th><th align=\"left\">Value</th></tr><tr><td>Pillar</td><td>BP101</td></tr><tr><td>Lease</td><td>Pakhar 15.58 Ha</td></tr><tr><td>Latitude</td><td>23.53978282</td></tr><tr><td>Longitude</td><td>84.60300285</td></tr><tr><td>Easting (m)</td><td>255290.745</td></tr><tr><td>Northing (m)</td><td>2605320.785</td></tr><tr><td>Zone / Datum</td><td>UTM 45N / WGS84</td></tr></table>","_styleUrl":"#pillar0"},"id":100},{"type":"Point","coordinates":[84.60279381,23.53937472],"properties":{"name":"BP102","description":"<table border=\"1\" cellpadding=\"4\" cellspacing=\"0\" style=\"border-collapse:collapse;font-family:Arial;font-size:12px\"><tr><th align=\"left\">Parameter</th><th align=\"left\">Value</th></tr><tr><td>Pillar</td><td>BP102</td></tr><tr><td>Lease</td><td>Pakhar 15.58 Ha</td></tr><tr><td>Latitude</td><td>23.53937472</td></tr><tr><td>Longitude</td><td>84.60279381</td></tr><tr><td>Easting (m)</td><td>255268.640</td></tr><tr><td>Northing (m)</td><td>2605275.936</td></tr><tr><td>Zone / Datum</td><td>UTM 45N / WGS84</td></tr></table>","_styleUrl":"#pillar0"},"id":101},{"type":"Point","coordinates":[84.60258835,23.53896511],"properties":{"name":"BP103","description":"<table border=\"1\" cellpadding=\"4\" cellspacing=\"0\" style=\"border-collapse:collapse;font-family:Arial;font-size:12px\"><tr><th align=\"left\">Parameter</th><th align=\"left\">Value</th></tr><tr><td>Pillar</td><td>BP103</td></tr><tr><td>Lease</td><td>Pakhar 15.58 Ha</td></tr><tr><td>Latitude</td><td>23.53896511</td></tr><tr><td>Longitude</td><td>84.60258835</td></tr><tr><td>Easting (m)</td><td>255246.897</td></tr><tr><td>Northing (m)</td><td>2605230.912</td></tr><tr><td>Zone / Datum</td><td>UTM 45N / WGS84</td></tr></table>","_styleUrl":"#pillar0"},"id":102},{"type":"Point","coordinates":[84.60244519,23.53867969],"properties":{"name":"BP104","description":"<table border=\"1\" cellpadding=\"4\" cellspacing=\"0\" style=\"border-collapse:collapse;font-family:Arial;font-size:12px\"><tr><th align=\"left\">Parameter</th><th align=\"left\">Value</th></tr><tr><td>Pillar</td><td>BP104</td></tr><tr><td>Lease</td><td>Pakhar 15.58 Ha</td></tr><tr><td>Latitude</td><td>23.53867969</td></tr><tr><td>Longitude</td><td>84.60244519</td></tr><tr><td>Easting (m)</td><td>255231.748</td></tr><tr><td>Northing (m)</td><td>2605199.540</td></tr><tr><td>Zone / Datum</td><td>UTM 45N / WGS84</td></tr></table>","_styleUrl":"#pillar0"},"id":103},{"type":"Point","coordinates":[84.602398,23.53854932],"properties":{"name":"BP105","description":"<table border=\"1\" cellpadding=\"4\" cellspacing=\"0\" style=\"border-collapse:collapse;font-family:Arial;font-size:12px\"><tr><th align=\"left\">Parameter</th><th align=\"left\">Value</th></tr><tr><td>Pillar</td><td>BP105</td></tr><tr><td>Lease</td><td>Pakhar 15.58 Ha</td></tr><tr><td>Latitude</td><td>23.53854932</td></tr><tr><td>Longitude</td><td>84.60239800</td></tr><tr><td>Easting (m)</td><td>255226.686</td></tr><tr><td>Northing (m)</td><td>2605185.179</td></tr><tr><td>Zone / Datum</td><td>UTM 45N / WGS84</td></tr></table>","_styleUrl":"#pillar0"},"id":104},{"type":"Point","coordinates":[84.60224302,23.53812123],"properties":{"name":"BP106","description":"<table border=\"1\" cellpadding=\"4\" cellspacing=\"0\" style=\"border-collapse:collapse;font-family:Arial;font-size:12px\"><tr><th align=\"left\">Parameter</th><th align=\"left\">Value</th></tr><tr><td>Pillar</td><td>BP106</td></tr><tr><td>Lease</td><td>Pakhar 15.58 Ha</td></tr><tr><td>Latitude</td><td>23.53812123</td></tr><tr><td>Longitude</td><td>84.60224302</td></tr><tr><td>Easting (m)</td><td>255210.065</td></tr><tr><td>Northing (m)</td><td>2605138.022</td></tr><tr><td>Zone / Datum</td><td>UTM 45N / WGS84</td></tr></table>","_styleUrl":"#pillar0"},"id":105},{"type":"Point","coordinates":[84.60214693,23.53785581],"properties":{"name":"BP107","description":"<table border=\"1\" cellpadding=\"4\" cellspacing=\"0\" style=\"border-collapse:collapse;font-family:Arial;font-size:12px\"><tr><th align=\"left\">Parameter</th><th align=\"left\">Value</th></tr><tr><td>Pillar</td><td>BP107</td></tr><tr><td>Lease</td><td>Pakhar 15.58 Ha</td></tr><tr><td>Latitude</td><td>23.53785581</td></tr><tr><td>Longitude</td><td>84.60214693</td></tr><tr><td>Easting (m)</td><td>255199.760</td></tr><tr><td>Northing (m)</td><td>2605108.785</td></tr><tr><td>Zone / Datum</td><td>UTM 45N / WGS84</td></tr></table>","_styleUrl":"#pillar0"},"id":106},{"type":"Point","coordinates":[84.60243403,23.53749028],"properties":{"name":"BP108","description":"<table border=\"1\" cellpadding=\"4\" cellspacing=\"0\" style=\"border-collapse:collapse;font-family:Arial;font-size:12px\"><tr><th align=\"left\">Parameter</th><th align=\"left\">Value</th></tr><tr><td>Pillar</td><td>BP108</td></tr><tr><td>Lease</td><td>Pakhar 15.58 Ha</td></tr><tr><td>Latitude</td><td>23.53749028</td></tr><tr><td>Longitude</td><td>84.60243403</td></tr><tr><td>Easting (m)</td><td>255228.405</td></tr><tr><td>Northing (m)</td><td>2605067.804</td></tr><tr><td>Zone / Datum</td><td>UTM 45N / WGS84</td></tr></table>","_styleUrl":"#pillar0"},"id":107},{"type":"Point","coordinates":[84.60272113,23.53712476],"properties":{"name":"BP109","description":"<table border=\"1\" cellpadding=\"4\" cellspacing=\"0\" style=\"border-collapse:collapse;font-family:Arial;font-size:12px\"><tr><th align=\"left\">Parameter</th><th align=\"left\">Value</th></tr><tr><td>Pillar</td><td>BP109</td></tr><tr><td>Lease</td><td>Pakhar 15.58 Ha</td></tr><tr><td>Latitude</td><td>23.53712476</td></tr><tr><td>Longitude</td><td>84.60272113</td></tr><tr><td>Easting (m)</td><td>255257.050</td></tr><tr><td>Northing (m)</td><td>2605026.823</td></tr><tr><td>Zone / Datum</td><td>UTM 45N / WGS84</td></tr></table>","_styleUrl":"#pillar0"},"id":108},{"type":"Point","coordinates":[84.60300824,23.53675923],"properties":{"name":"BP110","description":"<table border=\"1\" cellpadding=\"4\" cellspacing=\"0\" style=\"border-collapse:collapse;font-family:Arial;font-size:12px\"><tr><th align=\"left\">Parameter</th><th align=\"left\">Value</th></tr><tr><td>Pillar</td><td>BP110</td></tr><tr><td>Lease</td><td>Pakhar 15.58 Ha</td></tr><tr><td>Latitude</td><td>23.53675923</td></tr><tr><td>Longitude</td><td>84.60300824</td></tr><tr><td>Easting (m)</td><td>255285.696</td></tr><tr><td>Northing (m)</td><td>2604985.842</td></tr><tr><td>Zone / Datum</td><td>UTM 45N / WGS84</td></tr></table>","_styleUrl":"#pillar0"},"id":109},{"type":"Point","coordinates":[84.60306374,23.53668856],"properties":{"name":"BP111","description":"<table border=\"1\" cellpadding=\"4\" cellspacing=\"0\" style=\"border-collapse:collapse;font-family:Arial;font-size:12px\"><tr><th align=\"left\">Parameter</th><th align=\"left\">Value</th></tr><tr><td>Pillar</td><td>BP111</td></tr><tr><td>Lease</td><td>Pakhar 15.58 Ha</td></tr><tr><td>Latitude</td><td>23.53668856</td></tr><tr><td>Longitude</td><td>84.60306374</td></tr><tr><td>Easting (m)</td><td>255291.234</td></tr><tr><td>Northing (m)</td><td>2604977.919</td></tr><tr><td>Zone / Datum</td><td>UTM 45N / WGS84</td></tr></table>","_styleUrl":"#pillar0"},"id":110},{"type":"Point","coordinates":[84.60303485,23.53623804],"properties":{"name":"BP112","description":"<table border=\"1\" cellpadding=\"4\" cellspacing=\"0\" style=\"border-collapse:collapse;font-family:Arial;font-size:12px\"><tr><th align=\"left\">Parameter</th><th align=\"left\">Value</th></tr><tr><td>Pillar</td><td>BP112</td></tr><tr><td>Lease</td><td>Pakhar 15.58 Ha</td></tr><tr><td>Latitude</td><td>23.53623804</td></tr><tr><td>Longitude</td><td>84.60303485</td></tr><tr><td>Easting (m)</td><td>255287.449</td></tr><tr><td>Northing (m)</td><td>2604928.062</td></tr><tr><td>Zone / Datum</td><td>UTM 45N / WGS84</td></tr></table>","_styleUrl":"#pillar0"},"id":111},{"type":"Point","coordinates":[84.60300597,23.53578752],"properties":{"name":"BP113","description":"<table border=\"1\" cellpadding=\"4\" cellspacing=\"0\" style=\"border-collapse:collapse;font-family:Arial;font-size:12px\"><tr><th align=\"left\">Parameter</th><th align=\"left\">Value</th></tr><tr><td>Pillar</td><td>BP113</td></tr><tr><td>Lease</td><td>Pakhar 15.58 Ha</td></tr><tr><td>Latitude</td><td>23.53578752</td></tr><tr><td>Longitude</td><td>84.60300597</td></tr><tr><td>Easting (m)</td><td>255283.665</td></tr><tr><td>Northing (m)</td><td>2604878.206</td></tr><tr><td>Zone / Datum</td><td>UTM 45N / WGS84</td></tr></table>","_styleUrl":"#pillar0"},"id":112},{"type":"Point","coordinates":[84.60299045,23.53554547],"properties":{"name":"BP114","description":"<table border=\"1\" cellpadding=\"4\" cellspacing=\"0\" style=\"border-collapse:collapse;font-family:Arial;font-size:12px\"><tr><th align=\"left\">Parameter</th><th align=\"left\">Value</th></tr><tr><td>Pillar</td><td>BP114</td></tr><tr><td>Lease</td><td>Pakhar 15.58 Ha</td></tr><tr><td>Latitude</td><td>23.53554547</td></tr><tr><td>Longitude</td><td>84.60299045</td></tr><tr><td>Easting (m)</td><td>255281.632</td></tr><tr><td>Northing (m)</td><td>2604851.419</td></tr><tr><td>Zone / Datum</td><td>UTM 45N / WGS84</td></tr></table>","_styleUrl":"#pillar0"},"id":113},{"type":"Point","coordinates":[84.60276072,23.53514695],"properties":{"name":"BP115","description":"<table border=\"1\" cellpadding=\"4\" cellspacing=\"0\" style=\"border-collapse:collapse;font-family:Arial;font-size:12px\"><tr><th align=\"left\">Parameter</th><th align=\"left\">Value</th></tr><tr><td>Pillar</td><td>BP115</td></tr><tr><td>Lease</td><td>Pakhar 15.58 Ha</td></tr><tr><td>Latitude</td><td>23.53514695</td></tr><tr><td>Longitude</td><td>84.60276072</td></tr><tr><td>Easting (m)</td><td>255257.431</td></tr><tr><td>Northing (m)</td><td>2604807.666</td></tr><tr><td>Zone / Datum</td><td>UTM 45N / WGS84</td></tr></table>","_styleUrl":"#pillar0"},"id":114},{"type":"Point","coordinates":[84.60259927,23.53486685],"properties":{"name":"BP116","description":"<table border=\"1\" cellpadding=\"4\" cellspacing=\"0\" style=\"border-collapse:collapse;font-family:Arial;font-size:12px\"><tr><th align=\"left\">Parameter</th><th align=\"left\">Value</th></tr><tr><td>Pillar</td><td>BP116</td></tr><tr><td>Lease</td><td>Pakhar 15.58 Ha</td></tr><tr><td>Latitude</td><td>23.53486685</td></tr><tr><td>Longitude</td><td>84.60259927</td></tr><tr><td>Easting (m)</td><td>255240.422</td></tr><tr><td>Northing (m)</td><td>2604776.914</td></tr><tr><td>Zone / Datum</td><td>UTM 45N / WGS84</td></tr></table>","_styleUrl":"#pillar0"},"id":115},{"type":"Point","coordinates":[84.60255317,23.53441755],"properties":{"name":"BP117","description":"<table border=\"1\" cellpadding=\"4\" cellspacing=\"0\" style=\"border-collapse:collapse;font-family:Arial;font-size:12px\"><tr><th align=\"left\">Parameter</th><th align=\"left\">Value</th></tr><tr><td>Pillar</td><td>BP117</td></tr><tr><td>Lease</td><td>Pakhar 15.58 Ha</td></tr><tr><td>Latitude</td><td>23.53441755</td></tr><tr><td>Longitude</td><td>84.60255317</td></tr><tr><td>Easting (m)</td><td>255234.882</td></tr><tr><td>Northing (m)</td><td>2604727.222</td></tr><tr><td>Zone / Datum</td><td>UTM 45N / WGS84</td></tr></table>","_styleUrl":"#pillar0"},"id":116},{"type":"Point","coordinates":[84.60251403,23.53396768],"properties":{"name":"BP118","description":"<table border=\"1\" cellpadding=\"4\" cellspacing=\"0\" style=\"border-collapse:collapse;font-family:Arial;font-size:12px\"><tr><th align=\"left\">Parameter</th><th align=\"left\">Value</th></tr><tr><td>Pillar</td><td>BP118</td></tr><tr><td>Lease</td><td>Pakhar 15.58 Ha</td></tr><tr><td>Latitude</td><td>23.53396768</td></tr><tr><td>Longitude</td><td>84.60251403</td></tr><tr><td>Easting (m)</td><td>255230.051</td></tr><tr><td>Northing (m)</td><td>2604677.455</td></tr><tr><td>Zone / Datum</td><td>UTM 45N / WGS84</td></tr></table>","_styleUrl":"#pillar0"},"id":117},{"type":"Point","coordinates":[84.60250536,23.53351644],"properties":{"name":"BP119","description":"<table border=\"1\" cellpadding=\"4\" cellspacing=\"0\" style=\"border-collapse:collapse;font-family:Arial;font-size:12px\"><tr><th align=\"left\">Parameter</th><th align=\"left\">Value</th></tr><tr><td>Pillar</td><td>BP119</td></tr><tr><td>Lease</td><td>Pakhar 15.58 Ha</td></tr><tr><td>Latitude</td><td>23.53351644</td></tr><tr><td>Longitude</td><td>84.60250536</td></tr><tr><td>Easting (m)</td><td>255228.330</td></tr><tr><td>Northing (m)</td><td>2604627.485</td></tr><tr><td>Zone / Datum</td><td>UTM 45N / WGS84</td></tr></table>","_styleUrl":"#pillar0"},"id":118},{"type":"Point","coordinates":[84.60250385,23.5334381],"properties":{"name":"BP120","description":"<table border=\"1\" cellpadding=\"4\" cellspacing=\"0\" style=\"border-collapse:collapse;font-family:Arial;font-size:12px\"><tr><th align=\"left\">Parameter</th><th align=\"left\">Value</th></tr><tr><td>Pillar</td><td>BP120</td></tr><tr><td>Lease</td><td>Pakhar 15.58 Ha</td></tr><tr><td>Latitude</td><td>23.53343810</td></tr><tr><td>Longitude</td><td>84.60250385</td></tr><tr><td>Easting (m)</td><td>255228.031</td></tr><tr><td>Northing (m)</td><td>2604618.809</td></tr><tr><td>Zone / Datum</td><td>UTM 45N / WGS84</td></tr></table>","_styleUrl":"#pillar0"},"id":119},{"type":"Point","coordinates":[84.60210057,23.53318232],"properties":{"name":"BP121","description":"<table border=\"1\" cellpadding=\"4\" cellspacing=\"0\" style=\"border-collapse:collapse;font-family:Arial;font-size:12px\"><tr><th align=\"left\">Parameter</th><th align=\"left\">Value</th></tr><tr><td>Pillar</td><td>BP121</td></tr><tr><td>Lease</td><td>Pakhar 15.58 Ha</td></tr><tr><td>Latitude</td><td>23.53318232</td></tr><tr><td>Longitude</td><td>84.60210057</td></tr><tr><td>Easting (m)</td><td>255186.368</td></tr><tr><td>Northing (m)</td><td>2604591.164</td></tr><tr><td>Zone / Datum</td><td>UTM 45N / WGS84</td></tr></table>","_styleUrl":"#pillar0"},"id":120}]},"Pakhar 109.507 Ha - 209 pillars":{"type":"GeometryCollection","geometries":[{"type":"Point","coordinates":[84.61479691,23.56033454],"properties":{"name":"BD1","description":"<table border=\"1\" cellpadding=\"4\" cellspacing=\"0\" style=\"border-collapse:collapse;font-family:Arial;font-size:12px\"><tr><th align=\"left\">Parameter</th><th align=\"left\">Value</th></tr><tr><td>Pillar</td><td>BD1</td></tr><tr><td>Lease</td><td>Pakhar 109.507 Ha</td></tr><tr><td>Latitude</td><td>23.56033454</td></tr><tr><td>Longitude</td><td>84.61479691</td></tr><tr><td>Easting (m)</td><td>256533.167</td></tr><tr><td>Northing (m)</td><td>2607577.278</td></tr><tr><td>Zone / Datum</td><td>UTM 45N / WGS84</td></tr></table>","_styleUrl":"#pillar0"},"id":0},{"type":"Point","coordinates":[84.61527452,23.56043369],"properties":{"name":"BD2","description":"<table border=\"1\" cellpadding=\"4\" cellspacing=\"0\" style=\"border-collapse:collapse;font-family:Arial;font-size:12px\"><tr><th align=\"left\">Parameter</th><th align=\"left\">Value</th></tr><tr><td>Pillar</td><td>BD2</td></tr><tr><td>Lease</td><td>Pakhar 109.507 Ha</td></tr><tr><td>Latitude</td><td>23.56043369</td></tr><tr><td>Longitude</td><td>84.61527452</td></tr><tr><td>Easting (m)</td><td>256582.121</td></tr><tr><td>Northing (m)</td><td>2607587.449</td></tr><tr><td>Zone / Datum</td><td>UTM 45N / WGS84</td></tr></table>","_styleUrl":"#pillar0"},"id":1},{"type":"Point","coordinates":[84.61575215,23.56053284],"properties":{"name":"BD3","description":"<table border=\"1\" cellpadding=\"4\" cellspacing=\"0\" style=\"border-collapse:collapse;font-family:Arial;font-size:12px\"><tr><th align=\"left\">Parameter</th><th align=\"left\">Value</th></tr><tr><td>Pillar</td><td>BD3</td></tr><tr><td>Lease</td><td>Pakhar 109.507 Ha</td></tr><tr><td>Latitude</td><td>23.56053284</td></tr><tr><td>Longitude</td><td>84.61575215</td></tr><tr><td>Easting (m)</td><td>256631.076</td></tr><tr><td>Northing (m)</td><td>2607597.620</td></tr><tr><td>Zone / Datum</td><td>UTM 45N / WGS84</td></tr></table>","_styleUrl":"#pillar0"},"id":2},{"type":"Point","coordinates":[84.6158629,23.56055582999999],"properties":{"name":"BD4","description":"<table border=\"1\" cellpadding=\"4\" cellspacing=\"0\" style=\"border-collapse:collapse;font-family:Arial;font-size:12px\"><tr><th align=\"left\">Parameter</th><th align=\"left\">Value</th></tr><tr><td>Pillar</td><td>BD4</td></tr><tr><td>Lease</td><td>Pakhar 109.507 Ha</td></tr><tr><td>Latitude</td><td>23.56055583</td></tr><tr><td>Longitude</td><td>84.61586290</td></tr><tr><td>Easting (m)</td><td>256642.428</td></tr><tr><td>Northing (m)</td><td>2607599.979</td></tr><tr><td>Zone / Datum</td><td>UTM 45N / WGS84</td></tr></table>","_styleUrl":"#pillar0"},"id":3},{"type":"Point","coordinates":[84.61621781,23.56024495],"properties":{"name":"BD5","description":"<table border=\"1\" cellpadding=\"4\" cellspacing=\"0\" style=\"border-collapse:collapse;font-family:Arial;font-size:12px\"><tr><th align=\"left\">Parameter</th><th align=\"left\">Value</th></tr><tr><td>Pillar</td><td>BD5</td></tr><tr><td>Lease</td><td>Pakhar 109.507 Ha</td></tr><tr><td>Latitude</td><td>23.56024495</td></tr><tr><td>Longitude</td><td>84.61621781</td></tr><tr><td>Easting (m)</td><td>256678.096</td></tr><tr><td>Northing (m)</td><td>2607564.939</td></tr><tr><td>Zone / Datum</td><td>UTM 45N / WGS84</td></tr></table>","_styleUrl":"#pillar0"},"id":4},{"type":"Point","coordinates":[84.61654092,23.55990589],"properties":{"name":"BD6","description":"<table border=\"1\" cellpadding=\"4\" cellspacing=\"0\" style=\"border-collapse:collapse;font-family:Arial;font-size:12px\"><tr><th align=\"left\">Parameter</th><th align=\"left\">Value</th></tr><tr><td>Pillar</td><td>BD6</td></tr><tr><td>Lease</td><td>Pakhar 109.507 Ha</td></tr><tr><td>Latitude</td><td>23.55990589</td></tr><tr><td>Longitude</td><td>84.61654092</td></tr><tr><td>Easting (m)</td><td>256710.465</td></tr><tr><td>Northing (m)</td><td>2607526.831</td></tr><tr><td>Zone / Datum</td><td>UTM 45N / WGS84</td></tr></table>","_styleUrl":"#pillar0"},"id":5},{"type":"Point","coordinates":[84.61658865,23.55988006],"properties":{"name":"BD7","description":"<table border=\"1\" cellpadding=\"4\" cellspacing=\"0\" style=\"border-collapse:collapse;font-family:Arial;font-size:12px\"><tr><th align=\"left\">Parameter</th><th align=\"left\">Value</th></tr><tr><td>Pillar</td><td>BD7</td></tr><tr><td>Lease</td><td>Pakhar 109.507 Ha</td></tr><tr><td>Latitude</td><td>23.55988006</td></tr><tr><td>Longitude</td><td>84.61658865</td></tr><tr><td>Easting (m)</td><td>256715.291</td></tr><tr><td>Northing (m)</td><td>2607523.889</td></tr><tr><td>Zone / Datum</td><td>UTM 45N / WGS84</td></tr></table>","_styleUrl":"#pillar0"},"id":6},{"type":"Point","coordinates":[84.61638698,23.55946882],"properties":{"name":"BD8","description":"<table border=\"1\" cellpadding=\"4\" cellspacing=\"0\" style=\"border-collapse:collapse;font-family:Arial;font-size:12px\"><tr><th align=\"left\">Parameter</th><th align=\"left\">Value</th></tr><tr><td>Pillar</td><td>BD8</td></tr><tr><td>Lease</td><td>Pakhar 109.507 Ha</td></tr><tr><td>Latitude</td><td>23.55946882</td></tr><tr><td>Longitude</td><td>84.61638698</td></tr><tr><td>Easting (m)</td><td>256693.940</td></tr><tr><td>Northing (m)</td><td>2607478.677</td></tr><tr><td>Zone / Datum</td><td>UTM 45N / WGS84</td></tr></table>","_styleUrl":"#pillar0"},"id":7},{"type":"Point","coordinates":[84.61621388,23.5592388],"properties":{"name":"BD9","description":"<table border=\"1\" cellpadding=\"4\" cellspacing=\"0\" style=\"border-collapse:collapse;font-family:Arial;font-size:12px\"><tr><th align=\"left\">Parameter</th><th align=\"left\">Value</th></tr><tr><td>Pillar</td><td>BD9</td></tr><tr><td>Lease</td><td>Pakhar 109.507 Ha</td></tr><tr><td>Latitude</td><td>23.55923880</td></tr><tr><td>Longitude</td><td>84.61621388</td></tr><tr><td>Easting (m)</td><td>256675.840</td></tr><tr><td>Northing (m)</td><td>2607453.491</td></tr><tr><td>Zone / Datum</td><td>UTM 45N / WGS84</td></tr></table>","_styleUrl":"#pillar0"},"id":8},{"type":"Point","coordinates":[84.61657674,23.55940655],"properties":{"name":"BD10","description":"<table border=\"1\" cellpadding=\"4\" cellspacing=\"0\" style=\"border-collapse:collapse;font-family:Arial;font-size:12px\"><tr><th align=\"left\">Parameter</th><th align=\"left\">Value</th></tr><tr><td>Pillar</td><td>BD10</td></tr><tr><td>Lease</td><td>Pakhar 109.507 Ha</td></tr><tr><td>Latitude</td><td>23.55940655</td></tr><tr><td>Longitude</td><td>84.61657674</td></tr><tr><td>Easting (m)</td><td>256713.203</td></tr><tr><td>Northing (m)</td><td>2607471.457</td></tr><tr><td>Zone / Datum</td><td>UTM 45N / WGS84</td></tr></table>","_styleUrl":"#pillar0"},"id":9},{"type":"Point","coordinates":[84.61655652,23.55955884],"properties":{"name":"BD11","description":"<table border=\"1\" cellpadding=\"4\" cellspacing=\"0\" style=\"border-collapse:collapse;font-family:Arial;font-size:12px\"><tr><th align=\"left\">Parameter</th><th align=\"left\">Value</th></tr><tr><td>Pillar</td><td>BD11</td></tr><tr><td>Lease</td><td>Pakhar 109.507 Ha</td></tr><tr><td>Latitude</td><td>23.55955884</td></tr><tr><td>Longitude</td><td>84.61655652</td></tr><tr><td>Easting (m)</td><td>256711.419</td></tr><tr><td>Northing (m)</td><td>2607488.360</td></tr><tr><td>Zone / Datum</td><td>UTM 45N / WGS84</td></tr></table>","_styleUrl":"#pillar0"},"id":10},{"type":"Point","coordinates":[84.61685157,23.55990624],"properties":{"name":"BD12","description":"<table border=\"1\" cellpadding=\"4\" cellspacing=\"0\" style=\"border-collapse:collapse;font-family:Arial;font-size:12px\"><tr><th align=\"left\">Parameter</th><th align=\"left\">Value</th></tr><tr><td>Pillar</td><td>BD12</td></tr><tr><td>Lease</td><td>Pakhar 109.507 Ha</td></tr><tr><td>Latitude</td><td>23.55990624</td></tr><tr><td>Longitude</td><td>84.61685157</td></tr><tr><td>Easting (m)</td><td>256742.188</td></tr><tr><td>Northing (m)</td><td>2607526.342</td></tr><tr><td>Zone / Datum</td><td>UTM 45N / WGS84</td></tr></table>","_styleUrl":"#pillar0"},"id":11},{"type":"Point","coordinates":[84.61718827,23.55997049],"properties":{"name":"BD13","description":"<table border=\"1\" cellpadding=\"4\" cellspacing=\"0\" style=\"border-collapse:collapse;font-family:Arial;font-size:12px\"><tr><th align=\"left\">Parameter</th><th align=\"left\">Value</th></tr><tr><td>Pillar</td><td>BD13</td></tr><tr><td>Lease</td><td>Pakhar 109.507 Ha</td></tr><tr><td>Latitude</td><td>23.55997049</td></tr><tr><td>Longitude</td><td>84.61718827</td></tr><tr><td>Easting (m)</td><td>256776.688</td></tr><tr><td>Northing (m)</td><td>2607532.887</td></tr><tr><td>Zone / Datum</td><td>UTM 45N / WGS84</td></tr></table>","_styleUrl":"#pillar0"},"id":12},{"type":"Point","coordinates":[84.61765029,23.55982122],"properties":{"name":"BD14","description":"<table border=\"1\" cellpadding=\"4\" cellspacing=\"0\" style=\"border-collapse:collapse;font-family:Arial;font-size:12px\"><tr><th align=\"left\">Parameter</th><th align=\"left\">Value</th></tr><tr><td>Pillar</td><td>BD14</td></tr><tr><td>Lease</td><td>Pakhar 109.507 Ha</td></tr><tr><td>Latitude</td><td>23.55982122</td></tr><tr><td>Longitude</td><td>84.61765029</td></tr><tr><td>Easting (m)</td><td>256823.592</td></tr><tr><td>Northing (m)</td><td>2607515.567</td></tr><tr><td>Zone / Datum</td><td>UTM 45N / WGS84</td></tr></table>","_styleUrl":"#pillar0"},"id":13},{"type":"Point","coordinates":[84.61811626,23.55967068],"properties":{"name":"BD15","description":"<table border=\"1\" cellpadding=\"4\" cellspacing=\"0\" style=\"border-collapse:collapse;font-family:Arial;font-size:12px\"><tr><th align=\"left\">Parameter</th><th align=\"left\">Value</th></tr><tr><td>Pillar</td><td>BD15</td></tr><tr><td>Lease</td><td>Pakhar 109.507 Ha</td></tr><tr><td>Latitude</td><td>23.55967068</td></tr><tr><td>Longitude</td><td>84.61811626</td></tr><tr><td>Easting (m)</td><td>256870.897</td></tr><tr><td>Northing (m)</td><td>2607498.100</td></tr><tr><td>Zone / Datum</td><td>UTM 45N / WGS84</td></tr></table>","_styleUrl":"#pillar0"},"id":14},{"type":"Point","coordinates":[84.61841113,23.56003094],"properties":{"name":"BD16","description":"<table border=\"1\" cellpadding=\"4\" cellspacing=\"0\" style=\"border-collapse:collapse;font-family:Arial;font-size:12px\"><tr><th align=\"left\">Parameter</th><th align=\"left\">Value</th></tr><tr><td>Pillar</td><td>BD16</td></tr><tr><td>Lease</td><td>Pakhar 109.507 Ha</td></tr><tr><td>Latitude</td><td>23.56003094</td></tr><tr><td>Longitude</td><td>84.61841113</td></tr><tr><td>Easting (m)</td><td>256901.671</td></tr><tr><td>Northing (m)</td><td>2607537.507</td></tr><tr><td>Zone / Datum</td><td>UTM 45N / WGS84</td></tr></table>","_styleUrl":"#pillar0"},"id":15},{"type":"Point","coordinates":[84.61842915,23.56005138],"properties":{"name":"BD17","description":"<table border=\"1\" cellpadding=\"4\" cellspacing=\"0\" style=\"border-collapse:collapse;font-family:Arial;font-size:12px\"><tr><th align=\"left\">Parameter</th><th align=\"left\">Value</th></tr><tr><td>Pillar</td><td>BD17</td></tr><tr><td>Lease</td><td>Pakhar 109.507 Ha</td></tr><tr><td>Latitude</td><td>23.56005138</td></tr><tr><td>Longitude</td><td>84.61842915</td></tr><tr><td>Easting (m)</td><td>256903.549</td></tr><tr><td>Northing (m)</td><td>2607539.741</td></tr><tr><td>Zone / Datum</td><td>UTM 45N / WGS84</td></tr></table>","_styleUrl":"#pillar0"},"id":16},{"type":"Point","coordinates":[84.61855288,23.56002878],"properties":{"name":"BD18","description":"<table border=\"1\" cellpadding=\"4\" cellspacing=\"0\" style=\"border-collapse:collapse;font-family:Arial;font-size:12px\"><tr><th align=\"left\">Parameter</th><th align=\"left\">Value</th></tr><tr><td>Pillar</td><td>BD18</td></tr><tr><td>Lease</td><td>Pakhar 109.507 Ha</td></tr><tr><td>Latitude</td><td>23.56002878</td></tr><tr><td>Longitude</td><td>84.61855288</td></tr><tr><td>Easting (m)</td><td>256916.142</td></tr><tr><td>Northing (m)</td><td>2607537.027</td></tr><tr><td>Zone / Datum</td><td>UTM 45N / WGS84</td></tr></table>","_styleUrl":"#pillar0"},"id":17},{"type":"Point","coordinates":[84.61886528,23.56037628],"properties":{"name":"BD19","description":"<table border=\"1\" cellpadding=\"4\" cellspacing=\"0\" style=\"border-collapse:collapse;font-family:Arial;font-size:12px\"><tr><th align=\"left\">Parameter</th><th align=\"left\">Value</th></tr><tr><td>Pillar</td><td>BD19</td></tr><tr><td>Lease</td><td>Pakhar 109.507 Ha</td></tr><tr><td>Latitude</td><td>23.56037628</td></tr><tr><td>Longitude</td><td>84.61886528</td></tr><tr><td>Easting (m)</td><td>256948.682</td></tr><tr><td>Northing (m)</td><td>2607574.990</td></tr><tr><td>Zone / Datum</td><td>UTM 45N / WGS84</td></tr></table>","_styleUrl":"#pillar0"},"id":18},{"type":"Point","coordinates":[84.61919168,23.56071266],"properties":{"name":"BD20","description":"<table border=\"1\" cellpadding=\"4\" cellspacing=\"0\" style=\"border-collapse:collapse;font-family:Arial;font-size:12px\"><tr><th align=\"left\">Parameter</th><th align=\"left\">Value</th></tr><tr><td>Pillar</td><td>BD20</td></tr><tr><td>Lease</td><td>Pakhar 109.507 Ha</td></tr><tr><td>Latitude</td><td>23.56071266</td></tr><tr><td>Longitude</td><td>84.61919168</td></tr><tr><td>Easting (m)</td><td>256982.631</td></tr><tr><td>Northing (m)</td><td>2607611.698</td></tr><tr><td>Zone / Datum</td><td>UTM 45N / WGS84</td></tr></table>","_styleUrl":"#pillar0"},"id":19},{"type":"Point","coordinates":[84.61925483,23.56079258999999],"properties":{"name":"BD21","description":"<table border=\"1\" cellpadding=\"4\" cellspacing=\"0\" style=\"border-collapse:collapse;font-family:Arial;font-size:12px\"><tr><th align=\"left\">Parameter</th><th align=\"left\">Value</th></tr><tr><td>Pillar</td><td>BD21</td></tr><tr><td>Lease</td><td>Pakhar 109.507 Ha</td></tr><tr><td>Latitude</td><td>23.56079259</td></tr><tr><td>Longitude</td><td>84.61925483</td></tr><tr><td>Easting (m)</td><td>256989.227</td></tr><tr><td>Northing (m)</td><td>2607620.445</td></tr><tr><td>Zone / Datum</td><td>UTM 45N / WGS84</td></tr></table>","_styleUrl":"#pillar0"},"id":20},{"type":"Point","coordinates":[84.61922747,23.56094963],"properties":{"name":"BD22","description":"<table border=\"1\" cellpadding=\"4\" cellspacing=\"0\" style=\"border-collapse:collapse;font-family:Arial;font-size:12px\"><tr><th align=\"left\">Parameter</th><th align=\"left\">Value</th></tr><tr><td>Pillar</td><td>BD22</td></tr><tr><td>Lease</td><td>Pakhar 109.507 Ha</td></tr><tr><td>Latitude</td><td>23.56094963</td></tr><tr><td>Longitude</td><td>84.61922747</td></tr><tr><td>Easting (m)</td><td>256986.722</td></tr><tr><td>Northing (m)</td><td>2607637.888</td></tr><tr><td>Zone / Datum</td><td>UTM 45N / WGS84</td></tr></table>","_styleUrl":"#pillar0"},"id":21},{"type":"Point","coordinates":[84.61952535,23.56130778],"properties":{"name":"BD23","description":"<table border=\"1\" cellpadding=\"4\" cellspacing=\"0\" style=\"border-collapse:collapse;font-family:Arial;font-size:12px\"><tr><th align=\"left\">Parameter</th><th align=\"left\">Value</th></tr><tr><td>Pillar</td><td>BD23</td></tr><tr><td>Lease</td><td>Pakhar 109.507 Ha</td></tr><tr><td>Latitude</td><td>23.56130778</td></tr><tr><td>Longitude</td><td>84.61952535</td></tr><tr><td>Easting (m)</td><td>257017.799</td></tr><tr><td>Northing (m)</td><td>2607677.056</td></tr><tr><td>Zone / Datum</td><td>UTM 45N / WGS84</td></tr></table>","_styleUrl":"#pillar0"},"id":22},{"type":"Point","coordinates":[84.61980924,23.56163848],"properties":{"name":"BD24","description":"<table border=\"1\" cellpadding=\"4\" cellspacing=\"0\" style=\"border-collapse:collapse;font-family:Arial;font-size:12px\"><tr><th align=\"left\">Parameter</th><th align=\"left\">Value</th></tr><tr><td>Pillar</td><td>BD24</td></tr><tr><td>Lease</td><td>Pakhar 109.507 Ha</td></tr><tr><td>Latitude</td><td>23.56163848</td></tr><tr><td>Longitude</td><td>84.61980924</td></tr><tr><td>Easting (m)</td><td>257047.397</td></tr><tr><td>Northing (m)</td><td>2607713.207</td></tr><tr><td>Zone / Datum</td><td>UTM 45N / WGS84</td></tr></table>","_styleUrl":"#pillar0"},"id":23},{"type":"Point","coordinates":[84.62012572,23.56168369],"properties":{"name":"BD25","description":"<table border=\"1\" cellpadding=\"4\" cellspacing=\"0\" style=\"border-collapse:collapse;font-family:Arial;font-size:12px\"><tr><th align=\"left\">Parameter</th><th align=\"left\">Value</th></tr><tr><td>Pillar</td><td>BD25</td></tr><tr><td>Lease</td><td>Pakhar 109.507 Ha</td></tr><tr><td>Latitude</td><td>23.56168369</td></tr><tr><td>Longitude</td><td>84.62012572</td></tr><tr><td>Easting (m)</td><td>257079.796</td></tr><tr><td>Northing (m)</td><td>2607717.678</td></tr><tr><td>Zone / Datum</td><td>UTM 45N / WGS84</td></tr></table>","_styleUrl":"#pillar0"},"id":24},{"type":"Point","coordinates":[84.62061397,23.5617169],"properties":{"name":"BD26","description":"<table border=\"1\" cellpadding=\"4\" cellspacing=\"0\" style=\"border-collapse:collapse;font-family:Arial;font-size:12px\"><tr><th align=\"left\">Parameter</th><th align=\"left\">Value</th></tr><tr><td>Pillar</td><td>BD26</td></tr><tr><td>Lease</td><td>Pakhar 109.507 Ha</td></tr><tr><td>Latitude</td><td>23.56171690</td></tr><tr><td>Longitude</td><td>84.62061397</td></tr><tr><td>Easting (m)</td><td>257129.714</td></tr><tr><td>Northing (m)</td><td>2607720.528</td></tr><tr><td>Zone / Datum</td><td>UTM 45N / WGS84</td></tr></table>","_styleUrl":"#pillar0"},"id":25},{"type":"Point","coordinates":[84.62110221,23.56175045000001],"properties":{"name":"BD27","description":"<table border=\"1\" cellpadding=\"4\" cellspacing=\"0\" style=\"border-collapse:collapse;font-family:Arial;font-size:12px\"><tr><th align=\"left\">Parameter</th><th align=\"left\">Value</th></tr><tr><td>Pillar</td><td>BD27</td></tr><tr><td>Lease</td><td>Pakhar 109.507 Ha</td></tr><tr><td>Latitude</td><td>23.56175045</td></tr><tr><td>Longitude</td><td>84.62110221</td></tr><tr><td>Easting (m)</td><td>257179.631</td></tr><tr><td>Northing (m)</td><td>2607723.417</td></tr><tr><td>Zone / Datum</td><td>UTM 45N / WGS84</td></tr></table>","_styleUrl":"#pillar0"},"id":26},{"type":"Point","coordinates":[84.62120123,23.56175627],"properties":{"name":"BD28","description":"<table border=\"1\" cellpadding=\"4\" cellspacing=\"0\" style=\"border-collapse:collapse;font-family:Arial;font-size:12px\"><tr><th align=\"left\">Parameter</th><th align=\"left\">Value</th></tr><tr><td>Pillar</td><td>BD28</td></tr><tr><td>Lease</td><td>Pakhar 109.507 Ha</td></tr><tr><td>Latitude</td><td>23.56175627</td></tr><tr><td>Longitude</td><td>84.62120123</td></tr><tr><td>Easting (m)</td><td>257189.753</td></tr><tr><td>Northing (m)</td><td>2607723.893</td></tr><tr><td>Zone / Datum</td><td>UTM 45N / WGS84</td></tr></table>","_styleUrl":"#pillar0"},"id":27},{"type":"Point","coordinates":[84.62144631,23.56162302],"properties":{"name":"BD29","description":"<table border=\"1\" cellpadding=\"4\" cellspacing=\"0\" style=\"border-collapse:collapse;font-family:Arial;font-size:12px\"><tr><th align=\"left\">Parameter</th><th align=\"left\">Value</th></tr><tr><td>Pillar</td><td>BD29</td></tr><tr><td>Lease</td><td>Pakhar 109.507 Ha</td></tr><tr><td>Latitude</td><td>23.56162302</td></tr><tr><td>Longitude</td><td>84.62144631</td></tr><tr><td>Easting (m)</td><td>257214.534</td></tr><tr><td>Northing (m)</td><td>2607708.717</td></tr><tr><td>Zone / Datum</td><td>UTM 45N / WGS84</td></tr></table>","_styleUrl":"#pillar0"},"id":28},{"type":"Point","coordinates":[84.62153435,23.56167774],"properties":{"name":"BD30","description":"<table border=\"1\" cellpadding=\"4\" cellspacing=\"0\" style=\"border-collapse:collapse;font-family:Arial;font-size:12px\"><tr><th align=\"left\">Parameter</th><th align=\"left\">Value</th></tr><tr><td>Pillar</td><td>BD30</td></tr><tr><td>Lease</td><td>Pakhar 109.507 Ha</td></tr><tr><td>Latitude</td><td>23.56167774</td></tr><tr><td>Longitude</td><td>84.62153435</td></tr><tr><td>Easting (m)</td><td>257223.625</td></tr><tr><td>Northing (m)</td><td>2607714.630</td></tr><tr><td>Zone / Datum</td><td>UTM 45N / WGS84</td></tr></table>","_styleUrl":"#pillar0"},"id":29},{"type":"Point","coordinates":[84.62129998,23.56182528],"properties":{"name":"BD31","description":"<table border=\"1\" cellpadding=\"4\" cellspacing=\"0\" style=\"border-collapse:collapse;font-family:Arial;font-size:12px\"><tr><th align=\"left\">Parameter</th><th align=\"left\">Value</th></tr><tr><td>Pillar</td><td>BD31</td></tr><tr><td>Lease</td><td>Pakhar 109.507 Ha</td></tr><tr><td>Latitude</td><td>23.56182528</td></tr><tr><td>Longitude</td><td>84.62129998</td></tr><tr><td>Easting (m)</td><td>257199.964</td></tr><tr><td>Northing (m)</td><td>2607731.370</td></tr><tr><td>Zone / Datum</td><td>UTM 45N / WGS84</td></tr></table>","_styleUrl":"#pillar0"},"id":30},{"type":"Point","coordinates":[84.62123692,23.56197756],"properties":{"name":"BD32","description":"<table border=\"1\" cellpadding=\"4\" cellspacing=\"0\" style=\"border-collapse:collapse;font-family:Arial;font-size:12px\"><tr><th align=\"left\">Parameter</th><th align=\"left\">Value</th></tr><tr><td>Pillar</td><td>BD32</td></tr><tr><td>Lease</td><td>Pakhar 109.507 Ha</td></tr><tr><td>Latitude</td><td>23.56197756</td></tr><tr><td>Longitude</td><td>84.62123692</td></tr><tr><td>Easting (m)</td><td>257193.805</td></tr><tr><td>Northing (m)</td><td>2607748.346</td></tr><tr><td>Zone / Datum</td><td>UTM 45N / WGS84</td></tr></table>","_styleUrl":"#pillar0"},"id":31},{"type":"Point","coordinates":[84.6214346,23.56239044000001],"properties":{"name":"BD33","description":"<table border=\"1\" cellpadding=\"4\" cellspacing=\"0\" style=\"border-collapse:collapse;font-family:Arial;font-size:12px\"><tr><th align=\"left\">Parameter</th><th align=\"left\">Value</th></tr><tr><td>Pillar</td><td>BD33</td></tr><tr><td>Lease</td><td>Pakhar 109.507 Ha</td></tr><tr><td>Latitude</td><td>23.56239044</td></tr><tr><td>Longitude</td><td>84.62143460</td></tr><tr><td>Easting (m)</td><td>257214.750</td></tr><tr><td>Northing (m)</td><td>2607793.747</td></tr><tr><td>Zone / Datum</td><td>UTM 45N / WGS84</td></tr></table>","_styleUrl":"#pillar0"},"id":32},{"type":"Point","coordinates":[84.62151888,23.56256648],"properties":{"name":"BD34","description":"<table border=\"1\" cellpadding=\"4\" cellspacing=\"0\" style=\"border-collapse:collapse;font-family:Arial;font-size:12px\"><tr><th align=\"left\">Parameter</th><th align=\"left\">Value</th></tr><tr><td>Pillar</td><td>BD34</td></tr><tr><td>Lease</td><td>Pakhar 109.507 Ha</td></tr><tr><td>Latitude</td><td>23.56256648</td></tr><tr><td>Longitude</td><td>84.62151888</td></tr><tr><td>Easting (m)</td><td>257223.680</td></tr><tr><td>Northing (m)</td><td>2607813.104</td></tr><tr><td>Zone / Datum</td><td>UTM 45N / WGS84</td></tr></table>","_styleUrl":"#pillar0"},"id":33},{"type":"Point","coordinates":[84.62165808,23.56271162],"properties":{"name":"BD35","description":"<table border=\"1\" cellpadding=\"4\" cellspacing=\"0\" style=\"border-collapse:collapse;font-family:Arial;font-size:12px\"><tr><th align=\"left\">Parameter</th><th align=\"left\">Value</th></tr><tr><td>Pillar</td><td>BD35</td></tr><tr><td>Lease</td><td>Pakhar 109.507 Ha</td></tr><tr><td>Latitude</td><td>23.56271162</td></tr><tr><td>Longitude</td><td>84.62165808</td></tr><tr><td>Easting (m)</td><td>257238.161</td></tr><tr><td>Northing (m)</td><td>2607828.946</td></tr><tr><td>Zone / Datum</td><td>UTM 45N / WGS84</td></tr></table>","_styleUrl":"#pillar0"},"id":34},{"type":"Point","coordinates":[84.62193291,23.56289365],"properties":{"name":"BD36","description":"<table border=\"1\" cellpadding=\"4\" cellspacing=\"0\" style=\"border-collapse:collapse;font-family:Arial;font-size:12px\"><tr><th align=\"left\">Parameter</th><th align=\"left\">Value</th></tr><tr><td>Pillar</td><td>BD36</td></tr><tr><td>Lease</td><td>Pakhar 109.507 Ha</td></tr><tr><td>Latitude</td><td>23.56289365</td></tr><tr><td>Longitude</td><td>84.62193291</td></tr><tr><td>Easting (m)</td><td>257266.559</td></tr><tr><td>Northing (m)</td><td>2607848.644</td></tr><tr><td>Zone / Datum</td><td>UTM 45N / WGS84</td></tr></table>","_styleUrl":"#pillar0"},"id":35},{"type":"Point","coordinates":[84.62207782,23.56332474],"properties":{"name":"BD37","description":"<table border=\"1\" cellpadding=\"4\" cellspacing=\"0\" style=\"border-collapse:collapse;font-family:Arial;font-size:12px\"><tr><th align=\"left\">Parameter</th><th align=\"left\">Value</th></tr><tr><td>Pillar</td><td>BD37</td></tr><tr><td>Lease</td><td>Pakhar 109.507 Ha</td></tr><tr><td>Latitude</td><td>23.56332474</td></tr><tr><td>Longitude</td><td>84.62207782</td></tr><tr><td>Easting (m)</td><td>257282.149</td></tr><tr><td>Northing (m)</td><td>2607896.151</td></tr><tr><td>Zone / Datum</td><td>UTM 45N / WGS84</td></tr></table>","_styleUrl":"#pillar0"},"id":36},{"type":"Point","coordinates":[84.62222274,23.56375583],"properties":{"name":"BD38","description":"<table border=\"1\" cellpadding=\"4\" cellspacing=\"0\" style=\"border-collapse:collapse;font-family:Arial;font-size:12px\"><tr><th align=\"left\">Parameter</th><th align=\"left\">Value</th></tr><tr><td>Pillar</td><td>BD38</td></tr><tr><td>Lease</td><td>Pakhar 109.507 Ha</td></tr><tr><td>Latitude</td><td>23.56375583</td></tr><tr><td>Longitude</td><td>84.62222274</td></tr><tr><td>Easting (m)</td><td>257297.739</td></tr><tr><td>Northing (m)</td><td>2607943.659</td></tr><tr><td>Zone / Datum</td><td>UTM 45N / WGS84</td></tr></table>","_styleUrl":"#pillar0"},"id":37},{"type":"Point","coordinates":[84.62235765,23.56415715],"properties":{"name":"BD39","description":"<table border=\"1\" cellpadding=\"4\" cellspacing=\"0\" style=\"border-collapse:collapse;font-family:Arial;font-size:12px\"><tr><th align=\"left\">Parameter</th><th align=\"left\">Value</th></tr><tr><td>Pillar</td><td>BD39</td></tr><tr><td>Lease</td><td>Pakhar 109.507 Ha</td></tr><tr><td>Latitude</td><td>23.56415715</td></tr><tr><td>Longitude</td><td>84.62235765</td></tr><tr><td>Easting (m)</td><td>257312.253</td></tr><tr><td>Northing (m)</td><td>2607987.885</td></tr><tr><td>Zone / Datum</td><td>UTM 45N / WGS84</td></tr></table>","_styleUrl":"#pillar0"},"id":38},{"type":"Point","coordinates":[84.62264004,23.56452582],"properties":{"name":"BD40","description":"<table border=\"1\" cellpadding=\"4\" cellspacing=\"0\" style=\"border-collapse:collapse;font-family:Arial;font-size:12px\"><tr><th align=\"left\">Parameter</th><th align=\"left\">Value</th></tr><tr><td>Pillar</td><td>BD40</td></tr><tr><td>Lease</td><td>Pakhar 109.507 Ha</td></tr><tr><td>Latitude</td><td>23.56452582</td></tr><tr><td>Longitude</td><td>84.62264004</td></tr><tr><td>Easting (m)</td><td>257341.766</td></tr><tr><td>Northing (m)</td><td>2608028.246</td></tr><tr><td>Zone / Datum</td><td>UTM 45N / WGS84</td></tr></table>","_styleUrl":"#pillar0"},"id":39},{"type":"Point","coordinates":[84.62291444,23.56488407],"properties":{"name":"BD41","description":"<table border=\"1\" cellpadding=\"4\" cellspacing=\"0\" style=\"border-collapse:collapse;font-family:Arial;font-size:12px\"><tr><th align=\"left\">Parameter</th><th align=\"left\">Value</th></tr><tr><td>Pillar</td><td>BD41</td></tr><tr><td>Lease</td><td>Pakhar 109.507 Ha</td></tr><tr><td>Latitude</td><td>23.56488407</td></tr><tr><td>Longitude</td><td>84.62291444</td></tr><tr><td>Easting (m)</td><td>257370.444</td></tr><tr><td>Northing (m)</td><td>2608067.465</td></tr><tr><td>Zone / Datum</td><td>UTM 45N / WGS84</td></tr></table>","_styleUrl":"#pillar0"},"id":40},{"type":"Point","coordinates":[84.62331481,23.56514383],"properties":{"name":"BD42","description":"<table border=\"1\" cellpadding=\"4\" cellspacing=\"0\" style=\"border-collapse:collapse;font-family:Arial;font-size:12px\"><tr><th align=\"left\">Parameter</th><th align=\"left\">Value</th></tr><tr><td>Pillar</td><td>BD42</td></tr><tr><td>Lease</td><td>Pakhar 109.507 Ha</td></tr><tr><td>Latitude</td><td>23.56514383</td></tr><tr><td>Longitude</td><td>84.62331481</td></tr><tr><td>Easting (m)</td><td>257411.803</td></tr><tr><td>Northing (m)</td><td>2608095.561</td></tr><tr><td>Zone / Datum</td><td>UTM 45N / WGS84</td></tr></table>","_styleUrl":"#pillar0"},"id":41},{"type":"Point","coordinates":[84.62371519,23.5654036],"properties":{"name":"BD43","description":"<table border=\"1\" cellpadding=\"4\" cellspacing=\"0\" style=\"border-collapse:collapse;font-family:Arial;font-size:12px\"><tr><th align=\"left\">Parameter</th><th align=\"left\">Value</th></tr><tr><td>Pillar</td><td>BD43</td></tr><tr><td>Lease</td><td>Pakhar 109.507 Ha</td></tr><tr><td>Latitude</td><td>23.56540360</td></tr><tr><td>Longitude</td><td>84.62371519</td></tr><tr><td>Easting (m)</td><td>257453.163</td></tr><tr><td>Northing (m)</td><td>2608123.658</td></tr><tr><td>Zone / Datum</td><td>UTM 45N / WGS84</td></tr></table>","_styleUrl":"#pillar0"},"id":42},{"type":"Point","coordinates":[84.62411439,23.56566487],"properties":{"name":"BD44","description":"<table border=\"1\" cellpadding=\"4\" cellspacing=\"0\" style=\"border-collapse:collapse;font-family:Arial;font-size:12px\"><tr><th align=\"left\">Parameter</th><th align=\"left\">Value</th></tr><tr><td>Pillar</td><td>BD44</td></tr><tr><td>Lease</td><td>Pakhar 109.507 Ha</td></tr><tr><td>Latitude</td><td>23.56566487</td></tr><tr><td>Longitude</td><td>84.62411439</td></tr><tr><td>Easting (m)</td><td>257494.406</td></tr><tr><td>Northing (m)</td><td>2608151.924</td></tr><tr><td>Zone / Datum</td><td>UTM 45N / WGS84</td></tr></table>","_styleUrl":"#pillar0"},"id":43},{"type":"Point","coordinates":[84.6245118,23.56592849],"properties":{"name":"BD45","description":"<table border=\"1\" cellpadding=\"4\" cellspacing=\"0\" style=\"border-collapse:collapse;font-family:Arial;font-size:12px\"><tr><th align=\"left\">Parameter</th><th align=\"left\">Value</th></tr><tr><td>Pillar</td><td>BD45</td></tr><tr><td>Lease</td><td>Pakhar 109.507 Ha</td></tr><tr><td>Latitude</td><td>23.56592849</td></tr><tr><td>Longitude</td><td>84.62451180</td></tr><tr><td>Easting (m)</td><td>257535.469</td></tr><tr><td>Northing (m)</td><td>2608180.452</td></tr><tr><td>Zone / Datum</td><td>UTM 45N / WGS84</td></tr></table>","_styleUrl":"#pillar0"},"id":44},{"type":"Point","coordinates":[84.62490919,23.56619209999999],"properties":{"name":"BD46","description":"<table border=\"1\" cellpadding=\"4\" cellspacing=\"0\" style=\"border-collapse:collapse;font-family:Arial;font-size:12px\"><tr><th align=\"left\">Parameter</th><th align=\"left\">Value</th></tr><tr><td>Pillar</td><td>BD46</td></tr><tr><td>Lease</td><td>Pakhar 109.507 Ha</td></tr><tr><td>Latitude</td><td>23.56619210</td></tr><tr><td>Longitude</td><td>84.62490919</td></tr><tr><td>Easting (m)</td><td>257576.531</td></tr><tr><td>Northing (m)</td><td>2608208.980</td></tr><tr><td>Zone / Datum</td><td>UTM 45N / WGS84</td></tr></table>","_styleUrl":"#pillar0"},"id":45},{"type":"Point","coordinates":[84.62502859,23.5662713],"properties":{"name":"BD47","description":"<table border=\"1\" cellpadding=\"4\" cellspacing=\"0\" style=\"border-collapse:collapse;font-family:Arial;font-size:12px\"><tr><th align=\"left\">Parameter</th><th align=\"left\">Value</th></tr><tr><td>Pillar</td><td>BD47</td></tr><tr><td>Lease</td><td>Pakhar 109.507 Ha</td></tr><tr><td>Latitude</td><td>23.56627130</td></tr><tr><td>Longitude</td><td>84.62502859</td></tr><tr><td>Easting (m)</td><td>257588.868</td></tr><tr><td>Northing (m)</td><td>2608217.551</td></tr><tr><td>Zone / Datum</td><td>UTM 45N / WGS84</td></tr></table>","_styleUrl":"#pillar0"},"id":46},{"type":"Point","coordinates":[84.62531994,23.56590859],"properties":{"name":"BD48","description":"<table border=\"1\" cellpadding=\"4\" cellspacing=\"0\" style=\"border-collapse:collapse;font-family:Arial;font-size:12px\"><tr><th align=\"left\">Parameter</th><th align=\"left\">Value</th></tr><tr><td>Pillar</td><td>BD48</td></tr><tr><td>Lease</td><td>Pakhar 109.507 Ha</td></tr><tr><td>Latitude</td><td>23.56590859</td></tr><tr><td>Longitude</td><td>84.62531994</td></tr><tr><td>Easting (m)</td><td>257617.952</td></tr><tr><td>Northing (m)</td><td>2608176.880</td></tr><tr><td>Zone / Datum</td><td>UTM 45N / WGS84</td></tr></table>","_styleUrl":"#pillar0"},"id":47},{"type":"Point","coordinates":[84.62561339,23.56554733],"properties":{"name":"BD49","description":"<table border=\"1\" cellpadding=\"4\" cellspacing=\"0\" style=\"border-collapse:collapse;font-family:Arial;font-size:12px\"><tr><th align=\"left\">Parameter</th><th align=\"left\">Value</th></tr><tr><td>Pillar</td><td>BD49</td></tr><tr><td>Lease</td><td>Pakhar 109.507 Ha</td></tr><tr><td>Latitude</td><td>23.56554733</td></tr><tr><td>Longitude</td><td>84.62561339</td></tr><tr><td>Easting (m)</td><td>257647.252</td></tr><tr><td>Northing (m)</td><td>2608136.365</td></tr><tr><td>Zone / Datum</td><td>UTM 45N / WGS84</td></tr></table>","_styleUrl":"#pillar0"},"id":48},{"type":"Point","coordinates":[84.62592715,23.56520086],"properties":{"name":"BD50","description":"<table border=\"1\" cellpadding=\"4\" cellspacing=\"0\" style=\"border-collapse:collapse;font-family:Arial;font-size:12px\"><tr><th align=\"left\">Parameter</th><th align=\"left\">Value</th></tr><tr><td>Pillar</td><td>BD50</td></tr><tr><td>Lease</td><td>Pakhar 109.507 Ha</td></tr><tr><td>Latitude</td><td>23.56520086</td></tr><tr><td>Longitude</td><td>84.62592715</td></tr><tr><td>Easting (m)</td><td>257678.654</td></tr><tr><td>Northing (m)</td><td>2608097.455</td></tr><tr><td>Zone / Datum</td><td>UTM 45N / WGS84</td></tr></table>","_styleUrl":"#pillar0"},"id":49},{"type":"Point","coordinates":[84.6262409,23.56485441],"properties":{"name":"BD51","description":"<table border=\"1\" cellpadding=\"4\" cellspacing=\"0\" style=\"border-collapse:collapse;font-family:Arial;font-size:12px\"><tr><th align=\"left\">Parameter</th><th align=\"left\">Value</th></tr><tr><td>Pillar</td><td>BD51</td></tr><tr><td>Lease</td><td>Pakhar 109.507 Ha</td></tr><tr><td>Latitude</td><td>23.56485441</td></tr><tr><td>Longitude</td><td>84.62624090</td></tr><tr><td>Easting (m)</td><td>257710.055</td></tr><tr><td>Northing (m)</td><td>2608058.546</td></tr><tr><td>Zone / Datum</td><td>UTM 45N / WGS84</td></tr></table>","_styleUrl":"#pillar0"},"id":50},{"type":"Point","coordinates":[84.62655466,23.56450794],"properties":{"name":"BD52","description":"<table border=\"1\" cellpadding=\"4\" cellspacing=\"0\" style=\"border-collapse:collapse;font-family:Arial;font-size:12px\"><tr><th align=\"left\">Parameter</th><th align=\"left\">Value</th></tr><tr><td>Pillar</td><td>BD52</td></tr><tr><td>Lease</td><td>Pakhar 109.507 Ha</td></tr><tr><td>Latitude</td><td>23.56450794</td></tr><tr><td>Longitude</td><td>84.62655466</td></tr><tr><td>Easting (m)</td><td>257741.457</td></tr><tr><td>Northing (m)</td><td>2608019.636</td></tr><tr><td>Zone / Datum</td><td>UTM 45N / WGS84</td></tr></table>","_styleUrl":"#pillar0"},"id":51},{"type":"Point","coordinates":[84.62686841,23.56416148],"properties":{"name":"BD53","description":"<table border=\"1\" cellpadding=\"4\" cellspacing=\"0\" style=\"border-collapse:collapse;font-family:Arial;font-size:12px\"><tr><th align=\"left\">Parameter</th><th align=\"left\">Value</th></tr><tr><td>Pillar</td><td>BD53</td></tr><tr><td>Lease</td><td>Pakhar 109.507 Ha</td></tr><tr><td>Latitude</td><td>23.56416148</td></tr><tr><td>Longitude</td><td>84.62686841</td></tr><tr><td>Easting (m)</td><td>257772.858</td></tr><tr><td>Northing (m)</td><td>2607980.727</td></tr><tr><td>Zone / Datum</td><td>UTM 45N / WGS84</td></tr></table>","_styleUrl":"#pillar0"},"id":52},{"type":"Point","coordinates":[84.62718216,23.56381501],"properties":{"name":"BD54","description":"<table border=\"1\" cellpadding=\"4\" cellspacing=\"0\" style=\"border-collapse:collapse;font-family:Arial;font-size:12px\"><tr><th align=\"left\">Parameter</th><th align=\"left\">Value</th></tr><tr><td>Pillar</td><td>BD54</td></tr><tr><td>Lease</td><td>Pakhar 109.507 Ha</td></tr><tr><td>Latitude</td><td>23.56381501</td></tr><tr><td>Longitude</td><td>84.62718216</td></tr><tr><td>Easting (m)</td><td>257804.260</td></tr><tr><td>Northing (m)</td><td>2607941.817</td></tr><tr><td>Zone / Datum</td><td>UTM 45N / WGS84</td></tr></table>","_styleUrl":"#pillar0"},"id":53},{"type":"Point","coordinates":[84.62749591,23.56346855],"properties":{"name":"BD55","description":"<table border=\"1\" cellpadding=\"4\" cellspacing=\"0\" style=\"border-collapse:collapse;font-family:Arial;font-size:12px\"><tr><th align=\"left\">Parameter</th><th align=\"left\">Value</th></tr><tr><td>Pillar</td><td>BD55</td></tr><tr><td>Lease</td><td>Pakhar 109.507 Ha</td></tr><tr><td>Latitude</td><td>23.56346855</td></tr><tr><td>Longitude</td><td>84.62749591</td></tr><tr><td>Easting (m)</td><td>257835.661</td></tr><tr><td>Northing (m)</td><td>2607902.908</td></tr><tr><td>Zone / Datum</td><td>UTM 45N / WGS84</td></tr></table>","_styleUrl":"#pillar0"},"id":54},{"type":"Point","coordinates":[84.62780966,23.56312208],"properties":{"name":"BD56","description":"<table border=\"1\" cellpadding=\"4\" cellspacing=\"0\" style=\"border-collapse:collapse;font-family:Arial;font-size:12px\"><tr><th align=\"left\">Parameter</th><th align=\"left\">Value</th></tr><tr><td>Pillar</td><td>BD56</td></tr><tr><td>Lease</td><td>Pakhar 109.507 Ha</td></tr><tr><td>Latitude</td><td>23.56312208</td></tr><tr><td>Longitude</td><td>84.62780966</td></tr><tr><td>Easting (m)</td><td>257867.063</td></tr><tr><td>Northing (m)</td><td>2607863.998</td></tr><tr><td>Zone / Datum</td><td>UTM 45N / WGS84</td></tr></table>","_styleUrl":"#pillar0"},"id":55},{"type":"Point","coordinates":[84.6281234,23.56277562],"properties":{"name":"BD57","description":"<table border=\"1\" cellpadding=\"4\" cellspacing=\"0\" style=\"border-collapse:collapse;font-family:Arial;font-size:12px\"><tr><th align=\"left\">Parameter</th><th align=\"left\">Value</th></tr><tr><td>Pillar</td><td>BD57</td></tr><tr><td>Lease</td><td>Pakhar 109.507 Ha</td></tr><tr><td>Latitude</td><td>23.56277562</td></tr><tr><td>Longitude</td><td>84.62812340</td></tr><tr><td>Easting (m)</td><td>257898.464</td></tr><tr><td>Northing (m)</td><td>2607825.089</td></tr><tr><td>Zone / Datum</td><td>UTM 45N / WGS84</td></tr></table>","_styleUrl":"#pillar0"},"id":56},{"type":"Point","coordinates":[84.62823968,23.56264721],"properties":{"name":"BD58","description":"<table border=\"1\" cellpadding=\"4\" cellspacing=\"0\" style=\"border-collapse:collapse;font-family:Arial;font-size:12px\"><tr><th align=\"left\">Parameter</th><th align=\"left\">Value</th></tr><tr><td>Pillar</td><td>BD58</td></tr><tr><td>Lease</td><td>Pakhar 109.507 Ha</td></tr><tr><td>Latitude</td><td>23.56264721</td></tr><tr><td>Longitude</td><td>84.62823968</td></tr><tr><td>Easting (m)</td><td>257910.102</td></tr><tr><td>Northing (m)</td><td>2607810.668</td></tr><tr><td>Zone / Datum</td><td>UTM 45N / WGS84</td></tr></table>","_styleUrl":"#pillar0"},"id":57},{"type":"Point","coordinates":[84.62788355,23.56233751],"properties":{"name":"BD59","description":"<table border=\"1\" cellpadding=\"4\" cellspacing=\"0\" style=\"border-collapse:collapse;font-family:Arial;font-size:12px\"><tr><th align=\"left\">Parameter</th><th align=\"left\">Value</th></tr><tr><td>Pillar</td><td>BD59</td></tr><tr><td>Lease</td><td>Pakhar 109.507 Ha</td></tr><tr><td>Latitude</td><td>23.56233751</td></tr><tr><td>Longitude</td><td>84.62788355</td></tr><tr><td>Easting (m)</td><td>257873.169</td></tr><tr><td>Northing (m)</td><td>2607776.964</td></tr><tr><td>Zone / Datum</td><td>UTM 45N / WGS84</td></tr></table>","_styleUrl":"#pillar0"},"id":58},{"type":"Point","coordinates":[84.62762696,23.56211438],"properties":{"name":"BD60","description":"<table border=\"1\" cellpadding=\"4\" cellspacing=\"0\" style=\"border-collapse:collapse;font-family:Arial;font-size:12px\"><tr><th align=\"left\">Parameter</th><th align=\"left\">Value</th></tr><tr><td>Pillar</td><td>BD60</td></tr><tr><td>Lease</td><td>Pakhar 109.507 Ha</td></tr><tr><td>Latitude</td><td>23.56211438</td></tr><tr><td>Longitude</td><td>84.62762696</td></tr><tr><td>Easting (m)</td><td>257846.559</td></tr><tr><td>Northing (m)</td><td>2607752.681</td></tr><tr><td>Zone / Datum</td><td>UTM 45N / WGS84</td></tr></table>","_styleUrl":"#pillar0"},"id":59},{"type":"Point","coordinates":[84.62720042,23.56189284],"properties":{"name":"BD61","description":"<table border=\"1\" cellpadding=\"4\" cellspacing=\"0\" style=\"border-collapse:collapse;font-family:Arial;font-size:12px\"><tr><th align=\"left\">Parameter</th><th align=\"left\">Value</th></tr><tr><td>Pillar</td><td>BD61</td></tr><tr><td>Lease</td><td>Pakhar 109.507 Ha</td></tr><tr><td>Latitude</td><td>23.56189284</td></tr><tr><td>Longitude</td><td>84.62720042</td></tr><tr><td>Easting (m)</td><td>257802.597</td></tr><tr><td>Northing (m)</td><td>2607728.862</td></tr><tr><td>Zone / Datum</td><td>UTM 45N / WGS84</td></tr></table>","_styleUrl":"#pillar0"},"id":60},{"type":"Point","coordinates":[84.62677376,23.56167149],"properties":{"name":"BD62","description":"<table border=\"1\" cellpadding=\"4\" cellspacing=\"0\" style=\"border-collapse:collapse;font-family:Arial;font-size:12px\"><tr><th align=\"left\">Parameter</th><th align=\"left\">Value</th></tr><tr><td>Pillar</td><td>BD62</td></tr><tr><td>Lease</td><td>Pakhar 109.507 Ha</td></tr><tr><td>Latitude</td><td>23.56167149</td></tr><tr><td>Longitude</td><td>84.62677376</td></tr><tr><td>Easting (m)</td><td>257758.624</td></tr><tr><td>Northing (m)</td><td>2607705.064</td></tr><tr><td>Zone / Datum</td><td>UTM 45N / WGS84</td></tr></table>","_styleUrl":"#pillar0"},"id":61},{"type":"Point","coordinates":[84.6263471,23.56145014],"properties":{"name":"BD63","description":"<table border=\"1\" cellpadding=\"4\" cellspacing=\"0\" style=\"border-collapse:collapse;font-family:Arial;font-size:12px\"><tr><th align=\"left\">Parameter</th><th align=\"left\">Value</th></tr><tr><td>Pillar</td><td>BD63</td></tr><tr><td>Lease</td><td>Pakhar 109.507 Ha</td></tr><tr><td>Latitude</td><td>23.56145014</td></tr><tr><td>Longitude</td><td>84.62634710</td></tr><tr><td>Easting (m)</td><td>257714.650</td></tr><tr><td>Northing (m)</td><td>2607681.266</td></tr><tr><td>Zone / Datum</td><td>UTM 45N / WGS84</td></tr></table>","_styleUrl":"#pillar0"},"id":62},{"type":"Point","coordinates":[84.62615289,23.56134939],"properties":{"name":"BD64","description":"<table border=\"1\" cellpadding=\"4\" cellspacing=\"0\" style=\"border-collapse:collapse;font-family:Arial;font-size:12px\"><tr><th align=\"left\">Parameter</th><th align=\"left\">Value</th></tr><tr><td>Pillar</td><td>BD64</td></tr><tr><td>Lease</td><td>Pakhar 109.507 Ha</td></tr><tr><td>Latitude</td><td>23.56134939</td></tr><tr><td>Longitude</td><td>84.62615289</td></tr><tr><td>Easting (m)</td><td>257694.634</td></tr><tr><td>Northing (m)</td><td>2607670.434</td></tr><tr><td>Zone / Datum</td><td>UTM 45N / WGS84</td></tr></table>","_styleUrl":"#pillar0"},"id":63},{"type":"Point","coordinates":[84.62615289,23.56146003],"properties":{"name":"BD65","description":"<table border=\"1\" cellpadding=\"4\" cellspacing=\"0\" style=\"border-collapse:collapse;font-family:Arial;font-size:12px\"><tr><th align=\"left\">Parameter</th><th align=\"left\">Value</th></tr><tr><td>Pillar</td><td>BD65</td></tr><tr><td>Lease</td><td>Pakhar 109.507 Ha</td></tr><tr><td>Latitude</td><td>23.56146003</td></tr><tr><td>Longitude</td><td>84.62615289</td></tr><tr><td>Easting (m)</td><td>257694.837</td></tr><tr><td>Northing (m)</td><td>2607682.690</td></tr><tr><td>Zone / Datum</td><td>UTM 45N / WGS84</td></tr></table>","_styleUrl":"#pillar0"},"id":64},{"type":"Point","coordinates":[84.62657232,23.56169282],"properties":{"name":"BD66","description":"<table border=\"1\" cellpadding=\"4\" cellspacing=\"0\" style=\"border-collapse:collapse;font-family:Arial;font-size:12px\"><tr><th align=\"left\">Parameter</th><th align=\"left\">Value</th></tr><tr><td>Pillar</td><td>BD66</td></tr><tr><td>Lease</td><td>Pakhar 109.507 Ha</td></tr><tr><td>Latitude</td><td>23.56169282</td></tr><tr><td>Longitude</td><td>84.62657232</td></tr><tr><td>Easting (m)</td><td>257738.093</td></tr><tr><td>Northing (m)</td><td>2607707.767</td></tr><tr><td>Zone / Datum</td><td>UTM 45N / WGS84</td></tr></table>","_styleUrl":"#pillar0"},"id":65},{"type":"Point","coordinates":[84.62663948,23.5617301],"properties":{"name":"BD67","description":"<table border=\"1\" cellpadding=\"4\" cellspacing=\"0\" style=\"border-collapse:collapse;font-family:Arial;font-size:12px\"><tr><th align=\"left\">Parameter</th><th align=\"left\">Value</th></tr><tr><td>Pillar</td><td>BD67</td></tr><tr><td>Lease</td><td>Pakhar 109.507 Ha</td></tr><tr><td>Latitude</td><td>23.56173010</td></tr><tr><td>Longitude</td><td>84.62663948</td></tr><tr><td>Easting (m)</td><td>257745.020</td></tr><tr><td>Northing (m)</td><td>2607711.783</td></tr><tr><td>Zone / Datum</td><td>UTM 45N / WGS84</td></tr></table>","_styleUrl":"#pillar0"},"id":66},{"type":"Point","coordinates":[84.6264408,23.56198827],"properties":{"name":"BD68","description":"<table border=\"1\" cellpadding=\"4\" cellspacing=\"0\" style=\"border-collapse:collapse;font-family:Arial;font-size:12px\"><tr><th align=\"left\">Parameter</th><th align=\"left\">Value</th></tr><tr><td>Pillar</td><td>BD68</td></tr><tr><td>Lease</td><td>Pakhar 109.507 Ha</td></tr><tr><td>Latitude</td><td>23.56198827</td></tr><tr><td>Longitude</td><td>84.62644080</td></tr><tr><td>Easting (m)</td><td>257725.206</td></tr><tr><td>Northing (m)</td><td>2607740.718</td></tr><tr><td>Zone / Datum</td><td>UTM 45N / WGS84</td></tr></table>","_styleUrl":"#pillar0"},"id":67},{"type":"Point","coordinates":[84.62612434,23.56178839],"properties":{"name":"BD69","description":"<table border=\"1\" cellpadding=\"4\" cellspacing=\"0\" style=\"border-collapse:collapse;font-family:Arial;font-size:12px\"><tr><th align=\"left\">Parameter</th><th align=\"left\">Value</th></tr><tr><td>Pillar</td><td>BD69</td></tr><tr><td>Lease</td><td>Pakhar 109.507 Ha</td></tr><tr><td>Latitude</td><td>23.56178839</td></tr><tr><td>Longitude</td><td>84.62612434</td></tr><tr><td>Easting (m)</td><td>257692.524</td></tr><tr><td>Northing (m)</td><td>2607719.112</td></tr><tr><td>Zone / Datum</td><td>UTM 45N / WGS84</td></tr></table>","_styleUrl":"#pillar0"},"id":68},{"type":"Point","coordinates":[84.62575537,23.56208505],"properties":{"name":"BD70","description":"<table border=\"1\" cellpadding=\"4\" cellspacing=\"0\" style=\"border-collapse:collapse;font-family:Arial;font-size:12px\"><tr><th align=\"left\">Parameter</th><th align=\"left\">Value</th></tr><tr><td>Pillar</td><td>BD70</td></tr><tr><td>Lease</td><td>Pakhar 109.507 Ha</td></tr><tr><td>Latitude</td><td>23.56208505</td></tr><tr><td>Longitude</td><td>84.62575537</td></tr><tr><td>Easting (m)</td><td>257655.393</td></tr><tr><td>Northing (m)</td><td>2607752.598</td></tr><tr><td>Zone / Datum</td><td>UTM 45N / WGS84</td></tr></table>","_styleUrl":"#pillar0"},"id":69},{"type":"Point","coordinates":[84.62571149,23.56212031999999],"properties":{"name":"BD71","description":"<table border=\"1\" cellpadding=\"4\" cellspacing=\"0\" style=\"border-collapse:collapse;font-family:Arial;font-size:12px\"><tr><th align=\"left\">Parameter</th><th align=\"left\">Value</th></tr><tr><td>Pillar</td><td>BD71</td></tr><tr><td>Lease</td><td>Pakhar 109.507 Ha</td></tr><tr><td>Latitude</td><td>23.56212032</td></tr><tr><td>Longitude</td><td>84.62571149</td></tr><tr><td>Easting (m)</td><td>257650.977</td></tr><tr><td>Northing (m)</td><td>2607756.580</td></tr><tr><td>Zone / Datum</td><td>UTM 45N / WGS84</td></tr></table>","_styleUrl":"#pillar0"},"id":70},{"type":"Point","coordinates":[84.62554613,23.56188238],"properties":{"name":"BD72","description":"<table border=\"1\" cellpadding=\"4\" cellspacing=\"0\" style=\"border-collapse:collapse;font-family:Arial;font-size:12px\"><tr><th align=\"left\">Parameter</th><th align=\"left\">Value</th></tr><tr><td>Pillar</td><td>BD72</td></tr><tr><td>Lease</td><td>Pakhar 109.507 Ha</td></tr><tr><td>Latitude</td><td>23.56188238</td></tr><tr><td>Longitude</td><td>84.62554613</td></tr><tr><td>Easting (m)</td><td>257633.654</td></tr><tr><td>Northing (m)</td><td>2607730.502</td></tr><tr><td>Zone / Datum</td><td>UTM 45N / WGS84</td></tr></table>","_styleUrl":"#pillar0"},"id":71},{"type":"Point","coordinates":[84.62566867,23.5617765],"properties":{"name":"BD73","description":"<table border=\"1\" cellpadding=\"4\" cellspacing=\"0\" style=\"border-collapse:collapse;font-family:Arial;font-size:12px\"><tr><th align=\"left\">Parameter</th><th align=\"left\">Value</th></tr><tr><td>Pillar</td><td>BD73</td></tr><tr><td>Lease</td><td>Pakhar 109.507 Ha</td></tr><tr><td>Latitude</td><td>23.56177650</td></tr><tr><td>Longitude</td><td>84.62566867</td></tr><tr><td>Easting (m)</td><td>257645.973</td></tr><tr><td>Northing (m)</td><td>2607718.566</td></tr><tr><td>Zone / Datum</td><td>UTM 45N / WGS84</td></tr></table>","_styleUrl":"#pillar0"},"id":72},{"type":"Point","coordinates":[84.62584593,23.5613589],"properties":{"name":"BD74","description":"<table border=\"1\" cellpadding=\"4\" cellspacing=\"0\" style=\"border-collapse:collapse;font-family:Arial;font-size:12px\"><tr><th align=\"left\">Parameter</th><th align=\"left\">Value</th></tr><tr><td>Pillar</td><td>BD74</td></tr><tr><td>Lease</td><td>Pakhar 109.507 Ha</td></tr><tr><td>Latitude</td><td>23.56135890</td></tr><tr><td>Longitude</td><td>84.62584593</td></tr><tr><td>Easting (m)</td><td>257663.307</td></tr><tr><td>Northing (m)</td><td>2607672.007</td></tr><tr><td>Zone / Datum</td><td>UTM 45N / WGS84</td></tr></table>","_styleUrl":"#pillar0"},"id":73},{"type":"Point","coordinates":[84.62558898,23.56097474],"properties":{"name":"BD75","description":"<table border=\"1\" cellpadding=\"4\" cellspacing=\"0\" style=\"border-collapse:collapse;font-family:Arial;font-size:12px\"><tr><th align=\"left\">Parameter</th><th align=\"left\">Value</th></tr><tr><td>Pillar</td><td>BD75</td></tr><tr><td>Lease</td><td>Pakhar 109.507 Ha</td></tr><tr><td>Latitude</td><td>23.56097474</td></tr><tr><td>Longitude</td><td>84.62558898</td></tr><tr><td>Easting (m)</td><td>257636.363</td></tr><tr><td>Northing (m)</td><td>2607629.888</td></tr><tr><td>Zone / Datum</td><td>UTM 45N / WGS84</td></tr></table>","_styleUrl":"#pillar0"},"id":74},{"type":"Point","coordinates":[84.62544738,23.56069622],"properties":{"name":"BD76","description":"<table border=\"1\" cellpadding=\"4\" cellspacing=\"0\" style=\"border-collapse:collapse;font-family:Arial;font-size:12px\"><tr><th align=\"left\">Parameter</th><th align=\"left\">Value</th></tr><tr><td>Pillar</td><td>BD76</td></tr><tr><td>Lease</td><td>Pakhar 109.507 Ha</td></tr><tr><td>Latitude</td><td>23.56069622</td></tr><tr><td>Longitude</td><td>84.62544738</td></tr><tr><td>Easting (m)</td><td>257621.393</td></tr><tr><td>Northing (m)</td><td>2607599.275</td></tr><tr><td>Zone / Datum</td><td>UTM 45N / WGS84</td></tr></table>","_styleUrl":"#pillar0"},"id":75},{"type":"Point","coordinates":[84.62527368,23.56054274],"properties":{"name":"BD77","description":"<table border=\"1\" cellpadding=\"4\" cellspacing=\"0\" style=\"border-collapse:collapse;font-family:Arial;font-size:12px\"><tr><th align=\"left\">Parameter</th><th align=\"left\">Value</th></tr><tr><td>Pillar</td><td>BD77</td></tr><tr><td>Lease</td><td>Pakhar 109.507 Ha</td></tr><tr><td>Latitude</td><td>23.56054274</td></tr><tr><td>Longitude</td><td>84.62527368</td></tr><tr><td>Easting (m)</td><td>257603.374</td></tr><tr><td>Northing (m)</td><td>2607582.568</td></tr><tr><td>Zone / Datum</td><td>UTM 45N / WGS84</td></tr></table>","_styleUrl":"#pillar0"},"id":76},{"type":"Point","coordinates":[84.6253284,23.56047969],"properties":{"name":"BD78","description":"<table border=\"1\" cellpadding=\"4\" cellspacing=\"0\" style=\"border-collapse:collapse;font-family:Arial;font-size:12px\"><tr><th align=\"left\">Parameter</th><th align=\"left\">Value</th></tr><tr><td>Pillar</td><td>BD78</td></tr><tr><td>Lease</td><td>Pakhar 109.507 Ha</td></tr><tr><td>Latitude</td><td>23.56047969</td></tr><tr><td>Longitude</td><td>84.62532840</td></tr><tr><td>Easting (m)</td><td>257608.846</td></tr><tr><td>Northing (m)</td><td>2607575.491</td></tr><tr><td>Zone / Datum</td><td>UTM 45N / WGS84</td></tr></table>","_styleUrl":"#pillar0"},"id":77},{"type":"Point","coordinates":[84.6252368,23.56035714],"properties":{"name":"BD79","description":"<table border=\"1\" cellpadding=\"4\" cellspacing=\"0\" style=\"border-collapse:collapse;font-family:Arial;font-size:12px\"><tr><th align=\"left\">Parameter</th><th align=\"left\">Value</th></tr><tr><td>Pillar</td><td>BD79</td></tr><tr><td>Lease</td><td>Pakhar 109.507 Ha</td></tr><tr><td>Latitude</td><td>23.56035714</td></tr><tr><td>Longitude</td><td>84.62523680</td></tr><tr><td>Easting (m)</td><td>257599.267</td></tr><tr><td>Northing (m)</td><td>2607562.071</td></tr><tr><td>Zone / Datum</td><td>UTM 45N / WGS84</td></tr></table>","_styleUrl":"#pillar0"},"id":78},{"type":"Point","coordinates":[84.624912,23.56015251000001],"properties":{"name":"BD80","description":"<table border=\"1\" cellpadding=\"4\" cellspacing=\"0\" style=\"border-collapse:collapse;font-family:Arial;font-size:12px\"><tr><th align=\"left\">Parameter</th><th align=\"left\">Value</th></tr><tr><td>Pillar</td><td>BD80</td></tr><tr><td>Lease</td><td>Pakhar 109.507 Ha</td></tr><tr><td>Latitude</td><td>23.56015251</td></tr><tr><td>Longitude</td><td>84.62491200</td></tr><tr><td>Easting (m)</td><td>257565.725</td></tr><tr><td>Northing (m)</td><td>2607539.953</td></tr><tr><td>Zone / Datum</td><td>UTM 45N / WGS84</td></tr></table>","_styleUrl":"#pillar0"},"id":79},{"type":"Point","coordinates":[84.62455508,23.56001689],"properties":{"name":"BD81","description":"<table border=\"1\" cellpadding=\"4\" cellspacing=\"0\" style=\"border-collapse:collapse;font-family:Arial;font-size:12px\"><tr><th align=\"left\">Parameter</th><th align=\"left\">Value</th></tr><tr><td>Pillar</td><td>BD81</td></tr><tr><td>Lease</td><td>Pakhar 109.507 Ha</td></tr><tr><td>Latitude</td><td>23.56001689</td></tr><tr><td>Longitude</td><td>84.62455508</td></tr><tr><td>Easting (m)</td><td>257529.029</td></tr><tr><td>Northing (m)</td><td>2607525.534</td></tr><tr><td>Zone / Datum</td><td>UTM 45N / WGS84</td></tr></table>","_styleUrl":"#pillar0"},"id":80},{"type":"Point","coordinates":[84.62446521,23.55957324],"properties":{"name":"BD82","description":"<table border=\"1\" cellpadding=\"4\" cellspacing=\"0\" style=\"border-collapse:collapse;font-family:Arial;font-size:12px\"><tr><th align=\"left\">Parameter</th><th align=\"left\">Value</th></tr><tr><td>Pillar</td><td>BD82</td></tr><tr><td>Lease</td><td>Pakhar 109.507 Ha</td></tr><tr><td>Latitude</td><td>23.55957324</td></tr><tr><td>Longitude</td><td>84.62446521</td></tr><tr><td>Easting (m)</td><td>257519.037</td></tr><tr><td>Northing (m)</td><td>2607476.542</td></tr><tr><td>Zone / Datum</td><td>UTM 45N / WGS84</td></tr></table>","_styleUrl":"#pillar0"},"id":81},{"type":"Point","coordinates":[84.62437626,23.55912944],"properties":{"name":"BD83","description":"<table border=\"1\" cellpadding=\"4\" cellspacing=\"0\" style=\"border-collapse:collapse;font-family:Arial;font-size:12px\"><tr><th align=\"left\">Parameter</th><th align=\"left\">Value</th></tr><tr><td>Pillar</td><td>BD83</td></tr><tr><td>Lease</td><td>Pakhar 109.507 Ha</td></tr><tr><td>Latitude</td><td>23.55912944</td></tr><tr><td>Longitude</td><td>84.62437626</td></tr><tr><td>Easting (m)</td><td>257509.139</td></tr><tr><td>Northing (m)</td><td>2607427.532</td></tr><tr><td>Zone / Datum</td><td>UTM 45N / WGS84</td></tr></table>","_styleUrl":"#pillar0"},"id":82},{"type":"Point","coordinates":[84.62431951,23.5588224],"properties":{"name":"BD84","description":"<table border=\"1\" cellpadding=\"4\" cellspacing=\"0\" style=\"border-collapse:collapse;font-family:Arial;font-size:12px\"><tr><th align=\"left\">Parameter</th><th align=\"left\">Value</th></tr><tr><td>Pillar</td><td>BD84</td></tr><tr><td>Lease</td><td>Pakhar 109.507 Ha</td></tr><tr><td>Latitude</td><td>23.55882240</td></tr><tr><td>Longitude</td><td>84.62431951</td></tr><tr><td>Easting (m)</td><td>257502.780</td></tr><tr><td>Northing (m)</td><td>2607393.616</td></tr><tr><td>Zone / Datum</td><td>UTM 45N / WGS84</td></tr></table>","_styleUrl":"#pillar0"},"id":83},{"type":"Point","coordinates":[84.62450868,23.5584048],"properties":{"name":"BD85","description":"<table border=\"1\" cellpadding=\"4\" cellspacing=\"0\" style=\"border-collapse:collapse;font-family:Arial;font-size:12px\"><tr><th align=\"left\">Parameter</th><th align=\"left\">Value</th></tr><tr><td>Pillar</td><td>BD85</td></tr><tr><td>Lease</td><td>Pakhar 109.507 Ha</td></tr><tr><td>Latitude</td><td>23.55840480</td></tr><tr><td>Longitude</td><td>84.62450868</td></tr><tr><td>Easting (m)</td><td>257521.330</td></tr><tr><td>Northing (m)</td><td>2607347.037</td></tr><tr><td>Zone / Datum</td><td>UTM 45N / WGS84</td></tr></table>","_styleUrl":"#pillar0"},"id":84},{"type":"Point","coordinates":[84.62445063,23.55795667],"properties":{"name":"BD86","description":"<table border=\"1\" cellpadding=\"4\" cellspacing=\"0\" style=\"border-collapse:collapse;font-family:Arial;font-size:12px\"><tr><th align=\"left\">Parameter</th><th align=\"left\">Value</th></tr><tr><td>Pillar</td><td>BD86</td></tr><tr><td>Lease</td><td>Pakhar 109.507 Ha</td></tr><tr><td>Latitude</td><td>23.55795667</td></tr><tr><td>Longitude</td><td>84.62445063</td></tr><tr><td>Easting (m)</td><td>257514.579</td></tr><tr><td>Northing (m)</td><td>2607297.495</td></tr><tr><td>Zone / Datum</td><td>UTM 45N / WGS84</td></tr></table>","_styleUrl":"#pillar0"},"id":85},{"type":"Point","coordinates":[84.62439447,23.55752321],"properties":{"name":"BD87","description":"<table border=\"1\" cellpadding=\"4\" cellspacing=\"0\" style=\"border-collapse:collapse;font-family:Arial;font-size:12px\"><tr><th align=\"left\">Parameter</th><th align=\"left\">Value</th></tr><tr><td>Pillar</td><td>BD87</td></tr><tr><td>Lease</td><td>Pakhar 109.507 Ha</td></tr><tr><td>Latitude</td><td>23.55752321</td></tr><tr><td>Longitude</td><td>84.62439447</td></tr><tr><td>Easting (m)</td><td>257508.048</td></tr><tr><td>Northing (m)</td><td>2607249.574</td></tr><tr><td>Zone / Datum</td><td>UTM 45N / WGS84</td></tr></table>","_styleUrl":"#pillar0"},"id":86},{"type":"Point","coordinates":[84.62450276,23.55708308],"properties":{"name":"BD88","description":"<table border=\"1\" cellpadding=\"4\" cellspacing=\"0\" style=\"border-collapse:collapse;font-family:Arial;font-size:12px\"><tr><th align=\"left\">Parameter</th><th align=\"left\">Value</th></tr><tr><td>Pillar</td><td>BD88</td></tr><tr><td>Lease</td><td>Pakhar 109.507 Ha</td></tr><tr><td>Latitude</td><td>23.55708308</td></tr><tr><td>Longitude</td><td>84.62450276</td></tr><tr><td>Easting (m)</td><td>257518.298</td></tr><tr><td>Northing (m)</td><td>2607200.636</td></tr><tr><td>Zone / Datum</td><td>UTM 45N / WGS84</td></tr></table>","_styleUrl":"#pillar0"},"id":87},{"type":"Point","coordinates":[84.62461105,23.55664294],"properties":{"name":"BD89","description":"<table border=\"1\" cellpadding=\"4\" cellspacing=\"0\" style=\"border-collapse:collapse;font-family:Arial;font-size:12px\"><tr><th align=\"left\">Parameter</th><th align=\"left\">Value</th></tr><tr><td>Pillar</td><td>BD89</td></tr><tr><td>Lease</td><td>Pakhar 109.507 Ha</td></tr><tr><td>Latitude</td><td>23.55664294</td></tr><tr><td>Longitude</td><td>84.62461105</td></tr><tr><td>Easting (m)</td><td>257528.548</td></tr><tr><td>Northing (m)</td><td>2607151.698</td></tr><tr><td>Zone / Datum</td><td>UTM 45N / WGS84</td></tr></table>","_styleUrl":"#pillar0"},"id":88},{"type":"Point","coordinates":[84.62471934,23.55620281],"properties":{"name":"BD90","description":"<table border=\"1\" cellpadding=\"4\" cellspacing=\"0\" style=\"border-collapse:collapse;font-family:Arial;font-size:12px\"><tr><th align=\"left\">Parameter</th><th align=\"left\">Value</th></tr><tr><td>Pillar</td><td>BD90</td></tr><tr><td>Lease</td><td>Pakhar 109.507 Ha</td></tr><tr><td>Latitude</td><td>23.55620281</td></tr><tr><td>Longitude</td><td>84.62471934</td></tr><tr><td>Easting (m)</td><td>257538.798</td></tr><tr><td>Northing (m)</td><td>2607102.760</td></tr><tr><td>Zone / Datum</td><td>UTM 45N / WGS84</td></tr></table>","_styleUrl":"#pillar0"},"id":89},{"type":"Point","coordinates":[84.62472759,23.55616929],"properties":{"name":"BD91","description":"<table border=\"1\" cellpadding=\"4\" cellspacing=\"0\" style=\"border-collapse:collapse;font-family:Arial;font-size:12px\"><tr><th align=\"left\">Parameter</th><th align=\"left\">Value</th></tr><tr><td>Pillar</td><td>BD91</td></tr><tr><td>Lease</td><td>Pakhar 109.507 Ha</td></tr><tr><td>Latitude</td><td>23.55616929</td></tr><tr><td>Longitude</td><td>84.62472759</td></tr><tr><td>Easting (m)</td><td>257539.579</td></tr><tr><td>Northing (m)</td><td>2607099.033</td></tr><tr><td>Zone / Datum</td><td>UTM 45N / WGS84</td></tr></table>","_styleUrl":"#pillar0"},"id":90},{"type":"Point","coordinates":[84.62502708,23.55581228],"properties":{"name":"BD92","description":"<table border=\"1\" cellpadding=\"4\" cellspacing=\"0\" style=\"border-collapse:collapse;font-family:Arial;font-size:12px\"><tr><th align=\"left\">Parameter</th><th align=\"left\">Value</th></tr><tr><td>Pillar</td><td>BD92</td></tr><tr><td>Lease</td><td>Pakhar 109.507 Ha</td></tr><tr><td>Latitude</td><td>23.55581228</td></tr><tr><td>Longitude</td><td>84.62502708</td></tr><tr><td>Easting (m)</td><td>257569.506</td></tr><tr><td>Northing (m)</td><td>2607058.979</td></tr><tr><td>Zone / Datum</td><td>UTM 45N / WGS84</td></tr></table>","_styleUrl":"#pillar0"},"id":91},{"type":"Point","coordinates":[84.62511782,23.55570411],"properties":{"name":"BD93","description":"<table border=\"1\" cellpadding=\"4\" cellspacing=\"0\" style=\"border-collapse:collapse;font-family:Arial;font-size:12px\"><tr><th align=\"left\">Parameter</th><th align=\"left\">Value</th></tr><tr><td>Pillar</td><td>BD93</td></tr><tr><td>Lease</td><td>Pakhar 109.507 Ha</td></tr><tr><td>Latitude</td><td>23.55570411</td></tr><tr><td>Longitude</td><td>84.62511782</td></tr><tr><td>Easting (m)</td><td>257578.574</td></tr><tr><td>Northing (m)</td><td>2607046.843</td></tr><tr><td>Zone / Datum</td><td>UTM 45N / WGS84</td></tr></table>","_styleUrl":"#pillar0"},"id":92},{"type":"Point","coordinates":[84.62520468,23.55525996],"properties":{"name":"BD94","description":"<table border=\"1\" cellpadding=\"4\" cellspacing=\"0\" style=\"border-collapse:collapse;font-family:Arial;font-size:12px\"><tr><th align=\"left\">Parameter</th><th align=\"left\">Value</th></tr><tr><td>Pillar</td><td>BD94</td></tr><tr><td>Lease</td><td>Pakhar 109.507 Ha</td></tr><tr><td>Latitude</td><td>23.55525996</td></tr><tr><td>Longitude</td><td>84.62520468</td></tr><tr><td>Easting (m)</td><td>257586.628</td></tr><tr><td>Northing (m)</td><td>2606997.496</td></tr><tr><td>Zone / Datum</td><td>UTM 45N / WGS84</td></tr></table>","_styleUrl":"#pillar0"},"id":93},{"type":"Point","coordinates":[84.62529153,23.5548158],"properties":{"name":"BD95","description":"<table border=\"1\" cellpadding=\"4\" cellspacing=\"0\" style=\"border-collapse:collapse;font-family:Arial;font-size:12px\"><tr><th align=\"left\">Parameter</th><th align=\"left\">Value</th></tr><tr><td>Pillar</td><td>BD95</td></tr><tr><td>Lease</td><td>Pakhar 109.507 Ha</td></tr><tr><td>Latitude</td><td>23.55481580</td></tr><tr><td>Longitude</td><td>84.62529153</td></tr><tr><td>Easting (m)</td><td>257594.682</td></tr><tr><td>Northing (m)</td><td>2606948.149</td></tr><tr><td>Zone / Datum</td><td>UTM 45N / WGS84</td></tr></table>","_styleUrl":"#pillar0"},"id":94},{"type":"Point","coordinates":[84.62531651,23.55468808],"properties":{"name":"BD96","description":"<table border=\"1\" cellpadding=\"4\" cellspacing=\"0\" style=\"border-collapse:collapse;font-family:Arial;font-size:12px\"><tr><th align=\"left\">Parameter</th><th align=\"left\">Value</th></tr><tr><td>Pillar</td><td>BD96</td></tr><tr><td>Lease</td><td>Pakhar 109.507 Ha</td></tr><tr><td>Latitude</td><td>23.55468808</td></tr><tr><td>Longitude</td><td>84.62531651</td></tr><tr><td>Easting (m)</td><td>257596.998</td></tr><tr><td>Northing (m)</td><td>2606933.958</td></tr><tr><td>Zone / Datum</td><td>UTM 45N / WGS84</td></tr></table>","_styleUrl":"#pillar0"},"id":95},{"type":"Point","coordinates":[84.62534625,23.55423955],"properties":{"name":"BD97","description":"<table border=\"1\" cellpadding=\"4\" cellspacing=\"0\" style=\"border-collapse:collapse;font-family:Arial;font-size:12px\"><tr><th align=\"left\">Parameter</th><th align=\"left\">Value</th></tr><tr><td>Pillar</td><td>BD97</td></tr><tr><td>Lease</td><td>Pakhar 109.507 Ha</td></tr><tr><td>Latitude</td><td>23.55423955</td></tr><tr><td>Longitude</td><td>84.62534625</td></tr><tr><td>Easting (m)</td><td>257599.212</td></tr><tr><td>Northing (m)</td><td>2606884.223</td></tr><tr><td>Zone / Datum</td><td>UTM 45N / WGS84</td></tr></table>","_styleUrl":"#pillar0"},"id":96},{"type":"Point","coordinates":[84.62576983,23.55401328],"properties":{"name":"BD98","description":"<table border=\"1\" cellpadding=\"4\" cellspacing=\"0\" style=\"border-collapse:collapse;font-family:Arial;font-size:12px\"><tr><th align=\"left\">Parameter</th><th align=\"left\">Value</th></tr><tr><td>Pillar</td><td>BD98</td></tr><tr><td>Lease</td><td>Pakhar 109.507 Ha</td></tr><tr><td>Latitude</td><td>23.55401328</td></tr><tr><td>Longitude</td><td>84.62576983</td></tr><tr><td>Easting (m)</td><td>257642.052</td></tr><tr><td>Northing (m)</td><td>2606858.442</td></tr><tr><td>Zone / Datum</td><td>UTM 45N / WGS84</td></tr></table>","_styleUrl":"#pillar0"},"id":97},{"type":"Point","coordinates":[84.62618144,23.5537934],"properties":{"name":"BD99","description":"<table border=\"1\" cellpadding=\"4\" cellspacing=\"0\" style=\"border-collapse:collapse;font-family:Arial;font-size:12px\"><tr><th align=\"left\">Parameter</th><th align=\"left\">Value</th></tr><tr><td>Pillar</td><td>BD99</td></tr><tr><td>Lease</td><td>Pakhar 109.507 Ha</td></tr><tr><td>Latitude</td><td>23.55379340</td></tr><tr><td>Longitude</td><td>84.62618144</td></tr><tr><td>Easting (m)</td><td>257683.682</td></tr><tr><td>Northing (m)</td><td>2606833.389</td></tr><tr><td>Zone / Datum</td><td>UTM 45N / WGS84</td></tr></table>","_styleUrl":"#pillar0"},"id":98},{"type":"Point","coordinates":[84.62638845,23.55339961],"properties":{"name":"BD100","description":"<table border=\"1\" cellpadding=\"4\" cellspacing=\"0\" style=\"border-collapse:collapse;font-family:Arial;font-size:12px\"><tr><th align=\"left\">Parameter</th><th align=\"left\">Value</th></tr><tr><td>Pillar</td><td>BD100</td></tr><tr><td>Lease</td><td>Pakhar 109.507 Ha</td></tr><tr><td>Latitude</td><td>23.55339961</td></tr><tr><td>Longitude</td><td>84.62638845</td></tr><tr><td>Easting (m)</td><td>257704.099</td></tr><tr><td>Northing (m)</td><td>2606789.417</td></tr><tr><td>Zone / Datum</td><td>UTM 45N / WGS84</td></tr></table>","_styleUrl":"#pillar0"},"id":99},{"type":"Point","coordinates":[84.62667322,23.5530325],"properties":{"name":"BD101","description":"<table border=\"1\" cellpadding=\"4\" cellspacing=\"0\" style=\"border-collapse:collapse;font-family:Arial;font-size:12px\"><tr><th align=\"left\">Parameter</th><th align=\"left\">Value</th></tr><tr><td>Pillar</td><td>BD101</td></tr><tr><td>Lease</td><td>Pakhar 109.507 Ha</td></tr><tr><td>Latitude</td><td>23.55303250</td></tr><tr><td>Longitude</td><td>84.62667322</td></tr><tr><td>Easting (m)</td><td>257732.505</td></tr><tr><td>Northing (m)</td><td>2606748.270</td></tr><tr><td>Zone / Datum</td><td>UTM 45N / WGS84</td></tr></table>","_styleUrl":"#pillar0"},"id":100},{"type":"Point","coordinates":[84.62688219,23.5527631],"properties":{"name":"BD102","description":"<table border=\"1\" cellpadding=\"4\" cellspacing=\"0\" style=\"border-collapse:collapse;font-family:Arial;font-size:12px\"><tr><th align=\"left\">Parameter</th><th align=\"left\">Value</th></tr><tr><td>Pillar</td><td>BD102</td></tr><tr><td>Lease</td><td>Pakhar 109.507 Ha</td></tr><tr><td>Latitude</td><td>23.55276310</td></tr><tr><td>Longitude</td><td>84.62688219</td></tr><tr><td>Easting (m)</td><td>257753.351</td></tr><tr><td>Northing (m)</td><td>2606718.074</td></tr><tr><td>Zone / Datum</td><td>UTM 45N / WGS84</td></tr></table>","_styleUrl":"#pillar0"},"id":101},{"type":"Point","coordinates":[84.62661331,23.55238357],"properties":{"name":"BD103","description":"<table border=\"1\" cellpadding=\"4\" cellspacing=\"0\" style=\"border-collapse:collapse;font-family:Arial;font-size:12px\"><tr><th align=\"left\">Parameter</th><th align=\"left\">Value</th></tr><tr><td>Pillar</td><td>BD103</td></tr><tr><td>Lease</td><td>Pakhar 109.507 Ha</td></tr><tr><td>Latitude</td><td>23.55238357</td></tr><tr><td>Longitude</td><td>84.62661331</td></tr><tr><td>Easting (m)</td><td>257725.197</td></tr><tr><td>Northing (m)</td><td>2606676.488</td></tr><tr><td>Zone / Datum</td><td>UTM 45N / WGS84</td></tr></table>","_styleUrl":"#pillar0"},"id":102},{"type":"Point","coordinates":[84.62612671,23.55243303],"properties":{"name":"BD104","description":"<table border=\"1\" cellpadding=\"4\" cellspacing=\"0\" style=\"border-collapse:collapse;font-family:Arial;font-size:12px\"><tr><th align=\"left\">Parameter</th><th align=\"left\">Value</th></tr><tr><td>Pillar</td><td>BD104</td></tr><tr><td>Lease</td><td>Pakhar 109.507 Ha</td></tr><tr><td>Latitude</td><td>23.55243303</td></tr><tr><td>Longitude</td><td>84.62612671</td></tr><tr><td>Easting (m)</td><td>257675.596</td></tr><tr><td>Northing (m)</td><td>2606682.790</td></tr><tr><td>Zone / Datum</td><td>UTM 45N / WGS84</td></tr></table>","_styleUrl":"#pillar0"},"id":103},{"type":"Point","coordinates":[84.62564011,23.55248248],"properties":{"name":"BD105","description":"<table border=\"1\" cellpadding=\"4\" cellspacing=\"0\" style=\"border-collapse:collapse;font-family:Arial;font-size:12px\"><tr><th align=\"left\">Parameter</th><th align=\"left\">Value</th></tr><tr><td>Pillar</td><td>BD105</td></tr><tr><td>Lease</td><td>Pakhar 109.507 Ha</td></tr><tr><td>Latitude</td><td>23.55248248</td></tr><tr><td>Longitude</td><td>84.62564011</td></tr><tr><td>Easting (m)</td><td>257625.995</td></tr><tr><td>Northing (m)</td><td>2606689.091</td></tr><tr><td>Zone / Datum</td><td>UTM 45N / WGS84</td></tr></table>","_styleUrl":"#pillar0"},"id":104},{"type":"Point","coordinates":[84.62515382,23.55253453],"properties":{"name":"BD106","description":"<table border=\"1\" cellpadding=\"4\" cellspacing=\"0\" style=\"border-collapse:collapse;font-family:Arial;font-size:12px\"><tr><th align=\"left\">Parameter</th><th align=\"left\">Value</th></tr><tr><td>Pillar</td><td>BD106</td></tr><tr><td>Lease</td><td>Pakhar 109.507 Ha</td></tr><tr><td>Latitude</td><td>23.55253453</td></tr><tr><td>Longitude</td><td>84.62515382</td></tr><tr><td>Easting (m)</td><td>257576.431</td></tr><tr><td>Northing (m)</td><td>2606695.679</td></tr><tr><td>Zone / Datum</td><td>UTM 45N / WGS84</td></tr></table>","_styleUrl":"#pillar0"},"id":105},{"type":"Point","coordinates":[84.62480968,23.55257155],"properties":{"name":"BD107","description":"<table border=\"1\" cellpadding=\"4\" cellspacing=\"0\" style=\"border-collapse:collapse;font-family:Arial;font-size:12px\"><tr><th align=\"left\">Parameter</th><th align=\"left\">Value</th></tr><tr><td>Pillar</td><td>BD107</td></tr><tr><td>Lease</td><td>Pakhar 109.507 Ha</td></tr><tr><td>Latitude</td><td>23.55257155</td></tr><tr><td>Longitude</td><td>84.62480968</td></tr><tr><td>Easting (m)</td><td>257541.356</td></tr><tr><td>Northing (m)</td><td>2606700.362</td></tr><tr><td>Zone / Datum</td><td>UTM 45N / WGS84</td></tr></table>","_styleUrl":"#pillar0"},"id":106},{"type":"Point","coordinates":[84.62446347,23.55289159],"properties":{"name":"BD108","description":"<table border=\"1\" cellpadding=\"4\" cellspacing=\"0\" style=\"border-collapse:collapse;font-family:Arial;font-size:12px\"><tr><th align=\"left\">Parameter</th><th align=\"left\">Value</th></tr><tr><td>Pillar</td><td>BD108</td></tr><tr><td>Lease</td><td>Pakhar 109.507 Ha</td></tr><tr><td>Latitude</td><td>23.55289159</td></tr><tr><td>Longitude</td><td>84.62446347</td></tr><tr><td>Easting (m)</td><td>257506.588</td></tr><tr><td>Northing (m)</td><td>2606736.400</td></tr><tr><td>Zone / Datum</td><td>UTM 45N / WGS84</td></tr></table>","_styleUrl":"#pillar0"},"id":107},{"type":"Point","coordinates":[84.62418269,23.55278095],"properties":{"name":"BD109","description":"<table border=\"1\" cellpadding=\"4\" cellspacing=\"0\" style=\"border-collapse:collapse;font-family:Arial;font-size:12px\"><tr><th align=\"left\">Parameter</th><th align=\"left\">Value</th></tr><tr><td>Pillar</td><td>BD109</td></tr><tr><td>Lease</td><td>Pakhar 109.507 Ha</td></tr><tr><td>Latitude</td><td>23.55278095</td></tr><tr><td>Longitude</td><td>84.62418269</td></tr><tr><td>Easting (m)</td><td>257477.712</td></tr><tr><td>Northing (m)</td><td>2606724.619</td></tr><tr><td>Zone / Datum</td><td>UTM 45N / WGS84</td></tr></table>","_styleUrl":"#pillar0"},"id":108},{"type":"Point","coordinates":[84.62393642,23.55275001],"properties":{"name":"BD110","description":"<table border=\"1\" cellpadding=\"4\" cellspacing=\"0\" style=\"border-collapse:collapse;font-family:Arial;font-size:12px\"><tr><th align=\"left\">Parameter</th><th align=\"left\">Value</th></tr><tr><td>Pillar</td><td>BD110</td></tr><tr><td>Lease</td><td>Pakhar 109.507 Ha</td></tr><tr><td>Latitude</td><td>23.55275001</td></tr><tr><td>Longitude</td><td>84.62393642</td></tr><tr><td>Easting (m)</td><td>257452.506</td></tr><tr><td>Northing (m)</td><td>2606721.609</td></tr><tr><td>Zone / Datum</td><td>UTM 45N / WGS84</td></tr></table>","_styleUrl":"#pillar0"},"id":109},{"type":"Point","coordinates":[84.62389954,23.55257155],"properties":{"name":"BD111","description":"<table border=\"1\" cellpadding=\"4\" cellspacing=\"0\" style=\"border-collapse:collapse;font-family:Arial;font-size:12px\"><tr><th align=\"left\">Parameter</th><th align=\"left\">Value</th></tr><tr><td>Pillar</td><td>BD111</td></tr><tr><td>Lease</td><td>Pakhar 109.507 Ha</td></tr><tr><td>Latitude</td><td>23.55257155</td></tr><tr><td>Longitude</td><td>84.62389954</td></tr><tr><td>Easting (m)</td><td>257448.412</td></tr><tr><td>Northing (m)</td><td>2606701.903</td></tr><tr><td>Zone / Datum</td><td>UTM 45N / WGS84</td></tr></table>","_styleUrl":"#pillar0"},"id":110},{"type":"Point","coordinates":[84.62376034,23.55259059],"properties":{"name":"BD112","description":"<table border=\"1\" cellpadding=\"4\" cellspacing=\"0\" style=\"border-collapse:collapse;font-family:Arial;font-size:12px\"><tr><th align=\"left\">Parameter</th><th align=\"left\">Value</th></tr><tr><td>Pillar</td><td>BD112</td></tr><tr><td>Lease</td><td>Pakhar 109.507 Ha</td></tr><tr><td>Latitude</td><td>23.55259059</td></tr><tr><td>Longitude</td><td>84.62376034</td></tr><tr><td>Easting (m)</td><td>257434.232</td></tr><tr><td>Northing (m)</td><td>2606704.248</td></tr><tr><td>Zone / Datum</td><td>UTM 45N / WGS84</td></tr></table>","_styleUrl":"#pillar0"},"id":111},{"type":"Point","coordinates":[84.62375795,23.55281069],"properties":{"name":"BD113","description":"<table border=\"1\" cellpadding=\"4\" cellspacing=\"0\" style=\"border-collapse:collapse;font-family:Arial;font-size:12px\"><tr><th align=\"left\">Parameter</th><th align=\"left\">Value</th></tr><tr><td>Pillar</td><td>BD113</td></tr><tr><td>Lease</td><td>Pakhar 109.507 Ha</td></tr><tr><td>Latitude</td><td>23.55281069</td></tr><tr><td>Longitude</td><td>84.62375795</td></tr><tr><td>Easting (m)</td><td>257434.393</td></tr><tr><td>Northing (m)</td><td>2606728.633</td></tr><tr><td>Zone / Datum</td><td>UTM 45N / WGS84</td></tr></table>","_styleUrl":"#pillar0"},"id":112},{"type":"Point","coordinates":[84.62331657,23.55293204],"properties":{"name":"BD114","description":"<table border=\"1\" cellpadding=\"4\" cellspacing=\"0\" style=\"border-collapse:collapse;font-family:Arial;font-size:12px\"><tr><th align=\"left\">Parameter</th><th align=\"left\">Value</th></tr><tr><td>Pillar</td><td>BD114</td></tr><tr><td>Lease</td><td>Pakhar 109.507 Ha</td></tr><tr><td>Latitude</td><td>23.55293204</td></tr><tr><td>Longitude</td><td>84.62331657</td></tr><tr><td>Easting (m)</td><td>257389.542</td></tr><tr><td>Northing (m)</td><td>2606742.823</td></tr><tr><td>Zone / Datum</td><td>UTM 45N / WGS84</td></tr></table>","_styleUrl":"#pillar0"},"id":113},{"type":"Point","coordinates":[84.62300843,23.55328301],"properties":{"name":"BD115","description":"<table border=\"1\" cellpadding=\"4\" cellspacing=\"0\" style=\"border-collapse:collapse;font-family:Arial;font-size:12px\"><tr><th align=\"left\">Parameter</th><th align=\"left\">Value</th></tr><tr><td>Pillar</td><td>BD115</td></tr><tr><td>Lease</td><td>Pakhar 109.507 Ha</td></tr><tr><td>Latitude</td><td>23.55328301</td></tr><tr><td>Longitude</td><td>84.62300843</td></tr><tr><td>Easting (m)</td><td>257358.720</td></tr><tr><td>Northing (m)</td><td>2606782.223</td></tr><tr><td>Zone / Datum</td><td>UTM 45N / WGS84</td></tr></table>","_styleUrl":"#pillar0"},"id":114},{"type":"Point","coordinates":[84.6225599,23.55329609],"properties":{"name":"BD116","description":"<table border=\"1\" cellpadding=\"4\" cellspacing=\"0\" style=\"border-collapse:collapse;font-family:Arial;font-size:12px\"><tr><th align=\"left\">Parameter</th><th align=\"left\">Value</th></tr><tr><td>Pillar</td><td>BD116</td></tr><tr><td>Lease</td><td>Pakhar 109.507 Ha</td></tr><tr><td>Latitude</td><td>23.55329609</td></tr><tr><td>Longitude</td><td>84.62255990</td></tr><tr><td>Easting (m)</td><td>257312.940</td></tr><tr><td>Northing (m)</td><td>2606784.432</td></tr><tr><td>Zone / Datum</td><td>UTM 45N / WGS84</td></tr></table>","_styleUrl":"#pillar0"},"id":115},{"type":"Point","coordinates":[84.62210811,23.55312229],"properties":{"name":"BD117","description":"<table border=\"1\" cellpadding=\"4\" cellspacing=\"0\" style=\"border-collapse:collapse;font-family:Arial;font-size:12px\"><tr><th align=\"left\">Parameter</th><th align=\"left\">Value</th></tr><tr><td>Pillar</td><td>BD117</td></tr><tr><td>Lease</td><td>Pakhar 109.507 Ha</td></tr><tr><td>Latitude</td><td>23.55312229</td></tr><tr><td>Longitude</td><td>84.62210811</td></tr><tr><td>Easting (m)</td><td>257266.484</td></tr><tr><td>Northing (m)</td><td>2606765.945</td></tr><tr><td>Zone / Datum</td><td>UTM 45N / WGS84</td></tr></table>","_styleUrl":"#pillar0"},"id":116},{"type":"Point","coordinates":[84.62165631,23.55294848],"properties":{"name":"BD118","description":"<table border=\"1\" cellpadding=\"4\" cellspacing=\"0\" style=\"border-collapse:collapse;font-family:Arial;font-size:12px\"><tr><th align=\"left\">Parameter</th><th align=\"left\">Value</th></tr><tr><td>Pillar</td><td>BD118</td></tr><tr><td>Lease</td><td>Pakhar 109.507 Ha</td></tr><tr><td>Latitude</td><td>23.55294848</td></tr><tr><td>Longitude</td><td>84.62165631</td></tr><tr><td>Easting (m)</td><td>257220.027</td></tr><tr><td>Northing (m)</td><td>2606747.457</td></tr><tr><td>Zone / Datum</td><td>UTM 45N / WGS84</td></tr></table>","_styleUrl":"#pillar0"},"id":117},{"type":"Point","coordinates":[84.62140918,23.55283383],"properties":{"name":"BD119","description":"<table border=\"1\" cellpadding=\"4\" cellspacing=\"0\" style=\"border-collapse:collapse;font-family:Arial;font-size:12px\"><tr><th align=\"left\">Parameter</th><th align=\"left\">Value</th></tr><tr><td>Pillar</td><td>BD119</td></tr><tr><td>Lease</td><td>Pakhar 109.507 Ha</td></tr><tr><td>Latitude</td><td>23.55283383</td></tr><tr><td>Longitude</td><td>84.62140918</td></tr><tr><td>Easting (m)</td><td>257194.579</td></tr><tr><td>Northing (m)</td><td>2606735.176</td></tr><tr><td>Zone / Datum</td><td>UTM 45N / WGS84</td></tr></table>","_styleUrl":"#pillar0"},"id":118},{"type":"Point","coordinates":[84.62134843,23.55297],"properties":{"name":"BD120","description":"<table border=\"1\" cellpadding=\"4\" cellspacing=\"0\" style=\"border-collapse:collapse;font-family:Arial;font-size:12px\"><tr><th align=\"left\">Parameter</th><th align=\"left\">Value</th></tr><tr><td>Pillar</td><td>BD120</td></tr><tr><td>Lease</td><td>Pakhar 109.507 Ha</td></tr><tr><td>Latitude</td><td>23.55297000</td></tr><tr><td>Longitude</td><td>84.62134843</td></tr><tr><td>Easting (m)</td><td>257188.626</td></tr><tr><td>Northing (m)</td><td>2606750.363</td></tr><tr><td>Zone / Datum</td><td>UTM 45N / WGS84</td></tr></table>","_styleUrl":"#pillar0"},"id":119},{"type":"Point","coordinates":[84.62116221,23.55338739],"properties":{"name":"BD121","description":"<table border=\"1\" cellpadding=\"4\" cellspacing=\"0\" style=\"border-collapse:collapse;font-family:Arial;font-size:12px\"><tr><th align=\"left\">Parameter</th><th align=\"left\">Value</th></tr><tr><td>Pillar</td><td>BD121</td></tr><tr><td>Lease</td><td>Pakhar 109.507 Ha</td></tr><tr><td>Latitude</td><td>23.55338739</td></tr><tr><td>Longitude</td><td>84.62116221</td></tr><tr><td>Easting (m)</td><td>257170.377</td></tr><tr><td>Northing (m)</td><td>2606796.914</td></tr><tr><td>Zone / Datum</td><td>UTM 45N / WGS84</td></tr></table>","_styleUrl":"#pillar0"},"id":120},{"type":"Point","coordinates":[84.62097599,23.55380478],"properties":{"name":"BD122","description":"<table border=\"1\" cellpadding=\"4\" cellspacing=\"0\" style=\"border-collapse:collapse;font-family:Arial;font-size:12px\"><tr><th align=\"left\">Parameter</th><th align=\"left\">Value</th></tr><tr><td>Pillar</td><td>BD122</td></tr><tr><td>Lease</td><td>Pakhar 109.507 Ha</td></tr><tr><td>Latitude</td><td>23.55380478</td></tr><tr><td>Longitude</td><td>84.62097599</td></tr><tr><td>Easting (m)</td><td>257152.128</td></tr><tr><td>Northing (m)</td><td>2606843.465</td></tr><tr><td>Zone / Datum</td><td>UTM 45N / WGS84</td></tr></table>","_styleUrl":"#pillar0"},"id":121},{"type":"Point","coordinates":[84.62078978,23.55422217],"properties":{"name":"BD123","description":"<table border=\"1\" cellpadding=\"4\" cellspacing=\"0\" style=\"border-collapse:collapse;font-family:Arial;font-size:12px\"><tr><th align=\"left\">Parameter</th><th align=\"left\">Value</th></tr><tr><td>Pillar</td><td>BD123</td></tr><tr><td>Lease</td><td>Pakhar 109.507 Ha</td></tr><tr><td>Latitude</td><td>23.55422217</td></tr><tr><td>Longitude</td><td>84.62078978</td></tr><tr><td>Easting (m)</td><td>257133.880</td></tr><tr><td>Northing (m)</td><td>2606890.016</td></tr><tr><td>Zone / Datum</td><td>UTM 45N / WGS84</td></tr></table>","_styleUrl":"#pillar0"},"id":122},{"type":"Point","coordinates":[84.62060356,23.55463956],"properties":{"name":"BD124","description":"<table border=\"1\" cellpadding=\"4\" cellspacing=\"0\" style=\"border-collapse:collapse;font-family:Arial;font-size:12px\"><tr><th align=\"left\">Parameter</th><th align=\"left\">Value</th></tr><tr><td>Pillar</td><td>BD124</td></tr><tr><td>Lease</td><td>Pakhar 109.507 Ha</td></tr><tr><td>Latitude</td><td>23.55463956</td></tr><tr><td>Longitude</td><td>84.62060356</td></tr><tr><td>Easting (m)</td><td>257115.631</td></tr><tr><td>Northing (m)</td><td>2606936.567</td></tr><tr><td>Zone / Datum</td><td>UTM 45N / WGS84</td></tr></table>","_styleUrl":"#pillar0"},"id":123},{"type":"Point","coordinates":[84.62041735,23.55505694],"properties":{"name":"BD125","description":"<table border=\"1\" cellpadding=\"4\" cellspacing=\"0\" style=\"border-collapse:collapse;font-family:Arial;font-size:12px\"><tr><th align=\"left\">Parameter</th><th align=\"left\">Value</th></tr><tr><td>Pillar</td><td>BD125</td></tr><tr><td>Lease</td><td>Pakhar 109.507 Ha</td></tr><tr><td>Latitude</td><td>23.55505694</td></tr><tr><td>Longitude</td><td>84.62041735</td></tr><tr><td>Easting (m)</td><td>257097.383</td></tr><tr><td>Northing (m)</td><td>2606983.118</td></tr><tr><td>Zone / Datum</td><td>UTM 45N / WGS84</td></tr></table>","_styleUrl":"#pillar0"},"id":124},{"type":"Point","coordinates":[84.62023112,23.55547433],"properties":{"name":"BD126","description":"<table border=\"1\" cellpadding=\"4\" cellspacing=\"0\" style=\"border-collapse:collapse;font-family:Arial;font-size:12px\"><tr><th align=\"left\">Parameter</th><th align=\"left\">Value</th></tr><tr><td>Pillar</td><td>BD126</td></tr><tr><td>Lease</td><td>Pakhar 109.507 Ha</td></tr><tr><td>Latitude</td><td>23.55547433</td></tr><tr><td>Longitude</td><td>84.62023112</td></tr><tr><td>Easting (m)</td><td>257079.134</td></tr><tr><td>Northing (m)</td><td>2607029.669</td></tr><tr><td>Zone / Datum</td><td>UTM 45N / WGS84</td></tr></table>","_styleUrl":"#pillar0"},"id":125},{"type":"Point","coordinates":[84.62004491,23.55589172],"properties":{"name":"BD127","description":"<table border=\"1\" cellpadding=\"4\" cellspacing=\"0\" style=\"border-collapse:collapse;font-family:Arial;font-size:12px\"><tr><th align=\"left\">Parameter</th><th align=\"left\">Value</th></tr><tr><td>Pillar</td><td>BD127</td></tr><tr><td>Lease</td><td>Pakhar 109.507 Ha</td></tr><tr><td>Latitude</td><td>23.55589172</td></tr><tr><td>Longitude</td><td>84.62004491</td></tr><tr><td>Easting (m)</td><td>257060.886</td></tr><tr><td>Northing (m)</td><td>2607076.220</td></tr><tr><td>Zone / Datum</td><td>UTM 45N / WGS84</td></tr></table>","_styleUrl":"#pillar0"},"id":126},{"type":"Point","coordinates":[84.61985868,23.5563091],"properties":{"name":"BD128","description":"<table border=\"1\" cellpadding=\"4\" cellspacing=\"0\" style=\"border-collapse:collapse;font-family:Arial;font-size:12px\"><tr><th align=\"left\">Parameter</th><th align=\"left\">Value</th></tr><tr><td>Pillar</td><td>BD128</td></tr><tr><td>Lease</td><td>Pakhar 109.507 Ha</td></tr><tr><td>Latitude</td><td>23.55630910</td></tr><tr><td>Longitude</td><td>84.61985868</td></tr><tr><td>Easting (m)</td><td>257042.637</td></tr><tr><td>Northing (m)</td><td>2607122.771</td></tr><tr><td>Zone / Datum</td><td>UTM 45N / WGS84</td></tr></table>","_styleUrl":"#pillar0"},"id":127},{"type":"Point","coordinates":[84.61967245,23.55672649],"properties":{"name":"BD129","description":"<table border=\"1\" cellpadding=\"4\" cellspacing=\"0\" style=\"border-collapse:collapse;font-family:Arial;font-size:12px\"><tr><th align=\"left\">Parameter</th><th align=\"left\">Value</th></tr><tr><td>Pillar</td><td>BD129</td></tr><tr><td>Lease</td><td>Pakhar 109.507 Ha</td></tr><tr><td>Latitude</td><td>23.55672649</td></tr><tr><td>Longitude</td><td>84.61967245</td></tr><tr><td>Easting (m)</td><td>257024.388</td></tr><tr><td>Northing (m)</td><td>2607169.322</td></tr><tr><td>Zone / Datum</td><td>UTM 45N / WGS84</td></tr></table>","_styleUrl":"#pillar0"},"id":128},{"type":"Point","coordinates":[84.61948623,23.55714387],"properties":{"name":"BD130","description":"<table border=\"1\" cellpadding=\"4\" cellspacing=\"0\" style=\"border-collapse:collapse;font-family:Arial;font-size:12px\"><tr><th align=\"left\">Parameter</th><th align=\"left\">Value</th></tr><tr><td>Pillar</td><td>BD130</td></tr><tr><td>Lease</td><td>Pakhar 109.507 Ha</td></tr><tr><td>Latitude</td><td>23.55714387</td></tr><tr><td>Longitude</td><td>84.61948623</td></tr><tr><td>Easting (m)</td><td>257006.140</td></tr><tr><td>Northing (m)</td><td>2607215.873</td></tr><tr><td>Zone / Datum</td><td>UTM 45N / WGS84</td></tr></table>","_styleUrl":"#pillar0"},"id":129},{"type":"Point","coordinates":[84.61942554,23.55719856],"properties":{"name":"BD131","description":"<table border=\"1\" cellpadding=\"4\" cellspacing=\"0\" style=\"border-collapse:collapse;font-family:Arial;font-size:12px\"><tr><th align=\"left\">Parameter</th><th align=\"left\">Value</th></tr><tr><td>Pillar</td><td>BD131</td></tr><tr><td>Lease</td><td>Pakhar 109.507 Ha</td></tr><tr><td>Latitude</td><td>23.55719856</td></tr><tr><td>Longitude</td><td>84.61942554</td></tr><tr><td>Easting (m)</td><td>257000.043</td></tr><tr><td>Northing (m)</td><td>2607222.034</td></tr><tr><td>Zone / Datum</td><td>UTM 45N / WGS84</td></tr></table>","_styleUrl":"#pillar0"},"id":130},{"type":"Point","coordinates":[84.61907545,23.55751404],"properties":{"name":"BD132","description":"<table border=\"1\" cellpadding=\"4\" cellspacing=\"0\" style=\"border-collapse:collapse;font-family:Arial;font-size:12px\"><tr><th align=\"left\">Parameter</th><th align=\"left\">Value</th></tr><tr><td>Pillar</td><td>BD132</td></tr><tr><td>Lease</td><td>Pakhar 109.507 Ha</td></tr><tr><td>Latitude</td><td>23.55751404</td></tr><tr><td>Longitude</td><td>84.61907545</td></tr><tr><td>Easting (m)</td><td>256964.874</td></tr><tr><td>Northing (m)</td><td>2607257.575</td></tr><tr><td>Zone / Datum</td><td>UTM 45N / WGS84</td></tr></table>","_styleUrl":"#pillar0"},"id":131},{"type":"Point","coordinates":[84.61872536,23.55782953],"properties":{"name":"BD133","description":"<table border=\"1\" cellpadding=\"4\" cellspacing=\"0\" style=\"border-collapse:collapse;font-family:Arial;font-size:12px\"><tr><th align=\"left\">Parameter</th><th align=\"left\">Value</th></tr><tr><td>Pillar</td><td>BD133</td></tr><tr><td>Lease</td><td>Pakhar 109.507 Ha</td></tr><tr><td>Latitude</td><td>23.55782953</td></tr><tr><td>Longitude</td><td>84.61872536</td></tr><tr><td>Easting (m)</td><td>256929.705</td></tr><tr><td>Northing (m)</td><td>2607293.116</td></tr><tr><td>Zone / Datum</td><td>UTM 45N / WGS84</td></tr></table>","_styleUrl":"#pillar0"},"id":132},{"type":"Point","coordinates":[84.61837527,23.55814501],"properties":{"name":"BD134","description":"<table border=\"1\" cellpadding=\"4\" cellspacing=\"0\" style=\"border-collapse:collapse;font-family:Arial;font-size:12px\"><tr><th align=\"left\">Parameter</th><th align=\"left\">Value</th></tr><tr><td>Pillar</td><td>BD134</td></tr><tr><td>Lease</td><td>Pakhar 109.507 Ha</td></tr><tr><td>Latitude</td><td>23.55814501</td></tr><tr><td>Longitude</td><td>84.61837527</td></tr><tr><td>Easting (m)</td><td>256894.536</td></tr><tr><td>Northing (m)</td><td>2607328.657</td></tr><tr><td>Zone / Datum</td><td>UTM 45N / WGS84</td></tr></table>","_styleUrl":"#pillar0"},"id":133},{"type":"Point","coordinates":[84.61820559,23.55764898],"properties":{"name":"BD135","description":"<table border=\"1\" cellpadding=\"4\" cellspacing=\"0\" style=\"border-collapse:collapse;font-family:Arial;font-size:12px\"><tr><th align=\"left\">Parameter</th><th align=\"left\">Value</th></tr><tr><td>Pillar</td><td>BD135</td></tr><tr><td>Lease</td><td>Pakhar 109.507 Ha</td></tr><tr><td>Latitude</td><td>23.55764898</td></tr><tr><td>Longitude</td><td>84.61820559</td></tr><tr><td>Easting (m)</td><td>256876.296</td></tr><tr><td>Northing (m)</td><td>2607273.999</td></tr><tr><td>Zone / Datum</td><td>UTM 45N / WGS84</td></tr></table>","_styleUrl":"#pillar0"},"id":134},{"type":"Point","coordinates":[84.61805836,23.55721856],"properties":{"name":"BD136","description":"<table border=\"1\" cellpadding=\"4\" cellspacing=\"0\" style=\"border-collapse:collapse;font-family:Arial;font-size:12px\"><tr><th align=\"left\">Parameter</th><th align=\"left\">Value</th></tr><tr><td>Pillar</td><td>BD136</td></tr><tr><td>Lease</td><td>Pakhar 109.507 Ha</td></tr><tr><td>Latitude</td><td>23.55721856</td></tr><tr><td>Longitude</td><td>84.61805836</td></tr><tr><td>Easting (m)</td><td>256860.468</td></tr><tr><td>Northing (m)</td><td>2607226.570</td></tr><tr><td>Zone / Datum</td><td>UTM 45N / WGS84</td></tr></table>","_styleUrl":"#pillar0"},"id":135},{"type":"Point","coordinates":[84.61791112,23.55678815],"properties":{"name":"BD137","description":"<table border=\"1\" cellpadding=\"4\" cellspacing=\"0\" style=\"border-collapse:collapse;font-family:Arial;font-size:12px\"><tr><th align=\"left\">Parameter</th><th align=\"left\">Value</th></tr><tr><td>Pillar</td><td>BD137</td></tr><tr><td>Lease</td><td>Pakhar 109.507 Ha</td></tr><tr><td>Latitude</td><td>23.55678815</td></tr><tr><td>Longitude</td><td>84.61791112</td></tr><tr><td>Easting (m)</td><td>256844.640</td></tr><tr><td>Northing (m)</td><td>2607179.142</td></tr><tr><td>Zone / Datum</td><td>UTM 45N / WGS84</td></tr></table>","_styleUrl":"#pillar0"},"id":136},{"type":"Point","coordinates":[84.61776388,23.55635772999999],"properties":{"name":"BD138","description":"<table border=\"1\" cellpadding=\"4\" cellspacing=\"0\" style=\"border-collapse:collapse;font-family:Arial;font-size:12px\"><tr><th align=\"left\">Parameter</th><th align=\"left\">Value</th></tr><tr><td>Pillar</td><td>BD138</td></tr><tr><td>Lease</td><td>Pakhar 109.507 Ha</td></tr><tr><td>Latitude</td><td>23.55635773</td></tr><tr><td>Longitude</td><td>84.61776388</td></tr><tr><td>Easting (m)</td><td>256828.812</td></tr><tr><td>Northing (m)</td><td>2607131.713</td></tr><tr><td>Zone / Datum</td><td>UTM 45N / WGS84</td></tr></table>","_styleUrl":"#pillar0"},"id":137},{"type":"Point","coordinates":[84.61761665,23.55592731],"properties":{"name":"BD139","description":"<table border=\"1\" cellpadding=\"4\" cellspacing=\"0\" style=\"border-collapse:collapse;font-family:Arial;font-size:12px\"><tr><th align=\"left\">Parameter</th><th align=\"left\">Value</th></tr><tr><td>Pillar</td><td>BD139</td></tr><tr><td>Lease</td><td>Pakhar 109.507 Ha</td></tr><tr><td>Latitude</td><td>23.55592731</td></tr><tr><td>Longitude</td><td>84.61761665</td></tr><tr><td>Easting (m)</td><td>256812.984</td></tr><tr><td>Northing (m)</td><td>2607084.284</td></tr><tr><td>Zone / Datum</td><td>UTM 45N / WGS84</td></tr></table>","_styleUrl":"#pillar0"},"id":138},{"type":"Point","coordinates":[84.61746941,23.5554969],"properties":{"name":"BD140","description":"<table border=\"1\" cellpadding=\"4\" cellspacing=\"0\" style=\"border-collapse:collapse;font-family:Arial;font-size:12px\"><tr><th align=\"left\">Parameter</th><th align=\"left\">Value</th></tr><tr><td>Pillar</td><td>BD140</td></tr><tr><td>Lease</td><td>Pakhar 109.507 Ha</td></tr><tr><td>Latitude</td><td>23.55549690</td></tr><tr><td>Longitude</td><td>84.61746941</td></tr><tr><td>Easting (m)</td><td>256797.156</td></tr><tr><td>Northing (m)</td><td>2607036.856</td></tr><tr><td>Zone / Datum</td><td>UTM 45N / WGS84</td></tr></table>","_styleUrl":"#pillar0"},"id":139},{"type":"Point","coordinates":[84.61732218,23.55506648],"properties":{"name":"BD141","description":"<table border=\"1\" cellpadding=\"4\" cellspacing=\"0\" style=\"border-collapse:collapse;font-family:Arial;font-size:12px\"><tr><th align=\"left\">Parameter</th><th align=\"left\">Value</th></tr><tr><td>Pillar</td><td>BD141</td></tr><tr><td>Lease</td><td>Pakhar 109.507 Ha</td></tr><tr><td>Latitude</td><td>23.55506648</td></tr><tr><td>Longitude</td><td>84.61732218</td></tr><tr><td>Easting (m)</td><td>256781.328</td></tr><tr><td>Northing (m)</td><td>2606989.427</td></tr><tr><td>Zone / Datum</td><td>UTM 45N / WGS84</td></tr></table>","_styleUrl":"#pillar0"},"id":140},{"type":"Point","coordinates":[84.61717495,23.55463607],"properties":{"name":"BD142","description":"<table border=\"1\" cellpadding=\"4\" cellspacing=\"0\" style=\"border-collapse:collapse;font-family:Arial;font-size:12px\"><tr><th align=\"left\">Parameter</th><th align=\"left\">Value</th></tr><tr><td>Pillar</td><td>BD142</td></tr><tr><td>Lease</td><td>Pakhar 109.507 Ha</td></tr><tr><td>Latitude</td><td>23.55463607</td></tr><tr><td>Longitude</td><td>84.61717495</td></tr><tr><td>Easting (m)</td><td>256765.500</td></tr><tr><td>Northing (m)</td><td>2606941.999</td></tr><tr><td>Zone / Datum</td><td>UTM 45N / WGS84</td></tr></table>","_styleUrl":"#pillar0"},"id":141},{"type":"Point","coordinates":[84.61702772,23.55420565],"properties":{"name":"BD143","description":"<table border=\"1\" cellpadding=\"4\" cellspacing=\"0\" style=\"border-collapse:collapse;font-family:Arial;font-size:12px\"><tr><th align=\"left\">Parameter</th><th align=\"left\">Value</th></tr><tr><td>Pillar</td><td>BD143</td></tr><tr><td>Lease</td><td>Pakhar 109.507 Ha</td></tr><tr><td>Latitude</td><td>23.55420565</td></tr><tr><td>Longitude</td><td>84.61702772</td></tr><tr><td>Easting (m)</td><td>256749.672</td></tr><tr><td>Northing (m)</td><td>2606894.570</td></tr><tr><td>Zone / Datum</td><td>UTM 45N / WGS84</td></tr></table>","_styleUrl":"#pillar0"},"id":142},{"type":"Point","coordinates":[84.61688048,23.55377523],"properties":{"name":"BD144","description":"<table border=\"1\" cellpadding=\"4\" cellspacing=\"0\" style=\"border-collapse:collapse;font-family:Arial;font-size:12px\"><tr><th align=\"left\">Parameter</th><th align=\"left\">Value</th></tr><tr><td>Pillar</td><td>BD144</td></tr><tr><td>Lease</td><td>Pakhar 109.507 Ha</td></tr><tr><td>Latitude</td><td>23.55377523</td></tr><tr><td>Longitude</td><td>84.61688048</td></tr><tr><td>Easting (m)</td><td>256733.844</td></tr><tr><td>Northing (m)</td><td>2606847.141</td></tr><tr><td>Zone / Datum</td><td>UTM 45N / WGS84</td></tr></table>","_styleUrl":"#pillar0"},"id":143},{"type":"Point","coordinates":[84.61673325,23.55334482],"properties":{"name":"BD145","description":"<table border=\"1\" cellpadding=\"4\" cellspacing=\"0\" style=\"border-collapse:collapse;font-family:Arial;font-size:12px\"><tr><th align=\"left\">Parameter</th><th align=\"left\">Value</th></tr><tr><td>Pillar</td><td>BD145</td></tr><tr><td>Lease</td><td>Pakhar 109.507 Ha</td></tr><tr><td>Latitude</td><td>23.55334482</td></tr><tr><td>Longitude</td><td>84.61673325</td></tr><tr><td>Easting (m)</td><td>256718.016</td></tr><tr><td>Northing (m)</td><td>2606799.713</td></tr><tr><td>Zone / Datum</td><td>UTM 45N / WGS84</td></tr></table>","_styleUrl":"#pillar0"},"id":144},{"type":"Point","coordinates":[84.61658603,23.5529144],"properties":{"name":"BD146","description":"<table border=\"1\" cellpadding=\"4\" cellspacing=\"0\" style=\"border-collapse:collapse;font-family:Arial;font-size:12px\"><tr><th align=\"left\">Parameter</th><th align=\"left\">Value</th></tr><tr><td>Pillar</td><td>BD146</td></tr><tr><td>Lease</td><td>Pakhar 109.507 Ha</td></tr><tr><td>Latitude</td><td>23.55291440</td></tr><tr><td>Longitude</td><td>84.61658603</td></tr><tr><td>Easting (m)</td><td>256702.188</td></tr><tr><td>Northing (m)</td><td>2606752.284</td></tr><tr><td>Zone / Datum</td><td>UTM 45N / WGS84</td></tr></table>","_styleUrl":"#pillar0"},"id":145},{"type":"Point","coordinates":[84.61654422,23.55279216],"properties":{"name":"BD147","description":"<table border=\"1\" cellpadding=\"4\" cellspacing=\"0\" style=\"border-collapse:collapse;font-family:Arial;font-size:12px\"><tr><th align=\"left\">Parameter</th><th align=\"left\">Value</th></tr><tr><td>Pillar</td><td>BD147</td></tr><tr><td>Lease</td><td>Pakhar 109.507 Ha</td></tr><tr><td>Latitude</td><td>23.55279216</td></tr><tr><td>Longitude</td><td>84.61654422</td></tr><tr><td>Easting (m)</td><td>256697.694</td></tr><tr><td>Northing (m)</td><td>2606738.815</td></tr><tr><td>Zone / Datum</td><td>UTM 45N / WGS84</td></tr></table>","_styleUrl":"#pillar0"},"id":146},{"type":"Point","coordinates":[84.61606786,23.5528962],"properties":{"name":"BD148","description":"<table border=\"1\" cellpadding=\"4\" cellspacing=\"0\" style=\"border-collapse:collapse;font-family:Arial;font-size:12px\"><tr><th align=\"left\">Parameter</th><th align=\"left\">Value</th></tr><tr><td>Pillar</td><td>BD148</td></tr><tr><td>Lease</td><td>Pakhar 109.507 Ha</td></tr><tr><td>Latitude</td><td>23.55289620</td></tr><tr><td>Longitude</td><td>84.61606786</td></tr><tr><td>Easting (m)</td><td>256649.239</td></tr><tr><td>Northing (m)</td><td>2606751.148</td></tr><tr><td>Zone / Datum</td><td>UTM 45N / WGS84</td></tr></table>","_styleUrl":"#pillar0"},"id":147},{"type":"Point","coordinates":[84.61559849,23.55299856],"properties":{"name":"BD149","description":"<table border=\"1\" cellpadding=\"4\" cellspacing=\"0\" style=\"border-collapse:collapse;font-family:Arial;font-size:12px\"><tr><th align=\"left\">Parameter</th><th align=\"left\">Value</th></tr><tr><td>Pillar</td><td>BD149</td></tr><tr><td>Lease</td><td>Pakhar 109.507 Ha</td></tr><tr><td>Latitude</td><td>23.55299856</td></tr><tr><td>Longitude</td><td>84.61559849</td></tr><tr><td>Easting (m)</td><td>256601.496</td></tr><tr><td>Northing (m)</td><td>2606763.285</td></tr><tr><td>Zone / Datum</td><td>UTM 45N / WGS84</td></tr></table>","_styleUrl":"#pillar0"},"id":148},{"type":"Point","coordinates":[84.61520886,23.55323949],"properties":{"name":"BD150","description":"<table border=\"1\" cellpadding=\"4\" cellspacing=\"0\" style=\"border-collapse:collapse;font-family:Arial;font-size:12px\"><tr><th align=\"left\">Parameter</th><th align=\"left\">Value</th></tr><tr><td>Pillar</td><td>BD150</td></tr><tr><td>Lease</td><td>Pakhar 109.507 Ha</td></tr><tr><td>Latitude</td><td>23.55323949</td></tr><tr><td>Longitude</td><td>84.61520886</td></tr><tr><td>Easting (m)</td><td>256562.151</td></tr><tr><td>Northing (m)</td><td>2606790.635</td></tr><tr><td>Zone / Datum</td><td>UTM 45N / WGS84</td></tr></table>","_styleUrl":"#pillar0"},"id":149},{"type":"Point","coordinates":[84.61539481,23.55365697],"properties":{"name":"BD151","description":"<table border=\"1\" cellpadding=\"4\" cellspacing=\"0\" style=\"border-collapse:collapse;font-family:Arial;font-size:12px\"><tr><th align=\"left\">Parameter</th><th align=\"left\">Value</th></tr><tr><td>Pillar</td><td>BD151</td></tr><tr><td>Lease</td><td>Pakhar 109.507 Ha</td></tr><tr><td>Latitude</td><td>23.55365697</td></tr><tr><td>Longitude</td><td>84.61539481</td></tr><tr><td>Easting (m)</td><td>256581.910</td></tr><tr><td>Northing (m)</td><td>2606836.565</td></tr><tr><td>Zone / Datum</td><td>UTM 45N / WGS84</td></tr></table>","_styleUrl":"#pillar0"},"id":150},{"type":"Point","coordinates":[84.6154587,23.55387599],"properties":{"name":"BD152","description":"<table border=\"1\" cellpadding=\"4\" cellspacing=\"0\" style=\"border-collapse:collapse;font-family:Arial;font-size:12px\"><tr><th align=\"left\">Parameter</th><th align=\"left\">Value</th></tr><tr><td>Pillar</td><td>BD152</td></tr><tr><td>Lease</td><td>Pakhar 109.507 Ha</td></tr><tr><td>Latitude</td><td>23.55387599</td></tr><tr><td>Longitude</td><td>84.61545870</td></tr><tr><td>Easting (m)</td><td>256588.838</td></tr><tr><td>Northing (m)</td><td>2606860.718</td></tr><tr><td>Zone / Datum</td><td>UTM 45N / WGS84</td></tr></table>","_styleUrl":"#pillar0"},"id":151},{"type":"Point","coordinates":[84.61587823,23.55410859],"properties":{"name":"BD153","description":"<table border=\"1\" cellpadding=\"4\" cellspacing=\"0\" style=\"border-collapse:collapse;font-family:Arial;font-size:12px\"><tr><th align=\"left\">Parameter</th><th align=\"left\">Value</th></tr><tr><td>Pillar</td><td>BD153</td></tr><tr><td>Lease</td><td>Pakhar 109.507 Ha</td></tr><tr><td>Latitude</td><td>23.55410859</td></tr><tr><td>Longitude</td><td>84.61587823</td></tr><tr><td>Easting (m)</td><td>256632.109</td></tr><tr><td>Northing (m)</td><td>2606885.771</td></tr><tr><td>Zone / Datum</td><td>UTM 45N / WGS84</td></tr></table>","_styleUrl":"#pillar0"},"id":152},{"type":"Point","coordinates":[84.61621757,23.55443388],"properties":{"name":"BD154","description":"<table border=\"1\" cellpadding=\"4\" cellspacing=\"0\" style=\"border-collapse:collapse;font-family:Arial;font-size:12px\"><tr><th align=\"left\">Parameter</th><th align=\"left\">Value</th></tr><tr><td>Pillar</td><td>BD154</td></tr><tr><td>Lease</td><td>Pakhar 109.507 Ha</td></tr><tr><td>Latitude</td><td>23.55443388</td></tr><tr><td>Longitude</td><td>84.61621757</td></tr><tr><td>Easting (m)</td><td>256667.361</td></tr><tr><td>Northing (m)</td><td>2606921.228</td></tr><tr><td>Zone / Datum</td><td>UTM 45N / WGS84</td></tr></table>","_styleUrl":"#pillar0"},"id":153},{"type":"Point","coordinates":[84.61628318,23.55449703],"properties":{"name":"BD155","description":"<table border=\"1\" cellpadding=\"4\" cellspacing=\"0\" style=\"border-collapse:collapse;font-family:Arial;font-size:12px\"><tr><th align=\"left\">Parameter</th><th align=\"left\">Value</th></tr><tr><td>Pillar</td><td>BD155</td></tr><tr><td>Lease</td><td>Pakhar 109.507 Ha</td></tr><tr><td>Latitude</td><td>23.55449703</td></tr><tr><td>Longitude</td><td>84.61628318</td></tr><tr><td>Easting (m)</td><td>256674.178</td></tr><tr><td>Northing (m)</td><td>2606928.112</td></tr><tr><td>Zone / Datum</td><td>UTM 45N / WGS84</td></tr></table>","_styleUrl":"#pillar0"},"id":154},{"type":"Point","coordinates":[84.61638074,23.5544197],"properties":{"name":"BD156","description":"<table border=\"1\" cellpadding=\"4\" cellspacing=\"0\" style=\"border-collapse:collapse;font-family:Arial;font-size:12px\"><tr><th align=\"left\">Parameter</th><th align=\"left\">Value</th></tr><tr><td>Pillar</td><td>BD156</td></tr><tr><td>Lease</td><td>Pakhar 109.507 Ha</td></tr><tr><td>Latitude</td><td>23.55441970</td></tr><tr><td>Longitude</td><td>84.61638074</td></tr><tr><td>Easting (m)</td><td>256683.998</td></tr><tr><td>Northing (m)</td><td>2606919.380</td></tr><tr><td>Zone / Datum</td><td>UTM 45N / WGS84</td></tr></table>","_styleUrl":"#pillar0"},"id":155},{"type":"Point","coordinates":[84.61671386,23.55474806],"properties":{"name":"BD157","description":"<table border=\"1\" cellpadding=\"4\" cellspacing=\"0\" style=\"border-collapse:collapse;font-family:Arial;font-size:12px\"><tr><th align=\"left\">Parameter</th><th align=\"left\">Value</th></tr><tr><td>Pillar</td><td>BD157</td></tr><tr><td>Lease</td><td>Pakhar 109.507 Ha</td></tr><tr><td>Latitude</td><td>23.55474806</td></tr><tr><td>Longitude</td><td>84.61671386</td></tr><tr><td>Easting (m)</td><td>256718.621</td></tr><tr><td>Northing (m)</td><td>2606955.188</td></tr><tr><td>Zone / Datum</td><td>UTM 45N / WGS84</td></tr></table>","_styleUrl":"#pillar0"},"id":156},{"type":"Point","coordinates":[84.61684473,23.55467192],"properties":{"name":"BD158","description":"<table border=\"1\" cellpadding=\"4\" cellspacing=\"0\" style=\"border-collapse:collapse;font-family:Arial;font-size:12px\"><tr><th align=\"left\">Parameter</th><th align=\"left\">Value</th></tr><tr><td>Pillar</td><td>BD158</td></tr><tr><td>Lease</td><td>Pakhar 109.507 Ha</td></tr><tr><td>Latitude</td><td>23.55467192</td></tr><tr><td>Longitude</td><td>84.61684473</td></tr><tr><td>Easting (m)</td><td>256731.845</td></tr><tr><td>Northing (m)</td><td>2606946.531</td></tr><tr><td>Zone / Datum</td><td>UTM 45N / WGS84</td></tr></table>","_styleUrl":"#pillar0"},"id":157},{"type":"Point","coordinates":[84.61695775,23.55473617],"properties":{"name":"BD159","description":"<table border=\"1\" cellpadding=\"4\" cellspacing=\"0\" style=\"border-collapse:collapse;font-family:Arial;font-size:12px\"><tr><th align=\"left\">Parameter</th><th align=\"left\">Value</th></tr><tr><td>Pillar</td><td>BD159</td></tr><tr><td>Lease</td><td>Pakhar 109.507 Ha</td></tr><tr><td>Latitude</td><td>23.55473617</td></tr><tr><td>Longitude</td><td>84.61695775</td></tr><tr><td>Easting (m)</td><td>256743.505</td></tr><tr><td>Northing (m)</td><td>2606953.456</td></tr><tr><td>Zone / Datum</td><td>UTM 45N / WGS84</td></tr></table>","_styleUrl":"#pillar0"},"id":158},{"type":"Point","coordinates":[84.61689708,23.55488489],"properties":{"name":"BD160","description":"<table border=\"1\" cellpadding=\"4\" cellspacing=\"0\" style=\"border-collapse:collapse;font-family:Arial;font-size:12px\"><tr><th align=\"left\">Parameter</th><th align=\"left\">Value</th></tr><tr><td>Pillar</td><td>BD160</td></tr><tr><td>Lease</td><td>Pakhar 109.507 Ha</td></tr><tr><td>Latitude</td><td>23.55488489</td></tr><tr><td>Longitude</td><td>84.61689708</td></tr><tr><td>Easting (m)</td><td>256737.583</td></tr><tr><td>Northing (m)</td><td>2606970.033</td></tr><tr><td>Zone / Datum</td><td>UTM 45N / WGS84</td></tr></table>","_styleUrl":"#pillar0"},"id":159},{"type":"Point","coordinates":[84.61672695,23.5548361],"properties":{"name":"BD161","description":"<table border=\"1\" cellpadding=\"4\" cellspacing=\"0\" style=\"border-collapse:collapse;font-family:Arial;font-size:12px\"><tr><th align=\"left\">Parameter</th><th align=\"left\">Value</th></tr><tr><td>Pillar</td><td>BD161</td></tr><tr><td>Lease</td><td>Pakhar 109.507 Ha</td></tr><tr><td>Latitude</td><td>23.55483610</td></tr><tr><td>Longitude</td><td>84.61672695</td></tr><tr><td>Easting (m)</td><td>256720.120</td></tr><tr><td>Northing (m)</td><td>2606964.918</td></tr><tr><td>Zone / Datum</td><td>UTM 45N / WGS84</td></tr></table>","_styleUrl":"#pillar0"},"id":160},{"type":"Point","coordinates":[84.6166746,23.55491701],"properties":{"name":"BD162","description":"<table border=\"1\" cellpadding=\"4\" cellspacing=\"0\" style=\"border-collapse:collapse;font-family:Arial;font-size:12px\"><tr><th align=\"left\">Parameter</th><th align=\"left\">Value</th></tr><tr><td>Pillar</td><td>BD162</td></tr><tr><td>Lease</td><td>Pakhar 109.507 Ha</td></tr><tr><td>Latitude</td><td>23.55491701</td></tr><tr><td>Longitude</td><td>84.61667460</td></tr><tr><td>Easting (m)</td><td>256714.923</td></tr><tr><td>Northing (m)</td><td>2606973.969</td></tr><tr><td>Zone / Datum</td><td>UTM 45N / WGS84</td></tr></table>","_styleUrl":"#pillar0"},"id":161},{"type":"Point","coordinates":[84.61649614,23.55470523],"properties":{"name":"BD163","description":"<table border=\"1\" cellpadding=\"4\" cellspacing=\"0\" style=\"border-collapse:collapse;font-family:Arial;font-size:12px\"><tr><th align=\"left\">Parameter</th><th align=\"left\">Value</th></tr><tr><td>Pillar</td><td>BD163</td></tr><tr><td>Lease</td><td>Pakhar 109.507 Ha</td></tr><tr><td>Latitude</td><td>23.55470523</td></tr><tr><td>Longitude</td><td>84.61649614</td></tr><tr><td>Easting (m)</td><td>256696.309</td></tr><tr><td>Northing (m)</td><td>2606950.813</td></tr><tr><td>Zone / Datum</td><td>UTM 45N / WGS84</td></tr></table>","_styleUrl":"#pillar0"},"id":162},{"type":"Point","coordinates":[84.61628794,23.55463266],"properties":{"name":"BD164","description":"<table border=\"1\" cellpadding=\"4\" cellspacing=\"0\" style=\"border-collapse:collapse;font-family:Arial;font-size:12px\"><tr><th align=\"left\">Parameter</th><th align=\"left\">Value</th></tr><tr><td>Pillar</td><td>BD164</td></tr><tr><td>Lease</td><td>Pakhar 109.507 Ha</td></tr><tr><td>Latitude</td><td>23.55463266</td></tr><tr><td>Longitude</td><td>84.61628794</td></tr><tr><td>Easting (m)</td><td>256674.914</td></tr><tr><td>Northing (m)</td><td>2606943.128</td></tr><tr><td>Zone / Datum</td><td>UTM 45N / WGS84</td></tr></table>","_styleUrl":"#pillar0"},"id":163},{"type":"Point","coordinates":[84.61596837,23.55429077],"properties":{"name":"BD165","description":"<table border=\"1\" cellpadding=\"4\" cellspacing=\"0\" style=\"border-collapse:collapse;font-family:Arial;font-size:12px\"><tr><th align=\"left\">Parameter</th><th align=\"left\">Value</th></tr><tr><td>Pillar</td><td>BD165</td></tr><tr><td>Lease</td><td>Pakhar 109.507 Ha</td></tr><tr><td>Latitude</td><td>23.55429077</td></tr><tr><td>Longitude</td><td>84.61596837</td></tr><tr><td>Easting (m)</td><td>256641.650</td></tr><tr><td>Northing (m)</td><td>2606905.798</td></tr><tr><td>Zone / Datum</td><td>UTM 45N / WGS84</td></tr></table>","_styleUrl":"#pillar0"},"id":164},{"type":"Point","coordinates":[84.61572757,23.55403541],"properties":{"name":"BD166","description":"<table border=\"1\" cellpadding=\"4\" cellspacing=\"0\" style=\"border-collapse:collapse;font-family:Arial;font-size:12px\"><tr><th align=\"left\">Parameter</th><th align=\"left\">Value</th></tr><tr><td>Pillar</td><td>BD166</td></tr><tr><td>Lease</td><td>Pakhar 109.507 Ha</td></tr><tr><td>Latitude</td><td>23.55403541</td></tr><tr><td>Longitude</td><td>84.61572757</td></tr><tr><td>Easting (m)</td><td>256616.589</td></tr><tr><td>Northing (m)</td><td>2606877.921</td></tr><tr><td>Zone / Datum</td><td>UTM 45N / WGS84</td></tr></table>","_styleUrl":"#pillar0"},"id":165},{"type":"Point","coordinates":[84.61538374,23.55399615],"properties":{"name":"BD167","description":"<table border=\"1\" cellpadding=\"4\" cellspacing=\"0\" style=\"border-collapse:collapse;font-family:Arial;font-size:12px\"><tr><th align=\"left\">Parameter</th><th align=\"left\">Value</th></tr><tr><td>Pillar</td><td>BD167</td></tr><tr><td>Lease</td><td>Pakhar 109.507 Ha</td></tr><tr><td>Latitude</td><td>23.55399615</td></tr><tr><td>Longitude</td><td>84.61538374</td></tr><tr><td>Easting (m)</td><td>256581.405</td></tr><tr><td>Northing (m)</td><td>2606874.156</td></tr><tr><td>Zone / Datum</td><td>UTM 45N / WGS84</td></tr></table>","_styleUrl":"#pillar0"},"id":166},{"type":"Point","coordinates":[84.6153778,23.55408776],"properties":{"name":"BD168","description":"<table border=\"1\" cellpadding=\"4\" cellspacing=\"0\" style=\"border-collapse:collapse;font-family:Arial;font-size:12px\"><tr><th align=\"left\">Parameter</th><th align=\"left\">Value</th></tr><tr><td>Pillar</td><td>BD168</td></tr><tr><td>Lease</td><td>Pakhar 109.507 Ha</td></tr><tr><td>Latitude</td><td>23.55408776</td></tr><tr><td>Longitude</td><td>84.61537780</td></tr><tr><td>Easting (m)</td><td>256580.967</td></tr><tr><td>Northing (m)</td><td>2606884.314</td></tr><tr><td>Zone / Datum</td><td>UTM 45N / WGS84</td></tr></table>","_styleUrl":"#pillar0"},"id":167},{"type":"Point","coordinates":[84.61571806,23.55419364999999],"properties":{"name":"BD169","description":"<table border=\"1\" cellpadding=\"4\" cellspacing=\"0\" style=\"border-collapse:collapse;font-family:Arial;font-size:12px\"><tr><th align=\"left\">Parameter</th><th align=\"left\">Value</th></tr><tr><td>Pillar</td><td>BD169</td></tr><tr><td>Lease</td><td>Pakhar 109.507 Ha</td></tr><tr><td>Latitude</td><td>23.55419365</td></tr><tr><td>Longitude</td><td>84.61571806</td></tr><tr><td>Easting (m)</td><td>256615.909</td></tr><tr><td>Northing (m)</td><td>2606895.465</td></tr><tr><td>Zone / Datum</td><td>UTM 45N / WGS84</td></tr></table>","_styleUrl":"#pillar0"},"id":168},{"type":"Point","coordinates":[84.61606979,23.55450756],"properties":{"name":"BD170","description":"<table border=\"1\" cellpadding=\"4\" cellspacing=\"0\" style=\"border-collapse:collapse;font-family:Arial;font-size:12px\"><tr><th align=\"left\">Parameter</th><th align=\"left\">Value</th></tr><tr><td>Pillar</td><td>BD170</td></tr><tr><td>Lease</td><td>Pakhar 109.507 Ha</td></tr><tr><td>Latitude</td><td>23.55450756</td></tr><tr><td>Longitude</td><td>84.61606979</td></tr><tr><td>Easting (m)</td><td>256652.406</td></tr><tr><td>Northing (m)</td><td>2606929.641</td></tr><tr><td>Zone / Datum</td><td>UTM 45N / WGS84</td></tr></table>","_styleUrl":"#pillar0"},"id":169},{"type":"Point","coordinates":[84.61617611,23.5546279],"properties":{"name":"BD171","description":"<table border=\"1\" cellpadding=\"4\" cellspacing=\"0\" style=\"border-collapse:collapse;font-family:Arial;font-size:12px\"><tr><th align=\"left\">Parameter</th><th align=\"left\">Value</th></tr><tr><td>Pillar</td><td>BD171</td></tr><tr><td>Lease</td><td>Pakhar 109.507 Ha</td></tr><tr><td>Latitude</td><td>23.55462790</td></tr><tr><td>Longitude</td><td>84.61617611</td></tr><tr><td>Easting (m)</td><td>256663.485</td></tr><tr><td>Northing (m)</td><td>2606942.791</td></tr><tr><td>Zone / Datum</td><td>UTM 45N / WGS84</td></tr></table>","_styleUrl":"#pillar0"},"id":170},{"type":"Point","coordinates":[84.61628437,23.55480398],"properties":{"name":"BD172","description":"<table border=\"1\" cellpadding=\"4\" cellspacing=\"0\" style=\"border-collapse:collapse;font-family:Arial;font-size:12px\"><tr><th align=\"left\">Parameter</th><th align=\"left\">Value</th></tr><tr><td>Pillar</td><td>BD172</td></tr><tr><td>Lease</td><td>Pakhar 109.507 Ha</td></tr><tr><td>Latitude</td><td>23.55480398</td></tr><tr><td>Longitude</td><td>84.61628437</td></tr><tr><td>Easting (m)</td><td>256674.865</td></tr><tr><td>Northing (m)</td><td>2606962.112</td></tr><tr><td>Zone / Datum</td><td>UTM 45N / WGS84</td></tr></table>","_styleUrl":"#pillar0"},"id":171},{"type":"Point","coordinates":[84.6165354,23.55487418],"properties":{"name":"BD173","description":"<table border=\"1\" cellpadding=\"4\" cellspacing=\"0\" style=\"border-collapse:collapse;font-family:Arial;font-size:12px\"><tr><th align=\"left\">Parameter</th><th align=\"left\">Value</th></tr><tr><td>Pillar</td><td>BD173</td></tr><tr><td>Lease</td><td>Pakhar 109.507 Ha</td></tr><tr><td>Latitude</td><td>23.55487418</td></tr><tr><td>Longitude</td><td>84.61653540</td></tr><tr><td>Easting (m)</td><td>256700.629</td></tr><tr><td>Northing (m)</td><td>2606969.461</td></tr><tr><td>Zone / Datum</td><td>UTM 45N / WGS84</td></tr></table>","_styleUrl":"#pillar0"},"id":172},{"type":"Point","coordinates":[84.61659489,23.55506691],"properties":{"name":"BD174","description":"<table border=\"1\" cellpadding=\"4\" cellspacing=\"0\" style=\"border-collapse:collapse;font-family:Arial;font-size:12px\"><tr><th align=\"left\">Parameter</th><th align=\"left\">Value</th></tr><tr><td>Pillar</td><td>BD174</td></tr><tr><td>Lease</td><td>Pakhar 109.507 Ha</td></tr><tr><td>Latitude</td><td>23.55506691</td></tr><tr><td>Longitude</td><td>84.61659489</td></tr><tr><td>Easting (m)</td><td>256707.059</td></tr><tr><td>Northing (m)</td><td>2606990.710</td></tr><tr><td>Zone / Datum</td><td>UTM 45N / WGS84</td></tr></table>","_styleUrl":"#pillar0"},"id":173},{"type":"Point","coordinates":[84.61620941,23.55493129],"properties":{"name":"BD175","description":"<table border=\"1\" cellpadding=\"4\" cellspacing=\"0\" style=\"border-collapse:collapse;font-family:Arial;font-size:12px\"><tr><th align=\"left\">Parameter</th><th align=\"left\">Value</th></tr><tr><td>Pillar</td><td>BD175</td></tr><tr><td>Lease</td><td>Pakhar 109.507 Ha</td></tr><tr><td>Latitude</td><td>23.55493129</td></tr><tr><td>Longitude</td><td>84.61620941</td></tr><tr><td>Easting (m)</td><td>256667.445</td></tr><tr><td>Northing (m)</td><td>2606976.341</td></tr><tr><td>Zone / Datum</td><td>UTM 45N / WGS84</td></tr></table>","_styleUrl":"#pillar0"},"id":174},{"type":"Point","coordinates":[84.61604524,23.55471],"properties":{"name":"BD176","description":"<table border=\"1\" cellpadding=\"4\" cellspacing=\"0\" style=\"border-collapse:collapse;font-family:Arial;font-size:12px\"><tr><th align=\"left\">Parameter</th><th align=\"left\">Value</th></tr><tr><td>Pillar</td><td>BD176</td></tr><tr><td>Lease</td><td>Pakhar 109.507 Ha</td></tr><tr><td>Latitude</td><td>23.55471000</td></tr><tr><td>Longitude</td><td>84.61604524</td></tr><tr><td>Easting (m)</td><td>256650.272</td></tr><tr><td>Northing (m)</td><td>2606952.107</td></tr><tr><td>Zone / Datum</td><td>UTM 45N / WGS84</td></tr></table>","_styleUrl":"#pillar0"},"id":175},{"type":"Point","coordinates":[84.61607141,23.55465288],"properties":{"name":"BD177","description":"<table border=\"1\" cellpadding=\"4\" cellspacing=\"0\" style=\"border-collapse:collapse;font-family:Arial;font-size:12px\"><tr><th align=\"left\">Parameter</th><th align=\"left\">Value</th></tr><tr><td>Pillar</td><td>BD177</td></tr><tr><td>Lease</td><td>Pakhar 109.507 Ha</td></tr><tr><td>Latitude</td><td>23.55465288</td></tr><tr><td>Longitude</td><td>84.61607141</td></tr><tr><td>Easting (m)</td><td>256652.839</td></tr><tr><td>Northing (m)</td><td>2606945.736</td></tr><tr><td>Zone / Datum</td><td>UTM 45N / WGS84</td></tr></table>","_styleUrl":"#pillar0"},"id":176},{"type":"Point","coordinates":[84.61574066,23.55440542],"properties":{"name":"BD178","description":"<table border=\"1\" cellpadding=\"4\" cellspacing=\"0\" style=\"border-collapse:collapse;font-family:Arial;font-size:12px\"><tr><th align=\"left\">Parameter</th><th align=\"left\">Value</th></tr><tr><td>Pillar</td><td>BD178</td></tr><tr><td>Lease</td><td>Pakhar 109.507 Ha</td></tr><tr><td>Latitude</td><td>23.55440542</td></tr><tr><td>Longitude</td><td>84.61574066</td></tr><tr><td>Easting (m)</td><td>256618.608</td></tr><tr><td>Northing (m)</td><td>2606918.886</td></tr><tr><td>Zone / Datum</td><td>UTM 45N / WGS84</td></tr></table>","_styleUrl":"#pillar0"},"id":177},{"type":"Point","coordinates":[84.61566095,23.55442683],"properties":{"name":"BD179","description":"<table border=\"1\" cellpadding=\"4\" cellspacing=\"0\" style=\"border-collapse:collapse;font-family:Arial;font-size:12px\"><tr><th align=\"left\">Parameter</th><th align=\"left\">Value</th></tr><tr><td>Pillar</td><td>BD179</td></tr><tr><td>Lease</td><td>Pakhar 109.507 Ha</td></tr><tr><td>Latitude</td><td>23.55442683</td></tr><tr><td>Longitude</td><td>84.61566095</td></tr><tr><td>Easting (m)</td><td>256610.507</td></tr><tr><td>Northing (m)</td><td>2606921.393</td></tr><tr><td>Zone / Datum</td><td>UTM 45N / WGS84</td></tr></table>","_styleUrl":"#pillar0"},"id":178},{"type":"Point","coordinates":[84.61544561,23.55430191],"properties":{"name":"BD180","description":"<table border=\"1\" cellpadding=\"4\" cellspacing=\"0\" style=\"border-collapse:collapse;font-family:Arial;font-size:12px\"><tr><th align=\"left\">Parameter</th><th align=\"left\">Value</th></tr><tr><td>Pillar</td><td>BD180</td></tr><tr><td>Lease</td><td>Pakhar 109.507 Ha</td></tr><tr><td>Latitude</td><td>23.55430191</td></tr><tr><td>Longitude</td><td>84.61544561</td></tr><tr><td>Easting (m)</td><td>256588.287</td></tr><tr><td>Northing (m)</td><td>2606907.921</td></tr><tr><td>Zone / Datum</td><td>UTM 45N / WGS84</td></tr></table>","_styleUrl":"#pillar0"},"id":179},{"type":"Point","coordinates":[84.61521123,23.55425671],"properties":{"name":"BD181","description":"<table border=\"1\" cellpadding=\"4\" cellspacing=\"0\" style=\"border-collapse:collapse;font-family:Arial;font-size:12px\"><tr><th align=\"left\">Parameter</th><th align=\"left\">Value</th></tr><tr><td>Pillar</td><td>BD181</td></tr><tr><td>Lease</td><td>Pakhar 109.507 Ha</td></tr><tr><td>Latitude</td><td>23.55425671</td></tr><tr><td>Longitude</td><td>84.61521123</td></tr><tr><td>Easting (m)</td><td>256564.269</td></tr><tr><td>Northing (m)</td><td>2606903.312</td></tr><tr><td>Zone / Datum</td><td>UTM 45N / WGS84</td></tr></table>","_styleUrl":"#pillar0"},"id":180},{"type":"Point","coordinates":[84.61496496,23.5540949],"properties":{"name":"BD182","description":"<table border=\"1\" cellpadding=\"4\" cellspacing=\"0\" style=\"border-collapse:collapse;font-family:Arial;font-size:12px\"><tr><th align=\"left\">Parameter</th><th align=\"left\">Value</th></tr><tr><td>Pillar</td><td>BD182</td></tr><tr><td>Lease</td><td>Pakhar 109.507 Ha</td></tr><tr><td>Latitude</td><td>23.55409490</td></tr><tr><td>Longitude</td><td>84.61496496</td></tr><tr><td>Easting (m)</td><td>256538.821</td></tr><tr><td>Northing (m)</td><td>2606885.807</td></tr><tr><td>Zone / Datum</td><td>UTM 45N / WGS84</td></tr></table>","_styleUrl":"#pillar0"},"id":181},{"type":"Point","coordinates":[84.61483647,23.55406635],"properties":{"name":"BD183","description":"<table border=\"1\" cellpadding=\"4\" cellspacing=\"0\" style=\"border-collapse:collapse;font-family:Arial;font-size:12px\"><tr><th align=\"left\">Parameter</th><th align=\"left\">Value</th></tr><tr><td>Pillar</td><td>BD183</td></tr><tr><td>Lease</td><td>Pakhar 109.507 Ha</td></tr><tr><td>Latitude</td><td>23.55406635</td></tr><tr><td>Longitude</td><td>84.61483647</td></tr><tr><td>Easting (m)</td><td>256525.647</td></tr><tr><td>Northing (m)</td><td>2606882.862</td></tr><tr><td>Zone / Datum</td><td>UTM 45N / WGS84</td></tr></table>","_styleUrl":"#pillar0"},"id":182},{"type":"Point","coordinates":[84.61444147,23.55414011],"properties":{"name":"BD184","description":"<table border=\"1\" cellpadding=\"4\" cellspacing=\"0\" style=\"border-collapse:collapse;font-family:Arial;font-size:12px\"><tr><th align=\"left\">Parameter</th><th align=\"left\">Value</th></tr><tr><td>Pillar</td><td>BD184</td></tr><tr><td>Lease</td><td>Pakhar 109.507 Ha</td></tr><tr><td>Latitude</td><td>23.55414011</td></tr><tr><td>Longitude</td><td>84.61444147</td></tr><tr><td>Easting (m)</td><td>256485.447</td></tr><tr><td>Northing (m)</td><td>2606891.705</td></tr><tr><td>Zone / Datum</td><td>UTM 45N / WGS84</td></tr></table>","_styleUrl":"#pillar0"},"id":183},{"type":"Point","coordinates":[84.61410198,23.55446527],"properties":{"name":"BD185","description":"<table border=\"1\" cellpadding=\"4\" cellspacing=\"0\" style=\"border-collapse:collapse;font-family:Arial;font-size:12px\"><tr><th align=\"left\">Parameter</th><th align=\"left\">Value</th></tr><tr><td>Pillar</td><td>BD185</td></tr><tr><td>Lease</td><td>Pakhar 109.507 Ha</td></tr><tr><td>Latitude</td><td>23.55446527</td></tr><tr><td>Longitude</td><td>84.61410198</td></tr><tr><td>Easting (m)</td><td>256451.378</td></tr><tr><td>Northing (m)</td><td>2606928.301</td></tr><tr><td>Zone / Datum</td><td>UTM 45N / WGS84</td></tr></table>","_styleUrl":"#pillar0"},"id":184},{"type":"Point","coordinates":[84.61394655,23.55463623],"properties":{"name":"BD186","description":"<table border=\"1\" cellpadding=\"4\" cellspacing=\"0\" style=\"border-collapse:collapse;font-family:Arial;font-size:12px\"><tr><th align=\"left\">Parameter</th><th align=\"left\">Value</th></tr><tr><td>Pillar</td><td>BD186</td></tr><tr><td>Lease</td><td>Pakhar 109.507 Ha</td></tr><tr><td>Latitude</td><td>23.55463623</td></tr><tr><td>Longitude</td><td>84.61394655</td></tr><tr><td>Easting (m)</td><td>256435.821</td></tr><tr><td>Northing (m)</td><td>2606947.503</td></tr><tr><td>Zone / Datum</td><td>UTM 45N / WGS84</td></tr></table>","_styleUrl":"#pillar0"},"id":185},{"type":"Point","coordinates":[84.61388588,23.55460529],"properties":{"name":"BD187","description":"<table border=\"1\" cellpadding=\"4\" cellspacing=\"0\" style=\"border-collapse:collapse;font-family:Arial;font-size:12px\"><tr><th align=\"left\">Parameter</th><th align=\"left\">Value</th></tr><tr><td>Pillar</td><td>BD187</td></tr><tr><td>Lease</td><td>Pakhar 109.507 Ha</td></tr><tr><td>Latitude</td><td>23.55460529</td></tr><tr><td>Longitude</td><td>84.61388588</td></tr><tr><td>Easting (m)</td><td>256429.568</td></tr><tr><td>Northing (m)</td><td>2606944.179</td></tr><tr><td>Zone / Datum</td><td>UTM 45N / WGS84</td></tr></table>","_styleUrl":"#pillar0"},"id":186},{"type":"Point","coordinates":[84.61349573,23.55487793],"properties":{"name":"BD188","description":"<table border=\"1\" cellpadding=\"4\" cellspacing=\"0\" style=\"border-collapse:collapse;font-family:Arial;font-size:12px\"><tr><th align=\"left\">Parameter</th><th align=\"left\">Value</th></tr><tr><td>Pillar</td><td>BD188</td></tr><tr><td>Lease</td><td>Pakhar 109.507 Ha</td></tr><tr><td>Latitude</td><td>23.55487793</td></tr><tr><td>Longitude</td><td>84.61349573</td></tr><tr><td>Easting (m)</td><td>256390.230</td></tr><tr><td>Northing (m)</td><td>2606975.043</td></tr><tr><td>Zone / Datum</td><td>UTM 45N / WGS84</td></tr></table>","_styleUrl":"#pillar0"},"id":187},{"type":"Point","coordinates":[84.61329339,23.55501932],"properties":{"name":"BD189","description":"<table border=\"1\" cellpadding=\"4\" cellspacing=\"0\" style=\"border-collapse:collapse;font-family:Arial;font-size:12px\"><tr><th align=\"left\">Parameter</th><th align=\"left\">Value</th></tr><tr><td>Pillar</td><td>BD189</td></tr><tr><td>Lease</td><td>Pakhar 109.507 Ha</td></tr><tr><td>Latitude</td><td>23.55501932</td></tr><tr><td>Longitude</td><td>84.61329339</td></tr><tr><td>Easting (m)</td><td>256369.828</td></tr><tr><td>Northing (m)</td><td>2606991.050</td></tr><tr><td>Zone / Datum</td><td>UTM 45N / WGS84</td></tr></table>","_styleUrl":"#pillar0"},"id":188},{"type":"Point","coordinates":[84.61334574,23.55532032],"properties":{"name":"BD190","description":"<table border=\"1\" cellpadding=\"4\" cellspacing=\"0\" style=\"border-collapse:collapse;font-family:Arial;font-size:12px\"><tr><th align=\"left\">Parameter</th><th align=\"left\">Value</th></tr><tr><td>Pillar</td><td>BD190</td></tr><tr><td>Lease</td><td>Pakhar 109.507 Ha</td></tr><tr><td>Latitude</td><td>23.55532032</td></tr><tr><td>Longitude</td><td>84.61334574</td></tr><tr><td>Easting (m)</td><td>256375.729</td></tr><tr><td>Northing (m)</td><td>2607024.304</td></tr><tr><td>Zone / Datum</td><td>UTM 45N / WGS84</td></tr></table>","_styleUrl":"#pillar0"},"id":189},{"type":"Point","coordinates":[84.61343021,23.55535363],"properties":{"name":"BD191","description":"<table border=\"1\" cellpadding=\"4\" cellspacing=\"0\" style=\"border-collapse:collapse;font-family:Arial;font-size:12px\"><tr><th align=\"left\">Parameter</th><th align=\"left\">Value</th></tr><tr><td>Pillar</td><td>BD191</td></tr><tr><td>Lease</td><td>Pakhar 109.507 Ha</td></tr><tr><td>Latitude</td><td>23.55535363</td></tr><tr><td>Longitude</td><td>84.61343021</td></tr><tr><td>Easting (m)</td><td>256384.416</td></tr><tr><td>Northing (m)</td><td>2607027.850</td></tr><tr><td>Zone / Datum</td><td>UTM 45N / WGS84</td></tr></table>","_styleUrl":"#pillar0"},"id":190},{"type":"Point","coordinates":[84.61361548,23.55577138],"properties":{"name":"BD192","description":"<table border=\"1\" cellpadding=\"4\" cellspacing=\"0\" style=\"border-collapse:collapse;font-family:Arial;font-size:12px\"><tr><th align=\"left\">Parameter</th><th align=\"left\">Value</th></tr><tr><td>Pillar</td><td>BD192</td></tr><tr><td>Lease</td><td>Pakhar 109.507 Ha</td></tr><tr><td>Latitude</td><td>23.55577138</td></tr><tr><td>Longitude</td><td>84.61361548</td></tr><tr><td>Easting (m)</td><td>256404.107</td></tr><tr><td>Northing (m)</td><td>2607073.810</td></tr><tr><td>Zone / Datum</td><td>UTM 45N / WGS84</td></tr></table>","_styleUrl":"#pillar0"},"id":191},{"type":"Point","coordinates":[84.61383114,23.55607937],"properties":{"name":"BD193","description":"<table border=\"1\" cellpadding=\"4\" cellspacing=\"0\" style=\"border-collapse:collapse;font-family:Arial;font-size:12px\"><tr><th align=\"left\">Parameter</th><th align=\"left\">Value</th></tr><tr><td>Pillar</td><td>BD193</td></tr><tr><td>Lease</td><td>Pakhar 109.507 Ha</td></tr><tr><td>Latitude</td><td>23.55607937</td></tr><tr><td>Longitude</td><td>84.61383114</td></tr><tr><td>Easting (m)</td><td>256426.698</td></tr><tr><td>Northing (m)</td><td>2607107.561</td></tr><tr><td>Zone / Datum</td><td>UTM 45N / WGS84</td></tr></table>","_styleUrl":"#pillar0"},"id":192},{"type":"Point","coordinates":[84.61348796,23.55640123],"properties":{"name":"BD194","description":"<table border=\"1\" cellpadding=\"4\" cellspacing=\"0\" style=\"border-collapse:collapse;font-family:Arial;font-size:12px\"><tr><th align=\"left\">Parameter</th><th align=\"left\">Value</th></tr><tr><td>Pillar</td><td>BD194</td></tr><tr><td>Lease</td><td>Pakhar 109.507 Ha</td></tr><tr><td>Latitude</td><td>23.55640123</td></tr><tr><td>Longitude</td><td>84.61348796</td></tr><tr><td>Easting (m)</td><td>256392.247</td></tr><tr><td>Northing (m)</td><td>2607143.798</td></tr><tr><td>Zone / Datum</td><td>UTM 45N / WGS84</td></tr></table>","_styleUrl":"#pillar0"},"id":193},{"type":"Point","coordinates":[84.61314493,23.55672322],"properties":{"name":"BD195","description":"<table border=\"1\" cellpadding=\"4\" cellspacing=\"0\" style=\"border-collapse:collapse;font-family:Arial;font-size:12px\"><tr><th align=\"left\">Parameter</th><th align=\"left\">Value</th></tr><tr><td>Pillar</td><td>BD195</td></tr><tr><td>Lease</td><td>Pakhar 109.507 Ha</td></tr><tr><td>Latitude</td><td>23.55672322</td></tr><tr><td>Longitude</td><td>84.61314493</td></tr><tr><td>Easting (m)</td><td>256357.811</td></tr><tr><td>Northing (m)</td><td>2607180.049</td></tr><tr><td>Zone / Datum</td><td>UTM 45N / WGS84</td></tr></table>","_styleUrl":"#pillar0"},"id":194},{"type":"Point","coordinates":[84.61267642,23.55716295],"properties":{"name":"BD196","description":"<table border=\"1\" cellpadding=\"4\" cellspacing=\"0\" style=\"border-collapse:collapse;font-family:Arial;font-size:12px\"><tr><th align=\"left\">Parameter</th><th align=\"left\">Value</th></tr><tr><td>Pillar</td><td>BD196</td></tr><tr><td>Lease</td><td>Pakhar 109.507 Ha</td></tr><tr><td>Latitude</td><td>23.55716295</td></tr><tr><td>Longitude</td><td>84.61267642</td></tr><tr><td>Easting (m)</td><td>256310.780</td></tr><tr><td>Northing (m)</td><td>2607229.557</td></tr><tr><td>Zone / Datum</td><td>UTM 45N / WGS84</td></tr></table>","_styleUrl":"#pillar0"},"id":195},{"type":"Point","coordinates":[84.61253027,23.55759368],"properties":{"name":"BD197","description":"<table border=\"1\" cellpadding=\"4\" cellspacing=\"0\" style=\"border-collapse:collapse;font-family:Arial;font-size:12px\"><tr><th align=\"left\">Parameter</th><th align=\"left\">Value</th></tr><tr><td>Pillar</td><td>BD197</td></tr><tr><td>Lease</td><td>Pakhar 109.507 Ha</td></tr><tr><td>Latitude</td><td>23.55759368</td></tr><tr><td>Longitude</td><td>84.61253027</td></tr><tr><td>Easting (m)</td><td>256296.651</td></tr><tr><td>Northing (m)</td><td>2607277.519</td></tr><tr><td>Zone / Datum</td><td>UTM 45N / WGS84</td></tr></table>","_styleUrl":"#pillar0"},"id":196},{"type":"Point","coordinates":[84.61239174,23.55802655],"properties":{"name":"BD198","description":"<table border=\"1\" cellpadding=\"4\" cellspacing=\"0\" style=\"border-collapse:collapse;font-family:Arial;font-size:12px\"><tr><th align=\"left\">Parameter</th><th align=\"left\">Value</th></tr><tr><td>Pillar</td><td>BD198</td></tr><tr><td>Lease</td><td>Pakhar 109.507 Ha</td></tr><tr><td>Latitude</td><td>23.55802655</td></tr><tr><td>Longitude</td><td>84.61239174</td></tr><tr><td>Easting (m)</td><td>256283.304</td></tr><tr><td>Northing (m)</td><td>2607325.705</td></tr><tr><td>Zone / Datum</td><td>UTM 45N / WGS84</td></tr></table>","_styleUrl":"#pillar0"},"id":197},{"type":"Point","coordinates":[84.61225821,23.55846074],"properties":{"name":"BD199","description":"<table border=\"1\" cellpadding=\"4\" cellspacing=\"0\" style=\"border-collapse:collapse;font-family:Arial;font-size:12px\"><tr><th align=\"left\">Parameter</th><th align=\"left\">Value</th></tr><tr><td>Pillar</td><td>BD199</td></tr><tr><td>Lease</td><td>Pakhar 109.507 Ha</td></tr><tr><td>Latitude</td><td>23.55846074</td></tr><tr><td>Longitude</td><td>84.61225821</td></tr><tr><td>Easting (m)</td><td>256270.470</td></tr><tr><td>Northing (m)</td><td>2607374.029</td></tr><tr><td>Zone / Datum</td><td>UTM 45N / WGS84</td></tr></table>","_styleUrl":"#pillar0"},"id":198},{"type":"Point","coordinates":[84.61212468,23.55889494],"properties":{"name":"BD200","description":"<table border=\"1\" cellpadding=\"4\" cellspacing=\"0\" style=\"border-collapse:collapse;font-family:Arial;font-size:12px\"><tr><th align=\"left\">Parameter</th><th align=\"left\">Value</th></tr><tr><td>Pillar</td><td>BD200</td></tr><tr><td>Lease</td><td>Pakhar 109.507 Ha</td></tr><tr><td>Latitude</td><td>23.55889494</td></tr><tr><td>Longitude</td><td>84.61212468</td></tr><tr><td>Easting (m)</td><td>256257.636</td></tr><tr><td>Northing (m)</td><td>2607422.354</td></tr><tr><td>Zone / Datum</td><td>UTM 45N / WGS84</td></tr></table>","_styleUrl":"#pillar0"},"id":199},{"type":"Point","coordinates":[84.61199114,23.55932914],"properties":{"name":"BD201","description":"<table border=\"1\" cellpadding=\"4\" cellspacing=\"0\" style=\"border-collapse:collapse;font-family:Arial;font-size:12px\"><tr><th align=\"left\">Parameter</th><th align=\"left\">Value</th></tr><tr><td>Pillar</td><td>BD201</td></tr><tr><td>Lease</td><td>Pakhar 109.507 Ha</td></tr><tr><td>Latitude</td><td>23.55932914</td></tr><tr><td>Longitude</td><td>84.61199114</td></tr><tr><td>Easting (m)</td><td>256244.801</td></tr><tr><td>Northing (m)</td><td>2607470.679</td></tr><tr><td>Zone / Datum</td><td>UTM 45N / WGS84</td></tr></table>","_styleUrl":"#pillar0"},"id":200},{"type":"Point","coordinates":[84.6119563,23.55944242],"properties":{"name":"BD202","description":"<table border=\"1\" cellpadding=\"4\" cellspacing=\"0\" style=\"border-collapse:collapse;font-family:Arial;font-size:12px\"><tr><th align=\"left\">Parameter</th><th align=\"left\">Value</th></tr><tr><td>Pillar</td><td>BD202</td></tr><tr><td>Lease</td><td>Pakhar 109.507 Ha</td></tr><tr><td>Latitude</td><td>23.55944242</td></tr><tr><td>Longitude</td><td>84.61195630</td></tr><tr><td>Easting (m)</td><td>256241.453</td></tr><tr><td>Northing (m)</td><td>2607483.287</td></tr><tr><td>Zone / Datum</td><td>UTM 45N / WGS84</td></tr></table>","_styleUrl":"#pillar0"},"id":201},{"type":"Point","coordinates":[84.61235608,23.55970293],"properties":{"name":"BD203","description":"<table border=\"1\" cellpadding=\"4\" cellspacing=\"0\" style=\"border-collapse:collapse;font-family:Arial;font-size:12px\"><tr><th align=\"left\">Parameter</th><th align=\"left\">Value</th></tr><tr><td>Pillar</td><td>BD203</td></tr><tr><td>Lease</td><td>Pakhar 109.507 Ha</td></tr><tr><td>Latitude</td><td>23.55970293</td></tr><tr><td>Longitude</td><td>84.61235608</td></tr><tr><td>Easting (m)</td><td>256282.757</td></tr><tr><td>Northing (m)</td><td>2607511.464</td></tr><tr><td>Zone / Datum</td><td>UTM 45N / WGS84</td></tr></table>","_styleUrl":"#pillar0"},"id":202},{"type":"Point","coordinates":[84.61275585,23.55996344],"properties":{"name":"BD204","description":"<table border=\"1\" cellpadding=\"4\" cellspacing=\"0\" style=\"border-collapse:collapse;font-family:Arial;font-size:12px\"><tr><th align=\"left\">Parameter</th><th align=\"left\">Value</th></tr><tr><td>Pillar</td><td>BD204</td></tr><tr><td>Lease</td><td>Pakhar 109.507 Ha</td></tr><tr><td>Latitude</td><td>23.55996344</td></tr><tr><td>Longitude</td><td>84.61275585</td></tr><tr><td>Easting (m)</td><td>256324.061</td></tr><tr><td>Northing (m)</td><td>2607539.642</td></tr><tr><td>Zone / Datum</td><td>UTM 45N / WGS84</td></tr></table>","_styleUrl":"#pillar0"},"id":203},{"type":"Point","coordinates":[84.61315563,23.56022395],"properties":{"name":"BD205","description":"<table border=\"1\" cellpadding=\"4\" cellspacing=\"0\" style=\"border-collapse:collapse;font-family:Arial;font-size:12px\"><tr><th align=\"left\">Parameter</th><th align=\"left\">Value</th></tr><tr><td>Pillar</td><td>BD205</td></tr><tr><td>Lease</td><td>Pakhar 109.507 Ha</td></tr><tr><td>Latitude</td><td>23.56022395</td></tr><tr><td>Longitude</td><td>84.61315563</td></tr><tr><td>Easting (m)</td><td>256365.365</td></tr><tr><td>Northing (m)</td><td>2607567.819</td></tr><tr><td>Zone / Datum</td><td>UTM 45N / WGS84</td></tr></table>","_styleUrl":"#pillar0"},"id":204},{"type":"Point","coordinates":[84.61354456,23.56049808],"properties":{"name":"BD206","description":"<table border=\"1\" cellpadding=\"4\" cellspacing=\"0\" style=\"border-collapse:collapse;font-family:Arial;font-size:12px\"><tr><th align=\"left\">Parameter</th><th align=\"left\">Value</th></tr><tr><td>Pillar</td><td>BD206</td></tr><tr><td>Lease</td><td>Pakhar 109.507 Ha</td></tr><tr><td>Latitude</td><td>23.56049808</td></tr><tr><td>Longitude</td><td>84.61354456</td></tr><tr><td>Easting (m)</td><td>256405.586</td></tr><tr><td>Northing (m)</td><td>2607597.523</td></tr><tr><td>Zone / Datum</td><td>UTM 45N / WGS84</td></tr></table>","_styleUrl":"#pillar0"},"id":205},{"type":"Point","coordinates":[84.6137904,23.56065458],"properties":{"name":"BD207","description":"<table border=\"1\" cellpadding=\"4\" cellspacing=\"0\" style=\"border-collapse:collapse;font-family:Arial;font-size:12px\"><tr><th align=\"left\">Parameter</th><th align=\"left\">Value</th></tr><tr><td>Pillar</td><td>BD207</td></tr><tr><td>Lease</td><td>Pakhar 109.507 Ha</td></tr><tr><td>Latitude</td><td>23.56065458</td></tr><tr><td>Longitude</td><td>84.61379040</td></tr><tr><td>Easting (m)</td><td>256430.978</td></tr><tr><td>Northing (m)</td><td>2607614.441</td></tr><tr><td>Zone / Datum</td><td>UTM 45N / WGS84</td></tr></table>","_styleUrl":"#pillar0"},"id":206},{"type":"Point","coordinates":[84.61426178,23.56053269],"properties":{"name":"BD208","description":"<table border=\"1\" cellpadding=\"4\" cellspacing=\"0\" style=\"border-collapse:collapse;font-family:Arial;font-size:12px\"><tr><th align=\"left\">Parameter</th><th align=\"left\">Value</th></tr><tr><td>Pillar</td><td>BD208</td></tr><tr><td>Lease</td><td>Pakhar 109.507 Ha</td></tr><tr><td>Latitude</td><td>23.56053269</td></tr><tr><td>Longitude</td><td>84.61426178</td></tr><tr><td>Easting (m)</td><td>256478.888</td></tr><tr><td>Northing (m)</td><td>2607600.137</td></tr><tr><td>Zone / Datum</td><td>UTM 45N / WGS84</td></tr></table>","_styleUrl":"#pillar0"},"id":207},{"type":"Point","coordinates":[84.61472009,23.56037398],"properties":{"name":"BD209","description":"<table border=\"1\" cellpadding=\"4\" cellspacing=\"0\" style=\"border-collapse:collapse;font-family:Arial;font-size:12px\"><tr><th align=\"left\">Parameter</th><th align=\"left\">Value</th></tr><tr><td>Pillar</td><td>BD209</td></tr><tr><td>Lease</td><td>Pakhar 109.507 Ha</td></tr><tr><td>Latitude</td><td>23.56037398</td></tr><tr><td>Longitude</td><td>84.61472009</td></tr><tr><td>Easting (m)</td><td>256525.395</td></tr><tr><td>Northing (m)</td><td>2607581.777</td></tr><tr><td>Zone / Datum</td><td>UTM 45N / WGS84</td></tr></table>","_styleUrl":"#pillar0"},"id":208}]},"Pakhar 115.13 Ha - Block A - 188 pillars":{"type":"GeometryCollection","geometries":[{"type":"Point","coordinates":[84.61309974,23.53886156],"properties":{"name":"A-BP1","description":"<table border=\"1\" cellpadding=\"4\" cellspacing=\"0\" style=\"border-collapse:collapse;font-family:Arial;font-size:12px\"><tr><th align=\"left\">Parameter</th><th align=\"left\">Value</th></tr><tr><td>Pillar</td><td>A-BP1</td></tr><tr><td>Lease</td><td>Pakhar 115.13 Ha - Block A</td></tr><tr><td>Latitude</td><td>23.53886156</td></tr><tr><td>Longitude</td><td>84.61309974</td></tr><tr><td>Easting (m)</td><td>256320.247</td></tr><tr><td>Northing (m)</td><td>2605201.531</td></tr><tr><td>Zone / Datum</td><td>UTM 45N / WGS84</td></tr></table>","_styleUrl":"#pillar0"},"id":0},{"type":"Point","coordinates":[84.61318269,23.53930634],"properties":{"name":"A-BP2","description":"<table border=\"1\" cellpadding=\"4\" cellspacing=\"0\" style=\"border-collapse:collapse;font-family:Arial;font-size:12px\"><tr><th align=\"left\">Parameter</th><th align=\"left\">Value</th></tr><tr><td>Pillar</td><td>A-BP2</td></tr><tr><td>Lease</td><td>Pakhar 115.13 Ha - Block A</td></tr><tr><td>Latitude</td><td>23.53930634</td></tr><tr><td>Longitude</td><td>84.61318269</td></tr><tr><td>Easting (m)</td><td>256329.539</td></tr><tr><td>Northing (m)</td><td>2605250.660</td></tr><tr><td>Zone / Datum</td><td>UTM 45N / WGS84</td></tr></table>","_styleUrl":"#pillar0"},"id":1},{"type":"Point","coordinates":[84.61323222,23.53957187],"properties":{"name":"A-BP3","description":"<table border=\"1\" cellpadding=\"4\" cellspacing=\"0\" style=\"border-collapse:collapse;font-family:Arial;font-size:12px\"><tr><th align=\"left\">Parameter</th><th align=\"left\">Value</th></tr><tr><td>Pillar</td><td>A-BP3</td></tr><tr><td>Lease</td><td>Pakhar 115.13 Ha - Block A</td></tr><tr><td>Latitude</td><td>23.53957187</td></tr><tr><td>Longitude</td><td>84.61323222</td></tr><tr><td>Easting (m)</td><td>256335.087</td></tr><tr><td>Northing (m)</td><td>2605279.989</td></tr><tr><td>Zone / Datum</td><td>UTM 45N / WGS84</td></tr></table>","_styleUrl":"#pillar0"},"id":2},{"type":"Point","coordinates":[84.61304572,23.53998914],"properties":{"name":"A-BP4","description":"<table border=\"1\" cellpadding=\"4\" cellspacing=\"0\" style=\"border-collapse:collapse;font-family:Arial;font-size:12px\"><tr><th align=\"left\">Parameter</th><th align=\"left\">Value</th></tr><tr><td>Pillar</td><td>A-BP4</td></tr><tr><td>Lease</td><td>Pakhar 115.13 Ha - Block A</td></tr><tr><td>Latitude</td><td>23.53998914</td></tr><tr><td>Longitude</td><td>84.61304572</td></tr><tr><td>Easting (m)</td><td>256316.809</td></tr><tr><td>Northing (m)</td><td>2605326.528</td></tr><tr><td>Zone / Datum</td><td>UTM 45N / WGS84</td></tr></table>","_styleUrl":"#pillar0"},"id":3},{"type":"Point","coordinates":[84.61285922,23.54040641],"properties":{"name":"A-BP5","description":"<table border=\"1\" cellpadding=\"4\" cellspacing=\"0\" style=\"border-collapse:collapse;font-family:Arial;font-size:12px\"><tr><th align=\"left\">Parameter</th><th align=\"left\">Value</th></tr><tr><td>Pillar</td><td>A-BP5</td></tr><tr><td>Lease</td><td>Pakhar 115.13 Ha - Block A</td></tr><tr><td>Latitude</td><td>23.54040641</td></tr><tr><td>Longitude</td><td>84.61285922</td></tr><tr><td>Easting (m)</td><td>256298.532</td></tr><tr><td>Northing (m)</td><td>2605373.068</td></tr><tr><td>Zone / Datum</td><td>UTM 45N / WGS84</td></tr></table>","_styleUrl":"#pillar0"},"id":4},{"type":"Point","coordinates":[84.61267272,23.54082369],"properties":{"name":"A-BP6","description":"<table border=\"1\" cellpadding=\"4\" cellspacing=\"0\" style=\"border-collapse:collapse;font-family:Arial;font-size:12px\"><tr><th align=\"left\">Parameter</th><th align=\"left\">Value</th></tr><tr><td>Pillar</td><td>A-BP6</td></tr><tr><td>Lease</td><td>Pakhar 115.13 Ha - Block A</td></tr><tr><td>Latitude</td><td>23.54082369</td></tr><tr><td>Longitude</td><td>84.61267272</td></tr><tr><td>Easting (m)</td><td>256280.254</td></tr><tr><td>Northing (m)</td><td>2605419.608</td></tr><tr><td>Zone / Datum</td><td>UTM 45N / WGS84</td></tr></table>","_styleUrl":"#pillar0"},"id":5},{"type":"Point","coordinates":[84.61248621,23.54124095],"properties":{"name":"A-BP7","description":"<table border=\"1\" cellpadding=\"4\" cellspacing=\"0\" style=\"border-collapse:collapse;font-family:Arial;font-size:12px\"><tr><th align=\"left\">Parameter</th><th align=\"left\">Value</th></tr><tr><td>Pillar</td><td>A-BP7</td></tr><tr><td>Lease</td><td>Pakhar 115.13 Ha - Block A</td></tr><tr><td>Latitude</td><td>23.54124095</td></tr><tr><td>Longitude</td><td>84.61248621</td></tr><tr><td>Easting (m)</td><td>256261.976</td></tr><tr><td>Northing (m)</td><td>2605466.147</td></tr><tr><td>Zone / Datum</td><td>UTM 45N / WGS84</td></tr></table>","_styleUrl":"#pillar0"},"id":6},{"type":"Point","coordinates":[84.61229972,23.54165822],"properties":{"name":"A-BP8","description":"<table border=\"1\" cellpadding=\"4\" cellspacing=\"0\" style=\"border-collapse:collapse;font-family:Arial;font-size:12px\"><tr><th align=\"left\">Parameter</th><th align=\"left\">Value</th></tr><tr><td>Pillar</td><td>A-BP8</td></tr><tr><td>Lease</td><td>Pakhar 115.13 Ha - Block A</td></tr><tr><td>Latitude</td><td>23.54165822</td></tr><tr><td>Longitude</td><td>84.61229972</td></tr><tr><td>Easting (m)</td><td>256243.699</td></tr><tr><td>Northing (m)</td><td>2605512.687</td></tr><tr><td>Zone / Datum</td><td>UTM 45N / WGS84</td></tr></table>","_styleUrl":"#pillar0"},"id":7},{"type":"Point","coordinates":[84.61211321,23.54207549],"properties":{"name":"A-BP9","description":"<table border=\"1\" cellpadding=\"4\" cellspacing=\"0\" style=\"border-collapse:collapse;font-family:Arial;font-size:12px\"><tr><th align=\"left\">Parameter</th><th align=\"left\">Value</th></tr><tr><td>Pillar</td><td>A-BP9</td></tr><tr><td>Lease</td><td>Pakhar 115.13 Ha - Block A</td></tr><tr><td>Latitude</td><td>23.54207549</td></tr><tr><td>Longitude</td><td>84.61211321</td></tr><tr><td>Easting (m)</td><td>256225.421</td></tr><tr><td>Northing (m)</td><td>2605559.226</td></tr><tr><td>Zone / Datum</td><td>UTM 45N / WGS84</td></tr></table>","_styleUrl":"#pillar0"},"id":8},{"type":"Point","coordinates":[84.6119267,23.54249276],"properties":{"name":"A-BP10","description":"<table border=\"1\" cellpadding=\"4\" cellspacing=\"0\" style=\"border-collapse:collapse;font-family:Arial;font-size:12px\"><tr><th align=\"left\">Parameter</th><th align=\"left\">Value</th></tr><tr><td>Pillar</td><td>A-BP10</td></tr><tr><td>Lease</td><td>Pakhar 115.13 Ha - Block A</td></tr><tr><td>Latitude</td><td>23.54249276</td></tr><tr><td>Longitude</td><td>84.61192670</td></tr><tr><td>Easting (m)</td><td>256207.143</td></tr><tr><td>Northing (m)</td><td>2605605.766</td></tr><tr><td>Zone / Datum</td><td>UTM 45N / WGS84</td></tr></table>","_styleUrl":"#pillar0"},"id":9},{"type":"Point","coordinates":[84.6117402,23.54291003],"properties":{"name":"A-BP11","description":"<table border=\"1\" cellpadding=\"4\" cellspacing=\"0\" style=\"border-collapse:collapse;font-family:Arial;font-size:12px\"><tr><th align=\"left\">Parameter</th><th align=\"left\">Value</th></tr><tr><td>Pillar</td><td>A-BP11</td></tr><tr><td>Lease</td><td>Pakhar 115.13 Ha - Block A</td></tr><tr><td>Latitude</td><td>23.54291003</td></tr><tr><td>Longitude</td><td>84.61174020</td></tr><tr><td>Easting (m)</td><td>256188.866</td></tr><tr><td>Northing (m)</td><td>2605652.305</td></tr><tr><td>Zone / Datum</td><td>UTM 45N / WGS84</td></tr></table>","_styleUrl":"#pillar0"},"id":10},{"type":"Point","coordinates":[84.61155437,23.54332755],"properties":{"name":"A-BP12","description":"<table border=\"1\" cellpadding=\"4\" cellspacing=\"0\" style=\"border-collapse:collapse;font-family:Arial;font-size:12px\"><tr><th align=\"left\">Parameter</th><th align=\"left\">Value</th></tr><tr><td>Pillar</td><td>A-BP12</td></tr><tr><td>Lease</td><td>Pakhar 115.13 Ha - Block A</td></tr><tr><td>Latitude</td><td>23.54332755</td></tr><tr><td>Longitude</td><td>84.61155437</td></tr><tr><td>Easting (m)</td><td>256170.658</td></tr><tr><td>Northing (m)</td><td>2605698.872</td></tr><tr><td>Zone / Datum</td><td>UTM 45N / WGS84</td></tr></table>","_styleUrl":"#pillar0"},"id":11},{"type":"Point","coordinates":[84.61137776,23.54374847],"properties":{"name":"A-BP13","description":"<table border=\"1\" cellpadding=\"4\" cellspacing=\"0\" style=\"border-collapse:collapse;font-family:Arial;font-size:12px\"><tr><th align=\"left\">Parameter</th><th align=\"left\">Value</th></tr><tr><td>Pillar</td><td>A-BP13</td></tr><tr><td>Lease</td><td>Pakhar 115.13 Ha - Block A</td></tr><tr><td>Latitude</td><td>23.54374847</td></tr><tr><td>Longitude</td><td>84.61137776</td></tr><tr><td>Easting (m)</td><td>256153.398</td></tr><tr><td>Northing (m)</td><td>2605745.799</td></tr><tr><td>Zone / Datum</td><td>UTM 45N / WGS84</td></tr></table>","_styleUrl":"#pillar0"},"id":12},{"type":"Point","coordinates":[84.61120114,23.54416938],"properties":{"name":"A-BP14","description":"<table border=\"1\" cellpadding=\"4\" cellspacing=\"0\" style=\"border-collapse:collapse;font-family:Arial;font-size:12px\"><tr><th align=\"left\">Parameter</th><th align=\"left\">Value</th></tr><tr><td>Pillar</td><td>A-BP14</td></tr><tr><td>Lease</td><td>Pakhar 115.13 Ha - Block A</td></tr><tr><td>Latitude</td><td>23.54416938</td></tr><tr><td>Longitude</td><td>84.61120114</td></tr><tr><td>Easting (m)</td><td>256136.138</td></tr><tr><td>Northing (m)</td><td>2605792.725</td></tr><tr><td>Zone / Datum</td><td>UTM 45N / WGS84</td></tr></table>","_styleUrl":"#pillar0"},"id":13},{"type":"Point","coordinates":[84.6110493,23.54453127],"properties":{"name":"A-BP15","description":"<table border=\"1\" cellpadding=\"4\" cellspacing=\"0\" style=\"border-collapse:collapse;font-family:Arial;font-size:12px\"><tr><th align=\"left\">Parameter</th><th align=\"left\">Value</th></tr><tr><td>Pillar</td><td>A-BP15</td></tr><tr><td>Lease</td><td>Pakhar 115.13 Ha - Block A</td></tr><tr><td>Latitude</td><td>23.54453127</td></tr><tr><td>Longitude</td><td>84.61104930</td></tr><tr><td>Easting (m)</td><td>256121.299</td></tr><tr><td>Northing (m)</td><td>2605833.071</td></tr><tr><td>Zone / Datum</td><td>UTM 45N / WGS84</td></tr></table>","_styleUrl":"#pillar0"},"id":14},{"type":"Point","coordinates":[84.61132187,23.54490615],"properties":{"name":"A-BP16","description":"<table border=\"1\" cellpadding=\"4\" cellspacing=\"0\" style=\"border-collapse:collapse;font-family:Arial;font-size:12px\"><tr><th align=\"left\">Parameter</th><th align=\"left\">Value</th></tr><tr><td>Pillar</td><td>A-BP16</td></tr><tr><td>Lease</td><td>Pakhar 115.13 Ha - Block A</td></tr><tr><td>Latitude</td><td>23.54490615</td></tr><tr><td>Longitude</td><td>84.61132187</td></tr><tr><td>Easting (m)</td><td>256149.827</td></tr><tr><td>Northing (m)</td><td>2605874.134</td></tr><tr><td>Zone / Datum</td><td>UTM 45N / WGS84</td></tr></table>","_styleUrl":"#pillar0"},"id":15},{"type":"Point","coordinates":[84.61159443,23.54528103],"properties":{"name":"A-BP17","description":"<table border=\"1\" cellpadding=\"4\" cellspacing=\"0\" style=\"border-collapse:collapse;font-family:Arial;font-size:12px\"><tr><th align=\"left\">Parameter</th><th align=\"left\">Value</th></tr><tr><td>Pillar</td><td>A-BP17</td></tr><tr><td>Lease</td><td>Pakhar 115.13 Ha - Block A</td></tr><tr><td>Latitude</td><td>23.54528103</td></tr><tr><td>Longitude</td><td>84.61159443</td></tr><tr><td>Easting (m)</td><td>256178.355</td></tr><tr><td>Northing (m)</td><td>2605915.197</td></tr><tr><td>Zone / Datum</td><td>UTM 45N / WGS84</td></tr></table>","_styleUrl":"#pillar0"},"id":16},{"type":"Point","coordinates":[84.611867,23.5456559],"properties":{"name":"A-BP18","description":"<table border=\"1\" cellpadding=\"4\" cellspacing=\"0\" style=\"border-collapse:collapse;font-family:Arial;font-size:12px\"><tr><th align=\"left\">Parameter</th><th align=\"left\">Value</th></tr><tr><td>Pillar</td><td>A-BP18</td></tr><tr><td>Lease</td><td>Pakhar 115.13 Ha - Block A</td></tr><tr><td>Latitude</td><td>23.54565590</td></tr><tr><td>Longitude</td><td>84.61186700</td></tr><tr><td>Easting (m)</td><td>256206.883</td></tr><tr><td>Northing (m)</td><td>2605956.259</td></tr><tr><td>Zone / Datum</td><td>UTM 45N / WGS84</td></tr></table>","_styleUrl":"#pillar0"},"id":17},{"type":"Point","coordinates":[84.61214366,23.54602823],"properties":{"name":"A-BP19","description":"<table border=\"1\" cellpadding=\"4\" cellspacing=\"0\" style=\"border-collapse:collapse;font-family:Arial;font-size:12px\"><tr><th align=\"left\">Parameter</th><th align=\"left\">Value</th></tr><tr><td>Pillar</td><td>A-BP19</td></tr><tr><td>Lease</td><td>Pakhar 115.13 Ha - Block A</td></tr><tr><td>Latitude</td><td>23.54602823</td></tr><tr><td>Longitude</td><td>84.61214366</td></tr><tr><td>Easting (m)</td><td>256235.825</td></tr><tr><td>Northing (m)</td><td>2605997.032</td></tr><tr><td>Zone / Datum</td><td>UTM 45N / WGS84</td></tr></table>","_styleUrl":"#pillar0"},"id":18},{"type":"Point","coordinates":[84.61243079,23.54639375],"properties":{"name":"A-BP20","description":"<table border=\"1\" cellpadding=\"4\" cellspacing=\"0\" style=\"border-collapse:collapse;font-family:Arial;font-size:12px\"><tr><th align=\"left\">Parameter</th><th align=\"left\">Value</th></tr><tr><td>Pillar</td><td>A-BP20</td></tr><tr><td>Lease</td><td>Pakhar 115.13 Ha - Block A</td></tr><tr><td>Latitude</td><td>23.54639375</td></tr><tr><td>Longitude</td><td>84.61243079</td></tr><tr><td>Easting (m)</td><td>256265.822</td></tr><tr><td>Northing (m)</td><td>2606037.034</td></tr><tr><td>Zone / Datum</td><td>UTM 45N / WGS84</td></tr></table>","_styleUrl":"#pillar0"},"id":19},{"type":"Point","coordinates":[84.61271792,23.54675927],"properties":{"name":"A-BP21","description":"<table border=\"1\" cellpadding=\"4\" cellspacing=\"0\" style=\"border-collapse:collapse;font-family:Arial;font-size:12px\"><tr><th align=\"left\">Parameter</th><th align=\"left\">Value</th></tr><tr><td>Pillar</td><td>A-BP21</td></tr><tr><td>Lease</td><td>Pakhar 115.13 Ha - Block A</td></tr><tr><td>Latitude</td><td>23.54675927</td></tr><tr><td>Longitude</td><td>84.61271792</td></tr><tr><td>Easting (m)</td><td>256295.820</td></tr><tr><td>Northing (m)</td><td>2606077.035</td></tr><tr><td>Zone / Datum</td><td>UTM 45N / WGS84</td></tr></table>","_styleUrl":"#pillar0"},"id":20},{"type":"Point","coordinates":[84.61300505,23.54712479],"properties":{"name":"A-BP22","description":"<table border=\"1\" cellpadding=\"4\" cellspacing=\"0\" style=\"border-collapse:collapse;font-family:Arial;font-size:12px\"><tr><th align=\"left\">Parameter</th><th align=\"left\">Value</th></tr><tr><td>Pillar</td><td>A-BP22</td></tr><tr><td>Lease</td><td>Pakhar 115.13 Ha - Block A</td></tr><tr><td>Latitude</td><td>23.54712479</td></tr><tr><td>Longitude</td><td>84.61300505</td></tr><tr><td>Easting (m)</td><td>256325.817</td></tr><tr><td>Northing (m)</td><td>2606117.037</td></tr><tr><td>Zone / Datum</td><td>UTM 45N / WGS84</td></tr></table>","_styleUrl":"#pillar0"},"id":21},{"type":"Point","coordinates":[84.61329218,23.54749032],"properties":{"name":"A-BP23","description":"<table border=\"1\" cellpadding=\"4\" cellspacing=\"0\" style=\"border-collapse:collapse;font-family:Arial;font-size:12px\"><tr><th align=\"left\">Parameter</th><th align=\"left\">Value</th></tr><tr><td>Pillar</td><td>A-BP23</td></tr><tr><td>Lease</td><td>Pakhar 115.13 Ha - Block A</td></tr><tr><td>Latitude</td><td>23.54749032</td></tr><tr><td>Longitude</td><td>84.61329218</td></tr><tr><td>Easting (m)</td><td>256355.814</td></tr><tr><td>Northing (m)</td><td>2606157.039</td></tr><tr><td>Zone / Datum</td><td>UTM 45N / WGS84</td></tr></table>","_styleUrl":"#pillar0"},"id":22},{"type":"Point","coordinates":[84.61357931,23.54785584],"properties":{"name":"A-BP24","description":"<table border=\"1\" cellpadding=\"4\" cellspacing=\"0\" style=\"border-collapse:collapse;font-family:Arial;font-size:12px\"><tr><th align=\"left\">Parameter</th><th align=\"left\">Value</th></tr><tr><td>Pillar</td><td>A-BP24</td></tr><tr><td>Lease</td><td>Pakhar 115.13 Ha - Block A</td></tr><tr><td>Latitude</td><td>23.54785584</td></tr><tr><td>Longitude</td><td>84.61357931</td></tr><tr><td>Easting (m)</td><td>256385.812</td></tr><tr><td>Northing (m)</td><td>2606197.041</td></tr><tr><td>Zone / Datum</td><td>UTM 45N / WGS84</td></tr></table>","_styleUrl":"#pillar0"},"id":23},{"type":"Point","coordinates":[84.61386645,23.54822136],"properties":{"name":"A-BP25","description":"<table border=\"1\" cellpadding=\"4\" cellspacing=\"0\" style=\"border-collapse:collapse;font-family:Arial;font-size:12px\"><tr><th align=\"left\">Parameter</th><th align=\"left\">Value</th></tr><tr><td>Pillar</td><td>A-BP25</td></tr><tr><td>Lease</td><td>Pakhar 115.13 Ha - Block A</td></tr><tr><td>Latitude</td><td>23.54822136</td></tr><tr><td>Longitude</td><td>84.61386645</td></tr><tr><td>Easting (m)</td><td>256415.809</td></tr><tr><td>Northing (m)</td><td>2606237.043</td></tr><tr><td>Zone / Datum</td><td>UTM 45N / WGS84</td></tr></table>","_styleUrl":"#pillar0"},"id":24},{"type":"Point","coordinates":[84.61415359,23.54858689],"properties":{"name":"A-BP26","description":"<table border=\"1\" cellpadding=\"4\" cellspacing=\"0\" style=\"border-collapse:collapse;font-family:Arial;font-size:12px\"><tr><th align=\"left\">Parameter</th><th align=\"left\">Value</th></tr><tr><td>Pillar</td><td>A-BP26</td></tr><tr><td>Lease</td><td>Pakhar 115.13 Ha - Block A</td></tr><tr><td>Latitude</td><td>23.54858689</td></tr><tr><td>Longitude</td><td>84.61415359</td></tr><tr><td>Easting (m)</td><td>256445.807</td></tr><tr><td>Northing (m)</td><td>2606277.045</td></tr><tr><td>Zone / Datum</td><td>UTM 45N / WGS84</td></tr></table>","_styleUrl":"#pillar0"},"id":25},{"type":"Point","coordinates":[84.6142209,23.54867258],"properties":{"name":"A-BP27","description":"<table border=\"1\" cellpadding=\"4\" cellspacing=\"0\" style=\"border-collapse:collapse;font-family:Arial;font-size:12px\"><tr><th align=\"left\">Parameter</th><th align=\"left\">Value</th></tr><tr><td>Pillar</td><td>A-BP27</td></tr><tr><td>Lease</td><td>Pakhar 115.13 Ha - Block A</td></tr><tr><td>Latitude</td><td>23.54867258</td></tr><tr><td>Longitude</td><td>84.61422090</td></tr><tr><td>Easting (m)</td><td>256452.839</td></tr><tr><td>Northing (m)</td><td>2606286.423</td></tr><tr><td>Zone / Datum</td><td>UTM 45N / WGS84</td></tr></table>","_styleUrl":"#pillar0"},"id":26},{"type":"Point","coordinates":[84.61419847,23.54856139],"properties":{"name":"A-BP28","description":"<table border=\"1\" cellpadding=\"4\" cellspacing=\"0\" style=\"border-collapse:collapse;font-family:Arial;font-size:12px\"><tr><th align=\"left\">Parameter</th><th align=\"left\">Value</th></tr><tr><td>Pillar</td><td>A-BP28</td></tr><tr><td>Lease</td><td>Pakhar 115.13 Ha - Block A</td></tr><tr><td>Latitude</td><td>23.54856139</td></tr><tr><td>Longitude</td><td>84.61419847</td></tr><tr><td>Easting (m)</td><td>256450.344</td></tr><tr><td>Northing (m)</td><td>2606274.145</td></tr><tr><td>Zone / Datum</td><td>UTM 45N / WGS84</td></tr></table>","_styleUrl":"#pillar0"},"id":27},{"type":"Point","coordinates":[84.61427462,23.54856188],"properties":{"name":"A-BP29","description":"<table border=\"1\" cellpadding=\"4\" cellspacing=\"0\" style=\"border-collapse:collapse;font-family:Arial;font-size:12px\"><tr><th align=\"left\">Parameter</th><th align=\"left\">Value</th></tr><tr><td>Pillar</td><td>A-BP29</td></tr><tr><td>Lease</td><td>Pakhar 115.13 Ha - Block A</td></tr><tr><td>Latitude</td><td>23.54856188</td></tr><tr><td>Longitude</td><td>84.61427462</td></tr><tr><td>Easting (m)</td><td>256458.121</td></tr><tr><td>Northing (m)</td><td>2606274.069</td></tr><tr><td>Zone / Datum</td><td>UTM 45N / WGS84</td></tr></table>","_styleUrl":"#pillar0"},"id":28},{"type":"Point","coordinates":[84.61426367,23.54864659],"properties":{"name":"A-BP30","description":"<table border=\"1\" cellpadding=\"4\" cellspacing=\"0\" style=\"border-collapse:collapse;font-family:Arial;font-size:12px\"><tr><th align=\"left\">Parameter</th><th align=\"left\">Value</th></tr><tr><td>Pillar</td><td>A-BP30</td></tr><tr><td>Lease</td><td>Pakhar 115.13 Ha - Block A</td></tr><tr><td>Latitude</td><td>23.54864659</td></tr><tr><td>Longitude</td><td>84.61426367</td></tr><tr><td>Easting (m)</td><td>256457.159</td></tr><tr><td>Northing (m)</td><td>2606283.471</td></tr><tr><td>Zone / Datum</td><td>UTM 45N / WGS84</td></tr></table>","_styleUrl":"#pillar0"},"id":29},{"type":"Point","coordinates":[84.61434647,23.54867799],"properties":{"name":"A-BP31","description":"<table border=\"1\" cellpadding=\"4\" cellspacing=\"0\" style=\"border-collapse:collapse;font-family:Arial;font-size:12px\"><tr><th align=\"left\">Parameter</th><th align=\"left\">Value</th></tr><tr><td>Pillar</td><td>A-BP31</td></tr><tr><td>Lease</td><td>Pakhar 115.13 Ha - Block A</td></tr><tr><td>Latitude</td><td>23.54867799</td></tr><tr><td>Longitude</td><td>84.61434647</td></tr><tr><td>Easting (m)</td><td>256465.673</td></tr><tr><td>Northing (m)</td><td>2606286.809</td></tr><tr><td>Zone / Datum</td><td>UTM 45N / WGS84</td></tr></table>","_styleUrl":"#pillar0"},"id":30},{"type":"Point","coordinates":[84.61439312,23.5485476],"properties":{"name":"A-BP32","description":"<table border=\"1\" cellpadding=\"4\" cellspacing=\"0\" style=\"border-collapse:collapse;font-family:Arial;font-size:12px\"><tr><th align=\"left\">Parameter</th><th align=\"left\">Value</th></tr><tr><td>Pillar</td><td>A-BP32</td></tr><tr><td>Lease</td><td>Pakhar 115.13 Ha - Block A</td></tr><tr><td>Latitude</td><td>23.54854760</td></tr><tr><td>Longitude</td><td>84.61439312</td></tr><tr><td>Easting (m)</td><td>256470.196</td></tr><tr><td>Northing (m)</td><td>2606272.286</td></tr><tr><td>Zone / Datum</td><td>UTM 45N / WGS84</td></tr></table>","_styleUrl":"#pillar0"},"id":31},{"type":"Point","coordinates":[84.61447211,23.54856473],"properties":{"name":"A-BP33","description":"<table border=\"1\" cellpadding=\"4\" cellspacing=\"0\" style=\"border-collapse:collapse;font-family:Arial;font-size:12px\"><tr><th align=\"left\">Parameter</th><th align=\"left\">Value</th></tr><tr><td>Pillar</td><td>A-BP33</td></tr><tr><td>Lease</td><td>Pakhar 115.13 Ha - Block A</td></tr><tr><td>Latitude</td><td>23.54856473</td></tr><tr><td>Longitude</td><td>84.61447211</td></tr><tr><td>Easting (m)</td><td>256478.295</td></tr><tr><td>Northing (m)</td><td>2606274.049</td></tr><tr><td>Zone / Datum</td><td>UTM 45N / WGS84</td></tr></table>","_styleUrl":"#pillar0"},"id":32},{"type":"Point","coordinates":[84.6145435,23.54832107],"properties":{"name":"A-BP34","description":"<table border=\"1\" cellpadding=\"4\" cellspacing=\"0\" style=\"border-collapse:collapse;font-family:Arial;font-size:12px\"><tr><th align=\"left\">Parameter</th><th align=\"left\">Value</th></tr><tr><td>Pillar</td><td>A-BP34</td></tr><tr><td>Lease</td><td>Pakhar 115.13 Ha - Block A</td></tr><tr><td>Latitude</td><td>23.54832107</td></tr><tr><td>Longitude</td><td>84.61454350</td></tr><tr><td>Easting (m)</td><td>256485.136</td></tr><tr><td>Northing (m)</td><td>2606246.937</td></tr><tr><td>Zone / Datum</td><td>UTM 45N / WGS84</td></tr></table>","_styleUrl":"#pillar0"},"id":33},{"type":"Point","coordinates":[84.6144802,23.54803601],"properties":{"name":"A-BP35","description":"<table border=\"1\" cellpadding=\"4\" cellspacing=\"0\" style=\"border-collapse:collapse;font-family:Arial;font-size:12px\"><tr><th align=\"left\">Parameter</th><th align=\"left\">Value</th></tr><tr><td>Pillar</td><td>A-BP35</td></tr><tr><td>Lease</td><td>Pakhar 115.13 Ha - Block A</td></tr><tr><td>Latitude</td><td>23.54803601</td></tr><tr><td>Longitude</td><td>84.61448020</td></tr><tr><td>Easting (m)</td><td>256478.146</td></tr><tr><td>Northing (m)</td><td>2606215.468</td></tr><tr><td>Zone / Datum</td><td>UTM 45N / WGS84</td></tr></table>","_styleUrl":"#pillar0"},"id":34},{"type":"Point","coordinates":[84.61458538,23.54802887],"properties":{"name":"A-BP36","description":"<table border=\"1\" cellpadding=\"4\" cellspacing=\"0\" style=\"border-collapse:collapse;font-family:Arial;font-size:12px\"><tr><th align=\"left\">Parameter</th><th align=\"left\">Value</th></tr><tr><td>Pillar</td><td>A-BP36</td></tr><tr><td>Lease</td><td>Pakhar 115.13 Ha - Block A</td></tr><tr><td>Latitude</td><td>23.54802887</td></tr><tr><td>Longitude</td><td>84.61458538</td></tr><tr><td>Easting (m)</td><td>256488.874</td></tr><tr><td>Northing (m)</td><td>2606214.498</td></tr><tr><td>Zone / Datum</td><td>UTM 45N / WGS84</td></tr></table>","_styleUrl":"#pillar0"},"id":35},{"type":"Point","coordinates":[84.61459537,23.54794417],"properties":{"name":"A-BP37","description":"<table border=\"1\" cellpadding=\"4\" cellspacing=\"0\" style=\"border-collapse:collapse;font-family:Arial;font-size:12px\"><tr><th align=\"left\">Parameter</th><th align=\"left\">Value</th></tr><tr><td>Pillar</td><td>A-BP37</td></tr><tr><td>Lease</td><td>Pakhar 115.13 Ha - Block A</td></tr><tr><td>Latitude</td><td>23.54794417</td></tr><tr><td>Longitude</td><td>84.61459537</td></tr><tr><td>Easting (m)</td><td>256489.738</td></tr><tr><td>Northing (m)</td><td>2606205.098</td></tr><tr><td>Zone / Datum</td><td>UTM 45N / WGS84</td></tr></table>","_styleUrl":"#pillar0"},"id":36},{"type":"Point","coordinates":[84.61453445,23.5477895],"properties":{"name":"A-BP38","description":"<table border=\"1\" cellpadding=\"4\" cellspacing=\"0\" style=\"border-collapse:collapse;font-family:Arial;font-size:12px\"><tr><th align=\"left\">Parameter</th><th align=\"left\">Value</th></tr><tr><td>Pillar</td><td>A-BP38</td></tr><tr><td>Lease</td><td>Pakhar 115.13 Ha - Block A</td></tr><tr><td>Latitude</td><td>23.54778950</td></tr><tr><td>Longitude</td><td>84.61453445</td></tr><tr><td>Easting (m)</td><td>256483.232</td></tr><tr><td>Northing (m)</td><td>2606188.069</td></tr><tr><td>Zone / Datum</td><td>UTM 45N / WGS84</td></tr></table>","_styleUrl":"#pillar0"},"id":37},{"type":"Point","coordinates":[84.61456253,23.54777855],"properties":{"name":"A-BP39","description":"<table border=\"1\" cellpadding=\"4\" cellspacing=\"0\" style=\"border-collapse:collapse;font-family:Arial;font-size:12px\"><tr><th align=\"left\">Parameter</th><th align=\"left\">Value</th></tr><tr><td>Pillar</td><td>A-BP39</td></tr><tr><td>Lease</td><td>Pakhar 115.13 Ha - Block A</td></tr><tr><td>Latitude</td><td>23.54777855</td></tr><tr><td>Longitude</td><td>84.61456253</td></tr><tr><td>Easting (m)</td><td>256486.079</td></tr><tr><td>Northing (m)</td><td>2606186.808</td></tr><tr><td>Zone / Datum</td><td>UTM 45N / WGS84</td></tr></table>","_styleUrl":"#pillar0"},"id":38},{"type":"Point","coordinates":[84.61463029,23.54792349],"properties":{"name":"A-BP40","description":"<table border=\"1\" cellpadding=\"4\" cellspacing=\"0\" style=\"border-collapse:collapse;font-family:Arial;font-size:12px\"><tr><th align=\"left\">Parameter</th><th align=\"left\">Value</th></tr><tr><td>Pillar</td><td>A-BP40</td></tr><tr><td>Lease</td><td>Pakhar 115.13 Ha - Block A</td></tr><tr><td>Latitude</td><td>23.54792349</td></tr><tr><td>Longitude</td><td>84.61463029</td></tr><tr><td>Easting (m)</td><td>256493.266</td></tr><tr><td>Northing (m)</td><td>2606202.748</td></tr><tr><td>Zone / Datum</td><td>UTM 45N / WGS84</td></tr></table>","_styleUrl":"#pillar0"},"id":39},{"type":"Point","coordinates":[84.61464581,23.54797795],"properties":{"name":"A-BP41","description":"<table border=\"1\" cellpadding=\"4\" cellspacing=\"0\" style=\"border-collapse:collapse;font-family:Arial;font-size:12px\"><tr><th align=\"left\">Parameter</th><th align=\"left\">Value</th></tr><tr><td>Pillar</td><td>A-BP41</td></tr><tr><td>Lease</td><td>Pakhar 115.13 Ha - Block A</td></tr><tr><td>Latitude</td><td>23.54797795</td></tr><tr><td>Longitude</td><td>84.61464581</td></tr><tr><td>Easting (m)</td><td>256494.952</td></tr><tr><td>Northing (m)</td><td>2606208.755</td></tr><tr><td>Zone / Datum</td><td>UTM 45N / WGS84</td></tr></table>","_styleUrl":"#pillar0"},"id":40},{"type":"Point","coordinates":[84.6146392,23.54834393],"properties":{"name":"A-BP42","description":"<table border=\"1\" cellpadding=\"4\" cellspacing=\"0\" style=\"border-collapse:collapse;font-family:Arial;font-size:12px\"><tr><th align=\"left\">Parameter</th><th align=\"left\">Value</th></tr><tr><td>Pillar</td><td>A-BP42</td></tr><tr><td>Lease</td><td>Pakhar 115.13 Ha - Block A</td></tr><tr><td>Latitude</td><td>23.54834393</td></tr><tr><td>Longitude</td><td>84.61463920</td></tr><tr><td>Easting (m)</td><td>256494.952</td></tr><tr><td>Northing (m)</td><td>2606249.307</td></tr><tr><td>Zone / Datum</td><td>UTM 45N / WGS84</td></tr></table>","_styleUrl":"#pillar0"},"id":41},{"type":"Point","coordinates":[84.61458728,23.54853047],"properties":{"name":"A-BP43","description":"<table border=\"1\" cellpadding=\"4\" cellspacing=\"0\" style=\"border-collapse:collapse;font-family:Arial;font-size:12px\"><tr><th align=\"left\">Parameter</th><th align=\"left\">Value</th></tr><tr><td>Pillar</td><td>A-BP43</td></tr><tr><td>Lease</td><td>Pakhar 115.13 Ha - Block A</td></tr><tr><td>Latitude</td><td>23.54853047</td></tr><tr><td>Longitude</td><td>84.61458728</td></tr><tr><td>Easting (m)</td><td>256489.993</td></tr><tr><td>Northing (m)</td><td>2606270.058</td></tr><tr><td>Zone / Datum</td><td>UTM 45N / WGS84</td></tr></table>","_styleUrl":"#pillar0"},"id":42},{"type":"Point","coordinates":[84.61461773,23.54870988],"properties":{"name":"A-BP44","description":"<table border=\"1\" cellpadding=\"4\" cellspacing=\"0\" style=\"border-collapse:collapse;font-family:Arial;font-size:12px\"><tr><th align=\"left\">Parameter</th><th align=\"left\">Value</th></tr><tr><td>Pillar</td><td>A-BP44</td></tr><tr><td>Lease</td><td>Pakhar 115.13 Ha - Block A</td></tr><tr><td>Latitude</td><td>23.54870988</td></tr><tr><td>Longitude</td><td>84.61461773</td></tr><tr><td>Easting (m)</td><td>256493.434</td></tr><tr><td>Northing (m)</td><td>2606289.880</td></tr><tr><td>Zone / Datum</td><td>UTM 45N / WGS84</td></tr></table>","_styleUrl":"#pillar0"},"id":43},{"type":"Point","coordinates":[84.61452494,23.54873843],"properties":{"name":"A-BP45","description":"<table border=\"1\" cellpadding=\"4\" cellspacing=\"0\" style=\"border-collapse:collapse;font-family:Arial;font-size:12px\"><tr><th align=\"left\">Parameter</th><th align=\"left\">Value</th></tr><tr><td>Pillar</td><td>A-BP45</td></tr><tr><td>Lease</td><td>Pakhar 115.13 Ha - Block A</td></tr><tr><td>Latitude</td><td>23.54873843</td></tr><tr><td>Longitude</td><td>84.61452494</td></tr><tr><td>Easting (m)</td><td>256484.010</td></tr><tr><td>Northing (m)</td><td>2606293.201</td></tr><tr><td>Zone / Datum</td><td>UTM 45N / WGS84</td></tr></table>","_styleUrl":"#pillar0"},"id":44},{"type":"Point","coordinates":[84.61451542,23.54875842],"properties":{"name":"A-BP46","description":"<table border=\"1\" cellpadding=\"4\" cellspacing=\"0\" style=\"border-collapse:collapse;font-family:Arial;font-size:12px\"><tr><th align=\"left\">Parameter</th><th align=\"left\">Value</th></tr><tr><td>Pillar</td><td>A-BP46</td></tr><tr><td>Lease</td><td>Pakhar 115.13 Ha - Block A</td></tr><tr><td>Latitude</td><td>23.54875842</td></tr><tr><td>Longitude</td><td>84.61451542</td></tr><tr><td>Easting (m)</td><td>256483.075</td></tr><tr><td>Northing (m)</td><td>2606295.431</td></tr><tr><td>Zone / Datum</td><td>UTM 45N / WGS84</td></tr></table>","_styleUrl":"#pillar0"},"id":45},{"type":"Point","coordinates":[84.61457655,23.5492062],"properties":{"name":"A-BP47","description":"<table border=\"1\" cellpadding=\"4\" cellspacing=\"0\" style=\"border-collapse:collapse;font-family:Arial;font-size:12px\"><tr><th align=\"left\">Parameter</th><th align=\"left\">Value</th></tr><tr><td>Pillar</td><td>A-BP47</td></tr><tr><td>Lease</td><td>Pakhar 115.13 Ha - Block A</td></tr><tr><td>Latitude</td><td>23.54920620</td></tr><tr><td>Longitude</td><td>84.61457655</td></tr><tr><td>Easting (m)</td><td>256490.143</td></tr><tr><td>Northing (m)</td><td>2606344.929</td></tr><tr><td>Zone / Datum</td><td>UTM 45N / WGS84</td></tr></table>","_styleUrl":"#pillar0"},"id":46},{"type":"Point","coordinates":[84.6145815,23.54923672],"properties":{"name":"A-BP48","description":"<table border=\"1\" cellpadding=\"4\" cellspacing=\"0\" style=\"border-collapse:collapse;font-family:Arial;font-size:12px\"><tr><th align=\"left\">Parameter</th><th align=\"left\">Value</th></tr><tr><td>Pillar</td><td>A-BP48</td></tr><tr><td>Lease</td><td>Pakhar 115.13 Ha - Block A</td></tr><tr><td>Latitude</td><td>23.54923672</td></tr><tr><td>Longitude</td><td>84.61458150</td></tr><tr><td>Easting (m)</td><td>256490.705</td></tr><tr><td>Northing (m)</td><td>2606348.302</td></tr><tr><td>Zone / Datum</td><td>UTM 45N / WGS84</td></tr></table>","_styleUrl":"#pillar0"},"id":47},{"type":"Point","coordinates":[84.6148805,23.54959407],"properties":{"name":"A-BP49","description":"<table border=\"1\" cellpadding=\"4\" cellspacing=\"0\" style=\"border-collapse:collapse;font-family:Arial;font-size:12px\"><tr><th align=\"left\">Parameter</th><th align=\"left\">Value</th></tr><tr><td>Pillar</td><td>A-BP49</td></tr><tr><td>Lease</td><td>Pakhar 115.13 Ha - Block A</td></tr><tr><td>Latitude</td><td>23.54959407</td></tr><tr><td>Longitude</td><td>84.61488050</td></tr><tr><td>Easting (m)</td><td>256521.898</td></tr><tr><td>Northing (m)</td><td>2606387.379</td></tr><tr><td>Zone / Datum</td><td>UTM 45N / WGS84</td></tr></table>","_styleUrl":"#pillar0"},"id":48},{"type":"Point","coordinates":[84.61517949,23.54995143],"properties":{"name":"A-BP50","description":"<table border=\"1\" cellpadding=\"4\" cellspacing=\"0\" style=\"border-collapse:collapse;font-family:Arial;font-size:12px\"><tr><th align=\"left\">Parameter</th><th align=\"left\">Value</th></tr><tr><td>Pillar</td><td>A-BP50</td></tr><tr><td>Lease</td><td>Pakhar 115.13 Ha - Block A</td></tr><tr><td>Latitude</td><td>23.54995143</td></tr><tr><td>Longitude</td><td>84.61517949</td></tr><tr><td>Easting (m)</td><td>256553.091</td></tr><tr><td>Northing (m)</td><td>2606426.456</td></tr><tr><td>Zone / Datum</td><td>UTM 45N / WGS84</td></tr></table>","_styleUrl":"#pillar0"},"id":49},{"type":"Point","coordinates":[84.61547849,23.55030877],"properties":{"name":"A-BP51","description":"<table border=\"1\" cellpadding=\"4\" cellspacing=\"0\" style=\"border-collapse:collapse;font-family:Arial;font-size:12px\"><tr><th align=\"left\">Parameter</th><th align=\"left\">Value</th></tr><tr><td>Pillar</td><td>A-BP51</td></tr><tr><td>Lease</td><td>Pakhar 115.13 Ha - Block A</td></tr><tr><td>Latitude</td><td>23.55030877</td></tr><tr><td>Longitude</td><td>84.61547849</td></tr><tr><td>Easting (m)</td><td>256584.284</td></tr><tr><td>Northing (m)</td><td>2606465.532</td></tr><tr><td>Zone / Datum</td><td>UTM 45N / WGS84</td></tr></table>","_styleUrl":"#pillar0"},"id":50},{"type":"Point","coordinates":[84.6157775,23.55066612],"properties":{"name":"A-BP52","description":"<table border=\"1\" cellpadding=\"4\" cellspacing=\"0\" style=\"border-collapse:collapse;font-family:Arial;font-size:12px\"><tr><th align=\"left\">Parameter</th><th align=\"left\">Value</th></tr><tr><td>Pillar</td><td>A-BP52</td></tr><tr><td>Lease</td><td>Pakhar 115.13 Ha - Block A</td></tr><tr><td>Latitude</td><td>23.55066612</td></tr><tr><td>Longitude</td><td>84.61577750</td></tr><tr><td>Easting (m)</td><td>256615.478</td></tr><tr><td>Northing (m)</td><td>2606504.609</td></tr><tr><td>Zone / Datum</td><td>UTM 45N / WGS84</td></tr></table>","_styleUrl":"#pillar0"},"id":51},{"type":"Point","coordinates":[84.61590008,23.55081262],"properties":{"name":"A-BP53","description":"<table border=\"1\" cellpadding=\"4\" cellspacing=\"0\" style=\"border-collapse:collapse;font-family:Arial;font-size:12px\"><tr><th align=\"left\">Parameter</th><th align=\"left\">Value</th></tr><tr><td>Pillar</td><td>A-BP53</td></tr><tr><td>Lease</td><td>Pakhar 115.13 Ha - Block A</td></tr><tr><td>Latitude</td><td>23.55081262</td></tr><tr><td>Longitude</td><td>84.61590008</td></tr><tr><td>Easting (m)</td><td>256628.266</td></tr><tr><td>Northing (m)</td><td>2606520.629</td></tr><tr><td>Zone / Datum</td><td>UTM 45N / WGS84</td></tr></table>","_styleUrl":"#pillar0"},"id":52},{"type":"Point","coordinates":[84.61610702,23.55069482],"properties":{"name":"A-BP54","description":"<table border=\"1\" cellpadding=\"4\" cellspacing=\"0\" style=\"border-collapse:collapse;font-family:Arial;font-size:12px\"><tr><th align=\"left\">Parameter</th><th align=\"left\">Value</th></tr><tr><td>Pillar</td><td>A-BP54</td></tr><tr><td>Lease</td><td>Pakhar 115.13 Ha - Block A</td></tr><tr><td>Latitude</td><td>23.55069482</td></tr><tr><td>Longitude</td><td>84.61610702</td></tr><tr><td>Easting (m)</td><td>256649.182</td></tr><tr><td>Northing (m)</td><td>2606507.228</td></tr><tr><td>Zone / Datum</td><td>UTM 45N / WGS84</td></tr></table>","_styleUrl":"#pillar0"},"id":53},{"type":"Point","coordinates":[84.61606642,23.55058589],"properties":{"name":"A-BP55","description":"<table border=\"1\" cellpadding=\"4\" cellspacing=\"0\" style=\"border-collapse:collapse;font-family:Arial;font-size:12px\"><tr><th align=\"left\">Parameter</th><th align=\"left\">Value</th></tr><tr><td>Pillar</td><td>A-BP55</td></tr><tr><td>Lease</td><td>Pakhar 115.13 Ha - Block A</td></tr><tr><td>Latitude</td><td>23.55058589</td></tr><tr><td>Longitude</td><td>84.61606642</td></tr><tr><td>Easting (m)</td><td>256644.835</td></tr><tr><td>Northing (m)</td><td>2606495.230</td></tr><tr><td>Zone / Datum</td><td>UTM 45N / WGS84</td></tr></table>","_styleUrl":"#pillar0"},"id":54},{"type":"Point","coordinates":[84.61616659,23.55055805],"properties":{"name":"A-BP56","description":"<table border=\"1\" cellpadding=\"4\" cellspacing=\"0\" style=\"border-collapse:collapse;font-family:Arial;font-size:12px\"><tr><th align=\"left\">Parameter</th><th align=\"left\">Value</th></tr><tr><td>Pillar</td><td>A-BP56</td></tr><tr><td>Lease</td><td>Pakhar 115.13 Ha - Block A</td></tr><tr><td>Latitude</td><td>23.55055805</td></tr><tr><td>Longitude</td><td>84.61616659</td></tr><tr><td>Easting (m)</td><td>256655.013</td></tr><tr><td>Northing (m)</td><td>2606491.976</td></tr><tr><td>Zone / Datum</td><td>UTM 45N / WGS84</td></tr></table>","_styleUrl":"#pillar0"},"id":55},{"type":"Point","coordinates":[84.61631078,23.55062182],"properties":{"name":"A-BP57","description":"<table border=\"1\" cellpadding=\"4\" cellspacing=\"0\" style=\"border-collapse:collapse;font-family:Arial;font-size:12px\"><tr><th align=\"left\">Parameter</th><th align=\"left\">Value</th></tr><tr><td>Pillar</td><td>A-BP57</td></tr><tr><td>Lease</td><td>Pakhar 115.13 Ha - Block A</td></tr><tr><td>Latitude</td><td>23.55062182</td></tr><tr><td>Longitude</td><td>84.61631078</td></tr><tr><td>Easting (m)</td><td>256669.856</td></tr><tr><td>Northing (m)</td><td>2606498.795</td></tr><tr><td>Zone / Datum</td><td>UTM 45N / WGS84</td></tr></table>","_styleUrl":"#pillar0"},"id":56},{"type":"Point","coordinates":[84.61619419,23.55087879],"properties":{"name":"A-BP58","description":"<table border=\"1\" cellpadding=\"4\" cellspacing=\"0\" style=\"border-collapse:collapse;font-family:Arial;font-size:12px\"><tr><th align=\"left\">Parameter</th><th align=\"left\">Value</th></tr><tr><td>Pillar</td><td>A-BP58</td></tr><tr><td>Lease</td><td>Pakhar 115.13 Ha - Block A</td></tr><tr><td>Latitude</td><td>23.55087879</td></tr><tr><td>Longitude</td><td>84.61619419</td></tr><tr><td>Easting (m)</td><td>256658.423</td></tr><tr><td>Northing (m)</td><td>2606527.459</td></tr><tr><td>Zone / Datum</td><td>UTM 45N / WGS84</td></tr></table>","_styleUrl":"#pillar0"},"id":57},{"type":"Point","coordinates":[84.61622274,23.55098206],"properties":{"name":"A-BP59","description":"<table border=\"1\" cellpadding=\"4\" cellspacing=\"0\" style=\"border-collapse:collapse;font-family:Arial;font-size:12px\"><tr><th align=\"left\">Parameter</th><th align=\"left\">Value</th></tr><tr><td>Pillar</td><td>A-BP59</td></tr><tr><td>Lease</td><td>Pakhar 115.13 Ha - Block A</td></tr><tr><td>Latitude</td><td>23.55098206</td></tr><tr><td>Longitude</td><td>84.61622274</td></tr><tr><td>Easting (m)</td><td>256661.529</td></tr><tr><td>Northing (m)</td><td>2606538.850</td></tr><tr><td>Zone / Datum</td><td>UTM 45N / WGS84</td></tr></table>","_styleUrl":"#pillar0"},"id":58},{"type":"Point","coordinates":[84.61640834,23.55092162],"properties":{"name":"A-BP60","description":"<table border=\"1\" cellpadding=\"4\" cellspacing=\"0\" style=\"border-collapse:collapse;font-family:Arial;font-size:12px\"><tr><th align=\"left\">Parameter</th><th align=\"left\">Value</th></tr><tr><td>Pillar</td><td>A-BP60</td></tr><tr><td>Lease</td><td>Pakhar 115.13 Ha - Block A</td></tr><tr><td>Latitude</td><td>23.55092162</td></tr><tr><td>Longitude</td><td>84.61640834</td></tr><tr><td>Easting (m)</td><td>256680.371</td></tr><tr><td>Northing (m)</td><td>2606531.840</td></tr><tr><td>Zone / Datum</td><td>UTM 45N / WGS84</td></tr></table>","_styleUrl":"#pillar0"},"id":59},{"type":"Point","coordinates":[84.61653532,23.55081129],"properties":{"name":"A-BP61","description":"<table border=\"1\" cellpadding=\"4\" cellspacing=\"0\" style=\"border-collapse:collapse;font-family:Arial;font-size:12px\"><tr><th align=\"left\">Parameter</th><th align=\"left\">Value</th></tr><tr><td>Pillar</td><td>A-BP61</td></tr><tr><td>Lease</td><td>Pakhar 115.13 Ha - Block A</td></tr><tr><td>Latitude</td><td>23.55081129</td></tr><tr><td>Longitude</td><td>84.61653532</td></tr><tr><td>Easting (m)</td><td>256693.135</td></tr><tr><td>Northing (m)</td><td>2606519.402</td></tr><tr><td>Zone / Datum</td><td>UTM 45N / WGS84</td></tr></table>","_styleUrl":"#pillar0"},"id":60},{"type":"Point","coordinates":[84.61680285,23.55067701999999],"properties":{"name":"A-BP62","description":"<table border=\"1\" cellpadding=\"4\" cellspacing=\"0\" style=\"border-collapse:collapse;font-family:Arial;font-size:12px\"><tr><th align=\"left\">Parameter</th><th align=\"left\">Value</th></tr><tr><td>Pillar</td><td>A-BP62</td></tr><tr><td>Lease</td><td>Pakhar 115.13 Ha - Block A</td></tr><tr><td>Latitude</td><td>23.55067702</td></tr><tr><td>Longitude</td><td>84.61680285</td></tr><tr><td>Easting (m)</td><td>256720.209</td></tr><tr><td>Northing (m)</td><td>2606504.074</td></tr><tr><td>Zone / Datum</td><td>UTM 45N / WGS84</td></tr></table>","_styleUrl":"#pillar0"},"id":61},{"type":"Point","coordinates":[84.61682713,23.55076981],"properties":{"name":"A-BP63","description":"<table border=\"1\" cellpadding=\"4\" cellspacing=\"0\" style=\"border-collapse:collapse;font-family:Arial;font-size:12px\"><tr><th align=\"left\">Parameter</th><th align=\"left\">Value</th></tr><tr><td>Pillar</td><td>A-BP63</td></tr><tr><td>Lease</td><td>Pakhar 115.13 Ha - Block A</td></tr><tr><td>Latitude</td><td>23.55076981</td></tr><tr><td>Longitude</td><td>84.61682713</td></tr><tr><td>Easting (m)</td><td>256722.859</td></tr><tr><td>Northing (m)</td><td>2606514.312</td></tr><tr><td>Zone / Datum</td><td>UTM 45N / WGS84</td></tr></table>","_styleUrl":"#pillar0"},"id":62},{"type":"Point","coordinates":[84.61661619,23.55087225],"properties":{"name":"A-BP64","description":"<table border=\"1\" cellpadding=\"4\" cellspacing=\"0\" style=\"border-collapse:collapse;font-family:Arial;font-size:12px\"><tr><th align=\"left\">Parameter</th><th align=\"left\">Value</th></tr><tr><td>Pillar</td><td>A-BP64</td></tr><tr><td>Lease</td><td>Pakhar 115.13 Ha - Block A</td></tr><tr><td>Latitude</td><td>23.55087225</td></tr><tr><td>Longitude</td><td>84.61661619</td></tr><tr><td>Easting (m)</td><td>256701.506</td></tr><tr><td>Northing (m)</td><td>2606526.018</td></tr><tr><td>Zone / Datum</td><td>UTM 45N / WGS84</td></tr></table>","_styleUrl":"#pillar0"},"id":63},{"type":"Point","coordinates":[84.61620466,23.55120193],"properties":{"name":"A-BP65","description":"<table border=\"1\" cellpadding=\"4\" cellspacing=\"0\" style=\"border-collapse:collapse;font-family:Arial;font-size:12px\"><tr><th align=\"left\">Parameter</th><th align=\"left\">Value</th></tr><tr><td>Pillar</td><td>A-BP65</td></tr><tr><td>Lease</td><td>Pakhar 115.13 Ha - Block A</td></tr><tr><td>Latitude</td><td>23.55120193</td></tr><tr><td>Longitude</td><td>84.61620466</td></tr><tr><td>Easting (m)</td><td>256660.088</td></tr><tr><td>Northing (m)</td><td>2606563.236</td></tr><tr><td>Zone / Datum</td><td>UTM 45N / WGS84</td></tr></table>","_styleUrl":"#pillar0"},"id":64},{"type":"Point","coordinates":[84.61644451,23.55141845],"properties":{"name":"A-BP66","description":"<table border=\"1\" cellpadding=\"4\" cellspacing=\"0\" style=\"border-collapse:collapse;font-family:Arial;font-size:12px\"><tr><th align=\"left\">Parameter</th><th align=\"left\">Value</th></tr><tr><td>Pillar</td><td>A-BP66</td></tr><tr><td>Lease</td><td>Pakhar 115.13 Ha - Block A</td></tr><tr><td>Latitude</td><td>23.55141845</td></tr><tr><td>Longitude</td><td>84.61644451</td></tr><tr><td>Easting (m)</td><td>256684.980</td></tr><tr><td>Northing (m)</td><td>2606586.814</td></tr><tr><td>Zone / Datum</td><td>UTM 45N / WGS84</td></tr></table>","_styleUrl":"#pillar0"},"id":65},{"type":"Point","coordinates":[84.61678618,23.55109525],"properties":{"name":"A-BP67","description":"<table border=\"1\" cellpadding=\"4\" cellspacing=\"0\" style=\"border-collapse:collapse;font-family:Arial;font-size:12px\"><tr><th align=\"left\">Parameter</th><th align=\"left\">Value</th></tr><tr><td>Pillar</td><td>A-BP67</td></tr><tr><td>Lease</td><td>Pakhar 115.13 Ha - Block A</td></tr><tr><td>Latitude</td><td>23.55109525</td></tr><tr><td>Longitude</td><td>84.61678618</td></tr><tr><td>Easting (m)</td><td>256719.277</td></tr><tr><td>Northing (m)</td><td>2606550.431</td></tr><tr><td>Zone / Datum</td><td>UTM 45N / WGS84</td></tr></table>","_styleUrl":"#pillar0"},"id":66},{"type":"Point","coordinates":[84.61686996,23.55102442],"properties":{"name":"A-BP68","description":"<table border=\"1\" cellpadding=\"4\" cellspacing=\"0\" style=\"border-collapse:collapse;font-family:Arial;font-size:12px\"><tr><th align=\"left\">Parameter</th><th align=\"left\">Value</th></tr><tr><td>Pillar</td><td>A-BP68</td></tr><tr><td>Lease</td><td>Pakhar 115.13 Ha - Block A</td></tr><tr><td>Latitude</td><td>23.55102442</td></tr><tr><td>Longitude</td><td>84.61686996</td></tr><tr><td>Easting (m)</td><td>256727.702</td></tr><tr><td>Northing (m)</td><td>2606542.443</td></tr><tr><td>Zone / Datum</td><td>UTM 45N / WGS84</td></tr></table>","_styleUrl":"#pillar0"},"id":67},{"type":"Point","coordinates":[84.61706935,23.55111389],"properties":{"name":"A-BP69","description":"<table border=\"1\" cellpadding=\"4\" cellspacing=\"0\" style=\"border-collapse:collapse;font-family:Arial;font-size:12px\"><tr><th align=\"left\">Parameter</th><th align=\"left\">Value</th></tr><tr><td>Pillar</td><td>A-BP69</td></tr><tr><td>Lease</td><td>Pakhar 115.13 Ha - Block A</td></tr><tr><td>Latitude</td><td>23.55111389</td></tr><tr><td>Longitude</td><td>84.61706935</td></tr><tr><td>Easting (m)</td><td>256748.229</td></tr><tr><td>Northing (m)</td><td>2606552.015</td></tr><tr><td>Zone / Datum</td><td>UTM 45N / WGS84</td></tr></table>","_styleUrl":"#pillar0"},"id":68},{"type":"Point","coordinates":[84.61672053,23.55140941],"properties":{"name":"A-BP70","description":"<table border=\"1\" cellpadding=\"4\" cellspacing=\"0\" style=\"border-collapse:collapse;font-family:Arial;font-size:12px\"><tr><th align=\"left\">Parameter</th><th align=\"left\">Value</th></tr><tr><td>Pillar</td><td>A-BP70</td></tr><tr><td>Lease</td><td>Pakhar 115.13 Ha - Block A</td></tr><tr><td>Latitude</td><td>23.55140941</td></tr><tr><td>Longitude</td><td>84.61672053</td></tr><tr><td>Easting (m)</td><td>256713.151</td></tr><tr><td>Northing (m)</td><td>2606585.344</td></tr><tr><td>Zone / Datum</td><td>UTM 45N / WGS84</td></tr></table>","_styleUrl":"#pillar0"},"id":69},{"type":"Point","coordinates":[84.61651692,23.55181983],"properties":{"name":"A-BP71","description":"<table border=\"1\" cellpadding=\"4\" cellspacing=\"0\" style=\"border-collapse:collapse;font-family:Arial;font-size:12px\"><tr><th align=\"left\">Parameter</th><th align=\"left\">Value</th></tr><tr><td>Pillar</td><td>A-BP71</td></tr><tr><td>Lease</td><td>Pakhar 115.13 Ha - Block A</td></tr><tr><td>Latitude</td><td>23.55181983</td></tr><tr><td>Longitude</td><td>84.61651692</td></tr><tr><td>Easting (m)</td><td>256693.114</td></tr><tr><td>Northing (m)</td><td>2606631.153</td></tr><tr><td>Zone / Datum</td><td>UTM 45N / WGS84</td></tr></table>","_styleUrl":"#pillar0"},"id":70},{"type":"Point","coordinates":[84.61643737,23.55194051],"properties":{"name":"A-BP72","description":"<table border=\"1\" cellpadding=\"4\" cellspacing=\"0\" style=\"border-collapse:collapse;font-family:Arial;font-size:12px\"><tr><th align=\"left\">Parameter</th><th align=\"left\">Value</th></tr><tr><td>Pillar</td><td>A-BP72</td></tr><tr><td>Lease</td><td>Pakhar 115.13 Ha - Block A</td></tr><tr><td>Latitude</td><td>23.55194051</td></tr><tr><td>Longitude</td><td>84.61643737</td></tr><tr><td>Easting (m)</td><td>256685.213</td></tr><tr><td>Northing (m)</td><td>2606644.656</td></tr><tr><td>Zone / Datum</td><td>UTM 45N / WGS84</td></tr></table>","_styleUrl":"#pillar0"},"id":71},{"type":"Point","coordinates":[84.61644023,23.55229029],"properties":{"name":"A-BP73","description":"<table border=\"1\" cellpadding=\"4\" cellspacing=\"0\" style=\"border-collapse:collapse;font-family:Arial;font-size:12px\"><tr><th align=\"left\">Parameter</th><th align=\"left\">Value</th></tr><tr><td>Pillar</td><td>A-BP73</td></tr><tr><td>Lease</td><td>Pakhar 115.13 Ha - Block A</td></tr><tr><td>Latitude</td><td>23.55229029</td></tr><tr><td>Longitude</td><td>84.61644023</td></tr><tr><td>Easting (m)</td><td>256686.149</td></tr><tr><td>Northing (m)</td><td>2606683.397</td></tr><tr><td>Zone / Datum</td><td>UTM 45N / WGS84</td></tr></table>","_styleUrl":"#pillar0"},"id":72},{"type":"Point","coordinates":[84.61649448,23.55240356],"properties":{"name":"A-BP74","description":"<table border=\"1\" cellpadding=\"4\" cellspacing=\"0\" style=\"border-collapse:collapse;font-family:Arial;font-size:12px\"><tr><th align=\"left\">Parameter</th><th align=\"left\">Value</th></tr><tr><td>Pillar</td><td>A-BP74</td></tr><tr><td>Lease</td><td>Pakhar 115.13 Ha - Block A</td></tr><tr><td>Latitude</td><td>23.55240356</td></tr><tr><td>Longitude</td><td>84.61649448</td></tr><tr><td>Easting (m)</td><td>256691.898</td></tr><tr><td>Northing (m)</td><td>2606695.852</td></tr><tr><td>Zone / Datum</td><td>UTM 45N / WGS84</td></tr></table>","_styleUrl":"#pillar0"},"id":73},{"type":"Point","coordinates":[84.6164388,23.55248398000001],"properties":{"name":"A-BP75","description":"<table border=\"1\" cellpadding=\"4\" cellspacing=\"0\" style=\"border-collapse:collapse;font-family:Arial;font-size:12px\"><tr><th align=\"left\">Parameter</th><th align=\"left\">Value</th></tr><tr><td>Pillar</td><td>A-BP75</td></tr><tr><td>Lease</td><td>Pakhar 115.13 Ha - Block A</td></tr><tr><td>Latitude</td><td>23.55248398</td></tr><tr><td>Longitude</td><td>84.61643880</td></tr><tr><td>Easting (m)</td><td>256686.360</td></tr><tr><td>Northing (m)</td><td>2606704.855</td></tr><tr><td>Zone / Datum</td><td>UTM 45N / WGS84</td></tr></table>","_styleUrl":"#pillar0"},"id":74},{"type":"Point","coordinates":[84.61658603,23.5529144],"properties":{"name":"A-BP76","description":"<table border=\"1\" cellpadding=\"4\" cellspacing=\"0\" style=\"border-collapse:collapse;font-family:Arial;font-size:12px\"><tr><th align=\"left\">Parameter</th><th align=\"left\">Value</th></tr><tr><td>Pillar</td><td>A-BP76</td></tr><tr><td>Lease</td><td>Pakhar 115.13 Ha - Block A</td></tr><tr><td>Latitude</td><td>23.55291440</td></tr><tr><td>Longitude</td><td>84.61658603</td></tr><tr><td>Easting (m)</td><td>256702.188</td></tr><tr><td>Northing (m)</td><td>2606752.284</td></tr><tr><td>Zone / Datum</td><td>UTM 45N / WGS84</td></tr></table>","_styleUrl":"#pillar0"},"id":75},{"type":"Point","coordinates":[84.61673325,23.55334482],"properties":{"name":"A-BP77","description":"<table border=\"1\" cellpadding=\"4\" cellspacing=\"0\" style=\"border-collapse:collapse;font-family:Arial;font-size:12px\"><tr><th align=\"left\">Parameter</th><th align=\"left\">Value</th></tr><tr><td>Pillar</td><td>A-BP77</td></tr><tr><td>Lease</td><td>Pakhar 115.13 Ha - Block A</td></tr><tr><td>Latitude</td><td>23.55334482</td></tr><tr><td>Longitude</td><td>84.61673325</td></tr><tr><td>Easting (m)</td><td>256718.016</td></tr><tr><td>Northing (m)</td><td>2606799.713</td></tr><tr><td>Zone / Datum</td><td>UTM 45N / WGS84</td></tr></table>","_styleUrl":"#pillar0"},"id":76},{"type":"Point","coordinates":[84.61688048,23.55377523],"properties":{"name":"A-BP78","description":"<table border=\"1\" cellpadding=\"4\" cellspacing=\"0\" style=\"border-collapse:collapse;font-family:Arial;font-size:12px\"><tr><th align=\"left\">Parameter</th><th align=\"left\">Value</th></tr><tr><td>Pillar</td><td>A-BP78</td></tr><tr><td>Lease</td><td>Pakhar 115.13 Ha - Block A</td></tr><tr><td>Latitude</td><td>23.55377523</td></tr><tr><td>Longitude</td><td>84.61688048</td></tr><tr><td>Easting (m)</td><td>256733.844</td></tr><tr><td>Northing (m)</td><td>2606847.141</td></tr><tr><td>Zone / Datum</td><td>UTM 45N / WGS84</td></tr></table>","_styleUrl":"#pillar0"},"id":77},{"type":"Point","coordinates":[84.61702772,23.55420565],"properties":{"name":"A-BP79","description":"<table border=\"1\" cellpadding=\"4\" cellspacing=\"0\" style=\"border-collapse:collapse;font-family:Arial;font-size:12px\"><tr><th align=\"left\">Parameter</th><th align=\"left\">Value</th></tr><tr><td>Pillar</td><td>A-BP79</td></tr><tr><td>Lease</td><td>Pakhar 115.13 Ha - Block A</td></tr><tr><td>Latitude</td><td>23.55420565</td></tr><tr><td>Longitude</td><td>84.61702772</td></tr><tr><td>Easting (m)</td><td>256749.672</td></tr><tr><td>Northing (m)</td><td>2606894.570</td></tr><tr><td>Zone / Datum</td><td>UTM 45N / WGS84</td></tr></table>","_styleUrl":"#pillar0"},"id":78},{"type":"Point","coordinates":[84.61717495,23.55463607],"properties":{"name":"A-BP80","description":"<table border=\"1\" cellpadding=\"4\" cellspacing=\"0\" style=\"border-collapse:collapse;font-family:Arial;font-size:12px\"><tr><th align=\"left\">Parameter</th><th align=\"left\">Value</th></tr><tr><td>Pillar</td><td>A-BP80</td></tr><tr><td>Lease</td><td>Pakhar 115.13 Ha - Block A</td></tr><tr><td>Latitude</td><td>23.55463607</td></tr><tr><td>Longitude</td><td>84.61717495</td></tr><tr><td>Easting (m)</td><td>256765.500</td></tr><tr><td>Northing (m)</td><td>2606941.999</td></tr><tr><td>Zone / Datum</td><td>UTM 45N / WGS84</td></tr></table>","_styleUrl":"#pillar0"},"id":79},{"type":"Point","coordinates":[84.61732218,23.55506648],"properties":{"name":"A-BP81","description":"<table border=\"1\" cellpadding=\"4\" cellspacing=\"0\" style=\"border-collapse:collapse;font-family:Arial;font-size:12px\"><tr><th align=\"left\">Parameter</th><th align=\"left\">Value</th></tr><tr><td>Pillar</td><td>A-BP81</td></tr><tr><td>Lease</td><td>Pakhar 115.13 Ha - Block A</td></tr><tr><td>Latitude</td><td>23.55506648</td></tr><tr><td>Longitude</td><td>84.61732218</td></tr><tr><td>Easting (m)</td><td>256781.328</td></tr><tr><td>Northing (m)</td><td>2606989.427</td></tr><tr><td>Zone / Datum</td><td>UTM 45N / WGS84</td></tr></table>","_styleUrl":"#pillar0"},"id":80},{"type":"Point","coordinates":[84.61746941,23.5554969],"properties":{"name":"A-BP82","description":"<table border=\"1\" cellpadding=\"4\" cellspacing=\"0\" style=\"border-collapse:collapse;font-family:Arial;font-size:12px\"><tr><th align=\"left\">Parameter</th><th align=\"left\">Value</th></tr><tr><td>Pillar</td><td>A-BP82</td></tr><tr><td>Lease</td><td>Pakhar 115.13 Ha - Block A</td></tr><tr><td>Latitude</td><td>23.55549690</td></tr><tr><td>Longitude</td><td>84.61746941</td></tr><tr><td>Easting (m)</td><td>256797.156</td></tr><tr><td>Northing (m)</td><td>2607036.856</td></tr><tr><td>Zone / Datum</td><td>UTM 45N / WGS84</td></tr></table>","_styleUrl":"#pillar0"},"id":81},{"type":"Point","coordinates":[84.61761665,23.55592731],"properties":{"name":"A-BP83","description":"<table border=\"1\" cellpadding=\"4\" cellspacing=\"0\" style=\"border-collapse:collapse;font-family:Arial;font-size:12px\"><tr><th align=\"left\">Parameter</th><th align=\"left\">Value</th></tr><tr><td>Pillar</td><td>A-BP83</td></tr><tr><td>Lease</td><td>Pakhar 115.13 Ha - Block A</td></tr><tr><td>Latitude</td><td>23.55592731</td></tr><tr><td>Longitude</td><td>84.61761665</td></tr><tr><td>Easting (m)</td><td>256812.984</td></tr><tr><td>Northing (m)</td><td>2607084.284</td></tr><tr><td>Zone / Datum</td><td>UTM 45N / WGS84</td></tr></table>","_styleUrl":"#pillar0"},"id":82},{"type":"Point","coordinates":[84.61776388,23.55635772999999],"properties":{"name":"A-BP84","description":"<table border=\"1\" cellpadding=\"4\" cellspacing=\"0\" style=\"border-collapse:collapse;font-family:Arial;font-size:12px\"><tr><th align=\"left\">Parameter</th><th align=\"left\">Value</th></tr><tr><td>Pillar</td><td>A-BP84</td></tr><tr><td>Lease</td><td>Pakhar 115.13 Ha - Block A</td></tr><tr><td>Latitude</td><td>23.55635773</td></tr><tr><td>Longitude</td><td>84.61776388</td></tr><tr><td>Easting (m)</td><td>256828.812</td></tr><tr><td>Northing (m)</td><td>2607131.713</td></tr><tr><td>Zone / Datum</td><td>UTM 45N / WGS84</td></tr></table>","_styleUrl":"#pillar0"},"id":83},{"type":"Point","coordinates":[84.61791112,23.55678815],"properties":{"name":"A-BP85","description":"<table border=\"1\" cellpadding=\"4\" cellspacing=\"0\" style=\"border-collapse:collapse;font-family:Arial;font-size:12px\"><tr><th align=\"left\">Parameter</th><th align=\"left\">Value</th></tr><tr><td>Pillar</td><td>A-BP85</td></tr><tr><td>Lease</td><td>Pakhar 115.13 Ha - Block A</td></tr><tr><td>Latitude</td><td>23.55678815</td></tr><tr><td>Longitude</td><td>84.61791112</td></tr><tr><td>Easting (m)</td><td>256844.640</td></tr><tr><td>Northing (m)</td><td>2607179.142</td></tr><tr><td>Zone / Datum</td><td>UTM 45N / WGS84</td></tr></table>","_styleUrl":"#pillar0"},"id":84},{"type":"Point","coordinates":[84.61805836,23.55721856],"properties":{"name":"A-BP86","description":"<table border=\"1\" cellpadding=\"4\" cellspacing=\"0\" style=\"border-collapse:collapse;font-family:Arial;font-size:12px\"><tr><th align=\"left\">Parameter</th><th align=\"left\">Value</th></tr><tr><td>Pillar</td><td>A-BP86</td></tr><tr><td>Lease</td><td>Pakhar 115.13 Ha - Block A</td></tr><tr><td>Latitude</td><td>23.55721856</td></tr><tr><td>Longitude</td><td>84.61805836</td></tr><tr><td>Easting (m)</td><td>256860.468</td></tr><tr><td>Northing (m)</td><td>2607226.570</td></tr><tr><td>Zone / Datum</td><td>UTM 45N / WGS84</td></tr></table>","_styleUrl":"#pillar0"},"id":85},{"type":"Point","coordinates":[84.61820559,23.55764898],"properties":{"name":"A-BP87","description":"<table border=\"1\" cellpadding=\"4\" cellspacing=\"0\" style=\"border-collapse:collapse;font-family:Arial;font-size:12px\"><tr><th align=\"left\">Parameter</th><th align=\"left\">Value</th></tr><tr><td>Pillar</td><td>A-BP87</td></tr><tr><td>Lease</td><td>Pakhar 115.13 Ha - Block A</td></tr><tr><td>Latitude</td><td>23.55764898</td></tr><tr><td>Longitude</td><td>84.61820559</td></tr><tr><td>Easting (m)</td><td>256876.296</td></tr><tr><td>Northing (m)</td><td>2607273.999</td></tr><tr><td>Zone / Datum</td><td>UTM 45N / WGS84</td></tr></table>","_styleUrl":"#pillar0"},"id":86},{"type":"Point","coordinates":[84.61837527,23.55814501],"properties":{"name":"A-BP88","description":"<table border=\"1\" cellpadding=\"4\" cellspacing=\"0\" style=\"border-collapse:collapse;font-family:Arial;font-size:12px\"><tr><th align=\"left\">Parameter</th><th align=\"left\">Value</th></tr><tr><td>Pillar</td><td>A-BP88</td></tr><tr><td>Lease</td><td>Pakhar 115.13 Ha - Block A</td></tr><tr><td>Latitude</td><td>23.55814501</td></tr><tr><td>Longitude</td><td>84.61837527</td></tr><tr><td>Easting (m)</td><td>256894.536</td></tr><tr><td>Northing (m)</td><td>2607328.657</td></tr><tr><td>Zone / Datum</td><td>UTM 45N / WGS84</td></tr></table>","_styleUrl":"#pillar0"},"id":87},{"type":"Point","coordinates":[84.61872536,23.55782953],"properties":{"name":"A-BP89","description":"<table border=\"1\" cellpadding=\"4\" cellspacing=\"0\" style=\"border-collapse:collapse;font-family:Arial;font-size:12px\"><tr><th align=\"left\">Parameter</th><th align=\"left\">Value</th></tr><tr><td>Pillar</td><td>A-BP89</td></tr><tr><td>Lease</td><td>Pakhar 115.13 Ha - Block A</td></tr><tr><td>Latitude</td><td>23.55782953</td></tr><tr><td>Longitude</td><td>84.61872536</td></tr><tr><td>Easting (m)</td><td>256929.705</td></tr><tr><td>Northing (m)</td><td>2607293.116</td></tr><tr><td>Zone / Datum</td><td>UTM 45N / WGS84</td></tr></table>","_styleUrl":"#pillar0"},"id":88},{"type":"Point","coordinates":[84.61907545,23.55751404],"properties":{"name":"A-BP90","description":"<table border=\"1\" cellpadding=\"4\" cellspacing=\"0\" style=\"border-collapse:collapse;font-family:Arial;font-size:12px\"><tr><th align=\"left\">Parameter</th><th align=\"left\">Value</th></tr><tr><td>Pillar</td><td>A-BP90</td></tr><tr><td>Lease</td><td>Pakhar 115.13 Ha - Block A</td></tr><tr><td>Latitude</td><td>23.55751404</td></tr><tr><td>Longitude</td><td>84.61907545</td></tr><tr><td>Easting (m)</td><td>256964.874</td></tr><tr><td>Northing (m)</td><td>2607257.575</td></tr><tr><td>Zone / Datum</td><td>UTM 45N / WGS84</td></tr></table>","_styleUrl":"#pillar0"},"id":89},{"type":"Point","coordinates":[84.61942554,23.55719856],"properties":{"name":"A-BP91","description":"<table border=\"1\" cellpadding=\"4\" cellspacing=\"0\" style=\"border-collapse:collapse;font-family:Arial;font-size:12px\"><tr><th align=\"left\">Parameter</th><th align=\"left\">Value</th></tr><tr><td>Pillar</td><td>A-BP91</td></tr><tr><td>Lease</td><td>Pakhar 115.13 Ha - Block A</td></tr><tr><td>Latitude</td><td>23.55719856</td></tr><tr><td>Longitude</td><td>84.61942554</td></tr><tr><td>Easting (m)</td><td>257000.043</td></tr><tr><td>Northing (m)</td><td>2607222.034</td></tr><tr><td>Zone / Datum</td><td>UTM 45N / WGS84</td></tr></table>","_styleUrl":"#pillar0"},"id":90},{"type":"Point","coordinates":[84.61948623,23.55714387],"properties":{"name":"A-BP92","description":"<table border=\"1\" cellpadding=\"4\" cellspacing=\"0\" style=\"border-collapse:collapse;font-family:Arial;font-size:12px\"><tr><th align=\"left\">Parameter</th><th align=\"left\">Value</th></tr><tr><td>Pillar</td><td>A-BP92</td></tr><tr><td>Lease</td><td>Pakhar 115.13 Ha - Block A</td></tr><tr><td>Latitude</td><td>23.55714387</td></tr><tr><td>Longitude</td><td>84.61948623</td></tr><tr><td>Easting (m)</td><td>257006.140</td></tr><tr><td>Northing (m)</td><td>2607215.873</td></tr><tr><td>Zone / Datum</td><td>UTM 45N / WGS84</td></tr></table>","_styleUrl":"#pillar0"},"id":91},{"type":"Point","coordinates":[84.61967245,23.55672649],"properties":{"name":"A-BP93","description":"<table border=\"1\" cellpadding=\"4\" cellspacing=\"0\" style=\"border-collapse:collapse;font-family:Arial;font-size:12px\"><tr><th align=\"left\">Parameter</th><th align=\"left\">Value</th></tr><tr><td>Pillar</td><td>A-BP93</td></tr><tr><td>Lease</td><td>Pakhar 115.13 Ha - Block A</td></tr><tr><td>Latitude</td><td>23.55672649</td></tr><tr><td>Longitude</td><td>84.61967245</td></tr><tr><td>Easting (m)</td><td>257024.388</td></tr><tr><td>Northing (m)</td><td>2607169.322</td></tr><tr><td>Zone / Datum</td><td>UTM 45N / WGS84</td></tr></table>","_styleUrl":"#pillar0"},"id":92},{"type":"Point","coordinates":[84.61985868,23.5563091],"properties":{"name":"A-BP94","description":"<table border=\"1\" cellpadding=\"4\" cellspacing=\"0\" style=\"border-collapse:collapse;font-family:Arial;font-size:12px\"><tr><th align=\"left\">Parameter</th><th align=\"left\">Value</th></tr><tr><td>Pillar</td><td>A-BP94</td></tr><tr><td>Lease</td><td>Pakhar 115.13 Ha - Block A</td></tr><tr><td>Latitude</td><td>23.55630910</td></tr><tr><td>Longitude</td><td>84.61985868</td></tr><tr><td>Easting (m)</td><td>257042.637</td></tr><tr><td>Northing (m)</td><td>2607122.771</td></tr><tr><td>Zone / Datum</td><td>UTM 45N / WGS84</td></tr></table>","_styleUrl":"#pillar0"},"id":93},{"type":"Point","coordinates":[84.62004491,23.55589172],"properties":{"name":"A-BP95","description":"<table border=\"1\" cellpadding=\"4\" cellspacing=\"0\" style=\"border-collapse:collapse;font-family:Arial;font-size:12px\"><tr><th align=\"left\">Parameter</th><th align=\"left\">Value</th></tr><tr><td>Pillar</td><td>A-BP95</td></tr><tr><td>Lease</td><td>Pakhar 115.13 Ha - Block A</td></tr><tr><td>Latitude</td><td>23.55589172</td></tr><tr><td>Longitude</td><td>84.62004491</td></tr><tr><td>Easting (m)</td><td>257060.886</td></tr><tr><td>Northing (m)</td><td>2607076.220</td></tr><tr><td>Zone / Datum</td><td>UTM 45N / WGS84</td></tr></table>","_styleUrl":"#pillar0"},"id":94},{"type":"Point","coordinates":[84.62023112,23.55547433],"properties":{"name":"A-BP96","description":"<table border=\"1\" cellpadding=\"4\" cellspacing=\"0\" style=\"border-collapse:collapse;font-family:Arial;font-size:12px\"><tr><th align=\"left\">Parameter</th><th align=\"left\">Value</th></tr><tr><td>Pillar</td><td>A-BP96</td></tr><tr><td>Lease</td><td>Pakhar 115.13 Ha - Block A</td></tr><tr><td>Latitude</td><td>23.55547433</td></tr><tr><td>Longitude</td><td>84.62023112</td></tr><tr><td>Easting (m)</td><td>257079.134</td></tr><tr><td>Northing (m)</td><td>2607029.669</td></tr><tr><td>Zone / Datum</td><td>UTM 45N / WGS84</td></tr></table>","_styleUrl":"#pillar0"},"id":95},{"type":"Point","coordinates":[84.62041735,23.55505694],"properties":{"name":"A-BP97","description":"<table border=\"1\" cellpadding=\"4\" cellspacing=\"0\" style=\"border-collapse:collapse;font-family:Arial;font-size:12px\"><tr><th align=\"left\">Parameter</th><th align=\"left\">Value</th></tr><tr><td>Pillar</td><td>A-BP97</td></tr><tr><td>Lease</td><td>Pakhar 115.13 Ha - Block A</td></tr><tr><td>Latitude</td><td>23.55505694</td></tr><tr><td>Longitude</td><td>84.62041735</td></tr><tr><td>Easting (m)</td><td>257097.383</td></tr><tr><td>Northing (m)</td><td>2606983.118</td></tr><tr><td>Zone / Datum</td><td>UTM 45N / WGS84</td></tr></table>","_styleUrl":"#pillar0"},"id":96},{"type":"Point","coordinates":[84.62060356,23.55463956],"properties":{"name":"A-BP98","description":"<table border=\"1\" cellpadding=\"4\" cellspacing=\"0\" style=\"border-collapse:collapse;font-family:Arial;font-size:12px\"><tr><th align=\"left\">Parameter</th><th align=\"left\">Value</th></tr><tr><td>Pillar</td><td>A-BP98</td></tr><tr><td>Lease</td><td>Pakhar 115.13 Ha - Block A</td></tr><tr><td>Latitude</td><td>23.55463956</td></tr><tr><td>Longitude</td><td>84.62060356</td></tr><tr><td>Easting (m)</td><td>257115.631</td></tr><tr><td>Northing (m)</td><td>2606936.567</td></tr><tr><td>Zone / Datum</td><td>UTM 45N / WGS84</td></tr></table>","_styleUrl":"#pillar0"},"id":97},{"type":"Point","coordinates":[84.62078978,23.55422217],"properties":{"name":"A-BP99","description":"<table border=\"1\" cellpadding=\"4\" cellspacing=\"0\" style=\"border-collapse:collapse;font-family:Arial;font-size:12px\"><tr><th align=\"left\">Parameter</th><th align=\"left\">Value</th></tr><tr><td>Pillar</td><td>A-BP99</td></tr><tr><td>Lease</td><td>Pakhar 115.13 Ha - Block A</td></tr><tr><td>Latitude</td><td>23.55422217</td></tr><tr><td>Longitude</td><td>84.62078978</td></tr><tr><td>Easting (m)</td><td>257133.880</td></tr><tr><td>Northing (m)</td><td>2606890.016</td></tr><tr><td>Zone / Datum</td><td>UTM 45N / WGS84</td></tr></table>","_styleUrl":"#pillar0"},"id":98},{"type":"Point","coordinates":[84.62097599,23.55380478],"properties":{"name":"A-BP100","description":"<table border=\"1\" cellpadding=\"4\" cellspacing=\"0\" style=\"border-collapse:collapse;font-family:Arial;font-size:12px\"><tr><th align=\"left\">Parameter</th><th align=\"left\">Value</th></tr><tr><td>Pillar</td><td>A-BP100</td></tr><tr><td>Lease</td><td>Pakhar 115.13 Ha - Block A</td></tr><tr><td>Latitude</td><td>23.55380478</td></tr><tr><td>Longitude</td><td>84.62097599</td></tr><tr><td>Easting (m)</td><td>257152.128</td></tr><tr><td>Northing (m)</td><td>2606843.465</td></tr><tr><td>Zone / Datum</td><td>UTM 45N / WGS84</td></tr></table>","_styleUrl":"#pillar0"},"id":99},{"type":"Point","coordinates":[84.62116221,23.55338739],"properties":{"name":"A-BP101","description":"<table border=\"1\" cellpadding=\"4\" cellspacing=\"0\" style=\"border-collapse:collapse;font-family:Arial;font-size:12px\"><tr><th align=\"left\">Parameter</th><th align=\"left\">Value</th></tr><tr><td>Pillar</td><td>A-BP101</td></tr><tr><td>Lease</td><td>Pakhar 115.13 Ha - Block A</td></tr><tr><td>Latitude</td><td>23.55338739</td></tr><tr><td>Longitude</td><td>84.62116221</td></tr><tr><td>Easting (m)</td><td>257170.377</td></tr><tr><td>Northing (m)</td><td>2606796.914</td></tr><tr><td>Zone / Datum</td><td>UTM 45N / WGS84</td></tr></table>","_styleUrl":"#pillar0"},"id":100},{"type":"Point","coordinates":[84.62134843,23.55297],"properties":{"name":"A-BP102","description":"<table border=\"1\" cellpadding=\"4\" cellspacing=\"0\" style=\"border-collapse:collapse;font-family:Arial;font-size:12px\"><tr><th align=\"left\">Parameter</th><th align=\"left\">Value</th></tr><tr><td>Pillar</td><td>A-BP102</td></tr><tr><td>Lease</td><td>Pakhar 115.13 Ha - Block A</td></tr><tr><td>Latitude</td><td>23.55297000</td></tr><tr><td>Longitude</td><td>84.62134843</td></tr><tr><td>Easting (m)</td><td>257188.626</td></tr><tr><td>Northing (m)</td><td>2606750.363</td></tr><tr><td>Zone / Datum</td><td>UTM 45N / WGS84</td></tr></table>","_styleUrl":"#pillar0"},"id":101},{"type":"Point","coordinates":[84.6214761,23.55268385],"properties":{"name":"A-BP103","description":"<table border=\"1\" cellpadding=\"4\" cellspacing=\"0\" style=\"border-collapse:collapse;font-family:Arial;font-size:12px\"><tr><th align=\"left\">Parameter</th><th align=\"left\">Value</th></tr><tr><td>Pillar</td><td>A-BP103</td></tr><tr><td>Lease</td><td>Pakhar 115.13 Ha - Block A</td></tr><tr><td>Latitude</td><td>23.55268385</td></tr><tr><td>Longitude</td><td>84.62147610</td></tr><tr><td>Easting (m)</td><td>257201.137</td></tr><tr><td>Northing (m)</td><td>2606718.448</td></tr><tr><td>Zone / Datum</td><td>UTM 45N / WGS84</td></tr></table>","_styleUrl":"#pillar0"},"id":102},{"type":"Point","coordinates":[84.62109926,23.55239575],"properties":{"name":"A-BP104","description":"<table border=\"1\" cellpadding=\"4\" cellspacing=\"0\" style=\"border-collapse:collapse;font-family:Arial;font-size:12px\"><tr><th align=\"left\">Parameter</th><th align=\"left\">Value</th></tr><tr><td>Pillar</td><td>A-BP104</td></tr><tr><td>Lease</td><td>Pakhar 115.13 Ha - Block A</td></tr><tr><td>Latitude</td><td>23.55239575</td></tr><tr><td>Longitude</td><td>84.62109926</td></tr><tr><td>Easting (m)</td><td>257162.125</td></tr><tr><td>Northing (m)</td><td>2606687.174</td></tr><tr><td>Zone / Datum</td><td>UTM 45N / WGS84</td></tr></table>","_styleUrl":"#pillar0"},"id":103},{"type":"Point","coordinates":[84.62072244,23.55210765],"properties":{"name":"A-BP105","description":"<table border=\"1\" cellpadding=\"4\" cellspacing=\"0\" style=\"border-collapse:collapse;font-family:Arial;font-size:12px\"><tr><th align=\"left\">Parameter</th><th align=\"left\">Value</th></tr><tr><td>Pillar</td><td>A-BP105</td></tr><tr><td>Lease</td><td>Pakhar 115.13 Ha - Block A</td></tr><tr><td>Latitude</td><td>23.55210765</td></tr><tr><td>Longitude</td><td>84.62072244</td></tr><tr><td>Easting (m)</td><td>257123.114</td></tr><tr><td>Northing (m)</td><td>2606655.899</td></tr><tr><td>Zone / Datum</td><td>UTM 45N / WGS84</td></tr></table>","_styleUrl":"#pillar0"},"id":104},{"type":"Point","coordinates":[84.62034882,23.55181602],"properties":{"name":"A-BP106","description":"<table border=\"1\" cellpadding=\"4\" cellspacing=\"0\" style=\"border-collapse:collapse;font-family:Arial;font-size:12px\"><tr><th align=\"left\">Parameter</th><th align=\"left\">Value</th></tr><tr><td>Pillar</td><td>A-BP106</td></tr><tr><td>Lease</td><td>Pakhar 115.13 Ha - Block A</td></tr><tr><td>Latitude</td><td>23.55181602</td></tr><tr><td>Longitude</td><td>84.62034882</td></tr><tr><td>Easting (m)</td><td>257084.423</td></tr><tr><td>Northing (m)</td><td>2606624.228</td></tr><tr><td>Zone / Datum</td><td>UTM 45N / WGS84</td></tr></table>","_styleUrl":"#pillar0"},"id":105},{"type":"Point","coordinates":[84.61997801,23.55152136],"properties":{"name":"A-BP107","description":"<table border=\"1\" cellpadding=\"4\" cellspacing=\"0\" style=\"border-collapse:collapse;font-family:Arial;font-size:12px\"><tr><th align=\"left\">Parameter</th><th align=\"left\">Value</th></tr><tr><td>Pillar</td><td>A-BP107</td></tr><tr><td>Lease</td><td>Pakhar 115.13 Ha - Block A</td></tr><tr><td>Latitude</td><td>23.55152136</td></tr><tr><td>Longitude</td><td>84.61997801</td></tr><tr><td>Easting (m)</td><td>257046.014</td></tr><tr><td>Northing (m)</td><td>2606592.216</td></tr><tr><td>Zone / Datum</td><td>UTM 45N / WGS84</td></tr></table>","_styleUrl":"#pillar0"},"id":106},{"type":"Point","coordinates":[84.61960721,23.55122669],"properties":{"name":"A-BP108","description":"<table border=\"1\" cellpadding=\"4\" cellspacing=\"0\" style=\"border-collapse:collapse;font-family:Arial;font-size:12px\"><tr><th align=\"left\">Parameter</th><th align=\"left\">Value</th></tr><tr><td>Pillar</td><td>A-BP108</td></tr><tr><td>Lease</td><td>Pakhar 115.13 Ha - Block A</td></tr><tr><td>Latitude</td><td>23.55122669</td></tr><tr><td>Longitude</td><td>84.61960721</td></tr><tr><td>Easting (m)</td><td>257007.606</td></tr><tr><td>Northing (m)</td><td>2606560.204</td></tr><tr><td>Zone / Datum</td><td>UTM 45N / WGS84</td></tr></table>","_styleUrl":"#pillar0"},"id":107},{"type":"Point","coordinates":[84.61945818,23.55110826],"properties":{"name":"A-BP109","description":"<table border=\"1\" cellpadding=\"4\" cellspacing=\"0\" style=\"border-collapse:collapse;font-family:Arial;font-size:12px\"><tr><th align=\"left\">Parameter</th><th align=\"left\">Value</th></tr><tr><td>Pillar</td><td>A-BP109</td></tr><tr><td>Lease</td><td>Pakhar 115.13 Ha - Block A</td></tr><tr><td>Latitude</td><td>23.55110826</td></tr><tr><td>Longitude</td><td>84.61945818</td></tr><tr><td>Easting (m)</td><td>256992.168</td></tr><tr><td>Northing (m)</td><td>2606547.337</td></tr><tr><td>Zone / Datum</td><td>UTM 45N / WGS84</td></tr></table>","_styleUrl":"#pillar0"},"id":108},{"type":"Point","coordinates":[84.61921141,23.55071847],"properties":{"name":"A-BP110","description":"<table border=\"1\" cellpadding=\"4\" cellspacing=\"0\" style=\"border-collapse:collapse;font-family:Arial;font-size:12px\"><tr><th align=\"left\">Parameter</th><th align=\"left\">Value</th></tr><tr><td>Pillar</td><td>A-BP110</td></tr><tr><td>Lease</td><td>Pakhar 115.13 Ha - Block A</td></tr><tr><td>Latitude</td><td>23.55071847</td></tr><tr><td>Longitude</td><td>84.61921141</td></tr><tr><td>Easting (m)</td><td>256966.251</td></tr><tr><td>Northing (m)</td><td>2606504.578</td></tr><tr><td>Zone / Datum</td><td>UTM 45N / WGS84</td></tr></table>","_styleUrl":"#pillar0"},"id":109},{"type":"Point","coordinates":[84.61896465,23.55032869],"properties":{"name":"A-BP111","description":"<table border=\"1\" cellpadding=\"4\" cellspacing=\"0\" style=\"border-collapse:collapse;font-family:Arial;font-size:12px\"><tr><th align=\"left\">Parameter</th><th align=\"left\">Value</th></tr><tr><td>Pillar</td><td>A-BP111</td></tr><tr><td>Lease</td><td>Pakhar 115.13 Ha - Block A</td></tr><tr><td>Latitude</td><td>23.55032869</td></tr><tr><td>Longitude</td><td>84.61896465</td></tr><tr><td>Easting (m)</td><td>256940.334</td></tr><tr><td>Northing (m)</td><td>2606461.819</td></tr><tr><td>Zone / Datum</td><td>UTM 45N / WGS84</td></tr></table>","_styleUrl":"#pillar0"},"id":110},{"type":"Point","coordinates":[84.61871789,23.54993891],"properties":{"name":"A-BP112","description":"<table border=\"1\" cellpadding=\"4\" cellspacing=\"0\" style=\"border-collapse:collapse;font-family:Arial;font-size:12px\"><tr><th align=\"left\">Parameter</th><th align=\"left\">Value</th></tr><tr><td>Pillar</td><td>A-BP112</td></tr><tr><td>Lease</td><td>Pakhar 115.13 Ha - Block A</td></tr><tr><td>Latitude</td><td>23.54993891</td></tr><tr><td>Longitude</td><td>84.61871789</td></tr><tr><td>Easting (m)</td><td>256914.417</td></tr><tr><td>Northing (m)</td><td>2606419.061</td></tr><tr><td>Zone / Datum</td><td>UTM 45N / WGS84</td></tr></table>","_styleUrl":"#pillar0"},"id":111},{"type":"Point","coordinates":[84.61846526,23.54953983],"properties":{"name":"A-BP113","description":"<table border=\"1\" cellpadding=\"4\" cellspacing=\"0\" style=\"border-collapse:collapse;font-family:Arial;font-size:12px\"><tr><th align=\"left\">Parameter</th><th align=\"left\">Value</th></tr><tr><td>Pillar</td><td>A-BP113</td></tr><tr><td>Lease</td><td>Pakhar 115.13 Ha - Block A</td></tr><tr><td>Latitude</td><td>23.54953983</td></tr><tr><td>Longitude</td><td>84.61846526</td></tr><tr><td>Easting (m)</td><td>256887.883</td></tr><tr><td>Northing (m)</td><td>2606375.282</td></tr><tr><td>Zone / Datum</td><td>UTM 45N / WGS84</td></tr></table>","_styleUrl":"#pillar0"},"id":112},{"type":"Point","coordinates":[84.61839992,23.54909255],"properties":{"name":"A-BP114","description":"<table border=\"1\" cellpadding=\"4\" cellspacing=\"0\" style=\"border-collapse:collapse;font-family:Arial;font-size:12px\"><tr><th align=\"left\">Parameter</th><th align=\"left\">Value</th></tr><tr><td>Pillar</td><td>A-BP114</td></tr><tr><td>Lease</td><td>Pakhar 115.13 Ha - Block A</td></tr><tr><td>Latitude</td><td>23.54909255</td></tr><tr><td>Longitude</td><td>84.61839992</td></tr><tr><td>Easting (m)</td><td>256880.387</td></tr><tr><td>Northing (m)</td><td>2606325.847</td></tr><tr><td>Zone / Datum</td><td>UTM 45N / WGS84</td></tr></table>","_styleUrl":"#pillar0"},"id":113},{"type":"Point","coordinates":[84.61834153,23.54869273],"properties":{"name":"A-BP115","description":"<table border=\"1\" cellpadding=\"4\" cellspacing=\"0\" style=\"border-collapse:collapse;font-family:Arial;font-size:12px\"><tr><th align=\"left\">Parameter</th><th align=\"left\">Value</th></tr><tr><td>Pillar</td><td>A-BP115</td></tr><tr><td>Lease</td><td>Pakhar 115.13 Ha - Block A</td></tr><tr><td>Latitude</td><td>23.54869273</td></tr><tr><td>Longitude</td><td>84.61834153</td></tr><tr><td>Easting (m)</td><td>256873.688</td></tr><tr><td>Northing (m)</td><td>2606281.657</td></tr><tr><td>Zone / Datum</td><td>UTM 45N / WGS84</td></tr></table>","_styleUrl":"#pillar0"},"id":114},{"type":"Point","coordinates":[84.61876337,23.54842423],"properties":{"name":"A-BP116","description":"<table border=\"1\" cellpadding=\"4\" cellspacing=\"0\" style=\"border-collapse:collapse;font-family:Arial;font-size:12px\"><tr><th align=\"left\">Parameter</th><th align=\"left\">Value</th></tr><tr><td>Pillar</td><td>A-BP116</td></tr><tr><td>Lease</td><td>Pakhar 115.13 Ha - Block A</td></tr><tr><td>Latitude</td><td>23.54842423</td></tr><tr><td>Longitude</td><td>84.61876337</td></tr><tr><td>Easting (m)</td><td>256916.274</td></tr><tr><td>Northing (m)</td><td>2606251.198</td></tr><tr><td>Zone / Datum</td><td>UTM 45N / WGS84</td></tr></table>","_styleUrl":"#pillar0"},"id":115},{"type":"Point","coordinates":[84.61845496,23.54807374],"properties":{"name":"A-BP117","description":"<table border=\"1\" cellpadding=\"4\" cellspacing=\"0\" style=\"border-collapse:collapse;font-family:Arial;font-size:12px\"><tr><th align=\"left\">Parameter</th><th align=\"left\">Value</th></tr><tr><td>Pillar</td><td>A-BP117</td></tr><tr><td>Lease</td><td>Pakhar 115.13 Ha - Block A</td></tr><tr><td>Latitude</td><td>23.54807374</td></tr><tr><td>Longitude</td><td>84.61845496</td></tr><tr><td>Easting (m)</td><td>256884.133</td></tr><tr><td>Northing (m)</td><td>2606212.897</td></tr><tr><td>Zone / Datum</td><td>UTM 45N / WGS84</td></tr></table>","_styleUrl":"#pillar0"},"id":116},{"type":"Point","coordinates":[84.61814655,23.54772326],"properties":{"name":"A-BP118","description":"<table border=\"1\" cellpadding=\"4\" cellspacing=\"0\" style=\"border-collapse:collapse;font-family:Arial;font-size:12px\"><tr><th align=\"left\">Parameter</th><th align=\"left\">Value</th></tr><tr><td>Pillar</td><td>A-BP118</td></tr><tr><td>Lease</td><td>Pakhar 115.13 Ha - Block A</td></tr><tr><td>Latitude</td><td>23.54772326</td></tr><tr><td>Longitude</td><td>84.61814655</td></tr><tr><td>Easting (m)</td><td>256851.992</td></tr><tr><td>Northing (m)</td><td>2606174.596</td></tr><tr><td>Zone / Datum</td><td>UTM 45N / WGS84</td></tr></table>","_styleUrl":"#pillar0"},"id":117},{"type":"Point","coordinates":[84.61783734,23.54737337],"properties":{"name":"A-BP119","description":"<table border=\"1\" cellpadding=\"4\" cellspacing=\"0\" style=\"border-collapse:collapse;font-family:Arial;font-size:12px\"><tr><th align=\"left\">Parameter</th><th align=\"left\">Value</th></tr><tr><td>Pillar</td><td>A-BP119</td></tr><tr><td>Lease</td><td>Pakhar 115.13 Ha - Block A</td></tr><tr><td>Latitude</td><td>23.54737337</td></tr><tr><td>Longitude</td><td>84.61783734</td></tr><tr><td>Easting (m)</td><td>256819.770</td></tr><tr><td>Northing (m)</td><td>2606136.363</td></tr><tr><td>Zone / Datum</td><td>UTM 45N / WGS84</td></tr></table>","_styleUrl":"#pillar0"},"id":118},{"type":"Point","coordinates":[84.6175276,23.54702389],"properties":{"name":"A-BP120","description":"<table border=\"1\" cellpadding=\"4\" cellspacing=\"0\" style=\"border-collapse:collapse;font-family:Arial;font-size:12px\"><tr><th align=\"left\">Parameter</th><th align=\"left\">Value</th></tr><tr><td>Pillar</td><td>A-BP120</td></tr><tr><td>Lease</td><td>Pakhar 115.13 Ha - Block A</td></tr><tr><td>Latitude</td><td>23.54702389</td></tr><tr><td>Longitude</td><td>84.61752760</td></tr><tr><td>Easting (m)</td><td>256787.494</td></tr><tr><td>Northing (m)</td><td>2606098.176</td></tr><tr><td>Zone / Datum</td><td>UTM 45N / WGS84</td></tr></table>","_styleUrl":"#pillar0"},"id":119},{"type":"Point","coordinates":[84.61728629,23.54675162],"properties":{"name":"A-BP121","description":"<table border=\"1\" cellpadding=\"4\" cellspacing=\"0\" style=\"border-collapse:collapse;font-family:Arial;font-size:12px\"><tr><th align=\"left\">Parameter</th><th align=\"left\">Value</th></tr><tr><td>Pillar</td><td>A-BP121</td></tr><tr><td>Lease</td><td>Pakhar 115.13 Ha - Block A</td></tr><tr><td>Latitude</td><td>23.54675162</td></tr><tr><td>Longitude</td><td>84.61728629</td></tr><tr><td>Easting (m)</td><td>256762.349</td></tr><tr><td>Northing (m)</td><td>2606068.425</td></tr><tr><td>Zone / Datum</td><td>UTM 45N / WGS84</td></tr></table>","_styleUrl":"#pillar0"},"id":120},{"type":"Point","coordinates":[84.61751922,23.5465743],"properties":{"name":"A-BP122","description":"<table border=\"1\" cellpadding=\"4\" cellspacing=\"0\" style=\"border-collapse:collapse;font-family:Arial;font-size:12px\"><tr><th align=\"left\">Parameter</th><th align=\"left\">Value</th></tr><tr><td>Pillar</td><td>A-BP122</td></tr><tr><td>Lease</td><td>Pakhar 115.13 Ha - Block A</td></tr><tr><td>Latitude</td><td>23.54657430</td></tr><tr><td>Longitude</td><td>84.61751922</td></tr><tr><td>Easting (m)</td><td>256785.811</td></tr><tr><td>Northing (m)</td><td>2606048.387</td></tr><tr><td>Zone / Datum</td><td>UTM 45N / WGS84</td></tr></table>","_styleUrl":"#pillar0"},"id":121},{"type":"Point","coordinates":[84.61721852,23.54621818],"properties":{"name":"A-BP123","description":"<table border=\"1\" cellpadding=\"4\" cellspacing=\"0\" style=\"border-collapse:collapse;font-family:Arial;font-size:12px\"><tr><th align=\"left\">Parameter</th><th align=\"left\">Value</th></tr><tr><td>Pillar</td><td>A-BP123</td></tr><tr><td>Lease</td><td>Pakhar 115.13 Ha - Block A</td></tr><tr><td>Latitude</td><td>23.54621818</td></tr><tr><td>Longitude</td><td>84.61721852</td></tr><tr><td>Easting (m)</td><td>256754.446</td></tr><tr><td>Northing (m)</td><td>2606009.449</td></tr><tr><td>Zone / Datum</td><td>UTM 45N / WGS84</td></tr></table>","_styleUrl":"#pillar0"},"id":122},{"type":"Point","coordinates":[84.61691791,23.54586198],"properties":{"name":"A-BP124","description":"<table border=\"1\" cellpadding=\"4\" cellspacing=\"0\" style=\"border-collapse:collapse;font-family:Arial;font-size:12px\"><tr><th align=\"left\">Parameter</th><th align=\"left\">Value</th></tr><tr><td>Pillar</td><td>A-BP124</td></tr><tr><td>Lease</td><td>Pakhar 115.13 Ha - Block A</td></tr><tr><td>Latitude</td><td>23.54586198</td></tr><tr><td>Longitude</td><td>84.61691791</td></tr><tr><td>Easting (m)</td><td>256723.090</td></tr><tr><td>Northing (m)</td><td>2605970.502</td></tr><tr><td>Zone / Datum</td><td>UTM 45N / WGS84</td></tr></table>","_styleUrl":"#pillar0"},"id":123},{"type":"Point","coordinates":[84.61671901,23.54566201],"properties":{"name":"A-BP125","description":"<table border=\"1\" cellpadding=\"4\" cellspacing=\"0\" style=\"border-collapse:collapse;font-family:Arial;font-size:12px\"><tr><th align=\"left\">Parameter</th><th align=\"left\">Value</th></tr><tr><td>Pillar</td><td>A-BP125</td></tr><tr><td>Lease</td><td>Pakhar 115.13 Ha - Block A</td></tr><tr><td>Latitude</td><td>23.54566201</td></tr><tr><td>Longitude</td><td>84.61671901</td></tr><tr><td>Easting (m)</td><td>256702.409</td></tr><tr><td>Northing (m)</td><td>2605948.689</td></tr><tr><td>Zone / Datum</td><td>UTM 45N / WGS84</td></tr></table>","_styleUrl":"#pillar0"},"id":124},{"type":"Point","coordinates":[84.61621182,23.54577516],"properties":{"name":"A-BP126","description":"<table border=\"1\" cellpadding=\"4\" cellspacing=\"0\" style=\"border-collapse:collapse;font-family:Arial;font-size:12px\"><tr><th align=\"left\">Parameter</th><th align=\"left\">Value</th></tr><tr><td>Pillar</td><td>A-BP126</td></tr><tr><td>Lease</td><td>Pakhar 115.13 Ha - Block A</td></tr><tr><td>Latitude</td><td>23.54577516</td></tr><tr><td>Longitude</td><td>84.61621182</td></tr><tr><td>Easting (m)</td><td>256650.821</td></tr><tr><td>Northing (m)</td><td>2605962.084</td></tr><tr><td>Zone / Datum</td><td>UTM 45N / WGS84</td></tr></table>","_styleUrl":"#pillar0"},"id":125},{"type":"Point","coordinates":[84.61611296,23.5455403],"properties":{"name":"A-BP127","description":"<table border=\"1\" cellpadding=\"4\" cellspacing=\"0\" style=\"border-collapse:collapse;font-family:Arial;font-size:12px\"><tr><th align=\"left\">Parameter</th><th align=\"left\">Value</th></tr><tr><td>Pillar</td><td>A-BP127</td></tr><tr><td>Lease</td><td>Pakhar 115.13 Ha - Block A</td></tr><tr><td>Latitude</td><td>23.54554030</td></tr><tr><td>Longitude</td><td>84.61611296</td></tr><tr><td>Easting (m)</td><td>256640.292</td></tr><tr><td>Northing (m)</td><td>2605936.236</td></tr><tr><td>Zone / Datum</td><td>UTM 45N / WGS84</td></tr></table>","_styleUrl":"#pillar0"},"id":126},{"type":"Point","coordinates":[84.61602588,23.54554922],"properties":{"name":"A-BP128","description":"<table border=\"1\" cellpadding=\"4\" cellspacing=\"0\" style=\"border-collapse:collapse;font-family:Arial;font-size:12px\"><tr><th align=\"left\">Parameter</th><th align=\"left\">Value</th></tr><tr><td>Pillar</td><td>A-BP128</td></tr><tr><td>Lease</td><td>Pakhar 115.13 Ha - Block A</td></tr><tr><td>Latitude</td><td>23.54554922</td></tr><tr><td>Longitude</td><td>84.61602588</td></tr><tr><td>Easting (m)</td><td>256631.415</td></tr><tr><td>Northing (m)</td><td>2605937.372</td></tr><tr><td>Zone / Datum</td><td>UTM 45N / WGS84</td></tr></table>","_styleUrl":"#pillar0"},"id":127},{"type":"Point","coordinates":[84.61594021,23.54534114],"properties":{"name":"A-BP129","description":"<table border=\"1\" cellpadding=\"4\" cellspacing=\"0\" style=\"border-collapse:collapse;font-family:Arial;font-size:12px\"><tr><th align=\"left\">Parameter</th><th align=\"left\">Value</th></tr><tr><td>Pillar</td><td>A-BP129</td></tr><tr><td>Lease</td><td>Pakhar 115.13 Ha - Block A</td></tr><tr><td>Latitude</td><td>23.54534114</td></tr><tr><td>Longitude</td><td>84.61594021</td></tr><tr><td>Easting (m)</td><td>256622.283</td></tr><tr><td>Northing (m)</td><td>2605914.468</td></tr><tr><td>Zone / Datum</td><td>UTM 45N / WGS84</td></tr></table>","_styleUrl":"#pillar0"},"id":128},{"type":"Point","coordinates":[84.61572321,23.5454707],"properties":{"name":"A-BP130","description":"<table border=\"1\" cellpadding=\"4\" cellspacing=\"0\" style=\"border-collapse:collapse;font-family:Arial;font-size:12px\"><tr><th align=\"left\">Parameter</th><th align=\"left\">Value</th></tr><tr><td>Pillar</td><td>A-BP130</td></tr><tr><td>Lease</td><td>Pakhar 115.13 Ha - Block A</td></tr><tr><td>Latitude</td><td>23.54547070</td></tr><tr><td>Longitude</td><td>84.61572321</td></tr><tr><td>Easting (m)</td><td>256600.360</td></tr><tr><td>Northing (m)</td><td>2605929.188</td></tr><tr><td>Zone / Datum</td><td>UTM 45N / WGS84</td></tr></table>","_styleUrl":"#pillar0"},"id":129},{"type":"Point","coordinates":[84.61572061,23.5456146],"properties":{"name":"A-BP131","description":"<table border=\"1\" cellpadding=\"4\" cellspacing=\"0\" style=\"border-collapse:collapse;font-family:Arial;font-size:12px\"><tr><th align=\"left\">Parameter</th><th align=\"left\">Value</th></tr><tr><td>Pillar</td><td>A-BP131</td></tr><tr><td>Lease</td><td>Pakhar 115.13 Ha - Block A</td></tr><tr><td>Latitude</td><td>23.54561460</td></tr><tr><td>Longitude</td><td>84.61572061</td></tr><tr><td>Easting (m)</td><td>256600.360</td></tr><tr><td>Northing (m)</td><td>2605945.132</td></tr><tr><td>Zone / Datum</td><td>UTM 45N / WGS84</td></tr></table>","_styleUrl":"#pillar0"},"id":130},{"type":"Point","coordinates":[84.6152469,23.54573885],"properties":{"name":"A-BP132","description":"<table border=\"1\" cellpadding=\"4\" cellspacing=\"0\" style=\"border-collapse:collapse;font-family:Arial;font-size:12px\"><tr><th align=\"left\">Parameter</th><th align=\"left\">Value</th></tr><tr><td>Pillar</td><td>A-BP132</td></tr><tr><td>Lease</td><td>Pakhar 115.13 Ha - Block A</td></tr><tr><td>Latitude</td><td>23.54573885</td></tr><tr><td>Longitude</td><td>84.61524690</td></tr><tr><td>Easting (m)</td><td>256552.211</td></tr><tr><td>Northing (m)</td><td>2605959.701</td></tr><tr><td>Zone / Datum</td><td>UTM 45N / WGS84</td></tr></table>","_styleUrl":"#pillar0"},"id":131},{"type":"Point","coordinates":[84.61478871,23.54589772],"properties":{"name":"A-BP133","description":"<table border=\"1\" cellpadding=\"4\" cellspacing=\"0\" style=\"border-collapse:collapse;font-family:Arial;font-size:12px\"><tr><th align=\"left\">Parameter</th><th align=\"left\">Value</th></tr><tr><td>Pillar</td><td>A-BP133</td></tr><tr><td>Lease</td><td>Pakhar 115.13 Ha - Block A</td></tr><tr><td>Latitude</td><td>23.54589772</td></tr><tr><td>Longitude</td><td>84.61478871</td></tr><tr><td>Easting (m)</td><td>256505.711</td></tr><tr><td>Northing (m)</td><td>2605978.078</td></tr><tr><td>Zone / Datum</td><td>UTM 45N / WGS84</td></tr></table>","_styleUrl":"#pillar0"},"id":132},{"type":"Point","coordinates":[84.6145286,23.54598753],"properties":{"name":"A-BP134","description":"<table border=\"1\" cellpadding=\"4\" cellspacing=\"0\" style=\"border-collapse:collapse;font-family:Arial;font-size:12px\"><tr><th align=\"left\">Parameter</th><th align=\"left\">Value</th></tr><tr><td>Pillar</td><td>A-BP134</td></tr><tr><td>Lease</td><td>Pakhar 115.13 Ha - Block A</td></tr><tr><td>Latitude</td><td>23.54598753</td></tr><tr><td>Longitude</td><td>84.61452860</td></tr><tr><td>Easting (m)</td><td>256479.312</td></tr><tr><td>Northing (m)</td><td>2605988.468</td></tr><tr><td>Zone / Datum</td><td>UTM 45N / WGS84</td></tr></table>","_styleUrl":"#pillar0"},"id":133},{"type":"Point","coordinates":[84.61432195,23.54577016],"properties":{"name":"A-BP135","description":"<table border=\"1\" cellpadding=\"4\" cellspacing=\"0\" style=\"border-collapse:collapse;font-family:Arial;font-size:12px\"><tr><th align=\"left\">Parameter</th><th align=\"left\">Value</th></tr><tr><td>Pillar</td><td>A-BP135</td></tr><tr><td>Lease</td><td>Pakhar 115.13 Ha - Block A</td></tr><tr><td>Latitude</td><td>23.54577016</td></tr><tr><td>Longitude</td><td>84.61432195</td></tr><tr><td>Easting (m)</td><td>256457.807</td></tr><tr><td>Northing (m)</td><td>2605964.741</td></tr><tr><td>Zone / Datum</td><td>UTM 45N / WGS84</td></tr></table>","_styleUrl":"#pillar0"},"id":134},{"type":"Point","coordinates":[84.61439011,23.5457184],"properties":{"name":"A-BP136","description":"<table border=\"1\" cellpadding=\"4\" cellspacing=\"0\" style=\"border-collapse:collapse;font-family:Arial;font-size:12px\"><tr><th align=\"left\">Parameter</th><th align=\"left\">Value</th></tr><tr><td>Pillar</td><td>A-BP136</td></tr><tr><td>Lease</td><td>Pakhar 115.13 Ha - Block A</td></tr><tr><td>Latitude</td><td>23.54571840</td></tr><tr><td>Longitude</td><td>84.61439011</td></tr><tr><td>Easting (m)</td><td>256464.673</td></tr><tr><td>Northing (m)</td><td>2605958.892</td></tr><tr><td>Zone / Datum</td><td>UTM 45N / WGS84</td></tr></table>","_styleUrl":"#pillar0"},"id":135},{"type":"Point","coordinates":[84.61452788,23.54569557],"properties":{"name":"A-BP137","description":"<table border=\"1\" cellpadding=\"4\" cellspacing=\"0\" style=\"border-collapse:collapse;font-family:Arial;font-size:12px\"><tr><th align=\"left\">Parameter</th><th align=\"left\">Value</th></tr><tr><td>Pillar</td><td>A-BP137</td></tr><tr><td>Lease</td><td>Pakhar 115.13 Ha - Block A</td></tr><tr><td>Latitude</td><td>23.54569557</td></tr><tr><td>Longitude</td><td>84.61452788</td></tr><tr><td>Easting (m)</td><td>256478.701</td></tr><tr><td>Northing (m)</td><td>2605956.128</td></tr><tr><td>Zone / Datum</td><td>UTM 45N / WGS84</td></tr></table>","_styleUrl":"#pillar0"},"id":136},{"type":"Point","coordinates":[84.61494688,23.54546219],"properties":{"name":"A-BP138","description":"<table border=\"1\" cellpadding=\"4\" cellspacing=\"0\" style=\"border-collapse:collapse;font-family:Arial;font-size:12px\"><tr><th align=\"left\">Parameter</th><th align=\"left\">Value</th></tr><tr><td>Pillar</td><td>A-BP138</td></tr><tr><td>Lease</td><td>Pakhar 115.13 Ha - Block A</td></tr><tr><td>Latitude</td><td>23.54546219</td></tr><tr><td>Longitude</td><td>84.61494688</td></tr><tr><td>Easting (m)</td><td>256521.061</td></tr><tr><td>Northing (m)</td><td>2605929.564</td></tr><tr><td>Zone / Datum</td><td>UTM 45N / WGS84</td></tr></table>","_styleUrl":"#pillar0"},"id":137},{"type":"Point","coordinates":[84.61501829,23.54540039],"properties":{"name":"A-BP139","description":"<table border=\"1\" cellpadding=\"4\" cellspacing=\"0\" style=\"border-collapse:collapse;font-family:Arial;font-size:12px\"><tr><th align=\"left\">Parameter</th><th align=\"left\">Value</th></tr><tr><td>Pillar</td><td>A-BP139</td></tr><tr><td>Lease</td><td>Pakhar 115.13 Ha - Block A</td></tr><tr><td>Latitude</td><td>23.54540039</td></tr><tr><td>Longitude</td><td>84.61501829</td></tr><tr><td>Easting (m)</td><td>256528.240</td></tr><tr><td>Northing (m)</td><td>2605922.597</td></tr><tr><td>Zone / Datum</td><td>UTM 45N / WGS84</td></tr></table>","_styleUrl":"#pillar0"},"id":138},{"type":"Point","coordinates":[84.61499223,23.54535542],"properties":{"name":"A-BP140","description":"<table border=\"1\" cellpadding=\"4\" cellspacing=\"0\" style=\"border-collapse:collapse;font-family:Arial;font-size:12px\"><tr><th align=\"left\">Parameter</th><th align=\"left\">Value</th></tr><tr><td>Pillar</td><td>A-BP140</td></tr><tr><td>Lease</td><td>Pakhar 115.13 Ha - Block A</td></tr><tr><td>Latitude</td><td>23.54535542</td></tr><tr><td>Longitude</td><td>84.61499223</td></tr><tr><td>Easting (m)</td><td>256525.496</td></tr><tr><td>Northing (m)</td><td>2605917.660</td></tr><tr><td>Zone / Datum</td><td>UTM 45N / WGS84</td></tr></table>","_styleUrl":"#pillar0"},"id":139},{"type":"Point","coordinates":[84.61533666,23.54521087],"properties":{"name":"A-BP141","description":"<table border=\"1\" cellpadding=\"4\" cellspacing=\"0\" style=\"border-collapse:collapse;font-family:Arial;font-size:12px\"><tr><th align=\"left\">Parameter</th><th align=\"left\">Value</th></tr><tr><td>Pillar</td><td>A-BP141</td></tr><tr><td>Lease</td><td>Pakhar 115.13 Ha - Block A</td></tr><tr><td>Latitude</td><td>23.54521087</td></tr><tr><td>Longitude</td><td>84.61533666</td></tr><tr><td>Easting (m)</td><td>256560.405</td></tr><tr><td>Northing (m)</td><td>2605901.062</td></tr><tr><td>Zone / Datum</td><td>UTM 45N / WGS84</td></tr></table>","_styleUrl":"#pillar0"},"id":140},{"type":"Point","coordinates":[84.6158261,23.54521925],"properties":{"name":"A-BP142","description":"<table border=\"1\" cellpadding=\"4\" cellspacing=\"0\" style=\"border-collapse:collapse;font-family:Arial;font-size:12px\"><tr><th align=\"left\">Parameter</th><th align=\"left\">Value</th></tr><tr><td>Pillar</td><td>A-BP142</td></tr><tr><td>Lease</td><td>Pakhar 115.13 Ha - Block A</td></tr><tr><td>Latitude</td><td>23.54521925</td></tr><tr><td>Longitude</td><td>84.61582610</td></tr><tr><td>Easting (m)</td><td>256610.405</td></tr><tr><td>Northing (m)</td><td>2605901.159</td></tr><tr><td>Zone / Datum</td><td>UTM 45N / WGS84</td></tr></table>","_styleUrl":"#pillar0"},"id":141},{"type":"Point","coordinates":[84.61594164,23.54521658],"properties":{"name":"A-BP143","description":"<table border=\"1\" cellpadding=\"4\" cellspacing=\"0\" style=\"border-collapse:collapse;font-family:Arial;font-size:12px\"><tr><th align=\"left\">Parameter</th><th align=\"left\">Value</th></tr><tr><td>Pillar</td><td>A-BP143</td></tr><tr><td>Lease</td><td>Pakhar 115.13 Ha - Block A</td></tr><tr><td>Latitude</td><td>23.54521658</td></tr><tr><td>Longitude</td><td>84.61594164</td></tr><tr><td>Easting (m)</td><td>256622.199</td></tr><tr><td>Northing (m)</td><td>2605900.667</td></tr><tr><td>Zone / Datum</td><td>UTM 45N / WGS84</td></tr></table>","_styleUrl":"#pillar0"},"id":142},{"type":"Point","coordinates":[84.61613438,23.54511914],"properties":{"name":"A-BP144","description":"<table border=\"1\" cellpadding=\"4\" cellspacing=\"0\" style=\"border-collapse:collapse;font-family:Arial;font-size:12px\"><tr><th align=\"left\">Parameter</th><th align=\"left\">Value</th></tr><tr><td>Pillar</td><td>A-BP144</td></tr><tr><td>Lease</td><td>Pakhar 115.13 Ha - Block A</td></tr><tr><td>Latitude</td><td>23.54511914</td></tr><tr><td>Longitude</td><td>84.61613438</td></tr><tr><td>Easting (m)</td><td>256641.703</td></tr><tr><td>Northing (m)</td><td>2605889.546</td></tr><tr><td>Zone / Datum</td><td>UTM 45N / WGS84</td></tr></table>","_styleUrl":"#pillar0"},"id":143},{"type":"Point","coordinates":[84.6164349,23.54501136],"properties":{"name":"A-BP145","description":"<table border=\"1\" cellpadding=\"4\" cellspacing=\"0\" style=\"border-collapse:collapse;font-family:Arial;font-size:12px\"><tr><th align=\"left\">Parameter</th><th align=\"left\">Value</th></tr><tr><td>Pillar</td><td>A-BP145</td></tr><tr><td>Lease</td><td>Pakhar 115.13 Ha - Block A</td></tr><tr><td>Latitude</td><td>23.54501136</td></tr><tr><td>Longitude</td><td>84.61643490</td></tr><tr><td>Easting (m)</td><td>256672.196</td></tr><tr><td>Northing (m)</td><td>2605877.096</td></tr><tr><td>Zone / Datum</td><td>UTM 45N / WGS84</td></tr></table>","_styleUrl":"#pillar0"},"id":144},{"type":"Point","coordinates":[84.61641052,23.54489993],"properties":{"name":"A-BP146","description":"<table border=\"1\" cellpadding=\"4\" cellspacing=\"0\" style=\"border-collapse:collapse;font-family:Arial;font-size:12px\"><tr><th align=\"left\">Parameter</th><th align=\"left\">Value</th></tr><tr><td>Pillar</td><td>A-BP146</td></tr><tr><td>Lease</td><td>Pakhar 115.13 Ha - Block A</td></tr><tr><td>Latitude</td><td>23.54489993</td></tr><tr><td>Longitude</td><td>84.61641052</td></tr><tr><td>Easting (m)</td><td>256669.501</td></tr><tr><td>Northing (m)</td><td>2605864.794</td></tr><tr><td>Zone / Datum</td><td>UTM 45N / WGS84</td></tr></table>","_styleUrl":"#pillar0"},"id":145},{"type":"Point","coordinates":[84.61593713,23.54501484],"properties":{"name":"A-BP147","description":"<table border=\"1\" cellpadding=\"4\" cellspacing=\"0\" style=\"border-collapse:collapse;font-family:Arial;font-size:12px\"><tr><th align=\"left\">Parameter</th><th align=\"left\">Value</th></tr><tr><td>Pillar</td><td>A-BP147</td></tr><tr><td>Lease</td><td>Pakhar 115.13 Ha - Block A</td></tr><tr><td>Latitude</td><td>23.54501484</td></tr><tr><td>Longitude</td><td>84.61593713</td></tr><tr><td>Easting (m)</td><td>256621.367</td></tr><tr><td>Northing (m)</td><td>2605878.327</td></tr><tr><td>Zone / Datum</td><td>UTM 45N / WGS84</td></tr></table>","_styleUrl":"#pillar0"},"id":146},{"type":"Point","coordinates":[84.61545174,23.54507337],"properties":{"name":"A-BP148","description":"<table border=\"1\" cellpadding=\"4\" cellspacing=\"0\" style=\"border-collapse:collapse;font-family:Arial;font-size:12px\"><tr><th align=\"left\">Parameter</th><th align=\"left\">Value</th></tr><tr><td>Pillar</td><td>A-BP148</td></tr><tr><td>Lease</td><td>Pakhar 115.13 Ha - Block A</td></tr><tr><td>Latitude</td><td>23.54507337</td></tr><tr><td>Longitude</td><td>84.61545174</td></tr><tr><td>Easting (m)</td><td>256571.904</td></tr><tr><td>Northing (m)</td><td>2605885.635</td></tr><tr><td>Zone / Datum</td><td>UTM 45N / WGS84</td></tr></table>","_styleUrl":"#pillar0"},"id":147},{"type":"Point","coordinates":[84.61528598,23.54509023],"properties":{"name":"A-BP149","description":"<table border=\"1\" cellpadding=\"4\" cellspacing=\"0\" style=\"border-collapse:collapse;font-family:Arial;font-size:12px\"><tr><th align=\"left\">Parameter</th><th align=\"left\">Value</th></tr><tr><td>Pillar</td><td>A-BP149</td></tr><tr><td>Lease</td><td>Pakhar 115.13 Ha - Block A</td></tr><tr><td>Latitude</td><td>23.54509023</td></tr><tr><td>Longitude</td><td>84.61528598</td></tr><tr><td>Easting (m)</td><td>256555.007</td></tr><tr><td>Northing (m)</td><td>2605887.785</td></tr><tr><td>Zone / Datum</td><td>UTM 45N / WGS84</td></tr></table>","_styleUrl":"#pillar0"},"id":148},{"type":"Point","coordinates":[84.61517391,23.54514698],"properties":{"name":"A-BP150","description":"<table border=\"1\" cellpadding=\"4\" cellspacing=\"0\" style=\"border-collapse:collapse;font-family:Arial;font-size:12px\"><tr><th align=\"left\">Parameter</th><th align=\"left\">Value</th></tr><tr><td>Pillar</td><td>A-BP150</td></tr><tr><td>Lease</td><td>Pakhar 115.13 Ha - Block A</td></tr><tr><td>Latitude</td><td>23.54514698</td></tr><tr><td>Longitude</td><td>84.61517391</td></tr><tr><td>Easting (m)</td><td>256543.666</td></tr><tr><td>Northing (m)</td><td>2605894.262</td></tr><tr><td>Zone / Datum</td><td>UTM 45N / WGS84</td></tr></table>","_styleUrl":"#pillar0"},"id":149},{"type":"Point","coordinates":[84.61515214,23.54513770000001],"properties":{"name":"A-BP151","description":"<table border=\"1\" cellpadding=\"4\" cellspacing=\"0\" style=\"border-collapse:collapse;font-family:Arial;font-size:12px\"><tr><th align=\"left\">Parameter</th><th align=\"left\">Value</th></tr><tr><td>Pillar</td><td>A-BP151</td></tr><tr><td>Lease</td><td>Pakhar 115.13 Ha - Block A</td></tr><tr><td>Latitude</td><td>23.54513770</td></tr><tr><td>Longitude</td><td>84.61515214</td></tr><tr><td>Easting (m)</td><td>256541.425</td></tr><tr><td>Northing (m)</td><td>2605893.271</td></tr><tr><td>Zone / Datum</td><td>UTM 45N / WGS84</td></tr></table>","_styleUrl":"#pillar0"},"id":150},{"type":"Point","coordinates":[84.6147154,23.54534156],"properties":{"name":"A-BP152","description":"<table border=\"1\" cellpadding=\"4\" cellspacing=\"0\" style=\"border-collapse:collapse;font-family:Arial;font-size:12px\"><tr><th align=\"left\">Parameter</th><th align=\"left\">Value</th></tr><tr><td>Pillar</td><td>A-BP152</td></tr><tr><td>Lease</td><td>Pakhar 115.13 Ha - Block A</td></tr><tr><td>Latitude</td><td>23.54534156</td></tr><tr><td>Longitude</td><td>84.61471540</td></tr><tr><td>Easting (m)</td><td>256497.199</td></tr><tr><td>Northing (m)</td><td>2605916.595</td></tr><tr><td>Zone / Datum</td><td>UTM 45N / WGS84</td></tr></table>","_styleUrl":"#pillar0"},"id":151},{"type":"Point","coordinates":[84.61464995,23.54537006],"properties":{"name":"A-BP153","description":"<table border=\"1\" cellpadding=\"4\" cellspacing=\"0\" style=\"border-collapse:collapse;font-family:Arial;font-size:12px\"><tr><th align=\"left\">Parameter</th><th align=\"left\">Value</th></tr><tr><td>Pillar</td><td>A-BP153</td></tr><tr><td>Lease</td><td>Pakhar 115.13 Ha - Block A</td></tr><tr><td>Latitude</td><td>23.54537006</td></tr><tr><td>Longitude</td><td>84.61464995</td></tr><tr><td>Easting (m)</td><td>256490.567</td></tr><tr><td>Northing (m)</td><td>2605919.863</td></tr><tr><td>Zone / Datum</td><td>UTM 45N / WGS84</td></tr></table>","_styleUrl":"#pillar0"},"id":152},{"type":"Point","coordinates":[84.61454609,23.5453647],"properties":{"name":"A-BP154","description":"<table border=\"1\" cellpadding=\"4\" cellspacing=\"0\" style=\"border-collapse:collapse;font-family:Arial;font-size:12px\"><tr><th align=\"left\">Parameter</th><th align=\"left\">Value</th></tr><tr><td>Pillar</td><td>A-BP154</td></tr><tr><td>Lease</td><td>Pakhar 115.13 Ha - Block A</td></tr><tr><td>Latitude</td><td>23.54536470</td></tr><tr><td>Longitude</td><td>84.61454609</td></tr><tr><td>Easting (m)</td><td>256479.950</td></tr><tr><td>Northing (m)</td><td>2605919.446</td></tr><tr><td>Zone / Datum</td><td>UTM 45N / WGS84</td></tr></table>","_styleUrl":"#pillar0"},"id":153},{"type":"Point","coordinates":[84.61446685,23.54528261],"properties":{"name":"A-BP155","description":"<table border=\"1\" cellpadding=\"4\" cellspacing=\"0\" style=\"border-collapse:collapse;font-family:Arial;font-size:12px\"><tr><th align=\"left\">Parameter</th><th align=\"left\">Value</th></tr><tr><td>Pillar</td><td>A-BP155</td></tr><tr><td>Lease</td><td>Pakhar 115.13 Ha - Block A</td></tr><tr><td>Latitude</td><td>23.54528261</td></tr><tr><td>Longitude</td><td>84.61446685</td></tr><tr><td>Easting (m)</td><td>256471.707</td></tr><tr><td>Northing (m)</td><td>2605910.487</td></tr><tr><td>Zone / Datum</td><td>UTM 45N / WGS84</td></tr></table>","_styleUrl":"#pillar0"},"id":154},{"type":"Point","coordinates":[84.61491499,23.545101],"properties":{"name":"A-BP156","description":"<table border=\"1\" cellpadding=\"4\" cellspacing=\"0\" style=\"border-collapse:collapse;font-family:Arial;font-size:12px\"><tr><th align=\"left\">Parameter</th><th align=\"left\">Value</th></tr><tr><td>Pillar</td><td>A-BP156</td></tr><tr><td>Lease</td><td>Pakhar 115.13 Ha - Block A</td></tr><tr><td>Latitude</td><td>23.54510100</td></tr><tr><td>Longitude</td><td>84.61491499</td></tr><tr><td>Easting (m)</td><td>256517.139</td></tr><tr><td>Northing (m)</td><td>2605889.608</td></tr><tr><td>Zone / Datum</td><td>UTM 45N / WGS84</td></tr></table>","_styleUrl":"#pillar0"},"id":155},{"type":"Point","coordinates":[84.61503792,23.54503063],"properties":{"name":"A-BP157","description":"<table border=\"1\" cellpadding=\"4\" cellspacing=\"0\" style=\"border-collapse:collapse;font-family:Arial;font-size:12px\"><tr><th align=\"left\">Parameter</th><th align=\"left\">Value</th></tr><tr><td>Pillar</td><td>A-BP157</td></tr><tr><td>Lease</td><td>Pakhar 115.13 Ha - Block A</td></tr><tr><td>Latitude</td><td>23.54503063</td></tr><tr><td>Longitude</td><td>84.61503792</td></tr><tr><td>Easting (m)</td><td>256529.563</td></tr><tr><td>Northing (m)</td><td>2605881.604</td></tr><tr><td>Zone / Datum</td><td>UTM 45N / WGS84</td></tr></table>","_styleUrl":"#pillar0"},"id":156},{"type":"Point","coordinates":[84.61498295,23.54491356],"properties":{"name":"A-BP158","description":"<table border=\"1\" cellpadding=\"4\" cellspacing=\"0\" style=\"border-collapse:collapse;font-family:Arial;font-size:12px\"><tr><th align=\"left\">Parameter</th><th align=\"left\">Value</th></tr><tr><td>Pillar</td><td>A-BP158</td></tr><tr><td>Lease</td><td>Pakhar 115.13 Ha - Block A</td></tr><tr><td>Latitude</td><td>23.54491356</td></tr><tr><td>Longitude</td><td>84.61498295</td></tr><tr><td>Easting (m)</td><td>256523.734</td></tr><tr><td>Northing (m)</td><td>2605868.729</td></tr><tr><td>Zone / Datum</td><td>UTM 45N / WGS84</td></tr></table>","_styleUrl":"#pillar0"},"id":157},{"type":"Point","coordinates":[84.61502115,23.54484039],"properties":{"name":"A-BP159","description":"<table border=\"1\" cellpadding=\"4\" cellspacing=\"0\" style=\"border-collapse:collapse;font-family:Arial;font-size:12px\"><tr><th align=\"left\">Parameter</th><th align=\"left\">Value</th></tr><tr><td>Pillar</td><td>A-BP159</td></tr><tr><td>Lease</td><td>Pakhar 115.13 Ha - Block A</td></tr><tr><td>Latitude</td><td>23.54484039</td></tr><tr><td>Longitude</td><td>84.61502115</td></tr><tr><td>Easting (m)</td><td>256527.500</td></tr><tr><td>Northing (m)</td><td>2605860.559</td></tr><tr><td>Zone / Datum</td><td>UTM 45N / WGS84</td></tr></table>","_styleUrl":"#pillar0"},"id":158},{"type":"Point","coordinates":[84.61510681,23.54479542],"properties":{"name":"A-BP160","description":"<table border=\"1\" cellpadding=\"4\" cellspacing=\"0\" style=\"border-collapse:collapse;font-family:Arial;font-size:12px\"><tr><th align=\"left\">Parameter</th><th align=\"left\">Value</th></tr><tr><td>Pillar</td><td>A-BP160</td></tr><tr><td>Lease</td><td>Pakhar 115.13 Ha - Block A</td></tr><tr><td>Latitude</td><td>23.54479542</td></tr><tr><td>Longitude</td><td>84.61510681</td></tr><tr><td>Easting (m)</td><td>256536.165</td></tr><tr><td>Northing (m)</td><td>2605855.432</td></tr><tr><td>Zone / Datum</td><td>UTM 45N / WGS84</td></tr></table>","_styleUrl":"#pillar0"},"id":159},{"type":"Point","coordinates":[84.61518926,23.54490063],"properties":{"name":"A-BP161","description":"<table border=\"1\" cellpadding=\"4\" cellspacing=\"0\" style=\"border-collapse:collapse;font-family:Arial;font-size:12px\"><tr><th align=\"left\">Parameter</th><th align=\"left\">Value</th></tr><tr><td>Pillar</td><td>A-BP161</td></tr><tr><td>Lease</td><td>Pakhar 115.13 Ha - Block A</td></tr><tr><td>Latitude</td><td>23.54490063</td></tr><tr><td>Longitude</td><td>84.61518926</td></tr><tr><td>Easting (m)</td><td>256544.779</td></tr><tr><td>Northing (m)</td><td>2605866.947</td></tr><tr><td>Zone / Datum</td><td>UTM 45N / WGS84</td></tr></table>","_styleUrl":"#pillar0"},"id":160},{"type":"Point","coordinates":[84.61533095,23.54500385],"properties":{"name":"A-BP162","description":"<table border=\"1\" cellpadding=\"4\" cellspacing=\"0\" style=\"border-collapse:collapse;font-family:Arial;font-size:12px\"><tr><th align=\"left\">Parameter</th><th align=\"left\">Value</th></tr><tr><td>Pillar</td><td>A-BP162</td></tr><tr><td>Lease</td><td>Pakhar 115.13 Ha - Block A</td></tr><tr><td>Latitude</td><td>23.54500385</td></tr><tr><td>Longitude</td><td>84.61533095</td></tr><tr><td>Easting (m)</td><td>256559.440</td></tr><tr><td>Northing (m)</td><td>2605878.140</td></tr><tr><td>Zone / Datum</td><td>UTM 45N / WGS84</td></tr></table>","_styleUrl":"#pillar0"},"id":161},{"type":"Point","coordinates":[84.61552083,23.54495781],"properties":{"name":"A-BP163","description":"<table border=\"1\" cellpadding=\"4\" cellspacing=\"0\" style=\"border-collapse:collapse;font-family:Arial;font-size:12px\"><tr><th align=\"left\">Parameter</th><th align=\"left\">Value</th></tr><tr><td>Pillar</td><td>A-BP163</td></tr><tr><td>Lease</td><td>Pakhar 115.13 Ha - Block A</td></tr><tr><td>Latitude</td><td>23.54495781</td></tr><tr><td>Longitude</td><td>84.61552083</td></tr><tr><td>Easting (m)</td><td>256578.747</td></tr><tr><td>Northing (m)</td><td>2605872.717</td></tr><tr><td>Zone / Datum</td><td>UTM 45N / WGS84</td></tr></table>","_styleUrl":"#pillar0"},"id":162},{"type":"Point","coordinates":[84.61559474,23.54483174],"properties":{"name":"A-BP164","description":"<table border=\"1\" cellpadding=\"4\" cellspacing=\"0\" style=\"border-collapse:collapse;font-family:Arial;font-size:12px\"><tr><th align=\"left\">Parameter</th><th align=\"left\">Value</th></tr><tr><td>Pillar</td><td>A-BP164</td></tr><tr><td>Lease</td><td>Pakhar 115.13 Ha - Block A</td></tr><tr><td>Latitude</td><td>23.54483174</td></tr><tr><td>Longitude</td><td>84.61559474</td></tr><tr><td>Easting (m)</td><td>256586.063</td></tr><tr><td>Northing (m)</td><td>2605858.627</td></tr><tr><td>Zone / Datum</td><td>UTM 45N / WGS84</td></tr></table>","_styleUrl":"#pillar0"},"id":163},{"type":"Point","coordinates":[84.61589988,23.54471832],"properties":{"name":"A-BP165","description":"<table border=\"1\" cellpadding=\"4\" cellspacing=\"0\" style=\"border-collapse:collapse;font-family:Arial;font-size:12px\"><tr><th align=\"left\">Parameter</th><th align=\"left\">Value</th></tr><tr><td>Pillar</td><td>A-BP165</td></tr><tr><td>Lease</td><td>Pakhar 115.13 Ha - Block A</td></tr><tr><td>Latitude</td><td>23.54471832</td></tr><tr><td>Longitude</td><td>84.61589988</td></tr><tr><td>Easting (m)</td><td>256617.017</td></tr><tr><td>Northing (m)</td><td>2605845.544</td></tr><tr><td>Zone / Datum</td><td>UTM 45N / WGS84</td></tr></table>","_styleUrl":"#pillar0"},"id":164},{"type":"Point","coordinates":[84.61607655,23.54472617],"properties":{"name":"A-BP166","description":"<table border=\"1\" cellpadding=\"4\" cellspacing=\"0\" style=\"border-collapse:collapse;font-family:Arial;font-size:12px\"><tr><th align=\"left\">Parameter</th><th align=\"left\">Value</th></tr><tr><td>Pillar</td><td>A-BP166</td></tr><tr><td>Lease</td><td>Pakhar 115.13 Ha - Block A</td></tr><tr><td>Latitude</td><td>23.54472617</td></tr><tr><td>Longitude</td><td>84.61607655</td></tr><tr><td>Easting (m)</td><td>256635.074</td></tr><tr><td>Northing (m)</td><td>2605846.114</td></tr><tr><td>Zone / Datum</td><td>UTM 45N / WGS84</td></tr></table>","_styleUrl":"#pillar0"},"id":165},{"type":"Point","coordinates":[84.61632818,23.54463516],"properties":{"name":"A-BP167","description":"<table border=\"1\" cellpadding=\"4\" cellspacing=\"0\" style=\"border-collapse:collapse;font-family:Arial;font-size:12px\"><tr><th align=\"left\">Parameter</th><th align=\"left\">Value</th></tr><tr><td>Pillar</td><td>A-BP167</td></tr><tr><td>Lease</td><td>Pakhar 115.13 Ha - Block A</td></tr><tr><td>Latitude</td><td>23.54463516</td></tr><tr><td>Longitude</td><td>84.61632818</td></tr><tr><td>Easting (m)</td><td>256660.604</td></tr><tr><td>Northing (m)</td><td>2605835.605</td></tr><tr><td>Zone / Datum</td><td>UTM 45N / WGS84</td></tr></table>","_styleUrl":"#pillar0"},"id":166},{"type":"Point","coordinates":[84.61640599,23.54456306],"properties":{"name":"A-BP168","description":"<table border=\"1\" cellpadding=\"4\" cellspacing=\"0\" style=\"border-collapse:collapse;font-family:Arial;font-size:12px\"><tr><th align=\"left\">Parameter</th><th align=\"left\">Value</th></tr><tr><td>Pillar</td><td>A-BP168</td></tr><tr><td>Lease</td><td>Pakhar 115.13 Ha - Block A</td></tr><tr><td>Latitude</td><td>23.54456306</td></tr><tr><td>Longitude</td><td>84.61640599</td></tr><tr><td>Easting (m)</td><td>256668.418</td></tr><tr><td>Northing (m)</td><td>2605827.486</td></tr><tr><td>Zone / Datum</td><td>UTM 45N / WGS84</td></tr></table>","_styleUrl":"#pillar0"},"id":167},{"type":"Point","coordinates":[84.61655305,23.54452087],"properties":{"name":"A-BP169","description":"<table border=\"1\" cellpadding=\"4\" cellspacing=\"0\" style=\"border-collapse:collapse;font-family:Arial;font-size:12px\"><tr><th align=\"left\">Parameter</th><th align=\"left\">Value</th></tr><tr><td>Pillar</td><td>A-BP169</td></tr><tr><td>Lease</td><td>Pakhar 115.13 Ha - Block A</td></tr><tr><td>Latitude</td><td>23.54452087</td></tr><tr><td>Longitude</td><td>84.61655305</td></tr><tr><td>Easting (m)</td><td>256683.359</td></tr><tr><td>Northing (m)</td><td>2605822.563</td></tr><tr><td>Zone / Datum</td><td>UTM 45N / WGS84</td></tr></table>","_styleUrl":"#pillar0"},"id":168},{"type":"Point","coordinates":[84.61656836,23.54406979000001],"properties":{"name":"A-BP170","description":"<table border=\"1\" cellpadding=\"4\" cellspacing=\"0\" style=\"border-collapse:collapse;font-family:Arial;font-size:12px\"><tr><th align=\"left\">Parameter</th><th align=\"left\">Value</th></tr><tr><td>Pillar</td><td>A-BP170</td></tr><tr><td>Lease</td><td>Pakhar 115.13 Ha - Block A</td></tr><tr><td>Latitude</td><td>23.54406979</td></tr><tr><td>Longitude</td><td>84.61656836</td></tr><tr><td>Easting (m)</td><td>256684.091</td></tr><tr><td>Northing (m)</td><td>2605772.569</td></tr><tr><td>Zone / Datum</td><td>UTM 45N / WGS84</td></tr></table>","_styleUrl":"#pillar0"},"id":169},{"type":"Point","coordinates":[84.61661419,23.54362045],"properties":{"name":"A-BP171","description":"<table border=\"1\" cellpadding=\"4\" cellspacing=\"0\" style=\"border-collapse:collapse;font-family:Arial;font-size:12px\"><tr><th align=\"left\">Parameter</th><th align=\"left\">Value</th></tr><tr><td>Pillar</td><td>A-BP171</td></tr><tr><td>Lease</td><td>Pakhar 115.13 Ha - Block A</td></tr><tr><td>Latitude</td><td>23.54362045</td></tr><tr><td>Longitude</td><td>84.61661419</td></tr><tr><td>Easting (m)</td><td>256687.944</td></tr><tr><td>Northing (m)</td><td>2605722.717</td></tr><tr><td>Zone / Datum</td><td>UTM 45N / WGS84</td></tr></table>","_styleUrl":"#pillar0"},"id":170},{"type":"Point","coordinates":[84.61663941,23.54342481999999],"properties":{"name":"A-BP172","description":"<table border=\"1\" cellpadding=\"4\" cellspacing=\"0\" style=\"border-collapse:collapse;font-family:Arial;font-size:12px\"><tr><th align=\"left\">Parameter</th><th align=\"left\">Value</th></tr><tr><td>Pillar</td><td>A-BP172</td></tr><tr><td>Lease</td><td>Pakhar 115.13 Ha - Block A</td></tr><tr><td>Latitude</td><td>23.54342482</td></tr><tr><td>Longitude</td><td>84.61663941</td></tr><tr><td>Easting (m)</td><td>256690.160</td></tr><tr><td>Northing (m)</td><td>2605701.003</td></tr><tr><td>Zone / Datum</td><td>UTM 45N / WGS84</td></tr></table>","_styleUrl":"#pillar0"},"id":171},{"type":"Point","coordinates":[84.61694567,23.54307274],"properties":{"name":"A-BP173","description":"<table border=\"1\" cellpadding=\"4\" cellspacing=\"0\" style=\"border-collapse:collapse;font-family:Arial;font-size:12px\"><tr><th align=\"left\">Parameter</th><th align=\"left\">Value</th></tr><tr><td>Pillar</td><td>A-BP173</td></tr><tr><td>Lease</td><td>Pakhar 115.13 Ha - Block A</td></tr><tr><td>Latitude</td><td>23.54307274</td></tr><tr><td>Longitude</td><td>84.61694567</td></tr><tr><td>Easting (m)</td><td>256720.789</td></tr><tr><td>Northing (m)</td><td>2605661.482</td></tr><tr><td>Zone / Datum</td><td>UTM 45N / WGS84</td></tr></table>","_styleUrl":"#pillar0"},"id":172},{"type":"Point","coordinates":[84.61720335,23.54275263],"properties":{"name":"A-BP174","description":"<table border=\"1\" cellpadding=\"4\" cellspacing=\"0\" style=\"border-collapse:collapse;font-family:Arial;font-size:12px\"><tr><th align=\"left\">Parameter</th><th align=\"left\">Value</th></tr><tr><td>Pillar</td><td>A-BP174</td></tr><tr><td>Lease</td><td>Pakhar 115.13 Ha - Block A</td></tr><tr><td>Latitude</td><td>23.54275263</td></tr><tr><td>Longitude</td><td>84.61720335</td></tr><tr><td>Easting (m)</td><td>256746.516</td></tr><tr><td>Northing (m)</td><td>2605625.585</td></tr><tr><td>Zone / Datum</td><td>UTM 45N / WGS84</td></tr></table>","_styleUrl":"#pillar0"},"id":173},{"type":"Point","coordinates":[84.61690669,23.54239363],"properties":{"name":"A-BP175","description":"<table border=\"1\" cellpadding=\"4\" cellspacing=\"0\" style=\"border-collapse:collapse;font-family:Arial;font-size:12px\"><tr><th align=\"left\">Parameter</th><th align=\"left\">Value</th></tr><tr><td>Pillar</td><td>A-BP175</td></tr><tr><td>Lease</td><td>Pakhar 115.13 Ha - Block A</td></tr><tr><td>Latitude</td><td>23.54239363</td></tr><tr><td>Longitude</td><td>84.61690669</td></tr><tr><td>Easting (m)</td><td>256715.557</td></tr><tr><td>Northing (m)</td><td>2605586.322</td></tr><tr><td>Zone / Datum</td><td>UTM 45N / WGS84</td></tr></table>","_styleUrl":"#pillar0"},"id":174},{"type":"Point","coordinates":[84.61661224,23.5420331],"properties":{"name":"A-BP176","description":"<table border=\"1\" cellpadding=\"4\" cellspacing=\"0\" style=\"border-collapse:collapse;font-family:Arial;font-size:12px\"><tr><th align=\"left\">Parameter</th><th align=\"left\">Value</th></tr><tr><td>Pillar</td><td>A-BP176</td></tr><tr><td>Lease</td><td>Pakhar 115.13 Ha - Block A</td></tr><tr><td>Latitude</td><td>23.54203310</td></tr><tr><td>Longitude</td><td>84.61661224</td></tr><tr><td>Easting (m)</td><td>256684.822</td></tr><tr><td>Northing (m)</td><td>2605546.884</td></tr><tr><td>Zone / Datum</td><td>UTM 45N / WGS84</td></tr></table>","_styleUrl":"#pillar0"},"id":175},{"type":"Point","coordinates":[84.61632116,23.54167024],"properties":{"name":"A-BP177","description":"<table border=\"1\" cellpadding=\"4\" cellspacing=\"0\" style=\"border-collapse:collapse;font-family:Arial;font-size:12px\"><tr><th align=\"left\">Parameter</th><th align=\"left\">Value</th></tr><tr><td>Pillar</td><td>A-BP177</td></tr><tr><td>Lease</td><td>Pakhar 115.13 Ha - Block A</td></tr><tr><td>Latitude</td><td>23.54167024</td></tr><tr><td>Longitude</td><td>84.61632116</td></tr><tr><td>Easting (m)</td><td>256654.426</td></tr><tr><td>Northing (m)</td><td>2605507.184</td></tr><tr><td>Zone / Datum</td><td>UTM 45N / WGS84</td></tr></table>","_styleUrl":"#pillar0"},"id":176},{"type":"Point","coordinates":[84.6160113,23.54132086],"properties":{"name":"A-BP178","description":"<table border=\"1\" cellpadding=\"4\" cellspacing=\"0\" style=\"border-collapse:collapse;font-family:Arial;font-size:12px\"><tr><th align=\"left\">Parameter</th><th align=\"left\">Value</th></tr><tr><td>Pillar</td><td>A-BP178</td></tr><tr><td>Lease</td><td>Pakhar 115.13 Ha - Block A</td></tr><tr><td>Latitude</td><td>23.54132086</td></tr><tr><td>Longitude</td><td>84.61601130</td></tr><tr><td>Easting (m)</td><td>256622.137</td></tr><tr><td>Northing (m)</td><td>2605469.008</td></tr><tr><td>Zone / Datum</td><td>UTM 45N / WGS84</td></tr></table>","_styleUrl":"#pillar0"},"id":177},{"type":"Point","coordinates":[84.61568582,23.54099196],"properties":{"name":"A-BP179","description":"<table border=\"1\" cellpadding=\"4\" cellspacing=\"0\" style=\"border-collapse:collapse;font-family:Arial;font-size:12px\"><tr><th align=\"left\">Parameter</th><th align=\"left\">Value</th></tr><tr><td>Pillar</td><td>A-BP179</td></tr><tr><td>Lease</td><td>Pakhar 115.13 Ha - Block A</td></tr><tr><td>Latitude</td><td>23.54099196</td></tr><tr><td>Longitude</td><td>84.61568582</td></tr><tr><td>Easting (m)</td><td>256588.290</td></tr><tr><td>Northing (m)</td><td>2605433.127</td></tr><tr><td>Zone / Datum</td><td>UTM 45N / WGS84</td></tr></table>","_styleUrl":"#pillar0"},"id":178},{"type":"Point","coordinates":[84.61552389,23.54082314],"properties":{"name":"A-BP180","description":"<table border=\"1\" cellpadding=\"4\" cellspacing=\"0\" style=\"border-collapse:collapse;font-family:Arial;font-size:12px\"><tr><th align=\"left\">Parameter</th><th align=\"left\">Value</th></tr><tr><td>Pillar</td><td>A-BP180</td></tr><tr><td>Lease</td><td>Pakhar 115.13 Ha - Block A</td></tr><tr><td>Latitude</td><td>23.54082314</td></tr><tr><td>Longitude</td><td>84.61552389</td></tr><tr><td>Easting (m)</td><td>256571.441</td></tr><tr><td>Northing (m)</td><td>2605414.702</td></tr><tr><td>Zone / Datum</td><td>UTM 45N / WGS84</td></tr></table>","_styleUrl":"#pillar0"},"id":179},{"type":"Point","coordinates":[84.61526934,23.54043765],"properties":{"name":"A-BP181","description":"<table border=\"1\" cellpadding=\"4\" cellspacing=\"0\" style=\"border-collapse:collapse;font-family:Arial;font-size:12px\"><tr><th align=\"left\">Parameter</th><th align=\"left\">Value</th></tr><tr><td>Pillar</td><td>A-BP181</td></tr><tr><td>Lease</td><td>Pakhar 115.13 Ha - Block A</td></tr><tr><td>Latitude</td><td>23.54043765</td></tr><tr><td>Longitude</td><td>84.61526934</td></tr><tr><td>Easting (m)</td><td>256544.734</td></tr><tr><td>Northing (m)</td><td>2605372.432</td></tr><tr><td>Zone / Datum</td><td>UTM 45N / WGS84</td></tr></table>","_styleUrl":"#pillar0"},"id":180},{"type":"Point","coordinates":[84.61505756,23.54012554],"properties":{"name":"A-BP182","description":"<table border=\"1\" cellpadding=\"4\" cellspacing=\"0\" style=\"border-collapse:collapse;font-family:Arial;font-size:12px\"><tr><th align=\"left\">Parameter</th><th align=\"left\">Value</th></tr><tr><td>Pillar</td><td>A-BP182</td></tr><tr><td>Lease</td><td>Pakhar 115.13 Ha - Block A</td></tr><tr><td>Latitude</td><td>23.54012554</td></tr><tr><td>Longitude</td><td>84.61505756</td></tr><tr><td>Easting (m)</td><td>256522.530</td></tr><tr><td>Northing (m)</td><td>2605338.218</td></tr><tr><td>Zone / Datum</td><td>UTM 45N / WGS84</td></tr></table>","_styleUrl":"#pillar0"},"id":181},{"type":"Point","coordinates":[84.61462392,23.53991616],"properties":{"name":"A-BP183","description":"<table border=\"1\" cellpadding=\"4\" cellspacing=\"0\" style=\"border-collapse:collapse;font-family:Arial;font-size:12px\"><tr><th align=\"left\">Parameter</th><th align=\"left\">Value</th></tr><tr><td>Pillar</td><td>A-BP183</td></tr><tr><td>Lease</td><td>Pakhar 115.13 Ha - Block A</td></tr><tr><td>Latitude</td><td>23.53991616</td></tr><tr><td>Longitude</td><td>84.61462392</td></tr><tr><td>Easting (m)</td><td>256477.856</td></tr><tr><td>Northing (m)</td><td>2605315.762</td></tr><tr><td>Zone / Datum</td><td>UTM 45N / WGS84</td></tr></table>","_styleUrl":"#pillar0"},"id":182},{"type":"Point","coordinates":[84.61418889,23.53970926],"properties":{"name":"A-BP184","description":"<table border=\"1\" cellpadding=\"4\" cellspacing=\"0\" style=\"border-collapse:collapse;font-family:Arial;font-size:12px\"><tr><th align=\"left\">Parameter</th><th align=\"left\">Value</th></tr><tr><td>Pillar</td><td>A-BP184</td></tr><tr><td>Lease</td><td>Pakhar 115.13 Ha - Block A</td></tr><tr><td>Latitude</td><td>23.53970926</td></tr><tr><td>Longitude</td><td>84.61418889</td></tr><tr><td>Easting (m)</td><td>256433.045</td></tr><tr><td>Northing (m)</td><td>2605293.582</td></tr><tr><td>Zone / Datum</td><td>UTM 45N / WGS84</td></tr></table>","_styleUrl":"#pillar0"},"id":183},{"type":"Point","coordinates":[84.61396015,23.5396011],"properties":{"name":"A-BP185","description":"<table border=\"1\" cellpadding=\"4\" cellspacing=\"0\" style=\"border-collapse:collapse;font-family:Arial;font-size:12px\"><tr><th align=\"left\">Parameter</th><th align=\"left\">Value</th></tr><tr><td>Pillar</td><td>A-BP185</td></tr><tr><td>Lease</td><td>Pakhar 115.13 Ha - Block A</td></tr><tr><td>Latitude</td><td>23.53960110</td></tr><tr><td>Longitude</td><td>84.61396015</td></tr><tr><td>Easting (m)</td><td>256409.485</td></tr><tr><td>Northing (m)</td><td>2605281.990</td></tr><tr><td>Zone / Datum</td><td>UTM 45N / WGS84</td></tr></table>","_styleUrl":"#pillar0"},"id":184},{"type":"Point","coordinates":[84.61358835,23.53930755],"properties":{"name":"A-BP186","description":"<table border=\"1\" cellpadding=\"4\" cellspacing=\"0\" style=\"border-collapse:collapse;font-family:Arial;font-size:12px\"><tr><th align=\"left\">Parameter</th><th align=\"left\">Value</th></tr><tr><td>Pillar</td><td>A-BP186</td></tr><tr><td>Lease</td><td>Pakhar 115.13 Ha - Block A</td></tr><tr><td>Latitude</td><td>23.53930755</td></tr><tr><td>Longitude</td><td>84.61358835</td></tr><tr><td>Easting (m)</td><td>256370.971</td></tr><tr><td>Northing (m)</td><td>2605250.104</td></tr><tr><td>Zone / Datum</td><td>UTM 45N / WGS84</td></tr></table>","_styleUrl":"#pillar0"},"id":185},{"type":"Point","coordinates":[84.61321729,23.53901319],"properties":{"name":"A-BP187","description":"<table border=\"1\" cellpadding=\"4\" cellspacing=\"0\" style=\"border-collapse:collapse;font-family:Arial;font-size:12px\"><tr><th align=\"left\">Parameter</th><th align=\"left\">Value</th></tr><tr><td>Pillar</td><td>A-BP187</td></tr><tr><td>Lease</td><td>Pakhar 115.13 Ha - Block A</td></tr><tr><td>Latitude</td><td>23.53901319</td></tr><tr><td>Longitude</td><td>84.61321729</td></tr><tr><td>Easting (m)</td><td>256332.532</td></tr><tr><td>Northing (m)</td><td>2605218.128</td></tr><tr><td>Zone / Datum</td><td>UTM 45N / WGS84</td></tr></table>","_styleUrl":"#pillar0"},"id":186},{"type":"Point","coordinates":[84.6131597,23.53896531],"properties":{"name":"A-BP188","description":"<table border=\"1\" cellpadding=\"4\" cellspacing=\"0\" style=\"border-collapse:collapse;font-family:Arial;font-size:12px\"><tr><th align=\"left\">Parameter</th><th align=\"left\">Value</th></tr><tr><td>Pillar</td><td>A-BP188</td></tr><tr><td>Lease</td><td>Pakhar 115.13 Ha - Block A</td></tr><tr><td>Latitude</td><td>23.53896531</td></tr><tr><td>Longitude</td><td>84.61315970</td></tr><tr><td>Easting (m)</td><td>256326.562</td></tr><tr><td>Northing (m)</td><td>2605212.922</td></tr><tr><td>Zone / Datum</td><td>UTM 45N / WGS84</td></tr></table>","_styleUrl":"#pillar0"},"id":187}]},"Pakhar 115.13 Ha - Block B - 81 pillars":{"type":"GeometryCollection","geometries":[{"type":"Point","coordinates":[84.60260055,23.54001993],"properties":{"name":"B-BP1","description":"<table border=\"1\" cellpadding=\"4\" cellspacing=\"0\" style=\"border-collapse:collapse;font-family:Arial;font-size:12px\"><tr><th align=\"left\">Parameter</th><th align=\"left\">Value</th></tr><tr><td>Pillar</td><td>B-BP1</td></tr><tr><td>Lease</td><td>Pakhar 115.13 Ha - Block B</td></tr><tr><td>Latitude</td><td>23.54001993</td></tr><tr><td>Longitude</td><td>84.60260055</td></tr><tr><td>Easting (m)</td><td>255250.097</td></tr><tr><td>Northing (m)</td><td>2605347.738</td></tr><tr><td>Zone / Datum</td><td>UTM 45N / WGS84</td></tr></table>","_styleUrl":"#pillar0"},"id":0},{"type":"Point","coordinates":[84.60240262,23.53960716],"properties":{"name":"B-BP2","description":"<table border=\"1\" cellpadding=\"4\" cellspacing=\"0\" style=\"border-collapse:collapse;font-family:Arial;font-size:12px\"><tr><th align=\"left\">Parameter</th><th align=\"left\">Value</th></tr><tr><td>Pillar</td><td>B-BP2</td></tr><tr><td>Lease</td><td>Pakhar 115.13 Ha - Block B</td></tr><tr><td>Latitude</td><td>23.53960716</td></tr><tr><td>Longitude</td><td>84.60240262</td></tr><tr><td>Easting (m)</td><td>255229.118</td></tr><tr><td>Northing (m)</td><td>2605302.352</td></tr><tr><td>Zone / Datum</td><td>UTM 45N / WGS84</td></tr></table>","_styleUrl":"#pillar0"},"id":1},{"type":"Point","coordinates":[84.6022047,23.53919439],"properties":{"name":"B-BP3","description":"<table border=\"1\" cellpadding=\"4\" cellspacing=\"0\" style=\"border-collapse:collapse;font-family:Arial;font-size:12px\"><tr><th align=\"left\">Parameter</th><th align=\"left\">Value</th></tr><tr><td>Pillar</td><td>B-BP3</td></tr><tr><td>Lease</td><td>Pakhar 115.13 Ha - Block B</td></tr><tr><td>Latitude</td><td>23.53919439</td></tr><tr><td>Longitude</td><td>84.60220470</td></tr><tr><td>Easting (m)</td><td>255208.139</td></tr><tr><td>Northing (m)</td><td>2605256.966</td></tr><tr><td>Zone / Datum</td><td>UTM 45N / WGS84</td></tr></table>","_styleUrl":"#pillar0"},"id":2},{"type":"Point","coordinates":[84.60200678,23.53878162000001],"properties":{"name":"B-BP4","description":"<table border=\"1\" cellpadding=\"4\" cellspacing=\"0\" style=\"border-collapse:collapse;font-family:Arial;font-size:12px\"><tr><th align=\"left\">Parameter</th><th align=\"left\">Value</th></tr><tr><td>Pillar</td><td>B-BP4</td></tr><tr><td>Lease</td><td>Pakhar 115.13 Ha - Block B</td></tr><tr><td>Latitude</td><td>23.53878162</td></tr><tr><td>Longitude</td><td>84.60200678</td></tr><tr><td>Easting (m)</td><td>255187.161</td></tr><tr><td>Northing (m)</td><td>2605211.580</td></tr><tr><td>Zone / Datum</td><td>UTM 45N / WGS84</td></tr></table>","_styleUrl":"#pillar0"},"id":3},{"type":"Point","coordinates":[84.60180886,23.53836885],"properties":{"name":"B-BP5","description":"<table border=\"1\" cellpadding=\"4\" cellspacing=\"0\" style=\"border-collapse:collapse;font-family:Arial;font-size:12px\"><tr><th align=\"left\">Parameter</th><th align=\"left\">Value</th></tr><tr><td>Pillar</td><td>B-BP5</td></tr><tr><td>Lease</td><td>Pakhar 115.13 Ha - Block B</td></tr><tr><td>Latitude</td><td>23.53836885</td></tr><tr><td>Longitude</td><td>84.60180886</td></tr><tr><td>Easting (m)</td><td>255166.182</td></tr><tr><td>Northing (m)</td><td>2605166.194</td></tr><tr><td>Zone / Datum</td><td>UTM 45N / WGS84</td></tr></table>","_styleUrl":"#pillar0"},"id":4},{"type":"Point","coordinates":[84.60161094,23.53795608],"properties":{"name":"B-BP6","description":"<table border=\"1\" cellpadding=\"4\" cellspacing=\"0\" style=\"border-collapse:collapse;font-family:Arial;font-size:12px\"><tr><th align=\"left\">Parameter</th><th align=\"left\">Value</th></tr><tr><td>Pillar</td><td>B-BP6</td></tr><tr><td>Lease</td><td>Pakhar 115.13 Ha - Block B</td></tr><tr><td>Latitude</td><td>23.53795608</td></tr><tr><td>Longitude</td><td>84.60161094</td></tr><tr><td>Easting (m)</td><td>255145.203</td></tr><tr><td>Northing (m)</td><td>2605120.808</td></tr><tr><td>Zone / Datum</td><td>UTM 45N / WGS84</td></tr></table>","_styleUrl":"#pillar0"},"id":5},{"type":"Point","coordinates":[84.60161416,23.537853],"properties":{"name":"B-BP7","description":"<table border=\"1\" cellpadding=\"4\" cellspacing=\"0\" style=\"border-collapse:collapse;font-family:Arial;font-size:12px\"><tr><th align=\"left\">Parameter</th><th align=\"left\">Value</th></tr><tr><td>Pillar</td><td>B-BP7</td></tr><tr><td>Lease</td><td>Pakhar 115.13 Ha - Block B</td></tr><tr><td>Latitude</td><td>23.53785300</td></tr><tr><td>Longitude</td><td>84.60161416</td></tr><tr><td>Easting (m)</td><td>255145.341</td></tr><tr><td>Northing (m)</td><td>2605109.384</td></tr><tr><td>Zone / Datum</td><td>UTM 45N / WGS84</td></tr></table>","_styleUrl":"#pillar0"},"id":6},{"type":"Point","coordinates":[84.60162827,23.53740188],"properties":{"name":"B-BP8","description":"<table border=\"1\" cellpadding=\"4\" cellspacing=\"0\" style=\"border-collapse:collapse;font-family:Arial;font-size:12px\"><tr><th align=\"left\">Parameter</th><th align=\"left\">Value</th></tr><tr><td>Pillar</td><td>B-BP8</td></tr><tr><td>Lease</td><td>Pakhar 115.13 Ha - Block B</td></tr><tr><td>Latitude</td><td>23.53740188</td></tr><tr><td>Longitude</td><td>84.60162827</td></tr><tr><td>Easting (m)</td><td>255145.946</td></tr><tr><td>Northing (m)</td><td>2605059.387</td></tr><tr><td>Zone / Datum</td><td>UTM 45N / WGS84</td></tr></table>","_styleUrl":"#pillar0"},"id":7},{"type":"Point","coordinates":[84.60164238,23.53695076],"properties":{"name":"B-BP9","description":"<table border=\"1\" cellpadding=\"4\" cellspacing=\"0\" style=\"border-collapse:collapse;font-family:Arial;font-size:12px\"><tr><th align=\"left\">Parameter</th><th align=\"left\">Value</th></tr><tr><td>Pillar</td><td>B-BP9</td></tr><tr><td>Lease</td><td>Pakhar 115.13 Ha - Block B</td></tr><tr><td>Latitude</td><td>23.53695076</td></tr><tr><td>Longitude</td><td>84.60164238</td></tr><tr><td>Easting (m)</td><td>255146.552</td></tr><tr><td>Northing (m)</td><td>2605009.391</td></tr><tr><td>Zone / Datum</td><td>UTM 45N / WGS84</td></tr></table>","_styleUrl":"#pillar0"},"id":8},{"type":"Point","coordinates":[84.60165649,23.53649964],"properties":{"name":"B-BP10","description":"<table border=\"1\" cellpadding=\"4\" cellspacing=\"0\" style=\"border-collapse:collapse;font-family:Arial;font-size:12px\"><tr><th align=\"left\">Parameter</th><th align=\"left\">Value</th></tr><tr><td>Pillar</td><td>B-BP10</td></tr><tr><td>Lease</td><td>Pakhar 115.13 Ha - Block B</td></tr><tr><td>Latitude</td><td>23.53649964</td></tr><tr><td>Longitude</td><td>84.60165649</td></tr><tr><td>Easting (m)</td><td>255147.157</td></tr><tr><td>Northing (m)</td><td>2604959.395</td></tr><tr><td>Zone / Datum</td><td>UTM 45N / WGS84</td></tr></table>","_styleUrl":"#pillar0"},"id":9},{"type":"Point","coordinates":[84.6016706,23.53604852],"properties":{"name":"B-BP11","description":"<table border=\"1\" cellpadding=\"4\" cellspacing=\"0\" style=\"border-collapse:collapse;font-family:Arial;font-size:12px\"><tr><th align=\"left\">Parameter</th><th align=\"left\">Value</th></tr><tr><td>Pillar</td><td>B-BP11</td></tr><tr><td>Lease</td><td>Pakhar 115.13 Ha - Block B</td></tr><tr><td>Latitude</td><td>23.53604852</td></tr><tr><td>Longitude</td><td>84.60167060</td></tr><tr><td>Easting (m)</td><td>255147.762</td></tr><tr><td>Northing (m)</td><td>2604909.398</td></tr><tr><td>Zone / Datum</td><td>UTM 45N / WGS84</td></tr></table>","_styleUrl":"#pillar0"},"id":10},{"type":"Point","coordinates":[84.6016847,23.5355974],"properties":{"name":"B-BP12","description":"<table border=\"1\" cellpadding=\"4\" cellspacing=\"0\" style=\"border-collapse:collapse;font-family:Arial;font-size:12px\"><tr><th align=\"left\">Parameter</th><th align=\"left\">Value</th></tr><tr><td>Pillar</td><td>B-BP12</td></tr><tr><td>Lease</td><td>Pakhar 115.13 Ha - Block B</td></tr><tr><td>Latitude</td><td>23.53559740</td></tr><tr><td>Longitude</td><td>84.60168470</td></tr><tr><td>Easting (m)</td><td>255148.367</td></tr><tr><td>Northing (m)</td><td>2604859.402</td></tr><tr><td>Zone / Datum</td><td>UTM 45N / WGS84</td></tr></table>","_styleUrl":"#pillar0"},"id":11},{"type":"Point","coordinates":[84.6013545,23.53586069],"properties":{"name":"B-BP13","description":"<table border=\"1\" cellpadding=\"4\" cellspacing=\"0\" style=\"border-collapse:collapse;font-family:Arial;font-size:12px\"><tr><th align=\"left\">Parameter</th><th align=\"left\">Value</th></tr><tr><td>Pillar</td><td>B-BP13</td></tr><tr><td>Lease</td><td>Pakhar 115.13 Ha - Block B</td></tr><tr><td>Latitude</td><td>23.53586069</td></tr><tr><td>Longitude</td><td>84.60135450</td></tr><tr><td>Easting (m)</td><td>255115.130</td></tr><tr><td>Northing (m)</td><td>2604889.132</td></tr><tr><td>Zone / Datum</td><td>UTM 45N / WGS84</td></tr></table>","_styleUrl":"#pillar0"},"id":12},{"type":"Point","coordinates":[84.60098426,23.5361559],"properties":{"name":"B-BP14","description":"<table border=\"1\" cellpadding=\"4\" cellspacing=\"0\" style=\"border-collapse:collapse;font-family:Arial;font-size:12px\"><tr><th align=\"left\">Parameter</th><th align=\"left\">Value</th></tr><tr><td>Pillar</td><td>B-BP14</td></tr><tr><td>Lease</td><td>Pakhar 115.13 Ha - Block B</td></tr><tr><td>Latitude</td><td>23.53615590</td></tr><tr><td>Longitude</td><td>84.60098426</td></tr><tr><td>Easting (m)</td><td>255077.863</td></tr><tr><td>Northing (m)</td><td>2604922.466</td></tr><tr><td>Zone / Datum</td><td>UTM 45N / WGS84</td></tr></table>","_styleUrl":"#pillar0"},"id":13},{"type":"Point","coordinates":[84.60061402,23.53645111],"properties":{"name":"B-BP15","description":"<table border=\"1\" cellpadding=\"4\" cellspacing=\"0\" style=\"border-collapse:collapse;font-family:Arial;font-size:12px\"><tr><th align=\"left\">Parameter</th><th align=\"left\">Value</th></tr><tr><td>Pillar</td><td>B-BP15</td></tr><tr><td>Lease</td><td>Pakhar 115.13 Ha - Block B</td></tr><tr><td>Latitude</td><td>23.53645111</td></tr><tr><td>Longitude</td><td>84.60061402</td></tr><tr><td>Easting (m)</td><td>255040.596</td></tr><tr><td>Northing (m)</td><td>2604955.800</td></tr><tr><td>Zone / Datum</td><td>UTM 45N / WGS84</td></tr></table>","_styleUrl":"#pillar0"},"id":14},{"type":"Point","coordinates":[84.60024378,23.53674633],"properties":{"name":"B-BP16","description":"<table border=\"1\" cellpadding=\"4\" cellspacing=\"0\" style=\"border-collapse:collapse;font-family:Arial;font-size:12px\"><tr><th align=\"left\">Parameter</th><th align=\"left\">Value</th></tr><tr><td>Pillar</td><td>B-BP16</td></tr><tr><td>Lease</td><td>Pakhar 115.13 Ha - Block B</td></tr><tr><td>Latitude</td><td>23.53674633</td></tr><tr><td>Longitude</td><td>84.60024378</td></tr><tr><td>Easting (m)</td><td>255003.329</td></tr><tr><td>Northing (m)</td><td>2604989.135</td></tr><tr><td>Zone / Datum</td><td>UTM 45N / WGS84</td></tr></table>","_styleUrl":"#pillar0"},"id":15},{"type":"Point","coordinates":[84.60011688,23.53672342],"properties":{"name":"B-BP17","description":"<table border=\"1\" cellpadding=\"4\" cellspacing=\"0\" style=\"border-collapse:collapse;font-family:Arial;font-size:12px\"><tr><th align=\"left\">Parameter</th><th align=\"left\">Value</th></tr><tr><td>Pillar</td><td>B-BP17</td></tr><tr><td>Lease</td><td>Pakhar 115.13 Ha - Block B</td></tr><tr><td>Latitude</td><td>23.53672342</td></tr><tr><td>Longitude</td><td>84.60011688</td></tr><tr><td>Easting (m)</td><td>254990.326</td></tr><tr><td>Northing (m)</td><td>2604986.814</td></tr><tr><td>Zone / Datum</td><td>UTM 45N / WGS84</td></tr></table>","_styleUrl":"#pillar0"},"id":16},{"type":"Point","coordinates":[84.599634,23.53663668],"properties":{"name":"B-BP18","description":"<table border=\"1\" cellpadding=\"4\" cellspacing=\"0\" style=\"border-collapse:collapse;font-family:Arial;font-size:12px\"><tr><th align=\"left\">Parameter</th><th align=\"left\">Value</th></tr><tr><td>Pillar</td><td>B-BP18</td></tr><tr><td>Lease</td><td>Pakhar 115.13 Ha - Block B</td></tr><tr><td>Latitude</td><td>23.53663668</td></tr><tr><td>Longitude</td><td>84.59963400</td></tr><tr><td>Easting (m)</td><td>254940.847</td></tr><tr><td>Northing (m)</td><td>2604978.031</td></tr><tr><td>Zone / Datum</td><td>UTM 45N / WGS84</td></tr></table>","_styleUrl":"#pillar0"},"id":17},{"type":"Point","coordinates":[84.59962656,23.53670477],"properties":{"name":"B-BP19","description":"<table border=\"1\" cellpadding=\"4\" cellspacing=\"0\" style=\"border-collapse:collapse;font-family:Arial;font-size:12px\"><tr><th align=\"left\">Parameter</th><th align=\"left\">Value</th></tr><tr><td>Pillar</td><td>B-BP19</td></tr><tr><td>Lease</td><td>Pakhar 115.13 Ha - Block B</td></tr><tr><td>Latitude</td><td>23.53670477</td></tr><tr><td>Longitude</td><td>84.59962656</td></tr><tr><td>Easting (m)</td><td>254940.214</td></tr><tr><td>Northing (m)</td><td>2604985.587</td></tr><tr><td>Zone / Datum</td><td>UTM 45N / WGS84</td></tr></table>","_styleUrl":"#pillar0"},"id":18},{"type":"Point","coordinates":[84.59957753,23.53715381],"properties":{"name":"B-BP20","description":"<table border=\"1\" cellpadding=\"4\" cellspacing=\"0\" style=\"border-collapse:collapse;font-family:Arial;font-size:12px\"><tr><th align=\"left\">Parameter</th><th align=\"left\">Value</th></tr><tr><td>Pillar</td><td>B-BP20</td></tr><tr><td>Lease</td><td>Pakhar 115.13 Ha - Block B</td></tr><tr><td>Latitude</td><td>23.53715381</td></tr><tr><td>Longitude</td><td>84.59957753</td></tr><tr><td>Easting (m)</td><td>254936.039</td></tr><tr><td>Northing (m)</td><td>2605035.412</td></tr><tr><td>Zone / Datum</td><td>UTM 45N / WGS84</td></tr></table>","_styleUrl":"#pillar0"},"id":19},{"type":"Point","coordinates":[84.59927571,23.53733347],"properties":{"name":"B-BP21","description":"<table border=\"1\" cellpadding=\"4\" cellspacing=\"0\" style=\"border-collapse:collapse;font-family:Arial;font-size:12px\"><tr><th align=\"left\">Parameter</th><th align=\"left\">Value</th></tr><tr><td>Pillar</td><td>B-BP21</td></tr><tr><td>Lease</td><td>Pakhar 115.13 Ha - Block B</td></tr><tr><td>Latitude</td><td>23.53733347</td></tr><tr><td>Longitude</td><td>84.59927571</td></tr><tr><td>Easting (m)</td><td>254905.546</td></tr><tr><td>Northing (m)</td><td>2605055.830</td></tr><tr><td>Zone / Datum</td><td>UTM 45N / WGS84</td></tr></table>","_styleUrl":"#pillar0"},"id":20},{"type":"Point","coordinates":[84.59886447,23.53757823999999],"properties":{"name":"B-BP22","description":"<table border=\"1\" cellpadding=\"4\" cellspacing=\"0\" style=\"border-collapse:collapse;font-family:Arial;font-size:12px\"><tr><th align=\"left\">Parameter</th><th align=\"left\">Value</th></tr><tr><td>Pillar</td><td>B-BP22</td></tr><tr><td>Lease</td><td>Pakhar 115.13 Ha - Block B</td></tr><tr><td>Latitude</td><td>23.53757824</td></tr><tr><td>Longitude</td><td>84.59886447</td></tr><tr><td>Easting (m)</td><td>254863.999</td></tr><tr><td>Northing (m)</td><td>2605083.648</td></tr><tr><td>Zone / Datum</td><td>UTM 45N / WGS84</td></tr></table>","_styleUrl":"#pillar0"},"id":21},{"type":"Point","coordinates":[84.59845324,23.53782302999999],"properties":{"name":"B-BP23","description":"<table border=\"1\" cellpadding=\"4\" cellspacing=\"0\" style=\"border-collapse:collapse;font-family:Arial;font-size:12px\"><tr><th align=\"left\">Parameter</th><th align=\"left\">Value</th></tr><tr><td>Pillar</td><td>B-BP23</td></tr><tr><td>Lease</td><td>Pakhar 115.13 Ha - Block B</td></tr><tr><td>Latitude</td><td>23.53782303</td></tr><tr><td>Longitude</td><td>84.59845324</td></tr><tr><td>Easting (m)</td><td>254822.453</td></tr><tr><td>Northing (m)</td><td>2605111.467</td></tr><tr><td>Zone / Datum</td><td>UTM 45N / WGS84</td></tr></table>","_styleUrl":"#pillar0"},"id":22},{"type":"Point","coordinates":[84.59826678,23.53761661],"properties":{"name":"B-BP24","description":"<table border=\"1\" cellpadding=\"4\" cellspacing=\"0\" style=\"border-collapse:collapse;font-family:Arial;font-size:12px\"><tr><th align=\"left\">Parameter</th><th align=\"left\">Value</th></tr><tr><td>Pillar</td><td>B-BP24</td></tr><tr><td>Lease</td><td>Pakhar 115.13 Ha - Block B</td></tr><tr><td>Latitude</td><td>23.53761661</td></tr><tr><td>Longitude</td><td>84.59826678</td></tr><tr><td>Easting (m)</td><td>254803.027</td></tr><tr><td>Northing (m)</td><td>2605088.920</td></tr><tr><td>Zone / Datum</td><td>UTM 45N / WGS84</td></tr></table>","_styleUrl":"#pillar0"},"id":23},{"type":"Point","coordinates":[84.59795355,23.5372698],"properties":{"name":"B-BP25","description":"<table border=\"1\" cellpadding=\"4\" cellspacing=\"0\" style=\"border-collapse:collapse;font-family:Arial;font-size:12px\"><tr><th align=\"left\">Parameter</th><th align=\"left\">Value</th></tr><tr><td>Pillar</td><td>B-BP25</td></tr><tr><td>Lease</td><td>Pakhar 115.13 Ha - Block B</td></tr><tr><td>Latitude</td><td>23.53726980</td></tr><tr><td>Longitude</td><td>84.59795355</td></tr><tr><td>Easting (m)</td><td>254770.392</td></tr><tr><td>Northing (m)</td><td>2605051.039</td></tr><tr><td>Zone / Datum</td><td>UTM 45N / WGS84</td></tr></table>","_styleUrl":"#pillar0"},"id":24},{"type":"Point","coordinates":[84.5977408,23.53735926],"properties":{"name":"B-BP26","description":"<table border=\"1\" cellpadding=\"4\" cellspacing=\"0\" style=\"border-collapse:collapse;font-family:Arial;font-size:12px\"><tr><th align=\"left\">Parameter</th><th align=\"left\">Value</th></tr><tr><td>Pillar</td><td>B-BP26</td></tr><tr><td>Lease</td><td>Pakhar 115.13 Ha - Block B</td></tr><tr><td>Latitude</td><td>23.53735926</td></tr><tr><td>Longitude</td><td>84.59774080</td></tr><tr><td>Easting (m)</td><td>254748.829</td></tr><tr><td>Northing (m)</td><td>2605061.313</td></tr><tr><td>Zone / Datum</td><td>UTM 45N / WGS84</td></tr></table>","_styleUrl":"#pillar0"},"id":25},{"type":"Point","coordinates":[84.59729543,23.53754654],"properties":{"name":"B-BP27","description":"<table border=\"1\" cellpadding=\"4\" cellspacing=\"0\" style=\"border-collapse:collapse;font-family:Arial;font-size:12px\"><tr><th align=\"left\">Parameter</th><th align=\"left\">Value</th></tr><tr><td>Pillar</td><td>B-BP27</td></tr><tr><td>Lease</td><td>Pakhar 115.13 Ha - Block B</td></tr><tr><td>Latitude</td><td>23.53754654</td></tr><tr><td>Longitude</td><td>84.59729543</td></tr><tr><td>Easting (m)</td><td>254703.690</td></tr><tr><td>Northing (m)</td><td>2605082.820</td></tr><tr><td>Zone / Datum</td><td>UTM 45N / WGS84</td></tr></table>","_styleUrl":"#pillar0"},"id":26},{"type":"Point","coordinates":[84.59685007,23.5377338],"properties":{"name":"B-BP28","description":"<table border=\"1\" cellpadding=\"4\" cellspacing=\"0\" style=\"border-collapse:collapse;font-family:Arial;font-size:12px\"><tr><th align=\"left\">Parameter</th><th align=\"left\">Value</th></tr><tr><td>Pillar</td><td>B-BP28</td></tr><tr><td>Lease</td><td>Pakhar 115.13 Ha - Block B</td></tr><tr><td>Latitude</td><td>23.53773380</td></tr><tr><td>Longitude</td><td>84.59685007</td></tr><tr><td>Easting (m)</td><td>254658.552</td></tr><tr><td>Northing (m)</td><td>2605104.326</td></tr><tr><td>Zone / Datum</td><td>UTM 45N / WGS84</td></tr></table>","_styleUrl":"#pillar0"},"id":27},{"type":"Point","coordinates":[84.59679228,23.53804733],"properties":{"name":"B-BP29","description":"<table border=\"1\" cellpadding=\"4\" cellspacing=\"0\" style=\"border-collapse:collapse;font-family:Arial;font-size:12px\"><tr><th align=\"left\">Parameter</th><th align=\"left\">Value</th></tr><tr><td>Pillar</td><td>B-BP29</td></tr><tr><td>Lease</td><td>Pakhar 115.13 Ha - Block B</td></tr><tr><td>Latitude</td><td>23.53804733</td></tr><tr><td>Longitude</td><td>84.59679228</td></tr><tr><td>Easting (m)</td><td>254653.232</td></tr><tr><td>Northing (m)</td><td>2605139.156</td></tr><tr><td>Zone / Datum</td><td>UTM 45N / WGS84</td></tr></table>","_styleUrl":"#pillar0"},"id":28},{"type":"Point","coordinates":[84.59671028,23.53849225],"properties":{"name":"B-BP30","description":"<table border=\"1\" cellpadding=\"4\" cellspacing=\"0\" style=\"border-collapse:collapse;font-family:Arial;font-size:12px\"><tr><th align=\"left\">Parameter</th><th align=\"left\">Value</th></tr><tr><td>Pillar</td><td>B-BP30</td></tr><tr><td>Lease</td><td>Pakhar 115.13 Ha - Block B</td></tr><tr><td>Latitude</td><td>23.53849225</td></tr><tr><td>Longitude</td><td>84.59671028</td></tr><tr><td>Easting (m)</td><td>254645.683</td></tr><tr><td>Northing (m)</td><td>2605188.582</td></tr><tr><td>Zone / Datum</td><td>UTM 45N / WGS84</td></tr></table>","_styleUrl":"#pillar0"},"id":29},{"type":"Point","coordinates":[84.59655595,23.5388166],"properties":{"name":"B-BP31","description":"<table border=\"1\" cellpadding=\"4\" cellspacing=\"0\" style=\"border-collapse:collapse;font-family:Arial;font-size:12px\"><tr><th align=\"left\">Parameter</th><th align=\"left\">Value</th></tr><tr><td>Pillar</td><td>B-BP31</td></tr><tr><td>Lease</td><td>Pakhar 115.13 Ha - Block B</td></tr><tr><td>Latitude</td><td>23.53881660</td></tr><tr><td>Longitude</td><td>84.59655595</td></tr><tr><td>Easting (m)</td><td>254630.523</td></tr><tr><td>Northing (m)</td><td>2605224.776</td></tr><tr><td>Zone / Datum</td><td>UTM 45N / WGS84</td></tr></table>","_styleUrl":"#pillar0"},"id":30},{"type":"Point","coordinates":[84.59636276,23.53922994],"properties":{"name":"B-BP32","description":"<table border=\"1\" cellpadding=\"4\" cellspacing=\"0\" style=\"border-collapse:collapse;font-family:Arial;font-size:12px\"><tr><th align=\"left\">Parameter</th><th align=\"left\">Value</th></tr><tr><td>Pillar</td><td>B-BP32</td></tr><tr><td>Lease</td><td>Pakhar 115.13 Ha - Block B</td></tr><tr><td>Latitude</td><td>23.53922994</td></tr><tr><td>Longitude</td><td>84.59636276</td></tr><tr><td>Easting (m)</td><td>254611.560</td></tr><tr><td>Northing (m)</td><td>2605270.894</td></tr><tr><td>Zone / Datum</td><td>UTM 45N / WGS84</td></tr></table>","_styleUrl":"#pillar0"},"id":31},{"type":"Point","coordinates":[84.59636198,23.53927312],"properties":{"name":"B-BP33","description":"<table border=\"1\" cellpadding=\"4\" cellspacing=\"0\" style=\"border-collapse:collapse;font-family:Arial;font-size:12px\"><tr><th align=\"left\">Parameter</th><th align=\"left\">Value</th></tr><tr><td>Pillar</td><td>B-BP33</td></tr><tr><td>Lease</td><td>Pakhar 115.13 Ha - Block B</td></tr><tr><td>Latitude</td><td>23.53927312</td></tr><tr><td>Longitude</td><td>84.59636198</td></tr><tr><td>Easting (m)</td><td>254611.560</td></tr><tr><td>Northing (m)</td><td>2605275.679</td></tr><tr><td>Zone / Datum</td><td>UTM 45N / WGS84</td></tr></table>","_styleUrl":"#pillar0"},"id":32},{"type":"Point","coordinates":[84.59638985,23.53972369],"properties":{"name":"B-BP34","description":"<table border=\"1\" cellpadding=\"4\" cellspacing=\"0\" style=\"border-collapse:collapse;font-family:Arial;font-size:12px\"><tr><th align=\"left\">Parameter</th><th align=\"left\">Value</th></tr><tr><td>Pillar</td><td>B-BP34</td></tr><tr><td>Lease</td><td>Pakhar 115.13 Ha - Block B</td></tr><tr><td>Latitude</td><td>23.53972369</td></tr><tr><td>Longitude</td><td>84.59638985</td></tr><tr><td>Easting (m)</td><td>254615.243</td></tr><tr><td>Northing (m)</td><td>2605325.543</td></tr><tr><td>Zone / Datum</td><td>UTM 45N / WGS84</td></tr></table>","_styleUrl":"#pillar0"},"id":33},{"type":"Point","coordinates":[84.5964177,23.54017427],"properties":{"name":"B-BP35","description":"<table border=\"1\" cellpadding=\"4\" cellspacing=\"0\" style=\"border-collapse:collapse;font-family:Arial;font-size:12px\"><tr><th align=\"left\">Parameter</th><th align=\"left\">Value</th></tr><tr><td>Pillar</td><td>B-BP35</td></tr><tr><td>Lease</td><td>Pakhar 115.13 Ha - Block B</td></tr><tr><td>Latitude</td><td>23.54017427</td></tr><tr><td>Longitude</td><td>84.59641770</td></tr><tr><td>Easting (m)</td><td>254618.925</td></tr><tr><td>Northing (m)</td><td>2605375.407</td></tr><tr><td>Zone / Datum</td><td>UTM 45N / WGS84</td></tr></table>","_styleUrl":"#pillar0"},"id":34},{"type":"Point","coordinates":[84.59644556,23.54062485],"properties":{"name":"B-BP36","description":"<table border=\"1\" cellpadding=\"4\" cellspacing=\"0\" style=\"border-collapse:collapse;font-family:Arial;font-size:12px\"><tr><th align=\"left\">Parameter</th><th align=\"left\">Value</th></tr><tr><td>Pillar</td><td>B-BP36</td></tr><tr><td>Lease</td><td>Pakhar 115.13 Ha - Block B</td></tr><tr><td>Latitude</td><td>23.54062485</td></tr><tr><td>Longitude</td><td>84.59644556</td></tr><tr><td>Easting (m)</td><td>254622.607</td></tr><tr><td>Northing (m)</td><td>2605425.272</td></tr><tr><td>Zone / Datum</td><td>UTM 45N / WGS84</td></tr></table>","_styleUrl":"#pillar0"},"id":35},{"type":"Point","coordinates":[84.59643078,23.54079334],"properties":{"name":"B-BP37","description":"<table border=\"1\" cellpadding=\"4\" cellspacing=\"0\" style=\"border-collapse:collapse;font-family:Arial;font-size:12px\"><tr><th align=\"left\">Parameter</th><th align=\"left\">Value</th></tr><tr><td>Pillar</td><td>B-BP37</td></tr><tr><td>Lease</td><td>Pakhar 115.13 Ha - Block B</td></tr><tr><td>Latitude</td><td>23.54079334</td></tr><tr><td>Longitude</td><td>84.59643078</td></tr><tr><td>Easting (m)</td><td>254621.410</td></tr><tr><td>Northing (m)</td><td>2605443.962</td></tr><tr><td>Zone / Datum</td><td>UTM 45N / WGS84</td></tr></table>","_styleUrl":"#pillar0"},"id":36},{"type":"Point","coordinates":[84.5963913,23.54124318],"properties":{"name":"B-BP38","description":"<table border=\"1\" cellpadding=\"4\" cellspacing=\"0\" style=\"border-collapse:collapse;font-family:Arial;font-size:12px\"><tr><th align=\"left\">Parameter</th><th align=\"left\">Value</th></tr><tr><td>Pillar</td><td>B-BP38</td></tr><tr><td>Lease</td><td>Pakhar 115.13 Ha - Block B</td></tr><tr><td>Latitude</td><td>23.54124318</td></tr><tr><td>Longitude</td><td>84.59639130</td></tr><tr><td>Easting (m)</td><td>254618.213</td></tr><tr><td>Northing (m)</td><td>2605493.860</td></tr><tr><td>Zone / Datum</td><td>UTM 45N / WGS84</td></tr></table>","_styleUrl":"#pillar0"},"id":37},{"type":"Point","coordinates":[84.59635182,23.54169302],"properties":{"name":"B-BP39","description":"<table border=\"1\" cellpadding=\"4\" cellspacing=\"0\" style=\"border-collapse:collapse;font-family:Arial;font-size:12px\"><tr><th align=\"left\">Parameter</th><th align=\"left\">Value</th></tr><tr><td>Pillar</td><td>B-BP39</td></tr><tr><td>Lease</td><td>Pakhar 115.13 Ha - Block B</td></tr><tr><td>Latitude</td><td>23.54169302</td></tr><tr><td>Longitude</td><td>84.59635182</td></tr><tr><td>Easting (m)</td><td>254615.017</td></tr><tr><td>Northing (m)</td><td>2605543.758</td></tr><tr><td>Zone / Datum</td><td>UTM 45N / WGS84</td></tr></table>","_styleUrl":"#pillar0"},"id":38},{"type":"Point","coordinates":[84.59631234,23.54214284],"properties":{"name":"B-BP40","description":"<table border=\"1\" cellpadding=\"4\" cellspacing=\"0\" style=\"border-collapse:collapse;font-family:Arial;font-size:12px\"><tr><th align=\"left\">Parameter</th><th align=\"left\">Value</th></tr><tr><td>Pillar</td><td>B-BP40</td></tr><tr><td>Lease</td><td>Pakhar 115.13 Ha - Block B</td></tr><tr><td>Latitude</td><td>23.54214284</td></tr><tr><td>Longitude</td><td>84.59631234</td></tr><tr><td>Easting (m)</td><td>254611.820</td></tr><tr><td>Northing (m)</td><td>2605593.655</td></tr><tr><td>Zone / Datum</td><td>UTM 45N / WGS84</td></tr></table>","_styleUrl":"#pillar0"},"id":39},{"type":"Point","coordinates":[84.59627286,23.54259268],"properties":{"name":"B-BP41","description":"<table border=\"1\" cellpadding=\"4\" cellspacing=\"0\" style=\"border-collapse:collapse;font-family:Arial;font-size:12px\"><tr><th align=\"left\">Parameter</th><th align=\"left\">Value</th></tr><tr><td>Pillar</td><td>B-BP41</td></tr><tr><td>Lease</td><td>Pakhar 115.13 Ha - Block B</td></tr><tr><td>Latitude</td><td>23.54259268</td></tr><tr><td>Longitude</td><td>84.59627286</td></tr><tr><td>Easting (m)</td><td>254608.624</td></tr><tr><td>Northing (m)</td><td>2605643.553</td></tr><tr><td>Zone / Datum</td><td>UTM 45N / WGS84</td></tr></table>","_styleUrl":"#pillar0"},"id":40},{"type":"Point","coordinates":[84.59609827,23.54274426],"properties":{"name":"B-BP42","description":"<table border=\"1\" cellpadding=\"4\" cellspacing=\"0\" style=\"border-collapse:collapse;font-family:Arial;font-size:12px\"><tr><th align=\"left\">Parameter</th><th align=\"left\">Value</th></tr><tr><td>Pillar</td><td>B-BP42</td></tr><tr><td>Lease</td><td>Pakhar 115.13 Ha - Block B</td></tr><tr><td>Latitude</td><td>23.54274426</td></tr><tr><td>Longitude</td><td>84.59609827</td></tr><tr><td>Easting (m)</td><td>254591.075</td></tr><tr><td>Northing (m)</td><td>2605660.643</td></tr><tr><td>Zone / Datum</td><td>UTM 45N / WGS84</td></tr></table>","_styleUrl":"#pillar0"},"id":41},{"type":"Point","coordinates":[84.59574189,23.54305365],"properties":{"name":"B-BP43","description":"<table border=\"1\" cellpadding=\"4\" cellspacing=\"0\" style=\"border-collapse:collapse;font-family:Arial;font-size:12px\"><tr><th align=\"left\">Parameter</th><th align=\"left\">Value</th></tr><tr><td>Pillar</td><td>B-BP43</td></tr><tr><td>Lease</td><td>Pakhar 115.13 Ha - Block B</td></tr><tr><td>Latitude</td><td>23.54305365</td></tr><tr><td>Longitude</td><td>84.59574189</td></tr><tr><td>Easting (m)</td><td>254555.253</td></tr><tr><td>Northing (m)</td><td>2605695.526</td></tr><tr><td>Zone / Datum</td><td>UTM 45N / WGS84</td></tr></table>","_styleUrl":"#pillar0"},"id":42},{"type":"Point","coordinates":[84.59538552,23.54336304],"properties":{"name":"B-BP44","description":"<table border=\"1\" cellpadding=\"4\" cellspacing=\"0\" style=\"border-collapse:collapse;font-family:Arial;font-size:12px\"><tr><th align=\"left\">Parameter</th><th align=\"left\">Value</th></tr><tr><td>Pillar</td><td>B-BP44</td></tr><tr><td>Lease</td><td>Pakhar 115.13 Ha - Block B</td></tr><tr><td>Latitude</td><td>23.54336304</td></tr><tr><td>Longitude</td><td>84.59538552</td></tr><tr><td>Easting (m)</td><td>254519.432</td></tr><tr><td>Northing (m)</td><td>2605730.409</td></tr><tr><td>Zone / Datum</td><td>UTM 45N / WGS84</td></tr></table>","_styleUrl":"#pillar0"},"id":43},{"type":"Point","coordinates":[84.59502915,23.54367243],"properties":{"name":"B-BP45","description":"<table border=\"1\" cellpadding=\"4\" cellspacing=\"0\" style=\"border-collapse:collapse;font-family:Arial;font-size:12px\"><tr><th align=\"left\">Parameter</th><th align=\"left\">Value</th></tr><tr><td>Pillar</td><td>B-BP45</td></tr><tr><td>Lease</td><td>Pakhar 115.13 Ha - Block B</td></tr><tr><td>Latitude</td><td>23.54367243</td></tr><tr><td>Longitude</td><td>84.59502915</td></tr><tr><td>Easting (m)</td><td>254483.611</td></tr><tr><td>Northing (m)</td><td>2605765.292</td></tr><tr><td>Zone / Datum</td><td>UTM 45N / WGS84</td></tr></table>","_styleUrl":"#pillar0"},"id":44},{"type":"Point","coordinates":[84.59467276,23.54398182],"properties":{"name":"B-BP46","description":"<table border=\"1\" cellpadding=\"4\" cellspacing=\"0\" style=\"border-collapse:collapse;font-family:Arial;font-size:12px\"><tr><th align=\"left\">Parameter</th><th align=\"left\">Value</th></tr><tr><td>Pillar</td><td>B-BP46</td></tr><tr><td>Lease</td><td>Pakhar 115.13 Ha - Block B</td></tr><tr><td>Latitude</td><td>23.54398182</td></tr><tr><td>Longitude</td><td>84.59467276</td></tr><tr><td>Easting (m)</td><td>254447.789</td></tr><tr><td>Northing (m)</td><td>2605800.175</td></tr><tr><td>Zone / Datum</td><td>UTM 45N / WGS84</td></tr></table>","_styleUrl":"#pillar0"},"id":45},{"type":"Point","coordinates":[84.59431638,23.54429121],"properties":{"name":"B-BP47","description":"<table border=\"1\" cellpadding=\"4\" cellspacing=\"0\" style=\"border-collapse:collapse;font-family:Arial;font-size:12px\"><tr><th align=\"left\">Parameter</th><th align=\"left\">Value</th></tr><tr><td>Pillar</td><td>B-BP47</td></tr><tr><td>Lease</td><td>Pakhar 115.13 Ha - Block B</td></tr><tr><td>Latitude</td><td>23.54429121</td></tr><tr><td>Longitude</td><td>84.59431638</td></tr><tr><td>Easting (m)</td><td>254411.968</td></tr><tr><td>Northing (m)</td><td>2605835.058</td></tr><tr><td>Zone / Datum</td><td>UTM 45N / WGS84</td></tr></table>","_styleUrl":"#pillar0"},"id":46},{"type":"Point","coordinates":[84.59425686,23.54422164],"properties":{"name":"B-BP48","description":"<table border=\"1\" cellpadding=\"4\" cellspacing=\"0\" style=\"border-collapse:collapse;font-family:Arial;font-size:12px\"><tr><th align=\"left\">Parameter</th><th align=\"left\">Value</th></tr><tr><td>Pillar</td><td>B-BP48</td></tr><tr><td>Lease</td><td>Pakhar 115.13 Ha - Block B</td></tr><tr><td>Latitude</td><td>23.54422164</td></tr><tr><td>Longitude</td><td>84.59425686</td></tr><tr><td>Easting (m)</td><td>254405.760</td></tr><tr><td>Northing (m)</td><td>2605827.453</td></tr><tr><td>Zone / Datum</td><td>UTM 45N / WGS84</td></tr></table>","_styleUrl":"#pillar0"},"id":47},{"type":"Point","coordinates":[84.59395373,23.54386728],"properties":{"name":"B-BP49","description":"<table border=\"1\" cellpadding=\"4\" cellspacing=\"0\" style=\"border-collapse:collapse;font-family:Arial;font-size:12px\"><tr><th align=\"left\">Parameter</th><th align=\"left\">Value</th></tr><tr><td>Pillar</td><td>B-BP49</td></tr><tr><td>Lease</td><td>Pakhar 115.13 Ha - Block B</td></tr><tr><td>Latitude</td><td>23.54386728</td></tr><tr><td>Longitude</td><td>84.59395373</td></tr><tr><td>Easting (m)</td><td>254374.143</td></tr><tr><td>Northing (m)</td><td>2605788.719</td></tr><tr><td>Zone / Datum</td><td>UTM 45N / WGS84</td></tr></table>","_styleUrl":"#pillar0"},"id":48},{"type":"Point","coordinates":[84.59372444,23.54426601],"properties":{"name":"B-BP50","description":"<table border=\"1\" cellpadding=\"4\" cellspacing=\"0\" style=\"border-collapse:collapse;font-family:Arial;font-size:12px\"><tr><th align=\"left\">Parameter</th><th align=\"left\">Value</th></tr><tr><td>Pillar</td><td>B-BP50</td></tr><tr><td>Lease</td><td>Pakhar 115.13 Ha - Block B</td></tr><tr><td>Latitude</td><td>23.54426601</td></tr><tr><td>Longitude</td><td>84.59372444</td></tr><tr><td>Easting (m)</td><td>254351.467</td></tr><tr><td>Northing (m)</td><td>2605833.281</td></tr><tr><td>Zone / Datum</td><td>UTM 45N / WGS84</td></tr></table>","_styleUrl":"#pillar0"},"id":49},{"type":"Point","coordinates":[84.59369142,23.54432342],"properties":{"name":"B-BP51","description":"<table border=\"1\" cellpadding=\"4\" cellspacing=\"0\" style=\"border-collapse:collapse;font-family:Arial;font-size:12px\"><tr><th align=\"left\">Parameter</th><th align=\"left\">Value</th></tr><tr><td>Pillar</td><td>B-BP51</td></tr><tr><td>Lease</td><td>Pakhar 115.13 Ha - Block B</td></tr><tr><td>Latitude</td><td>23.54432342</td></tr><tr><td>Longitude</td><td>84.59369142</td></tr><tr><td>Easting (m)</td><td>254348.202</td></tr><tr><td>Northing (m)</td><td>2605839.697</td></tr><tr><td>Zone / Datum</td><td>UTM 45N / WGS84</td></tr></table>","_styleUrl":"#pillar0"},"id":50},{"type":"Point","coordinates":[84.5938343,23.54475507],"properties":{"name":"B-BP52","description":"<table border=\"1\" cellpadding=\"4\" cellspacing=\"0\" style=\"border-collapse:collapse;font-family:Arial;font-size:12px\"><tr><th align=\"left\">Parameter</th><th align=\"left\">Value</th></tr><tr><td>Pillar</td><td>B-BP52</td></tr><tr><td>Lease</td><td>Pakhar 115.13 Ha - Block B</td></tr><tr><td>Latitude</td><td>23.54475507</td></tr><tr><td>Longitude</td><td>84.59383430</td></tr><tr><td>Easting (m)</td><td>254363.597</td></tr><tr><td>Northing (m)</td><td>2605887.268</td></tr><tr><td>Zone / Datum</td><td>UTM 45N / WGS84</td></tr></table>","_styleUrl":"#pillar0"},"id":51},{"type":"Point","coordinates":[84.5939089,23.54497015],"properties":{"name":"B-BP53","description":"<table border=\"1\" cellpadding=\"4\" cellspacing=\"0\" style=\"border-collapse:collapse;font-family:Arial;font-size:12px\"><tr><th align=\"left\">Parameter</th><th align=\"left\">Value</th></tr><tr><td>Pillar</td><td>B-BP53</td></tr><tr><td>Lease</td><td>Pakhar 115.13 Ha - Block B</td></tr><tr><td>Latitude</td><td>23.54497015</td></tr><tr><td>Longitude</td><td>84.59390890</td></tr><tr><td>Easting (m)</td><td>254371.615</td></tr><tr><td>Northing (m)</td><td>2605910.966</td></tr><tr><td>Zone / Datum</td><td>UTM 45N / WGS84</td></tr></table>","_styleUrl":"#pillar0"},"id":52},{"type":"Point","coordinates":[84.59413973,23.54536813],"properties":{"name":"B-BP54","description":"<table border=\"1\" cellpadding=\"4\" cellspacing=\"0\" style=\"border-collapse:collapse;font-family:Arial;font-size:12px\"><tr><th align=\"left\">Parameter</th><th align=\"left\">Value</th></tr><tr><td>Pillar</td><td>B-BP54</td></tr><tr><td>Lease</td><td>Pakhar 115.13 Ha - Block B</td></tr><tr><td>Latitude</td><td>23.54536813</td></tr><tr><td>Longitude</td><td>84.59413973</td></tr><tr><td>Easting (m)</td><td>254395.929</td></tr><tr><td>Northing (m)</td><td>2605954.656</td></tr><tr><td>Zone / Datum</td><td>UTM 45N / WGS84</td></tr></table>","_styleUrl":"#pillar0"},"id":53},{"type":"Point","coordinates":[84.5942796,23.54563031],"properties":{"name":"B-BP55","description":"<table border=\"1\" cellpadding=\"4\" cellspacing=\"0\" style=\"border-collapse:collapse;font-family:Arial;font-size:12px\"><tr><th align=\"left\">Parameter</th><th align=\"left\">Value</th></tr><tr><td>Pillar</td><td>B-BP55</td></tr><tr><td>Lease</td><td>Pakhar 115.13 Ha - Block B</td></tr><tr><td>Latitude</td><td>23.54563031</td></tr><tr><td>Longitude</td><td>84.59427960</td></tr><tr><td>Easting (m)</td><td>254410.701</td></tr><tr><td>Northing (m)</td><td>2605983.459</td></tr><tr><td>Zone / Datum</td><td>UTM 45N / WGS84</td></tr></table>","_styleUrl":"#pillar0"},"id":54},{"type":"Point","coordinates":[84.59464067,23.54532558],"properties":{"name":"B-BP56","description":"<table border=\"1\" cellpadding=\"4\" cellspacing=\"0\" style=\"border-collapse:collapse;font-family:Arial;font-size:12px\"><tr><th align=\"left\">Parameter</th><th align=\"left\">Value</th></tr><tr><td>Pillar</td><td>B-BP56</td></tr><tr><td>Lease</td><td>Pakhar 115.13 Ha - Block B</td></tr><tr><td>Latitude</td><td>23.54532558</td></tr><tr><td>Longitude</td><td>84.59464067</td></tr><tr><td>Easting (m)</td><td>254447.010</td></tr><tr><td>Northing (m)</td><td>2605949.084</td></tr><tr><td>Zone / Datum</td><td>UTM 45N / WGS84</td></tr></table>","_styleUrl":"#pillar0"},"id":55},{"type":"Point","coordinates":[84.59500174,23.54502084],"properties":{"name":"B-BP57","description":"<table border=\"1\" cellpadding=\"4\" cellspacing=\"0\" style=\"border-collapse:collapse;font-family:Arial;font-size:12px\"><tr><th align=\"left\">Parameter</th><th align=\"left\">Value</th></tr><tr><td>Pillar</td><td>B-BP57</td></tr><tr><td>Lease</td><td>Pakhar 115.13 Ha - Block B</td></tr><tr><td>Latitude</td><td>23.54502084</td></tr><tr><td>Longitude</td><td>84.59500174</td></tr><tr><td>Easting (m)</td><td>254483.318</td></tr><tr><td>Northing (m)</td><td>2605914.708</td></tr><tr><td>Zone / Datum</td><td>UTM 45N / WGS84</td></tr></table>","_styleUrl":"#pillar0"},"id":56},{"type":"Point","coordinates":[84.59536281,23.54471611],"properties":{"name":"B-BP58","description":"<table border=\"1\" cellpadding=\"4\" cellspacing=\"0\" style=\"border-collapse:collapse;font-family:Arial;font-size:12px\"><tr><th align=\"left\">Parameter</th><th align=\"left\">Value</th></tr><tr><td>Pillar</td><td>B-BP58</td></tr><tr><td>Lease</td><td>Pakhar 115.13 Ha - Block B</td></tr><tr><td>Latitude</td><td>23.54471611</td></tr><tr><td>Longitude</td><td>84.59536281</td></tr><tr><td>Easting (m)</td><td>254519.627</td></tr><tr><td>Northing (m)</td><td>2605880.333</td></tr><tr><td>Zone / Datum</td><td>UTM 45N / WGS84</td></tr></table>","_styleUrl":"#pillar0"},"id":57},{"type":"Point","coordinates":[84.59572388,23.54441137],"properties":{"name":"B-BP59","description":"<table border=\"1\" cellpadding=\"4\" cellspacing=\"0\" style=\"border-collapse:collapse;font-family:Arial;font-size:12px\"><tr><th align=\"left\">Parameter</th><th align=\"left\">Value</th></tr><tr><td>Pillar</td><td>B-BP59</td></tr><tr><td>Lease</td><td>Pakhar 115.13 Ha - Block B</td></tr><tr><td>Latitude</td><td>23.54441137</td></tr><tr><td>Longitude</td><td>84.59572388</td></tr><tr><td>Easting (m)</td><td>254555.936</td></tr><tr><td>Northing (m)</td><td>2605845.957</td></tr><tr><td>Zone / Datum</td><td>UTM 45N / WGS84</td></tr></table>","_styleUrl":"#pillar0"},"id":58},{"type":"Point","coordinates":[84.59608495,23.54410664],"properties":{"name":"B-BP60","description":"<table border=\"1\" cellpadding=\"4\" cellspacing=\"0\" style=\"border-collapse:collapse;font-family:Arial;font-size:12px\"><tr><th align=\"left\">Parameter</th><th align=\"left\">Value</th></tr><tr><td>Pillar</td><td>B-BP60</td></tr><tr><td>Lease</td><td>Pakhar 115.13 Ha - Block B</td></tr><tr><td>Latitude</td><td>23.54410664</td></tr><tr><td>Longitude</td><td>84.59608495</td></tr><tr><td>Easting (m)</td><td>254592.245</td></tr><tr><td>Northing (m)</td><td>2605811.582</td></tr><tr><td>Zone / Datum</td><td>UTM 45N / WGS84</td></tr></table>","_styleUrl":"#pillar0"},"id":59},{"type":"Point","coordinates":[84.59644602,23.54380189999999],"properties":{"name":"B-BP61","description":"<table border=\"1\" cellpadding=\"4\" cellspacing=\"0\" style=\"border-collapse:collapse;font-family:Arial;font-size:12px\"><tr><th align=\"left\">Parameter</th><th align=\"left\">Value</th></tr><tr><td>Pillar</td><td>B-BP61</td></tr><tr><td>Lease</td><td>Pakhar 115.13 Ha - Block B</td></tr><tr><td>Latitude</td><td>23.54380190</td></tr><tr><td>Longitude</td><td>84.59644602</td></tr><tr><td>Easting (m)</td><td>254628.554</td></tr><tr><td>Northing (m)</td><td>2605777.207</td></tr><tr><td>Zone / Datum</td><td>UTM 45N / WGS84</td></tr></table>","_styleUrl":"#pillar0"},"id":60},{"type":"Point","coordinates":[84.59680707,23.54349716],"properties":{"name":"B-BP62","description":"<table border=\"1\" cellpadding=\"4\" cellspacing=\"0\" style=\"border-collapse:collapse;font-family:Arial;font-size:12px\"><tr><th align=\"left\">Parameter</th><th align=\"left\">Value</th></tr><tr><td>Pillar</td><td>B-BP62</td></tr><tr><td>Lease</td><td>Pakhar 115.13 Ha - Block B</td></tr><tr><td>Latitude</td><td>23.54349716</td></tr><tr><td>Longitude</td><td>84.59680707</td></tr><tr><td>Easting (m)</td><td>254664.862</td></tr><tr><td>Northing (m)</td><td>2605742.831</td></tr><tr><td>Zone / Datum</td><td>UTM 45N / WGS84</td></tr></table>","_styleUrl":"#pillar0"},"id":61},{"type":"Point","coordinates":[84.59716814,23.54319242],"properties":{"name":"B-BP63","description":"<table border=\"1\" cellpadding=\"4\" cellspacing=\"0\" style=\"border-collapse:collapse;font-family:Arial;font-size:12px\"><tr><th align=\"left\">Parameter</th><th align=\"left\">Value</th></tr><tr><td>Pillar</td><td>B-BP63</td></tr><tr><td>Lease</td><td>Pakhar 115.13 Ha - Block B</td></tr><tr><td>Latitude</td><td>23.54319242</td></tr><tr><td>Longitude</td><td>84.59716814</td></tr><tr><td>Easting (m)</td><td>254701.171</td></tr><tr><td>Northing (m)</td><td>2605708.456</td></tr><tr><td>Zone / Datum</td><td>UTM 45N / WGS84</td></tr></table>","_styleUrl":"#pillar0"},"id":62},{"type":"Point","coordinates":[84.5975292,23.54288768],"properties":{"name":"B-BP64","description":"<table border=\"1\" cellpadding=\"4\" cellspacing=\"0\" style=\"border-collapse:collapse;font-family:Arial;font-size:12px\"><tr><th align=\"left\">Parameter</th><th align=\"left\">Value</th></tr><tr><td>Pillar</td><td>B-BP64</td></tr><tr><td>Lease</td><td>Pakhar 115.13 Ha - Block B</td></tr><tr><td>Latitude</td><td>23.54288768</td></tr><tr><td>Longitude</td><td>84.59752920</td></tr><tr><td>Easting (m)</td><td>254737.480</td></tr><tr><td>Northing (m)</td><td>2605674.080</td></tr><tr><td>Zone / Datum</td><td>UTM 45N / WGS84</td></tr></table>","_styleUrl":"#pillar0"},"id":63},{"type":"Point","coordinates":[84.5978899,23.54258257],"properties":{"name":"B-BP65","description":"<table border=\"1\" cellpadding=\"4\" cellspacing=\"0\" style=\"border-collapse:collapse;font-family:Arial;font-size:12px\"><tr><th align=\"left\">Parameter</th><th align=\"left\">Value</th></tr><tr><td>Pillar</td><td>B-BP65</td></tr><tr><td>Lease</td><td>Pakhar 115.13 Ha - Block B</td></tr><tr><td>Latitude</td><td>23.54258257</td></tr><tr><td>Longitude</td><td>84.59788990</td></tr><tr><td>Easting (m)</td><td>254773.751</td></tr><tr><td>Northing (m)</td><td>2605639.665</td></tr><tr><td>Zone / Datum</td><td>UTM 45N / WGS84</td></tr></table>","_styleUrl":"#pillar0"},"id":64},{"type":"Point","coordinates":[84.59824587,23.54227279],"properties":{"name":"B-BP66","description":"<table border=\"1\" cellpadding=\"4\" cellspacing=\"0\" style=\"border-collapse:collapse;font-family:Arial;font-size:12px\"><tr><th align=\"left\">Parameter</th><th align=\"left\">Value</th></tr><tr><td>Pillar</td><td>B-BP66</td></tr><tr><td>Lease</td><td>Pakhar 115.13 Ha - Block B</td></tr><tr><td>Latitude</td><td>23.54227279</td></tr><tr><td>Longitude</td><td>84.59824587</td></tr><tr><td>Easting (m)</td><td>254809.531</td></tr><tr><td>Northing (m)</td><td>2605604.740</td></tr><tr><td>Zone / Datum</td><td>UTM 45N / WGS84</td></tr></table>","_styleUrl":"#pillar0"},"id":65},{"type":"Point","coordinates":[84.59860184,23.541963],"properties":{"name":"B-BP67","description":"<table border=\"1\" cellpadding=\"4\" cellspacing=\"0\" style=\"border-collapse:collapse;font-family:Arial;font-size:12px\"><tr><th align=\"left\">Parameter</th><th align=\"left\">Value</th></tr><tr><td>Pillar</td><td>B-BP67</td></tr><tr><td>Lease</td><td>Pakhar 115.13 Ha - Block B</td></tr><tr><td>Latitude</td><td>23.54196300</td></tr><tr><td>Longitude</td><td>84.59860184</td></tr><tr><td>Easting (m)</td><td>254845.311</td></tr><tr><td>Northing (m)</td><td>2605569.814</td></tr><tr><td>Zone / Datum</td><td>UTM 45N / WGS84</td></tr></table>","_styleUrl":"#pillar0"},"id":66},{"type":"Point","coordinates":[84.59873654,23.54184577],"properties":{"name":"B-BP68","description":"<table border=\"1\" cellpadding=\"4\" cellspacing=\"0\" style=\"border-collapse:collapse;font-family:Arial;font-size:12px\"><tr><th align=\"left\">Parameter</th><th align=\"left\">Value</th></tr><tr><td>Pillar</td><td>B-BP68</td></tr><tr><td>Lease</td><td>Pakhar 115.13 Ha - Block B</td></tr><tr><td>Latitude</td><td>23.54184577</td></tr><tr><td>Longitude</td><td>84.59873654</td></tr><tr><td>Easting (m)</td><td>254858.851</td></tr><tr><td>Northing (m)</td><td>2605556.598</td></tr><tr><td>Zone / Datum</td><td>UTM 45N / WGS84</td></tr></table>","_styleUrl":"#pillar0"},"id":67},{"type":"Point","coordinates":[84.59921763,23.54192906],"properties":{"name":"B-BP69","description":"<table border=\"1\" cellpadding=\"4\" cellspacing=\"0\" style=\"border-collapse:collapse;font-family:Arial;font-size:12px\"><tr><th align=\"left\">Parameter</th><th align=\"left\">Value</th></tr><tr><td>Pillar</td><td>B-BP69</td></tr><tr><td>Lease</td><td>Pakhar 115.13 Ha - Block B</td></tr><tr><td>Latitude</td><td>23.54192906</td></tr><tr><td>Longitude</td><td>84.59921763</td></tr><tr><td>Easting (m)</td><td>254908.139</td></tr><tr><td>Northing (m)</td><td>2605565.001</td></tr><tr><td>Zone / Datum</td><td>UTM 45N / WGS84</td></tr></table>","_styleUrl":"#pillar0"},"id":68},{"type":"Point","coordinates":[84.59969874,23.54201234],"properties":{"name":"B-BP70","description":"<table border=\"1\" cellpadding=\"4\" cellspacing=\"0\" style=\"border-collapse:collapse;font-family:Arial;font-size:12px\"><tr><th align=\"left\">Parameter</th><th align=\"left\">Value</th></tr><tr><td>Pillar</td><td>B-BP70</td></tr><tr><td>Lease</td><td>Pakhar 115.13 Ha - Block B</td></tr><tr><td>Latitude</td><td>23.54201234</td></tr><tr><td>Longitude</td><td>84.59969874</td></tr><tr><td>Easting (m)</td><td>254957.428</td></tr><tr><td>Northing (m)</td><td>2605573.404</td></tr><tr><td>Zone / Datum</td><td>UTM 45N / WGS84</td></tr></table>","_styleUrl":"#pillar0"},"id":69},{"type":"Point","coordinates":[84.60017984,23.54209563],"properties":{"name":"B-BP71","description":"<table border=\"1\" cellpadding=\"4\" cellspacing=\"0\" style=\"border-collapse:collapse;font-family:Arial;font-size:12px\"><tr><th align=\"left\">Parameter</th><th align=\"left\">Value</th></tr><tr><td>Pillar</td><td>B-BP71</td></tr><tr><td>Lease</td><td>Pakhar 115.13 Ha - Block B</td></tr><tr><td>Latitude</td><td>23.54209563</td></tr><tr><td>Longitude</td><td>84.60017984</td></tr><tr><td>Easting (m)</td><td>255006.717</td></tr><tr><td>Northing (m)</td><td>2605581.808</td></tr><tr><td>Zone / Datum</td><td>UTM 45N / WGS84</td></tr></table>","_styleUrl":"#pillar0"},"id":70},{"type":"Point","coordinates":[84.60066094,23.54217892],"properties":{"name":"B-BP72","description":"<table border=\"1\" cellpadding=\"4\" cellspacing=\"0\" style=\"border-collapse:collapse;font-family:Arial;font-size:12px\"><tr><th align=\"left\">Parameter</th><th align=\"left\">Value</th></tr><tr><td>Pillar</td><td>B-BP72</td></tr><tr><td>Lease</td><td>Pakhar 115.13 Ha - Block B</td></tr><tr><td>Latitude</td><td>23.54217892</td></tr><tr><td>Longitude</td><td>84.60066094</td></tr><tr><td>Easting (m)</td><td>255056.006</td></tr><tr><td>Northing (m)</td><td>2605590.211</td></tr><tr><td>Zone / Datum</td><td>UTM 45N / WGS84</td></tr></table>","_styleUrl":"#pillar0"},"id":71},{"type":"Point","coordinates":[84.60114203,23.5422622],"properties":{"name":"B-BP73","description":"<table border=\"1\" cellpadding=\"4\" cellspacing=\"0\" style=\"border-collapse:collapse;font-family:Arial;font-size:12px\"><tr><th align=\"left\">Parameter</th><th align=\"left\">Value</th></tr><tr><td>Pillar</td><td>B-BP73</td></tr><tr><td>Lease</td><td>Pakhar 115.13 Ha - Block B</td></tr><tr><td>Latitude</td><td>23.54226220</td></tr><tr><td>Longitude</td><td>84.60114203</td></tr><tr><td>Easting (m)</td><td>255105.294</td></tr><tr><td>Northing (m)</td><td>2605598.615</td></tr><tr><td>Zone / Datum</td><td>UTM 45N / WGS84</td></tr></table>","_styleUrl":"#pillar0"},"id":72},{"type":"Point","coordinates":[84.60162314,23.54234548],"properties":{"name":"B-BP74","description":"<table border=\"1\" cellpadding=\"4\" cellspacing=\"0\" style=\"border-collapse:collapse;font-family:Arial;font-size:12px\"><tr><th align=\"left\">Parameter</th><th align=\"left\">Value</th></tr><tr><td>Pillar</td><td>B-BP74</td></tr><tr><td>Lease</td><td>Pakhar 115.13 Ha - Block B</td></tr><tr><td>Latitude</td><td>23.54234548</td></tr><tr><td>Longitude</td><td>84.60162314</td></tr><tr><td>Easting (m)</td><td>255154.583</td></tr><tr><td>Northing (m)</td><td>2605607.018</td></tr><tr><td>Zone / Datum</td><td>UTM 45N / WGS84</td></tr></table>","_styleUrl":"#pillar0"},"id":73},{"type":"Point","coordinates":[84.60210424,23.54242876],"properties":{"name":"B-BP75","description":"<table border=\"1\" cellpadding=\"4\" cellspacing=\"0\" style=\"border-collapse:collapse;font-family:Arial;font-size:12px\"><tr><th align=\"left\">Parameter</th><th align=\"left\">Value</th></tr><tr><td>Pillar</td><td>B-BP75</td></tr><tr><td>Lease</td><td>Pakhar 115.13 Ha - Block B</td></tr><tr><td>Latitude</td><td>23.54242876</td></tr><tr><td>Longitude</td><td>84.60210424</td></tr><tr><td>Easting (m)</td><td>255203.872</td></tr><tr><td>Northing (m)</td><td>2605615.421</td></tr><tr><td>Zone / Datum</td><td>UTM 45N / WGS84</td></tr></table>","_styleUrl":"#pillar0"},"id":74},{"type":"Point","coordinates":[84.60225041,23.54245406],"properties":{"name":"B-BP76","description":"<table border=\"1\" cellpadding=\"4\" cellspacing=\"0\" style=\"border-collapse:collapse;font-family:Arial;font-size:12px\"><tr><th align=\"left\">Parameter</th><th align=\"left\">Value</th></tr><tr><td>Pillar</td><td>B-BP76</td></tr><tr><td>Lease</td><td>Pakhar 115.13 Ha - Block B</td></tr><tr><td>Latitude</td><td>23.54245406</td></tr><tr><td>Longitude</td><td>84.60225041</td></tr><tr><td>Easting (m)</td><td>255218.847</td></tr><tr><td>Northing (m)</td><td>2605617.974</td></tr><tr><td>Zone / Datum</td><td>UTM 45N / WGS84</td></tr></table>","_styleUrl":"#pillar0"},"id":75},{"type":"Point","coordinates":[84.60231476,23.54200667],"properties":{"name":"B-BP77","description":"<table border=\"1\" cellpadding=\"4\" cellspacing=\"0\" style=\"border-collapse:collapse;font-family:Arial;font-size:12px\"><tr><th align=\"left\">Parameter</th><th align=\"left\">Value</th></tr><tr><td>Pillar</td><td>B-BP77</td></tr><tr><td>Lease</td><td>Pakhar 115.13 Ha - Block B</td></tr><tr><td>Latitude</td><td>23.54200667</td></tr><tr><td>Longitude</td><td>84.60231476</td></tr><tr><td>Easting (m)</td><td>255224.590</td></tr><tr><td>Northing (m)</td><td>2605568.305</td></tr><tr><td>Zone / Datum</td><td>UTM 45N / WGS84</td></tr></table>","_styleUrl":"#pillar0"},"id":76},{"type":"Point","coordinates":[84.60237912,23.54155928],"properties":{"name":"B-BP78","description":"<table border=\"1\" cellpadding=\"4\" cellspacing=\"0\" style=\"border-collapse:collapse;font-family:Arial;font-size:12px\"><tr><th align=\"left\">Parameter</th><th align=\"left\">Value</th></tr><tr><td>Pillar</td><td>B-BP78</td></tr><tr><td>Lease</td><td>Pakhar 115.13 Ha - Block B</td></tr><tr><td>Latitude</td><td>23.54155928</td></tr><tr><td>Longitude</td><td>84.60237912</td></tr><tr><td>Easting (m)</td><td>255230.334</td></tr><tr><td>Northing (m)</td><td>2605518.636</td></tr><tr><td>Zone / Datum</td><td>UTM 45N / WGS84</td></tr></table>","_styleUrl":"#pillar0"},"id":77},{"type":"Point","coordinates":[84.60244348,23.54111189],"properties":{"name":"B-BP79","description":"<table border=\"1\" cellpadding=\"4\" cellspacing=\"0\" style=\"border-collapse:collapse;font-family:Arial;font-size:12px\"><tr><th align=\"left\">Parameter</th><th align=\"left\">Value</th></tr><tr><td>Pillar</td><td>B-BP79</td></tr><tr><td>Lease</td><td>Pakhar 115.13 Ha - Block B</td></tr><tr><td>Latitude</td><td>23.54111189</td></tr><tr><td>Longitude</td><td>84.60244348</td></tr><tr><td>Easting (m)</td><td>255236.078</td></tr><tr><td>Northing (m)</td><td>2605468.967</td></tr><tr><td>Zone / Datum</td><td>UTM 45N / WGS84</td></tr></table>","_styleUrl":"#pillar0"},"id":78},{"type":"Point","coordinates":[84.60250783,23.5406645],"properties":{"name":"B-BP80","description":"<table border=\"1\" cellpadding=\"4\" cellspacing=\"0\" style=\"border-collapse:collapse;font-family:Arial;font-size:12px\"><tr><th align=\"left\">Parameter</th><th align=\"left\">Value</th></tr><tr><td>Pillar</td><td>B-BP80</td></tr><tr><td>Lease</td><td>Pakhar 115.13 Ha - Block B</td></tr><tr><td>Latitude</td><td>23.54066450</td></tr><tr><td>Longitude</td><td>84.60250783</td></tr><tr><td>Easting (m)</td><td>255241.822</td></tr><tr><td>Northing (m)</td><td>2605419.298</td></tr><tr><td>Zone / Datum</td><td>UTM 45N / WGS84</td></tr></table>","_styleUrl":"#pillar0"},"id":79},{"type":"Point","coordinates":[84.60257218,23.54021711],"properties":{"name":"B-BP81","description":"<table border=\"1\" cellpadding=\"4\" cellspacing=\"0\" style=\"border-collapse:collapse;font-family:Arial;font-size:12px\"><tr><th align=\"left\">Parameter</th><th align=\"left\">Value</th></tr><tr><td>Pillar</td><td>B-BP81</td></tr><tr><td>Lease</td><td>Pakhar 115.13 Ha - Block B</td></tr><tr><td>Latitude</td><td>23.54021711</td></tr><tr><td>Longitude</td><td>84.60257218</td></tr><tr><td>Easting (m)</td><td>255247.565</td></tr><tr><td>Northing (m)</td><td>2605369.629</td></tr><tr><td>Zone / Datum</td><td>UTM 45N / WGS84</td></tr></table>","_styleUrl":"#pillar0"},"id":80}]},"Safety Belt - 7.5 m inward offset (17.015 Ha total)":{"type":"GeometryCollection","geometries":[{"type":"MultiPolygon","arcs":[[[4],[5]]],"properties":{"name":"Safety Belt - 109.507 Ha (7.5 m)","_styleUrl":"#safety_zone_style30"},"id":0},{"type":"MultiPolygon","arcs":[[[6],[7]]],"properties":{"name":"Safety Belt - 115.13-A Ha (7.5 m)","_styleUrl":"#safety_zone_style30"},"id":1},{"type":"MultiPolygon","arcs":[[[8],[9]]],"properties":{"name":"Safety Belt - 115.13-B Ha (7.5 m)","_styleUrl":"#safety_zone_style30"},"id":2},{"type":"MultiPolygon","arcs":[[[10],[11]]],"properties":{"name":"Safety Belt - 15.58 Ha (7.5 m)","_styleUrl":"#safety_zone_style30"},"id":3}]},"Minedout Area - Pakhar 115.13 Ha (4 zones)":{"type":"GeometryCollection","geometries":[{"type":"Polygon","arcs":[[12]],"properties":{"name":"Minedout Zone 1","description":"<div style=\"font-family:Segoe UI,Arial;font-size:11px;padding:8px;\">\n <h4 style=\"margin:0;color:#374151;\">Minedout Zone 1</h4>\n <p><b>Area:</b> 0.2168 Ha (2167.86 m2)<br/>\n <b>Status:</b> Already excavated<br/>\n <b>Datum:</b> WGS-84</p>\n <p style=\"font-size:9px;color:#6B7280;\">Mineral estimations for overlapping plots are net of this area.</p>\n </div>","_styleUrl":"#minedout_style00"},"id":0},{"type":"Polygon","arcs":[[13]],"properties":{"name":"Minedout Zone 2","description":"<div style=\"font-family:Segoe UI,Arial;font-size:11px;padding:8px;\">\n <h4 style=\"margin:0;color:#374151;\">Minedout Zone 2</h4>\n <p><b>Area:</b> 23.9564 Ha (239563.75 m2)<br/>\n <b>Status:</b> Already excavated<br/>\n <b>Datum:</b> WGS-84</p>\n <p style=\"font-size:9px;color:#6B7280;\">Mineral estimations for overlapping plots are net of this area.</p>\n </div>","_styleUrl":"#minedout_style00"},"id":1},{"type":"Polygon","arcs":[[14]],"properties":{"name":"Minedout Zone 3","description":"<div style=\"font-family:Segoe UI,Arial;font-size:11px;padding:8px;\">\n <h4 style=\"margin:0;color:#374151;\">Minedout Zone 3</h4>\n <p><b>Area:</b> 2.2032 Ha (22031.76 m2)<br/>\n <b>Status:</b> Already excavated<br/>\n <b>Datum:</b> WGS-84</p>\n <p style=\"font-size:9px;color:#6B7280;\">Mineral estimations for overlapping plots are net of this area.</p>\n </div>","_styleUrl":"#minedout_style00"},"id":2},{"type":"Polygon","arcs":[[15]],"properties":{"name":"Minedout Zone 4","description":"<div style=\"font-family:Segoe UI,Arial;font-size:11px;padding:8px;\">\n <h4 style=\"margin:0;color:#374151;\">Minedout Zone 4</h4>\n <p><b>Area:</b> 25.7143 Ha (257142.76 m2)<br/>\n <b>Status:</b> Already excavated<br/>\n <b>Datum:</b> WGS-84</p>\n <p style=\"font-size:9px;color:#6B7280;\">Mineral estimations for overlapping plots are net of this area.</p>\n </div>","_styleUrl":"#minedout_style00"},"id":3}]},"Minedout Area - Pakhar 109.507 Ha (20 zones - 45.648 Ha)":{"type":"GeometryCollection","geometries":[{"type":"Polygon","arcs":[[16]],"properties":{"name":"Minedout 109.507 - Zone 1","description":"<div style=\"font-family:Segoe UI,Arial;font-size:11px;padding:8px;\"><h4 style=\"margin:0;color:#374151;\">Minedout - Pakhar 109.507 Ha - Zone 1</h4><p><b>Area:</b> 0.6788 Ha (6,788.49 m2)<br/><b>Lease:</b> Pakhar 109.507 Ha<br/><b>Status:</b> Already excavated<br/><b>Datum:</b> WGS-84</p><p style=\"font-size:9px;color:#6B7280;\">Plot balloons in this lease are auto-updated to show how much of each plot is inside this zone.</p></div>","_styleUrl":"#minedout_style00"},"id":0},{"type":"Polygon","arcs":[[17]],"properties":{"name":"Minedout 109.507 - Zone 2","description":"<div style=\"font-family:Segoe UI,Arial;font-size:11px;padding:8px;\"><h4 style=\"margin:0;color:#374151;\">Minedout - Pakhar 109.507 Ha - Zone 2</h4><p><b>Area:</b> 3.6837 Ha (36,837.13 m2)<br/><b>Lease:</b> Pakhar 109.507 Ha<br/><b>Status:</b> Already excavated<br/><b>Datum:</b> WGS-84</p><p style=\"font-size:9px;color:#6B7280;\">Plot balloons in this lease are auto-updated to show how much of each plot is inside this zone.</p></div>","_styleUrl":"#minedout_style00"},"id":1},{"type":"Polygon","arcs":[[18]],"properties":{"name":"Minedout 109.507 - Zone 3","description":"<div style=\"font-family:Segoe UI,Arial;font-size:11px;padding:8px;\"><h4 style=\"margin:0;color:#374151;\">Minedout - Pakhar 109.507 Ha - Zone 3</h4><p><b>Area:</b> 0.4465 Ha (4,464.78 m2)<br/><b>Lease:</b> Pakhar 109.507 Ha<br/><b>Status:</b> Already excavated<br/><b>Datum:</b> WGS-84</p><p style=\"font-size:9px;color:#6B7280;\">Plot balloons in this lease are auto-updated to show how much of each plot is inside this zone.</p></div>","_styleUrl":"#minedout_style00"},"id":2},{"type":"Polygon","arcs":[[19]],"properties":{"name":"Minedout 109.507 - Zone 4","description":"<div style=\"font-family:Segoe UI,Arial;font-size:11px;padding:8px;\"><h4 style=\"margin:0;color:#374151;\">Minedout - Pakhar 109.507 Ha - Zone 4</h4><p><b>Area:</b> 1.6962 Ha (16,961.59 m2)<br/><b>Lease:</b> Pakhar 109.507 Ha<br/><b>Status:</b> Already excavated<br/><b>Datum:</b> WGS-84</p><p style=\"font-size:9px;color:#6B7280;\">Plot balloons in this lease are auto-updated to show how much of each plot is inside this zone.</p></div>","_styleUrl":"#minedout_style00"},"id":3},{"type":"Polygon","arcs":[[20]],"properties":{"name":"Minedout 109.507 - Zone 5","description":"<div style=\"font-family:Segoe UI,Arial;font-size:11px;padding:8px;\"><h4 style=\"margin:0;color:#374151;\">Minedout - Pakhar 109.507 Ha - Zone 5</h4><p><b>Area:</b> 2.3080 Ha (23,080.26 m2)<br/><b>Lease:</b> Pakhar 109.507 Ha<br/><b>Status:</b> Already excavated<br/><b>Datum:</b> WGS-84</p><p style=\"font-size:9px;color:#6B7280;\">Plot balloons in this lease are auto-updated to show how much of each plot is inside this zone.</p></div>","_styleUrl":"#minedout_style00"},"id":4},{"type":"Polygon","arcs":[[21]],"properties":{"name":"Minedout 109.507 - Zone 6","description":"<div style=\"font-family:Segoe UI,Arial;font-size:11px;padding:8px;\"><h4 style=\"margin:0;color:#374151;\">Minedout - Pakhar 109.507 Ha - Zone 6</h4><p><b>Area:</b> 9.0023 Ha (90,022.80 m2)<br/><b>Lease:</b> Pakhar 109.507 Ha<br/><b>Status:</b> Already excavated<br/><b>Datum:</b> WGS-84</p><p style=\"font-size:9px;color:#6B7280;\">Plot balloons in this lease are auto-updated to show how much of each plot is inside this zone.</p></div>","_styleUrl":"#minedout_style00"},"id":5},{"type":"Polygon","arcs":[[22]],"properties":{"name":"Minedout 109.507 - Zone 7","description":"<div style=\"font-family:Segoe UI,Arial;font-size:11px;padding:8px;\"><h4 style=\"margin:0;color:#374151;\">Minedout - Pakhar 109.507 Ha - Zone 7</h4><p><b>Area:</b> 0.2575 Ha (2,575.16 m2)<br/><b>Lease:</b> Pakhar 109.507 Ha<br/><b>Status:</b> Already excavated<br/><b>Datum:</b> WGS-84</p><p style=\"font-size:9px;color:#6B7280;\">Plot balloons in this lease are auto-updated to show how much of each plot is inside this zone.</p></div>","_styleUrl":"#minedout_style00"},"id":6},{"type":"Polygon","arcs":[[23]],"properties":{"name":"Minedout 109.507 - Zone 8","description":"<div style=\"font-family:Segoe UI,Arial;font-size:11px;padding:8px;\"><h4 style=\"margin:0;color:#374151;\">Minedout - Pakhar 109.507 Ha - Zone 8</h4><p><b>Area:</b> 2.7781 Ha (27,780.92 m2)<br/><b>Lease:</b> Pakhar 109.507 Ha<br/><b>Status:</b> Already excavated<br/><b>Datum:</b> WGS-84</p><p style=\"font-size:9px;color:#6B7280;\">Plot balloons in this lease are auto-updated to show how much of each plot is inside this zone.</p></div>","_styleUrl":"#minedout_style00"},"id":7},{"type":"Polygon","arcs":[[24]],"properties":{"name":"Minedout 109.507 - Zone 9","description":"<div style=\"font-family:Segoe UI,Arial;font-size:11px;padding:8px;\"><h4 style=\"margin:0;color:#374151;\">Minedout - Pakhar 109.507 Ha - Zone 9</h4><p><b>Area:</b> 7.0181 Ha (70,181.08 m2)<br/><b>Lease:</b> Pakhar 109.507 Ha<br/><b>Status:</b> Already excavated<br/><b>Datum:</b> WGS-84</p><p style=\"font-size:9px;color:#6B7280;\">Plot balloons in this lease are auto-updated to show how much of each plot is inside this zone.</p></div>","_styleUrl":"#minedout_style00"},"id":8},{"type":"Polygon","arcs":[[25]],"properties":{"name":"Minedout 109.507 - Zone 10","description":"<div style=\"font-family:Segoe UI,Arial;font-size:11px;padding:8px;\"><h4 style=\"margin:0;color:#374151;\">Minedout - Pakhar 109.507 Ha - Zone 10</h4><p><b>Area:</b> 2.2675 Ha (22,674.88 m2)<br/><b>Lease:</b> Pakhar 109.507 Ha<br/><b>Status:</b> Already excavated<br/><b>Datum:</b> WGS-84</p><p style=\"font-size:9px;color:#6B7280;\">Plot balloons in this lease are auto-updated to show how much of each plot is inside this zone.</p></div>","_styleUrl":"#minedout_style00"},"id":9},{"type":"Polygon","arcs":[[26]],"properties":{"name":"Minedout 109.507 - Zone 11","description":"<div style=\"font-family:Segoe UI,Arial;font-size:11px;padding:8px;\"><h4 style=\"margin:0;color:#374151;\">Minedout - Pakhar 109.507 Ha - Zone 11</h4><p><b>Area:</b> 0.5680 Ha (5,680.09 m2)<br/><b>Lease:</b> Pakhar 109.507 Ha<br/><b>Status:</b> Already excavated<br/><b>Datum:</b> WGS-84</p><p style=\"font-size:9px;color:#6B7280;\">Plot balloons in this lease are auto-updated to show how much of each plot is inside this zone.</p></div>","_styleUrl":"#minedout_style00"},"id":10},{"type":"Polygon","arcs":[[27]],"properties":{"name":"Minedout 109.507 - Zone 12","description":"<div style=\"font-family:Segoe UI,Arial;font-size:11px;padding:8px;\"><h4 style=\"margin:0;color:#374151;\">Minedout - Pakhar 109.507 Ha - Zone 12</h4><p><b>Area:</b> 5.0825 Ha (50,825.32 m2)<br/><b>Lease:</b> Pakhar 109.507 Ha<br/><b>Status:</b> Already excavated<br/><b>Datum:</b> WGS-84</p><p style=\"font-size:9px;color:#6B7280;\">Plot balloons in this lease are auto-updated to show how much of each plot is inside this zone.</p></div>","_styleUrl":"#minedout_style00"},"id":11},{"type":"Polygon","arcs":[[28]],"properties":{"name":"Minedout 109.507 - Zone 13","description":"<div style=\"font-family:Segoe UI,Arial;font-size:11px;padding:8px;\"><h4 style=\"margin:0;color:#374151;\">Minedout - Pakhar 109.507 Ha - Zone 13</h4><p><b>Area:</b> 0.3990 Ha (3,990.02 m2)<br/><b>Lease:</b> Pakhar 109.507 Ha<br/><b>Status:</b> Already excavated<br/><b>Datum:</b> WGS-84</p><p style=\"font-size:9px;color:#6B7280;\">Plot balloons in this lease are auto-updated to show how much of each plot is inside this zone.</p></div>","_styleUrl":"#minedout_style00"},"id":12},{"type":"Polygon","arcs":[[29]],"properties":{"name":"Minedout 109.507 - Zone 14","description":"<div style=\"font-family:Segoe UI,Arial;font-size:11px;padding:8px;\"><h4 style=\"margin:0;color:#374151;\">Minedout - Pakhar 109.507 Ha - Zone 14</h4><p><b>Area:</b> 0.1783 Ha (1,783.12 m2)<br/><b>Lease:</b> Pakhar 109.507 Ha<br/><b>Status:</b> Already excavated<br/><b>Datum:</b> WGS-84</p><p style=\"font-size:9px;color:#6B7280;\">Plot balloons in this lease are auto-updated to show how much of each plot is inside this zone.</p></div>","_styleUrl":"#minedout_style00"},"id":13},{"type":"Polygon","arcs":[[30]],"properties":{"name":"Minedout 109.507 - Zone 15","description":"<div style=\"font-family:Segoe UI,Arial;font-size:11px;padding:8px;\"><h4 style=\"margin:0;color:#374151;\">Minedout - Pakhar 109.507 Ha - Zone 15</h4><p><b>Area:</b> 1.9022 Ha (19,022.15 m2)<br/><b>Lease:</b> Pakhar 109.507 Ha<br/><b>Status:</b> Already excavated<br/><b>Datum:</b> WGS-84</p><p style=\"font-size:9px;color:#6B7280;\">Plot balloons in this lease are auto-updated to show how much of each plot is inside this zone.</p></div>","_styleUrl":"#minedout_style00"},"id":14},{"type":"Polygon","arcs":[[31]],"properties":{"name":"Minedout 109.507 - Zone 16","description":"<div style=\"font-family:Segoe UI,Arial;font-size:11px;padding:8px;\"><h4 style=\"margin:0;color:#374151;\">Minedout - Pakhar 109.507 Ha - Zone 16</h4><p><b>Area:</b> 0.7435 Ha (7,435.12 m2)<br/><b>Lease:</b> Pakhar 109.507 Ha<br/><b>Status:</b> Already excavated<br/><b>Datum:</b> WGS-84</p><p style=\"font-size:9px;color:#6B7280;\">Plot balloons in this lease are auto-updated to show how much of each plot is inside this zone.</p></div>","_styleUrl":"#minedout_style00"},"id":15},{"type":"Polygon","arcs":[[32]],"properties":{"name":"Minedout 109.507 - Zone 17","description":"<div style=\"font-family:Segoe UI,Arial;font-size:11px;padding:8px;\"><h4 style=\"margin:0;color:#374151;\">Minedout - Pakhar 109.507 Ha - Zone 17</h4><p><b>Area:</b> 2.6994 Ha (26,994.42 m2)<br/><b>Lease:</b> Pakhar 109.507 Ha<br/><b>Status:</b> Already excavated<br/><b>Datum:</b> WGS-84</p><p style=\"font-size:9px;color:#6B7280;\">Plot balloons in this lease are auto-updated to show how much of each plot is inside this zone.</p></div>","_styleUrl":"#minedout_style00"},"id":16},{"type":"Polygon","arcs":[[33]],"properties":{"name":"Minedout 109.507 - Zone 18","description":"<div style=\"font-family:Segoe UI,Arial;font-size:11px;padding:8px;\"><h4 style=\"margin:0;color:#374151;\">Minedout - Pakhar 109.507 Ha - Zone 18</h4><p><b>Area:</b> 0.7435 Ha (7,435.12 m2)<br/><b>Lease:</b> Pakhar 109.507 Ha<br/><b>Status:</b> Already excavated<br/><b>Datum:</b> WGS-84</p><p style=\"font-size:9px;color:#6B7280;\">Plot balloons in this lease are auto-updated to show how much of each plot is inside this zone.</p></div>","_styleUrl":"#minedout_style00"},"id":17},{"type":"Polygon","arcs":[[34]],"properties":{"name":"Minedout 109.507 - Zone 19","description":"<div style=\"font-family:Segoe UI,Arial;font-size:11px;padding:8px;\"><h4 style=\"margin:0;color:#374151;\">Minedout - Pakhar 109.507 Ha - Zone 19</h4><p><b>Area:</b> 0.4955 Ha (4,954.66 m2)<br/><b>Lease:</b> Pakhar 109.507 Ha<br/><b>Status:</b> Already excavated<br/><b>Datum:</b> WGS-84</p><p style=\"font-size:9px;color:#6B7280;\">Plot balloons in this lease are auto-updated to show how much of each plot is inside this zone.</p></div>","_styleUrl":"#minedout_style00"},"id":18},{"type":"Polygon","arcs":[[35]],"properties":{"name":"Minedout 109.507 - Zone 20","description":"<div style=\"font-family:Segoe UI,Arial;font-size:11px;padding:8px;\"><h4 style=\"margin:0;color:#374151;\">Minedout - Pakhar 109.507 Ha - Zone 20</h4><p><b>Area:</b> 2.6994 Ha (26,994.42 m2)<br/><b>Lease:</b> Pakhar 109.507 Ha<br/><b>Status:</b> Already excavated<br/><b>Datum:</b> WGS-84</p><p style=\"font-size:9px;color:#6B7280;\">Plot balloons in this lease are auto-updated to show how much of each plot is inside this zone.</p></div>","_styleUrl":"#minedout_style00"},"id":19}]},"Minedout Area - Pakhar 15.58 Ha (4 zones - 7.155 Ha)":{"type":"GeometryCollection","geometries":[{"type":"Polygon","arcs":[[36]],"properties":{"name":"Minedout 15.58 - Zone 1","description":"<div style=\"font-family:Segoe UI,Arial;font-size:11px;padding:8px;\"><h4 style=\"margin:0;color:#374151;\">Minedout - Pakhar 15.58 Ha - Zone 1</h4><p><b>Area:</b> 6.6709 Ha (66,709.15 m2)<br/><b>Lease:</b> Pakhar 15.58 Ha<br/><b>Status:</b> Already excavated<br/><b>Datum:</b> WGS-84</p><p style=\"font-size:9px;color:#6B7280;\">Plot balloons in this lease are auto-updated to show how much of each plot is inside this zone.</p></div>","_styleUrl":"#minedout_style00"},"id":0},{"type":"Polygon","arcs":[[37]],"properties":{"name":"Minedout 15.58 - Zone 2","description":"<div style=\"font-family:Segoe UI,Arial;font-size:11px;padding:8px;\"><h4 style=\"margin:0;color:#374151;\">Minedout - Pakhar 15.58 Ha - Zone 2</h4><p><b>Area:</b> 0.1847 Ha (1,846.54 m2)<br/><b>Lease:</b> Pakhar 15.58 Ha<br/><b>Status:</b> Already excavated<br/><b>Datum:</b> WGS-84</p><p style=\"font-size:9px;color:#6B7280;\">Plot balloons in this lease are auto-updated to show how much of each plot is inside this zone.</p></div>","_styleUrl":"#minedout_style00"},"id":1},{"type":"Polygon","arcs":[[38]],"properties":{"name":"Minedout 15.58 - Zone 3","description":"<div style=\"font-family:Segoe UI,Arial;font-size:11px;padding:8px;\"><h4 style=\"margin:0;color:#374151;\">Minedout - Pakhar 15.58 Ha - Zone 3</h4><p><b>Area:</b> 0.2428 Ha (2,428.21 m2)<br/><b>Lease:</b> Pakhar 15.58 Ha<br/><b>Status:</b> Already excavated<br/><b>Datum:</b> WGS-84</p><p style=\"font-size:9px;color:#6B7280;\">Plot balloons in this lease are auto-updated to show how much of each plot is inside this zone.</p></div>","_styleUrl":"#minedout_style00"},"id":2},{"type":"Polygon","arcs":[[39]],"properties":{"name":"Minedout 15.58 - Zone 4","description":"<div style=\"font-family:Segoe UI,Arial;font-size:11px;padding:8px;\"><h4 style=\"margin:0;color:#374151;\">Minedout - Pakhar 15.58 Ha - Zone 4</h4><p><b>Area:</b> 0.0564 Ha (564.22 m2)<br/><b>Lease:</b> Pakhar 15.58 Ha<br/><b>Status:</b> Already excavated<br/><b>Datum:</b> WGS-84</p><p style=\"font-size:9px;color:#6B7280;\">Plot balloons in this lease are auto-updated to show how much of each plot is inside this zone.</p></div>","_styleUrl":"#minedout_style00"},"id":3}]},"Pakhar 109.507 Ha - 143 plots":{"type":"GeometryCollection","geometries":[]},"A - Best (>= 37%) - 41":{"type":"GeometryCollection","geometries":[]},"B - Good (35-37%) - 22":{"type":"GeometryCollection","geometries":[]},"C - Above Cutoff (30-35%) - 28":{"type":"GeometryCollection","geometries":[]},"NA - No Mineral Data - 87":{"type":"GeometryCollection","geometries":[]},"Pakhar 15.58 Ha - 36 plots":{"type":"GeometryCollection","geometries":[]},"ORPH-01":{"type":"GeometryCollection","geometries":[]},"ORPH-02":{"type":"GeometryCollection","geometries":[]},"PKR_CADASTRAL_MAP":{"type":"GeometryCollection","geometries":[{"type":"Polygon","arcs":[[40]],"properties":{"name":"Untitled Polygon","_styleUrl":"#m_ylw-pushpin0"},"id":0},{"type":"Polygon","arcs":[[41]],"properties":{"name":"Untitled Polygon","_styleUrl":"#m_ylw-pushpin0"},"id":1}]}}}
