<?xml version="1.0" encoding="UTF-8"?>
<gpx version="1.1" creator="BhuNex GIS Converter" xmlns="http://www.topografix.com/GPX/1/1">
<metadata><name>PKR_CADASTRAL_MAP.kmz</name></metadata>
<wpt lat="0.00021225" lon="82.51201405"><ele>0.000</ele><name>BP1</name><desc>&lt;table border=&quot;1&quot; cellpadding=&quot;4&quot; cellspacing=&quot;0&quot; style=&quot;border-collapse:collapse;font-family:Arial;font-size:12px&quot;&gt;&lt;tr&gt;&lt;th align=&quot;left&quot;&gt;Parameter&lt;/th&gt;&lt;th align=&quot;left&quot;&gt;Value&lt;/th&gt;&lt;/tr&gt;&lt;tr&gt;&lt;td&gt;Pillar&lt;/td&gt;&lt;td&gt;BP1&lt;/td&gt;&lt;/tr&gt;&lt;tr&gt;&lt;td&gt;Lease&lt;/td&gt;&lt;td&gt;Pakhar 15.58 Ha&lt;/td&gt;&lt;/tr&gt;&lt;tr&gt;&lt;td&gt;Latitude&lt;/td&gt;&lt;td&gt;23.53311211&lt;/td&gt;&lt;/tr&gt;&lt;tr&gt;&lt;td&gt;Longitude&lt;/td&gt;&lt;td&gt;84.60198989&lt;/td&gt;&lt;/tr&gt;&lt;tr&gt;&lt;td&gt;Easting (m)&lt;/td&gt;&lt;td&gt;255174.933&lt;/td&gt;&lt;/tr&gt;&lt;tr&gt;&lt;td&gt;Northing (m)&lt;/td&gt;&lt;td&gt;2604583.576&lt;/td&gt;&lt;/tr&gt;&lt;tr&gt;&lt;td&gt;Zone / Datum&lt;/td&gt;&lt;td&gt;UTM 45N / WGS84&lt;/td&gt;&lt;/tr&gt;&lt;/table&gt;</desc></wpt>
<wpt lat="0.00021226" lon="82.51201405"><ele>0.000</ele><name>BP2</name><desc>&lt;table border=&quot;1&quot; cellpadding=&quot;4&quot; cellspacing=&quot;0&quot; style=&quot;border-collapse:collapse;font-family:Arial;font-size:12px&quot;&gt;&lt;tr&gt;&lt;th align=&quot;left&quot;&gt;Parameter&lt;/th&gt;&lt;th align=&quot;left&quot;&gt;Value&lt;/th&gt;&lt;/tr&gt;&lt;tr&gt;&lt;td&gt;Pillar&lt;/td&gt;&lt;td&gt;BP2&lt;/td&gt;&lt;/tr&gt;&lt;tr&gt;&lt;td&gt;Lease&lt;/td&gt;&lt;td&gt;Pakhar 15.58 Ha&lt;/td&gt;&lt;/tr&gt;&lt;tr&gt;&lt;td&gt;Latitude&lt;/td&gt;&lt;td&gt;23.53354079&lt;/td&gt;&lt;/tr&gt;&lt;tr&gt;&lt;td&gt;Longitude&lt;/td&gt;&lt;td&gt;84.60183686&lt;/td&gt;&lt;/tr&gt;&lt;tr&gt;&lt;td&gt;Easting (m)&lt;/td&gt;&lt;td&gt;255160.098&lt;/td&gt;&lt;/tr&gt;&lt;tr&gt;&lt;td&gt;Northing (m)&lt;/td&gt;&lt;td&gt;2604631.324&lt;/td&gt;&lt;/tr&gt;&lt;tr&gt;&lt;td&gt;Zone / Datum&lt;/td&gt;&lt;td&gt;UTM 45N / WGS84&lt;/td&gt;&lt;/tr&gt;&lt;/table&gt;</desc></wpt>
<wpt lat="0.00021226" lon="82.51201405"><ele>0.000</ele><name>BP3</name><desc>&lt;table border=&quot;1&quot; cellpadding=&quot;4&quot; cellspacing=&quot;0&quot; style=&quot;border-collapse:collapse;font-family:Arial;font-size:12px&quot;&gt;&lt;tr&gt;&lt;th align=&quot;left&quot;&gt;Parameter&lt;/th&gt;&lt;th align=&quot;left&quot;&gt;Value&lt;/th&gt;&lt;/tr&gt;&lt;tr&gt;&lt;td&gt;Pillar&lt;/td&gt;&lt;td&gt;BP3&lt;/td&gt;&lt;/tr&gt;&lt;tr&gt;&lt;td&gt;Lease&lt;/td&gt;&lt;td&gt;Pakhar 15.58 Ha&lt;/td&gt;&lt;/tr&gt;&lt;tr&gt;&lt;td&gt;Latitude&lt;/td&gt;&lt;td&gt;23.53397040&lt;/td&gt;&lt;/tr&gt;&lt;tr&gt;&lt;td&gt;Longitude&lt;/td&gt;&lt;td&gt;84.60168687&lt;/td&gt;&lt;/tr&gt;&lt;tr&gt;&lt;td&gt;Easting (m)&lt;/td&gt;&lt;td&gt;255145.574&lt;/td&gt;&lt;/tr&gt;&lt;tr&gt;&lt;td&gt;Northing (m)&lt;/td&gt;&lt;td&gt;2604679.169&lt;/td&gt;&lt;/tr&gt;&lt;tr&gt;&lt;td&gt;Zone / Datum&lt;/td&gt;&lt;td&gt;UTM 45N / WGS84&lt;/td&gt;&lt;/tr&gt;&lt;/table&gt;</desc></wpt>
<wpt lat="0.00021227" lon="82.51201405"><ele>0.000</ele><name>BP4</name><desc>&lt;table border=&quot;1&quot; cellpadding=&quot;4&quot; cellspacing=&quot;0&quot; style=&quot;border-collapse:collapse;font-family:Arial;font-size:12px&quot;&gt;&lt;tr&gt;&lt;th align=&quot;left&quot;&gt;Parameter&lt;/th&gt;&lt;th align=&quot;left&quot;&gt;Value&lt;/th&gt;&lt;/tr&gt;&lt;tr&gt;&lt;td&gt;Pillar&lt;/td&gt;&lt;td&gt;BP4&lt;/td&gt;&lt;/tr&gt;&lt;tr&gt;&lt;td&gt;Lease&lt;/td&gt;&lt;td&gt;Pakhar 15.58 Ha&lt;/td&gt;&lt;/tr&gt;&lt;tr&gt;&lt;td&gt;Latitude&lt;/td&gt;&lt;td&gt;23.53441844&lt;/td&gt;&lt;/tr&gt;&lt;tr&gt;&lt;td&gt;Longitude&lt;/td&gt;&lt;td&gt;84.60153065&lt;/td&gt;&lt;/tr&gt;&lt;tr&gt;&lt;td&gt;Easting (m)&lt;/td&gt;&lt;td&gt;255130.449&lt;/td&gt;&lt;/tr&gt;&lt;tr&gt;&lt;td&gt;Northing (m)&lt;/td&gt;&lt;td&gt;2604729.067&lt;/td&gt;&lt;/tr&gt;&lt;tr&gt;&lt;td&gt;Zone / Datum&lt;/td&gt;&lt;td&gt;UTM 45N / WGS84&lt;/td&gt;&lt;/tr&gt;&lt;/table&gt;</desc></wpt>
<wpt lat="0.00021227" lon="82.51201405"><ele>0.000</ele><name>BP5</name><desc>&lt;table border=&quot;1&quot; cellpadding=&quot;4&quot; cellspacing=&quot;0&quot; style=&quot;border-collapse:collapse;font-family:Arial;font-size:12px&quot;&gt;&lt;tr&gt;&lt;th align=&quot;left&quot;&gt;Parameter&lt;/th&gt;&lt;th align=&quot;left&quot;&gt;Value&lt;/th&gt;&lt;/tr&gt;&lt;tr&gt;&lt;td&gt;Pillar&lt;/td&gt;&lt;td&gt;BP5&lt;/td&gt;&lt;/tr&gt;&lt;tr&gt;&lt;td&gt;Lease&lt;/td&gt;&lt;td&gt;Pakhar 15.58 Ha&lt;/td&gt;&lt;/tr&gt;&lt;tr&gt;&lt;td&gt;Latitude&lt;/td&gt;&lt;td&gt;23.53469326&lt;/td&gt;&lt;/tr&gt;&lt;tr&gt;&lt;td&gt;Longitude&lt;/td&gt;&lt;td&gt;84.60127961&lt;/td&gt;&lt;/tr&gt;&lt;tr&gt;&lt;td&gt;Easting (m)&lt;/td&gt;&lt;td&gt;255105.318&lt;/td&gt;&lt;/tr&gt;&lt;tr&gt;&lt;td&gt;Northing (m)&lt;/td&gt;&lt;td&gt;2604759.939&lt;/td&gt;&lt;/tr&gt;&lt;tr&gt;&lt;td&gt;Zone / Datum&lt;/td&gt;&lt;td&gt;UTM 45N / WGS84&lt;/td&gt;&lt;/tr&gt;&lt;/table&gt;</desc></wpt>
<wpt lat="0.00021227" lon="82.51201404"><ele>0.000</ele><name>BP6</name><desc>&lt;table border=&quot;1&quot; cellpadding=&quot;4&quot; cellspacing=&quot;0&quot; style=&quot;border-collapse:collapse;font-family:Arial;font-size:12px&quot;&gt;&lt;tr&gt;&lt;th align=&quot;left&quot;&gt;Parameter&lt;/th&gt;&lt;th align=&quot;left&quot;&gt;Value&lt;/th&gt;&lt;/tr&gt;&lt;tr&gt;&lt;td&gt;Pillar&lt;/td&gt;&lt;td&gt;BP6&lt;/td&gt;&lt;/tr&gt;&lt;tr&gt;&lt;td&gt;Lease&lt;/td&gt;&lt;td&gt;Pakhar 15.58 Ha&lt;/td&gt;&lt;/tr&gt;&lt;tr&gt;&lt;td&gt;Latitude&lt;/td&gt;&lt;td&gt;23.53497209&lt;/td&gt;&lt;/tr&gt;&lt;tr&gt;&lt;td&gt;Longitude&lt;/td&gt;&lt;td&gt;84.60089473&lt;/td&gt;&lt;/tr&gt;&lt;tr&gt;&lt;td&gt;Easting (m)&lt;/td&gt;&lt;td&gt;255066.525&lt;/td&gt;&lt;/tr&gt;&lt;tr&gt;&lt;td&gt;Northing (m)&lt;/td&gt;&lt;td&gt;2604791.484&lt;/td&gt;&lt;/tr&gt;&lt;tr&gt;&lt;td&gt;Zone / Datum&lt;/td&gt;&lt;td&gt;UTM 45N / WGS84&lt;/td&gt;&lt;/tr&gt;&lt;/table&gt;</desc></wpt>
<wpt lat="0.00021227" lon="82.51201404"><ele>0.000</ele><name>BP7</name><desc>&lt;table border=&quot;1&quot; cellpadding=&quot;4&quot; cellspacing=&quot;0&quot; style=&quot;border-collapse:collapse;font-family:Arial;font-size:12px&quot;&gt;&lt;tr&gt;&lt;th align=&quot;left&quot;&gt;Parameter&lt;/th&gt;&lt;th align=&quot;left&quot;&gt;Value&lt;/th&gt;&lt;/tr&gt;&lt;tr&gt;&lt;td&gt;Pillar&lt;/td&gt;&lt;td&gt;BP7&lt;/td&gt;&lt;/tr&gt;&lt;tr&gt;&lt;td&gt;Lease&lt;/td&gt;&lt;td&gt;Pakhar 15.58 Ha&lt;/td&gt;&lt;/tr&gt;&lt;tr&gt;&lt;td&gt;Latitude&lt;/td&gt;&lt;td&gt;23.53525224&lt;/td&gt;&lt;/tr&gt;&lt;tr&gt;&lt;td&gt;Longitude&lt;/td&gt;&lt;td&gt;84.60051097&lt;/td&gt;&lt;/tr&gt;&lt;tr&gt;&lt;td&gt;Easting (m)&lt;/td&gt;&lt;td&gt;255027.849&lt;/td&gt;&lt;/tr&gt;&lt;tr&gt;&lt;td&gt;Northing (m)&lt;/td&gt;&lt;td&gt;2604823.173&lt;/td&gt;&lt;/tr&gt;&lt;tr&gt;&lt;td&gt;Zone / Datum&lt;/td&gt;&lt;td&gt;UTM 45N / WGS84&lt;/td&gt;&lt;/tr&gt;&lt;/table&gt;</desc></wpt>
<wpt lat="0.00021228" lon="82.51201404"><ele>0.000</ele><name>BP8</name><desc>&lt;table border=&quot;1&quot; cellpadding=&quot;4&quot; cellspacing=&quot;0&quot; style=&quot;border-collapse:collapse;font-family:Arial;font-size:12px&quot;&gt;&lt;tr&gt;&lt;th align=&quot;left&quot;&gt;Parameter&lt;/th&gt;&lt;th align=&quot;left&quot;&gt;Value&lt;/th&gt;&lt;/tr&gt;&lt;tr&gt;&lt;td&gt;Pillar&lt;/td&gt;&lt;td&gt;BP8&lt;/td&gt;&lt;/tr&gt;&lt;tr&gt;&lt;td&gt;Lease&lt;/td&gt;&lt;td&gt;Pakhar 15.58 Ha&lt;/td&gt;&lt;/tr&gt;&lt;tr&gt;&lt;td&gt;Latitude&lt;/td&gt;&lt;td&gt;23.53542733&lt;/td&gt;&lt;/tr&gt;&lt;tr&gt;&lt;td&gt;Longitude&lt;/td&gt;&lt;td&gt;84.60027192&lt;/td&gt;&lt;/tr&gt;&lt;tr&gt;&lt;td&gt;Easting (m)&lt;/td&gt;&lt;td&gt;255003.758&lt;/td&gt;&lt;/tr&gt;&lt;tr&gt;&lt;td&gt;Northing (m)&lt;/td&gt;&lt;td&gt;2604842.976&lt;/td&gt;&lt;/tr&gt;&lt;tr&gt;&lt;td&gt;Zone / Datum&lt;/td&gt;&lt;td&gt;UTM 45N / WGS84&lt;/td&gt;&lt;/tr&gt;&lt;/table&gt;</desc></wpt>
<wpt lat="0.00021228" lon="82.51201403"><ele>0.000</ele><name>BP9</name><desc>&lt;table border=&quot;1&quot; cellpadding=&quot;4&quot; cellspacing=&quot;0&quot; style=&quot;border-collapse:collapse;font-family:Arial;font-size:12px&quot;&gt;&lt;tr&gt;&lt;th align=&quot;left&quot;&gt;Parameter&lt;/th&gt;&lt;th align=&quot;left&quot;&gt;Value&lt;/th&gt;&lt;/tr&gt;&lt;tr&gt;&lt;td&gt;Pillar&lt;/td&gt;&lt;td&gt;BP9&lt;/td&gt;&lt;/tr&gt;&lt;tr&gt;&lt;td&gt;Lease&lt;/td&gt;&lt;td&gt;Pakhar 15.58 Ha&lt;/td&gt;&lt;/tr&gt;&lt;tr&gt;&lt;td&gt;Latitude&lt;/td&gt;&lt;td&gt;23.53546964&lt;/td&gt;&lt;/tr&gt;&lt;tr&gt;&lt;td&gt;Longitude&lt;/td&gt;&lt;td&gt;84.59978458&lt;/td&gt;&lt;/tr&gt;&lt;tr&gt;&lt;td&gt;Easting (m)&lt;/td&gt;&lt;td&gt;254954.063&lt;/td&gt;&lt;/tr&gt;&lt;tr&gt;&lt;td&gt;Northing (m)&lt;/td&gt;&lt;td&gt;2604848.496&lt;/td&gt;&lt;/tr&gt;&lt;tr&gt;&lt;td&gt;Zone / Datum&lt;/td&gt;&lt;td&gt;UTM 45N / WGS84&lt;/td&gt;&lt;/tr&gt;&lt;/table&gt;</desc></wpt>
<wpt lat="0.00021228" lon="82.51201403"><ele>0.000</ele><name>BP10</name><desc>&lt;table border=&quot;1&quot; cellpadding=&quot;4&quot; cellspacing=&quot;0&quot; style=&quot;border-collapse:collapse;font-family:Arial;font-size:12px&quot;&gt;&lt;tr&gt;&lt;th align=&quot;left&quot;&gt;Parameter&lt;/th&gt;&lt;th align=&quot;left&quot;&gt;Value&lt;/th&gt;&lt;/tr&gt;&lt;tr&gt;&lt;td&gt;Pillar&lt;/td&gt;&lt;td&gt;BP10&lt;/td&gt;&lt;/tr&gt;&lt;tr&gt;&lt;td&gt;Lease&lt;/td&gt;&lt;td&gt;Pakhar 15.58 Ha&lt;/td&gt;&lt;/tr&gt;&lt;tr&gt;&lt;td&gt;Latitude&lt;/td&gt;&lt;td&gt;23.53551194&lt;/td&gt;&lt;/tr&gt;&lt;tr&gt;&lt;td&gt;Longitude&lt;/td&gt;&lt;td&gt;84.59929726&lt;/td&gt;&lt;/tr&gt;&lt;tr&gt;&lt;td&gt;Easting (m)&lt;/td&gt;&lt;td&gt;254904.369&lt;/td&gt;&lt;/tr&gt;&lt;tr&gt;&lt;td&gt;Northing (m)&lt;/td&gt;&lt;td&gt;2604854.015&lt;/td&gt;&lt;/tr&gt;&lt;tr&gt;&lt;td&gt;Zone / Datum&lt;/td&gt;&lt;td&gt;UTM 45N / WGS84&lt;/td&gt;&lt;/tr&gt;&lt;/table&gt;</desc></wpt>
<wpt lat="0.00021228" lon="82.51201402"><ele>0.000</ele><name>BP11</name><desc>&lt;table border=&quot;1&quot; cellpadding=&quot;4&quot; cellspacing=&quot;0&quot; style=&quot;border-collapse:collapse;font-family:Arial;font-size:12px&quot;&gt;&lt;tr&gt;&lt;th align=&quot;left&quot;&gt;Parameter&lt;/th&gt;&lt;th align=&quot;left&quot;&gt;Value&lt;/th&gt;&lt;/tr&gt;&lt;tr&gt;&lt;td&gt;Pillar&lt;/td&gt;&lt;td&gt;BP11&lt;/td&gt;&lt;/tr&gt;&lt;tr&gt;&lt;td&gt;Lease&lt;/td&gt;&lt;td&gt;Pakhar 15.58 Ha&lt;/td&gt;&lt;/tr&gt;&lt;tr&gt;&lt;td&gt;Latitude&lt;/td&gt;&lt;td&gt;23.53554166&lt;/td&gt;&lt;/tr&gt;&lt;tr&gt;&lt;td&gt;Longitude&lt;/td&gt;&lt;td&gt;84.59895489&lt;/td&gt;&lt;/tr&gt;&lt;tr&gt;&lt;td&gt;Easting (m)&lt;/td&gt;&lt;td&gt;254869.456&lt;/td&gt;&lt;/tr&gt;&lt;tr&gt;&lt;td&gt;Northing (m)&lt;/td&gt;&lt;td&gt;2604857.893&lt;/td&gt;&lt;/tr&gt;&lt;tr&gt;&lt;td&gt;Zone / Datum&lt;/td&gt;&lt;td&gt;UTM 45N / WGS84&lt;/td&gt;&lt;/tr&gt;&lt;/table&gt;</desc></wpt>
<wpt lat="0.00021228" lon="82.51201403"><ele>0.000</ele><name>BP12</name><desc>&lt;table border=&quot;1&quot; cellpadding=&quot;4&quot; cellspacing=&quot;0&quot; style=&quot;border-collapse:collapse;font-family:Arial;font-size:12px&quot;&gt;&lt;tr&gt;&lt;th align=&quot;left&quot;&gt;Parameter&lt;/th&gt;&lt;th align=&quot;left&quot;&gt;Value&lt;/th&gt;&lt;/tr&gt;&lt;tr&gt;&lt;td&gt;Pillar&lt;/td&gt;&lt;td&gt;BP12&lt;/td&gt;&lt;/tr&gt;&lt;tr&gt;&lt;td&gt;Lease&lt;/td&gt;&lt;td&gt;Pakhar 15.58 Ha&lt;/td&gt;&lt;/tr&gt;&lt;tr&gt;&lt;td&gt;Latitude&lt;/td&gt;&lt;td&gt;23.53591425&lt;/td&gt;&lt;/tr&gt;&lt;tr&gt;&lt;td&gt;Longitude&lt;/td&gt;&lt;td&gt;84.59923109&lt;/td&gt;&lt;/tr&gt;&lt;tr&gt;&lt;td&gt;Easting (m)&lt;/td&gt;&lt;td&gt;254898.357&lt;/td&gt;&lt;/tr&gt;&lt;tr&gt;&lt;td&gt;Northing (m)&lt;/td&gt;&lt;td&gt;2604898.694&lt;/td&gt;&lt;/tr&gt;&lt;tr&gt;&lt;td&gt;Zone / Datum&lt;/td&gt;&lt;td&gt;UTM 45N / WGS84&lt;/td&gt;&lt;/tr&gt;&lt;/table&gt;</desc></wpt>
<wpt lat="0.00021228" lon="82.51201403"><ele>0.000</ele><name>BP13</name><desc>&lt;table border=&quot;1&quot; cellpadding=&quot;4&quot; cellspacing=&quot;0&quot; style=&quot;border-collapse:collapse;font-family:Arial;font-size:12px&quot;&gt;&lt;tr&gt;&lt;th align=&quot;left&quot;&gt;Parameter&lt;/th&gt;&lt;th align=&quot;left&quot;&gt;Value&lt;/th&gt;&lt;/tr&gt;&lt;tr&gt;&lt;td&gt;Pillar&lt;/td&gt;&lt;td&gt;BP13&lt;/td&gt;&lt;/tr&gt;&lt;tr&gt;&lt;td&gt;Lease&lt;/td&gt;&lt;td&gt;Pakhar 15.58 Ha&lt;/td&gt;&lt;/tr&gt;&lt;tr&gt;&lt;td&gt;Latitude&lt;/td&gt;&lt;td&gt;23.53621731&lt;/td&gt;&lt;/tr&gt;&lt;tr&gt;&lt;td&gt;Longitude&lt;/td&gt;&lt;td&gt;84.59945576&lt;/td&gt;&lt;/tr&gt;&lt;tr&gt;&lt;td&gt;Easting (m)&lt;/td&gt;&lt;td&gt;254921.865&lt;/td&gt;&lt;/tr&gt;&lt;tr&gt;&lt;td&gt;Northing (m)&lt;/td&gt;&lt;td&gt;2604931.881&lt;/td&gt;&lt;/tr&gt;&lt;tr&gt;&lt;td&gt;Zone / Datum&lt;/td&gt;&lt;td&gt;UTM 45N / WGS84&lt;/td&gt;&lt;/tr&gt;&lt;/table&gt;</desc></wpt>
<wpt lat="0.00021229" lon="82.51201403"><ele>0.000</ele><name>BP14</name><desc>&lt;table border=&quot;1&quot; cellpadding=&quot;4&quot; cellspacing=&quot;0&quot; style=&quot;border-collapse:collapse;font-family:Arial;font-size:12px&quot;&gt;&lt;tr&gt;&lt;th align=&quot;left&quot;&gt;Parameter&lt;/th&gt;&lt;th align=&quot;left&quot;&gt;Value&lt;/th&gt;&lt;/tr&gt;&lt;tr&gt;&lt;td&gt;Pillar&lt;/td&gt;&lt;td&gt;BP14&lt;/td&gt;&lt;/tr&gt;&lt;tr&gt;&lt;td&gt;Lease&lt;/td&gt;&lt;td&gt;Pakhar 15.58 Ha&lt;/td&gt;&lt;/tr&gt;&lt;tr&gt;&lt;td&gt;Latitude&lt;/td&gt;&lt;td&gt;23.53656664&lt;/td&gt;&lt;/tr&gt;&lt;tr&gt;&lt;td&gt;Longitude&lt;/td&gt;&lt;td&gt;84.59914585&lt;/td&gt;&lt;/tr&gt;&lt;tr&gt;&lt;td&gt;Easting (m)&lt;/td&gt;&lt;td&gt;254890.861&lt;/td&gt;&lt;/tr&gt;&lt;tr&gt;&lt;td&gt;Northing (m)&lt;/td&gt;&lt;td&gt;2604971.108&lt;/td&gt;&lt;/tr&gt;&lt;tr&gt;&lt;td&gt;Zone / Datum&lt;/td&gt;&lt;td&gt;UTM 45N / WGS84&lt;/td&gt;&lt;/tr&gt;&lt;/table&gt;</desc></wpt>
<wpt lat="0.00021229" lon="82.51201403"><ele>0.000</ele><name>BP15</name><desc>&lt;table border=&quot;1&quot; cellpadding=&quot;4&quot; cellspacing=&quot;0&quot; style=&quot;border-collapse:collapse;font-family:Arial;font-size:12px&quot;&gt;&lt;tr&gt;&lt;th align=&quot;left&quot;&gt;Parameter&lt;/th&gt;&lt;th align=&quot;left&quot;&gt;Value&lt;/th&gt;&lt;/tr&gt;&lt;tr&gt;&lt;td&gt;Pillar&lt;/td&gt;&lt;td&gt;BP15&lt;/td&gt;&lt;/tr&gt;&lt;tr&gt;&lt;td&gt;Lease&lt;/td&gt;&lt;td&gt;Pakhar 15.58 Ha&lt;/td&gt;&lt;/tr&gt;&lt;tr&gt;&lt;td&gt;Latitude&lt;/td&gt;&lt;td&gt;23.53674758&lt;/td&gt;&lt;/tr&gt;&lt;tr&gt;&lt;td&gt;Longitude&lt;/td&gt;&lt;td&gt;84.59898534&lt;/td&gt;&lt;/tr&gt;&lt;tr&gt;&lt;td&gt;Easting (m)&lt;/td&gt;&lt;td&gt;254874.803&lt;/td&gt;&lt;/tr&gt;&lt;tr&gt;&lt;td&gt;Northing (m)&lt;/td&gt;&lt;td&gt;2604991.425&lt;/td&gt;&lt;/tr&gt;&lt;tr&gt;&lt;td&gt;Zone / Datum&lt;/td&gt;&lt;td&gt;UTM 45N / WGS84&lt;/td&gt;&lt;/tr&gt;&lt;/table&gt;</desc></wpt>
<wpt lat="0.00021229" lon="82.51201403"><ele>0.000</ele><name>BP16</name><desc>&lt;table border=&quot;1&quot; cellpadding=&quot;4&quot; cellspacing=&quot;0&quot; style=&quot;border-collapse:collapse;font-family:Arial;font-size:12px&quot;&gt;&lt;tr&gt;&lt;th align=&quot;left&quot;&gt;Parameter&lt;/th&gt;&lt;th align=&quot;left&quot;&gt;Value&lt;/th&gt;&lt;/tr&gt;&lt;tr&gt;&lt;td&gt;Pillar&lt;/td&gt;&lt;td&gt;BP16&lt;/td&gt;&lt;/tr&gt;&lt;tr&gt;&lt;td&gt;Lease&lt;/td&gt;&lt;td&gt;Pakhar 15.58 Ha&lt;/td&gt;&lt;/tr&gt;&lt;tr&gt;&lt;td&gt;Latitude&lt;/td&gt;&lt;td&gt;23.53705405&lt;/td&gt;&lt;/tr&gt;&lt;tr&gt;&lt;td&gt;Longitude&lt;/td&gt;&lt;td&gt;84.59906529&lt;/td&gt;&lt;/tr&gt;&lt;tr&gt;&lt;td&gt;Easting (m)&lt;/td&gt;&lt;td&gt;254883.537&lt;/td&gt;&lt;/tr&gt;&lt;tr&gt;&lt;td&gt;Northing (m)&lt;/td&gt;&lt;td&gt;2605025.237&lt;/td&gt;&lt;/tr&gt;&lt;tr&gt;&lt;td&gt;Zone / Datum&lt;/td&gt;&lt;td&gt;UTM 45N / WGS84&lt;/td&gt;&lt;/tr&gt;&lt;/table&gt;</desc></wpt>
<wpt lat="0.00021229" lon="82.51201402"><ele>0.000</ele><name>BP17</name><desc>&lt;table border=&quot;1&quot; cellpadding=&quot;4&quot; cellspacing=&quot;0&quot; style=&quot;border-collapse:collapse;font-family:Arial;font-size:12px&quot;&gt;&lt;tr&gt;&lt;th align=&quot;left&quot;&gt;Parameter&lt;/th&gt;&lt;th align=&quot;left&quot;&gt;Value&lt;/th&gt;&lt;/tr&gt;&lt;tr&gt;&lt;td&gt;Pillar&lt;/td&gt;&lt;td&gt;BP17&lt;/td&gt;&lt;/tr&gt;&lt;tr&gt;&lt;td&gt;Lease&lt;/td&gt;&lt;td&gt;Pakhar 15.58 Ha&lt;/td&gt;&lt;/tr&gt;&lt;tr&gt;&lt;td&gt;Latitude&lt;/td&gt;&lt;td&gt;23.53727057&lt;/td&gt;&lt;/tr&gt;&lt;tr&gt;&lt;td&gt;Longitude&lt;/td&gt;&lt;td&gt;84.59863581&lt;/td&gt;&lt;/tr&gt;&lt;tr&gt;&lt;td&gt;Easting (m)&lt;/td&gt;&lt;td&gt;254840.075&lt;/td&gt;&lt;/tr&gt;&lt;tr&gt;&lt;td&gt;Northing (m)&lt;/td&gt;&lt;td&gt;2605049.957&lt;/td&gt;&lt;/tr&gt;&lt;tr&gt;&lt;td&gt;Zone / Datum&lt;/td&gt;&lt;td&gt;UTM 45N / WGS84&lt;/td&gt;&lt;/tr&gt;&lt;/table&gt;</desc></wpt>
<wpt lat="0.00021229" lon="82.51201402"><ele>0.000</ele><name>BP18</name><desc>&lt;table border=&quot;1&quot; cellpadding=&quot;4&quot; cellspacing=&quot;0&quot; style=&quot;border-collapse:collapse;font-family:Arial;font-size:12px&quot;&gt;&lt;tr&gt;&lt;th align=&quot;left&quot;&gt;Parameter&lt;/th&gt;&lt;th align=&quot;left&quot;&gt;Value&lt;/th&gt;&lt;/tr&gt;&lt;tr&gt;&lt;td&gt;Pillar&lt;/td&gt;&lt;td&gt;BP18&lt;/td&gt;&lt;/tr&gt;&lt;tr&gt;&lt;td&gt;Lease&lt;/td&gt;&lt;td&gt;Pakhar 15.58 Ha&lt;/td&gt;&lt;/tr&gt;&lt;tr&gt;&lt;td&gt;Latitude&lt;/td&gt;&lt;td&gt;23.53738562&lt;/td&gt;&lt;/tr&gt;&lt;tr&gt;&lt;td&gt;Longitude&lt;/td&gt;&lt;td&gt;84.59840761&lt;/td&gt;&lt;/tr&gt;&lt;tr&gt;&lt;td&gt;Easting (m)&lt;/td&gt;&lt;td&gt;254816.981&lt;/td&gt;&lt;/tr&gt;&lt;tr&gt;&lt;td&gt;Northing (m)&lt;/td&gt;&lt;td&gt;2605063.092&lt;/td&gt;&lt;/tr&gt;&lt;tr&gt;&lt;td&gt;Zone / Datum&lt;/td&gt;&lt;td&gt;UTM 45N / WGS84&lt;/td&gt;&lt;/tr&gt;&lt;/table&gt;</desc></wpt>
<wpt lat="0.00021229" lon="82.51201402"><ele>0.000</ele><name>BP19</name><desc>&lt;table border=&quot;1&quot; cellpadding=&quot;4&quot; cellspacing=&quot;0&quot; style=&quot;border-collapse:collapse;font-family:Arial;font-size:12px&quot;&gt;&lt;tr&gt;&lt;th align=&quot;left&quot;&gt;Parameter&lt;/th&gt;&lt;th align=&quot;left&quot;&gt;Value&lt;/th&gt;&lt;/tr&gt;&lt;tr&gt;&lt;td&gt;Pillar&lt;/td&gt;&lt;td&gt;BP19&lt;/td&gt;&lt;/tr&gt;&lt;tr&gt;&lt;td&gt;Lease&lt;/td&gt;&lt;td&gt;Pakhar 15.58 Ha&lt;/td&gt;&lt;/tr&gt;&lt;tr&gt;&lt;td&gt;Latitude&lt;/td&gt;&lt;td&gt;23.53697909&lt;/td&gt;&lt;/tr&gt;&lt;tr&gt;&lt;td&gt;Longitude&lt;/td&gt;&lt;td&gt;84.59819503&lt;/td&gt;&lt;/tr&gt;&lt;tr&gt;&lt;td&gt;Easting (m)&lt;/td&gt;&lt;td&gt;254794.516&lt;/td&gt;&lt;/tr&gt;&lt;tr&gt;&lt;td&gt;Northing (m)&lt;/td&gt;&lt;td&gt;2605018.423&lt;/td&gt;&lt;/tr&gt;&lt;tr&gt;&lt;td&gt;Zone / Datum&lt;/td&gt;&lt;td&gt;UTM 45N / WGS84&lt;/td&gt;&lt;/tr&gt;&lt;/table&gt;</desc></wpt>
<wpt lat="0.00021229" lon="82.51201402"><ele>0.000</ele><name>BP20</name><desc>&lt;table border=&quot;1&quot; cellpadding=&quot;4&quot; cellspacing=&quot;0&quot; style=&quot;border-collapse:collapse;font-family:Arial;font-size:12px&quot;&gt;&lt;tr&gt;&lt;th align=&quot;left&quot;&gt;Parameter&lt;/th&gt;&lt;th align=&quot;left&quot;&gt;Value&lt;/th&gt;&lt;/tr&gt;&lt;tr&gt;&lt;td&gt;Pillar&lt;/td&gt;&lt;td&gt;BP20&lt;/td&gt;&lt;/tr&gt;&lt;tr&gt;&lt;td&gt;Lease&lt;/td&gt;&lt;td&gt;Pakhar 15.58 Ha&lt;/td&gt;&lt;/tr&gt;&lt;tr&gt;&lt;td&gt;Latitude&lt;/td&gt;&lt;td&gt;23.53687416&lt;/td&gt;&lt;/tr&gt;&lt;tr&gt;&lt;td&gt;Longitude&lt;/td&gt;&lt;td&gt;84.59814016&lt;/td&gt;&lt;/tr&gt;&lt;tr&gt;&lt;td&gt;Easting (m)&lt;/td&gt;&lt;td&gt;254788.717&lt;/td&gt;&lt;/tr&gt;&lt;tr&gt;&lt;td&gt;Northing (m)&lt;/td&gt;&lt;td&gt;2605006.893&lt;/td&gt;&lt;/tr&gt;&lt;tr&gt;&lt;td&gt;Zone / Datum&lt;/td&gt;&lt;td&gt;UTM 45N / WGS84&lt;/td&gt;&lt;/tr&gt;&lt;/table&gt;</desc></wpt>
<wpt lat="0.00021229" lon="82.51201401"><ele>0.000</ele><name>BP21</name><desc>&lt;table border=&quot;1&quot; cellpadding=&quot;4&quot; cellspacing=&quot;0&quot; style=&quot;border-collapse:collapse;font-family:Arial;font-size:12px&quot;&gt;&lt;tr&gt;&lt;th align=&quot;left&quot;&gt;Parameter&lt;/th&gt;&lt;th align=&quot;left&quot;&gt;Value&lt;/th&gt;&lt;/tr&gt;&lt;tr&gt;&lt;td&gt;Pillar&lt;/td&gt;&lt;td&gt;BP21&lt;/td&gt;&lt;/tr&gt;&lt;tr&gt;&lt;td&gt;Lease&lt;/td&gt;&lt;td&gt;Pakhar 15.58 Ha&lt;/td&gt;&lt;/tr&gt;&lt;tr&gt;&lt;td&gt;Latitude&lt;/td&gt;&lt;td&gt;23.53708139&lt;/td&gt;&lt;/tr&gt;&lt;tr&gt;&lt;td&gt;Longitude&lt;/td&gt;&lt;td&gt;84.59770532&lt;/td&gt;&lt;/tr&gt;&lt;tr&gt;&lt;td&gt;Easting (m)&lt;/td&gt;&lt;td&gt;254744.690&lt;/td&gt;&lt;/tr&gt;&lt;tr&gt;&lt;td&gt;Northing (m)&lt;/td&gt;&lt;td&gt;2605030.592&lt;/td&gt;&lt;/tr&gt;&lt;tr&gt;&lt;td&gt;Zone / Datum&lt;/td&gt;&lt;td&gt;UTM 45N / WGS84&lt;/td&gt;&lt;/tr&gt;&lt;/table&gt;</desc></wpt>
<wpt lat="0.00021229" lon="82.51201401"><ele>0.000</ele><name>BP22</name><desc>&lt;table border=&quot;1&quot; cellpadding=&quot;4&quot; cellspacing=&quot;0&quot; style=&quot;border-collapse:collapse;font-family:Arial;font-size:12px&quot;&gt;&lt;tr&gt;&lt;th align=&quot;left&quot;&gt;Parameter&lt;/th&gt;&lt;th align=&quot;left&quot;&gt;Value&lt;/th&gt;&lt;/tr&gt;&lt;tr&gt;&lt;td&gt;Pillar&lt;/td&gt;&lt;td&gt;BP22&lt;/td&gt;&lt;/tr&gt;&lt;tr&gt;&lt;td&gt;Lease&lt;/td&gt;&lt;td&gt;Pakhar 15.58 Ha&lt;/td&gt;&lt;/tr&gt;&lt;tr&gt;&lt;td&gt;Latitude&lt;/td&gt;&lt;td&gt;23.53728895&lt;/td&gt;&lt;/tr&gt;&lt;tr&gt;&lt;td&gt;Longitude&lt;/td&gt;&lt;td&gt;84.59727067&lt;/td&gt;&lt;/tr&gt;&lt;tr&gt;&lt;td&gt;Easting (m)&lt;/td&gt;&lt;td&gt;254700.683&lt;/td&gt;&lt;/tr&gt;&lt;tr&gt;&lt;td&gt;Northing (m)&lt;/td&gt;&lt;td&gt;2605054.328&lt;/td&gt;&lt;/tr&gt;&lt;tr&gt;&lt;td&gt;Zone / Datum&lt;/td&gt;&lt;td&gt;UTM 45N / WGS84&lt;/td&gt;&lt;/tr&gt;&lt;/table&gt;</desc></wpt>
<wpt lat="0.00021229" lon="82.51201401"><ele>0.000</ele><name>BP23</name><desc>&lt;table border=&quot;1&quot; cellpadding=&quot;4&quot; cellspacing=&quot;0&quot; style=&quot;border-collapse:collapse;font-family:Arial;font-size:12px&quot;&gt;&lt;tr&gt;&lt;th align=&quot;left&quot;&gt;Parameter&lt;/th&gt;&lt;th align=&quot;left&quot;&gt;Value&lt;/th&gt;&lt;/tr&gt;&lt;tr&gt;&lt;td&gt;Pillar&lt;/td&gt;&lt;td&gt;BP23&lt;/td&gt;&lt;/tr&gt;&lt;tr&gt;&lt;td&gt;Lease&lt;/td&gt;&lt;td&gt;Pakhar 15.58 Ha&lt;/td&gt;&lt;/tr&gt;&lt;tr&gt;&lt;td&gt;Latitude&lt;/td&gt;&lt;td&gt;23.53750006&lt;/td&gt;&lt;/tr&gt;&lt;tr&gt;&lt;td&gt;Longitude&lt;/td&gt;&lt;td&gt;84.59683804&lt;/td&gt;&lt;/tr&gt;&lt;tr&gt;&lt;td&gt;Easting (m)&lt;/td&gt;&lt;td&gt;254656.889&lt;/td&gt;&lt;/tr&gt;&lt;tr&gt;&lt;td&gt;Northing (m)&lt;/td&gt;&lt;td&gt;2605078.454&lt;/td&gt;&lt;/tr&gt;&lt;tr&gt;&lt;td&gt;Zone / Datum&lt;/td&gt;&lt;td&gt;UTM 45N / WGS84&lt;/td&gt;&lt;/tr&gt;&lt;/table&gt;</desc></wpt>
<wpt lat="0.00021230" lon="82.51201400"><ele>0.000</ele><name>BP24</name><desc>&lt;table border=&quot;1&quot; cellpadding=&quot;4&quot; cellspacing=&quot;0&quot; style=&quot;border-collapse:collapse;font-family:Arial;font-size:12px&quot;&gt;&lt;tr&gt;&lt;th align=&quot;left&quot;&gt;Parameter&lt;/th&gt;&lt;th align=&quot;left&quot;&gt;Value&lt;/th&gt;&lt;/tr&gt;&lt;tr&gt;&lt;td&gt;Pillar&lt;/td&gt;&lt;td&gt;BP24&lt;/td&gt;&lt;/tr&gt;&lt;tr&gt;&lt;td&gt;Lease&lt;/td&gt;&lt;td&gt;Pakhar 15.58 Ha&lt;/td&gt;&lt;/tr&gt;&lt;tr&gt;&lt;td&gt;Latitude&lt;/td&gt;&lt;td&gt;23.53767556&lt;/td&gt;&lt;/tr&gt;&lt;tr&gt;&lt;td&gt;Longitude&lt;/td&gt;&lt;td&gt;84.59647834&lt;/td&gt;&lt;/tr&gt;&lt;tr&gt;&lt;td&gt;Easting (m)&lt;/td&gt;&lt;td&gt;254620.478&lt;/td&gt;&lt;/tr&gt;&lt;tr&gt;&lt;td&gt;Northing (m)&lt;/td&gt;&lt;td&gt;2605098.511&lt;/td&gt;&lt;/tr&gt;&lt;tr&gt;&lt;td&gt;Zone / Datum&lt;/td&gt;&lt;td&gt;UTM 45N / WGS84&lt;/td&gt;&lt;/tr&gt;&lt;/table&gt;</desc></wpt>
<wpt lat="0.00021230" lon="82.51201400"><ele>0.000</ele><name>BP25</name><desc>&lt;table border=&quot;1&quot; cellpadding=&quot;4&quot; cellspacing=&quot;0&quot; style=&quot;border-collapse:collapse;font-family:Arial;font-size:12px&quot;&gt;&lt;tr&gt;&lt;th align=&quot;left&quot;&gt;Parameter&lt;/th&gt;&lt;th align=&quot;left&quot;&gt;Value&lt;/th&gt;&lt;/tr&gt;&lt;tr&gt;&lt;td&gt;Pillar&lt;/td&gt;&lt;td&gt;BP25&lt;/td&gt;&lt;/tr&gt;&lt;tr&gt;&lt;td&gt;Lease&lt;/td&gt;&lt;td&gt;Pakhar 15.58 Ha&lt;/td&gt;&lt;/tr&gt;&lt;tr&gt;&lt;td&gt;Latitude&lt;/td&gt;&lt;td&gt;23.53812610&lt;/td&gt;&lt;/tr&gt;&lt;tr&gt;&lt;td&gt;Longitude&lt;/td&gt;&lt;td&gt;84.59650689&lt;/td&gt;&lt;/tr&gt;&lt;tr&gt;&lt;td&gt;Easting (m)&lt;/td&gt;&lt;td&gt;254624.230&lt;/td&gt;&lt;/tr&gt;&lt;tr&gt;&lt;td&gt;Northing (m)&lt;/td&gt;&lt;td&gt;2605148.370&lt;/td&gt;&lt;/tr&gt;&lt;tr&gt;&lt;td&gt;Zone / Datum&lt;/td&gt;&lt;td&gt;UTM 45N / WGS84&lt;/td&gt;&lt;/tr&gt;&lt;/table&gt;</desc></wpt>
<wpt lat="0.00021230" lon="82.51201400"><ele>0.000</ele><name>BP26</name><desc>&lt;table border=&quot;1&quot; cellpadding=&quot;4&quot; cellspacing=&quot;0&quot; style=&quot;border-collapse:collapse;font-family:Arial;font-size:12px&quot;&gt;&lt;tr&gt;&lt;th align=&quot;left&quot;&gt;Parameter&lt;/th&gt;&lt;th align=&quot;left&quot;&gt;Value&lt;/th&gt;&lt;/tr&gt;&lt;tr&gt;&lt;td&gt;Pillar&lt;/td&gt;&lt;td&gt;BP26&lt;/td&gt;&lt;/tr&gt;&lt;tr&gt;&lt;td&gt;Lease&lt;/td&gt;&lt;td&gt;Pakhar 15.58 Ha&lt;/td&gt;&lt;/tr&gt;&lt;tr&gt;&lt;td&gt;Latitude&lt;/td&gt;&lt;td&gt;23.53827649&lt;/td&gt;&lt;/tr&gt;&lt;tr&gt;&lt;td&gt;Longitude&lt;/td&gt;&lt;td&gt;84.59651641&lt;/td&gt;&lt;/tr&gt;&lt;tr&gt;&lt;td&gt;Easting (m)&lt;/td&gt;&lt;td&gt;254625.482&lt;/td&gt;&lt;/tr&gt;&lt;tr&gt;&lt;td&gt;Northing (m)&lt;/td&gt;&lt;td&gt;2605165.014&lt;/td&gt;&lt;/tr&gt;&lt;tr&gt;&lt;td&gt;Zone / Datum&lt;/td&gt;&lt;td&gt;UTM 45N / WGS84&lt;/td&gt;&lt;/tr&gt;&lt;/table&gt;</desc></wpt>
<wpt lat="0.00021230" lon="82.51201400"><ele>0.000</ele><name>BP27</name><desc>&lt;table border=&quot;1&quot; cellpadding=&quot;4&quot; cellspacing=&quot;0&quot; style=&quot;border-collapse:collapse;font-family:Arial;font-size:12px&quot;&gt;&lt;tr&gt;&lt;th align=&quot;left&quot;&gt;Parameter&lt;/th&gt;&lt;th align=&quot;left&quot;&gt;Value&lt;/th&gt;&lt;/tr&gt;&lt;tr&gt;&lt;td&gt;Pillar&lt;/td&gt;&lt;td&gt;BP27&lt;/td&gt;&lt;/tr&gt;&lt;tr&gt;&lt;td&gt;Lease&lt;/td&gt;&lt;td&gt;Pakhar 15.58 Ha&lt;/td&gt;&lt;/tr&gt;&lt;tr&gt;&lt;td&gt;Latitude&lt;/td&gt;&lt;td&gt;23.53858465&lt;/td&gt;&lt;/tr&gt;&lt;tr&gt;&lt;td&gt;Longitude&lt;/td&gt;&lt;td&gt;84.59615879&lt;/td&gt;&lt;/tr&gt;&lt;tr&gt;&lt;td&gt;Easting (m)&lt;/td&gt;&lt;td&gt;254589.530&lt;/td&gt;&lt;/tr&gt;&lt;tr&gt;&lt;td&gt;Northing (m)&lt;/td&gt;&lt;td&gt;2605199.762&lt;/td&gt;&lt;/tr&gt;&lt;tr&gt;&lt;td&gt;Zone / Datum&lt;/td&gt;&lt;td&gt;UTM 45N / WGS84&lt;/td&gt;&lt;/tr&gt;&lt;/table&gt;</desc></wpt>
<wpt lat="0.00021230" lon="82.51201400"><ele>0.000</ele><name>BP28</name><desc>&lt;table border=&quot;1&quot; cellpadding=&quot;4&quot; cellspacing=&quot;0&quot; style=&quot;border-collapse:collapse;font-family:Arial;font-size:12px&quot;&gt;&lt;tr&gt;&lt;th align=&quot;left&quot;&gt;Parameter&lt;/th&gt;&lt;th align=&quot;left&quot;&gt;Value&lt;/th&gt;&lt;/tr&gt;&lt;tr&gt;&lt;td&gt;Pillar&lt;/td&gt;&lt;td&gt;BP28&lt;/td&gt;&lt;/tr&gt;&lt;tr&gt;&lt;td&gt;Lease&lt;/td&gt;&lt;td&gt;Pakhar 15.58 Ha&lt;/td&gt;&lt;/tr&gt;&lt;tr&gt;&lt;td&gt;Latitude&lt;/td&gt;&lt;td&gt;23.53872348&lt;/td&gt;&lt;/tr&gt;&lt;tr&gt;&lt;td&gt;Longitude&lt;/td&gt;&lt;td&gt;84.59599769&lt;/td&gt;&lt;/tr&gt;&lt;tr&gt;&lt;td&gt;Easting (m)&lt;/td&gt;&lt;td&gt;254573.334&lt;/td&gt;&lt;/tr&gt;&lt;tr&gt;&lt;td&gt;Northing (m)&lt;/td&gt;&lt;td&gt;2605215.416&lt;/td&gt;&lt;/tr&gt;&lt;tr&gt;&lt;td&gt;Zone / Datum&lt;/td&gt;&lt;td&gt;UTM 45N / WGS84&lt;/td&gt;&lt;/tr&gt;&lt;/table&gt;</desc></wpt>
<wpt lat="0.00021231" lon="82.51201400"><ele>0.000</ele><name>BP29</name><desc>&lt;table border=&quot;1&quot; cellpadding=&quot;4&quot; cellspacing=&quot;0&quot; style=&quot;border-collapse:collapse;font-family:Arial;font-size:12px&quot;&gt;&lt;tr&gt;&lt;th align=&quot;left&quot;&gt;Parameter&lt;/th&gt;&lt;th align=&quot;left&quot;&gt;Value&lt;/th&gt;&lt;/tr&gt;&lt;tr&gt;&lt;td&gt;Pillar&lt;/td&gt;&lt;td&gt;BP29&lt;/td&gt;&lt;/tr&gt;&lt;tr&gt;&lt;td&gt;Lease&lt;/td&gt;&lt;td&gt;Pakhar 15.58 Ha&lt;/td&gt;&lt;/tr&gt;&lt;tr&gt;&lt;td&gt;Latitude&lt;/td&gt;&lt;td&gt;23.53917342&lt;/td&gt;&lt;/tr&gt;&lt;tr&gt;&lt;td&gt;Longitude&lt;/td&gt;&lt;td&gt;84.59595961&lt;/td&gt;&lt;/tr&gt;&lt;tr&gt;&lt;td&gt;Easting (m)&lt;/td&gt;&lt;td&gt;254570.281&lt;/td&gt;&lt;/tr&gt;&lt;tr&gt;&lt;td&gt;Northing (m)&lt;/td&gt;&lt;td&gt;2605265.323&lt;/td&gt;&lt;/tr&gt;&lt;tr&gt;&lt;td&gt;Zone / Datum&lt;/td&gt;&lt;td&gt;UTM 45N / WGS84&lt;/td&gt;&lt;/tr&gt;&lt;/table&gt;</desc></wpt>
<wpt lat="0.00021231" lon="82.51201400"><ele>0.000</ele><name>BP30</name><desc>&lt;table border=&quot;1&quot; cellpadding=&quot;4&quot; cellspacing=&quot;0&quot; style=&quot;border-collapse:collapse;font-family:Arial;font-size:12px&quot;&gt;&lt;tr&gt;&lt;th align=&quot;left&quot;&gt;Parameter&lt;/th&gt;&lt;th align=&quot;left&quot;&gt;Value&lt;/th&gt;&lt;/tr&gt;&lt;tr&gt;&lt;td&gt;Pillar&lt;/td&gt;&lt;td&gt;BP30&lt;/td&gt;&lt;/tr&gt;&lt;tr&gt;&lt;td&gt;Lease&lt;/td&gt;&lt;td&gt;Pakhar 15.58 Ha&lt;/td&gt;&lt;/tr&gt;&lt;tr&gt;&lt;td&gt;Latitude&lt;/td&gt;&lt;td&gt;23.53962467&lt;/td&gt;&lt;/tr&gt;&lt;tr&gt;&lt;td&gt;Longitude&lt;/td&gt;&lt;td&gt;84.59595202&lt;/td&gt;&lt;/tr&gt;&lt;tr&gt;&lt;td&gt;Easting (m)&lt;/td&gt;&lt;td&gt;254570.343&lt;/td&gt;&lt;/tr&gt;&lt;tr&gt;&lt;td&gt;Northing (m)&lt;/td&gt;&lt;td&gt;2605315.323&lt;/td&gt;&lt;/tr&gt;&lt;tr&gt;&lt;td&gt;Zone / Datum&lt;/td&gt;&lt;td&gt;UTM 45N / WGS84&lt;/td&gt;&lt;/tr&gt;&lt;/table&gt;</desc></wpt>
<wpt lat="0.00021231" lon="82.51201400"><ele>0.000</ele><name>BP31</name><desc>&lt;table border=&quot;1&quot; cellpadding=&quot;4&quot; cellspacing=&quot;0&quot; style=&quot;border-collapse:collapse;font-family:Arial;font-size:12px&quot;&gt;&lt;tr&gt;&lt;th align=&quot;left&quot;&gt;Parameter&lt;/th&gt;&lt;th align=&quot;left&quot;&gt;Value&lt;/th&gt;&lt;/tr&gt;&lt;tr&gt;&lt;td&gt;Pillar&lt;/td&gt;&lt;td&gt;BP31&lt;/td&gt;&lt;/tr&gt;&lt;tr&gt;&lt;td&gt;Lease&lt;/td&gt;&lt;td&gt;Pakhar 15.58 Ha&lt;/td&gt;&lt;/tr&gt;&lt;tr&gt;&lt;td&gt;Latitude&lt;/td&gt;&lt;td&gt;23.53970637&lt;/td&gt;&lt;/tr&gt;&lt;tr&gt;&lt;td&gt;Longitude&lt;/td&gt;&lt;td&gt;84.59595064&lt;/td&gt;&lt;/tr&gt;&lt;tr&gt;&lt;td&gt;Easting (m)&lt;/td&gt;&lt;td&gt;254570.354&lt;/td&gt;&lt;/tr&gt;&lt;tr&gt;&lt;td&gt;Northing (m)&lt;/td&gt;&lt;td&gt;2605324.376&lt;/td&gt;&lt;/tr&gt;&lt;tr&gt;&lt;td&gt;Zone / Datum&lt;/td&gt;&lt;td&gt;UTM 45N / WGS84&lt;/td&gt;&lt;/tr&gt;&lt;/table&gt;</desc></wpt>
<wpt lat="0.00021232" lon="82.51201400"><ele>0.000</ele><name>BP32</name><desc>&lt;table border=&quot;1&quot; cellpadding=&quot;4&quot; cellspacing=&quot;0&quot; style=&quot;border-collapse:collapse;font-family:Arial;font-size:12px&quot;&gt;&lt;tr&gt;&lt;th align=&quot;left&quot;&gt;Parameter&lt;/th&gt;&lt;th align=&quot;left&quot;&gt;Value&lt;/th&gt;&lt;/tr&gt;&lt;tr&gt;&lt;td&gt;Pillar&lt;/td&gt;&lt;td&gt;BP32&lt;/td&gt;&lt;/tr&gt;&lt;tr&gt;&lt;td&gt;Lease&lt;/td&gt;&lt;td&gt;Pakhar 15.58 Ha&lt;/td&gt;&lt;/tr&gt;&lt;tr&gt;&lt;td&gt;Latitude&lt;/td&gt;&lt;td&gt;23.54014763&lt;/td&gt;&lt;/tr&gt;&lt;tr&gt;&lt;td&gt;Longitude&lt;/td&gt;&lt;td&gt;84.59605334&lt;/td&gt;&lt;/tr&gt;&lt;tr&gt;&lt;td&gt;Easting (m)&lt;/td&gt;&lt;td&gt;254581.663&lt;/td&gt;&lt;/tr&gt;&lt;tr&gt;&lt;td&gt;Northing (m)&lt;/td&gt;&lt;td&gt;2605373.080&lt;/td&gt;&lt;/tr&gt;&lt;tr&gt;&lt;td&gt;Zone / Datum&lt;/td&gt;&lt;td&gt;UTM 45N / WGS84&lt;/td&gt;&lt;/tr&gt;&lt;/table&gt;</desc></wpt>
<wpt lat="0.00021232" lon="82.51201400"><ele>0.000</ele><name>BP33</name><desc>&lt;table border=&quot;1&quot; cellpadding=&quot;4&quot; cellspacing=&quot;0&quot; style=&quot;border-collapse:collapse;font-family:Arial;font-size:12px&quot;&gt;&lt;tr&gt;&lt;th align=&quot;left&quot;&gt;Parameter&lt;/th&gt;&lt;th align=&quot;left&quot;&gt;Value&lt;/th&gt;&lt;/tr&gt;&lt;tr&gt;&lt;td&gt;Pillar&lt;/td&gt;&lt;td&gt;BP33&lt;/td&gt;&lt;/tr&gt;&lt;tr&gt;&lt;td&gt;Lease&lt;/td&gt;&lt;td&gt;Pakhar 15.58 Ha&lt;/td&gt;&lt;/tr&gt;&lt;tr&gt;&lt;td&gt;Latitude&lt;/td&gt;&lt;td&gt;23.54049939&lt;/td&gt;&lt;/tr&gt;&lt;tr&gt;&lt;td&gt;Longitude&lt;/td&gt;&lt;td&gt;84.59613522&lt;/td&gt;&lt;/tr&gt;&lt;tr&gt;&lt;td&gt;Easting (m)&lt;/td&gt;&lt;td&gt;254590.679&lt;/td&gt;&lt;/tr&gt;&lt;tr&gt;&lt;td&gt;Northing (m)&lt;/td&gt;&lt;td&gt;2605411.906&lt;/td&gt;&lt;/tr&gt;&lt;tr&gt;&lt;td&gt;Zone / Datum&lt;/td&gt;&lt;td&gt;UTM 45N / WGS84&lt;/td&gt;&lt;/tr&gt;&lt;/table&gt;</desc></wpt>
<wpt lat="0.00021232" lon="82.51201400"><ele>0.000</ele><name>BP34</name><desc>&lt;table border=&quot;1&quot; cellpadding=&quot;4&quot; cellspacing=&quot;0&quot; style=&quot;border-collapse:collapse;font-family:Arial;font-size:12px&quot;&gt;&lt;tr&gt;&lt;th align=&quot;left&quot;&gt;Parameter&lt;/th&gt;&lt;th align=&quot;left&quot;&gt;Value&lt;/th&gt;&lt;/tr&gt;&lt;tr&gt;&lt;td&gt;Pillar&lt;/td&gt;&lt;td&gt;BP34&lt;/td&gt;&lt;/tr&gt;&lt;tr&gt;&lt;td&gt;Lease&lt;/td&gt;&lt;td&gt;Pakhar 15.58 Ha&lt;/td&gt;&lt;/tr&gt;&lt;tr&gt;&lt;td&gt;Latitude&lt;/td&gt;&lt;td&gt;23.54093483&lt;/td&gt;&lt;/tr&gt;&lt;tr&gt;&lt;td&gt;Longitude&lt;/td&gt;&lt;td&gt;84.59609525&lt;/td&gt;&lt;/tr&gt;&lt;tr&gt;&lt;td&gt;Easting (m)&lt;/td&gt;&lt;td&gt;254587.405&lt;/td&gt;&lt;/tr&gt;&lt;tr&gt;&lt;td&gt;Northing (m)&lt;/td&gt;&lt;td&gt;2605460.210&lt;/td&gt;&lt;/tr&gt;&lt;tr&gt;&lt;td&gt;Zone / Datum&lt;/td&gt;&lt;td&gt;UTM 45N / WGS84&lt;/td&gt;&lt;/tr&gt;&lt;/table&gt;</desc></wpt>
<wpt lat="0.00021233" lon="82.51201400"><ele>0.000</ele><name>BP35</name><desc>&lt;table border=&quot;1&quot; cellpadding=&quot;4&quot; cellspacing=&quot;0&quot; style=&quot;border-collapse:collapse;font-family:Arial;font-size:12px&quot;&gt;&lt;tr&gt;&lt;th align=&quot;left&quot;&gt;Parameter&lt;/th&gt;&lt;th align=&quot;left&quot;&gt;Value&lt;/th&gt;&lt;/tr&gt;&lt;tr&gt;&lt;td&gt;Pillar&lt;/td&gt;&lt;td&gt;BP35&lt;/td&gt;&lt;/tr&gt;&lt;tr&gt;&lt;td&gt;Lease&lt;/td&gt;&lt;td&gt;Pakhar 15.58 Ha&lt;/td&gt;&lt;/tr&gt;&lt;tr&gt;&lt;td&gt;Latitude&lt;/td&gt;&lt;td&gt;23.54118937&lt;/td&gt;&lt;/tr&gt;&lt;tr&gt;&lt;td&gt;Longitude&lt;/td&gt;&lt;td&gt;84.59585308&lt;/td&gt;&lt;/tr&gt;&lt;tr&gt;&lt;td&gt;Easting (m)&lt;/td&gt;&lt;td&gt;254563.145&lt;/td&gt;&lt;/tr&gt;&lt;tr&gt;&lt;td&gt;Northing (m)&lt;/td&gt;&lt;td&gt;2605488.821&lt;/td&gt;&lt;/tr&gt;&lt;tr&gt;&lt;td&gt;Zone / Datum&lt;/td&gt;&lt;td&gt;UTM 45N / WGS84&lt;/td&gt;&lt;/tr&gt;&lt;/table&gt;</desc></wpt>
<wpt lat="0.00021233" lon="82.51201400"><ele>0.000</ele><name>BP36</name><desc>&lt;table border=&quot;1&quot; cellpadding=&quot;4&quot; cellspacing=&quot;0&quot; style=&quot;border-collapse:collapse;font-family:Arial;font-size:12px&quot;&gt;&lt;tr&gt;&lt;th align=&quot;left&quot;&gt;Parameter&lt;/th&gt;&lt;th align=&quot;left&quot;&gt;Value&lt;/th&gt;&lt;/tr&gt;&lt;tr&gt;&lt;td&gt;Pillar&lt;/td&gt;&lt;td&gt;BP36&lt;/td&gt;&lt;/tr&gt;&lt;tr&gt;&lt;td&gt;Lease&lt;/td&gt;&lt;td&gt;Pakhar 15.58 Ha&lt;/td&gt;&lt;/tr&gt;&lt;tr&gt;&lt;td&gt;Latitude&lt;/td&gt;&lt;td&gt;23.54139817&lt;/td&gt;&lt;/tr&gt;&lt;tr&gt;&lt;td&gt;Longitude&lt;/td&gt;&lt;td&gt;84.59573648&lt;/td&gt;&lt;/tr&gt;&lt;tr&gt;&lt;td&gt;Easting (m)&lt;/td&gt;&lt;td&gt;254551.625&lt;/td&gt;&lt;/tr&gt;&lt;tr&gt;&lt;td&gt;Northing (m)&lt;/td&gt;&lt;td&gt;2605512.150&lt;/td&gt;&lt;/tr&gt;&lt;tr&gt;&lt;td&gt;Zone / Datum&lt;/td&gt;&lt;td&gt;UTM 45N / WGS84&lt;/td&gt;&lt;/tr&gt;&lt;/table&gt;</desc></wpt>
<wpt lat="0.00021233" lon="82.51201400"><ele>0.000</ele><name>BP37</name><desc>&lt;table border=&quot;1&quot; cellpadding=&quot;4&quot; cellspacing=&quot;0&quot; style=&quot;border-collapse:collapse;font-family:Arial;font-size:12px&quot;&gt;&lt;tr&gt;&lt;th align=&quot;left&quot;&gt;Parameter&lt;/th&gt;&lt;th align=&quot;left&quot;&gt;Value&lt;/th&gt;&lt;/tr&gt;&lt;tr&gt;&lt;td&gt;Pillar&lt;/td&gt;&lt;td&gt;BP37&lt;/td&gt;&lt;/tr&gt;&lt;tr&gt;&lt;td&gt;Lease&lt;/td&gt;&lt;td&gt;Pakhar 15.58 Ha&lt;/td&gt;&lt;/tr&gt;&lt;tr&gt;&lt;td&gt;Latitude&lt;/td&gt;&lt;td&gt;23.54178287&lt;/td&gt;&lt;/tr&gt;&lt;tr&gt;&lt;td&gt;Longitude&lt;/td&gt;&lt;td&gt;84.59582113&lt;/td&gt;&lt;/tr&gt;&lt;tr&gt;&lt;td&gt;Easting (m)&lt;/td&gt;&lt;td&gt;254560.985&lt;/td&gt;&lt;/tr&gt;&lt;tr&gt;&lt;td&gt;Northing (m)&lt;/td&gt;&lt;td&gt;2605554.620&lt;/td&gt;&lt;/tr&gt;&lt;tr&gt;&lt;td&gt;Zone / Datum&lt;/td&gt;&lt;td&gt;UTM 45N / WGS84&lt;/td&gt;&lt;/tr&gt;&lt;/table&gt;</desc></wpt>
<wpt lat="0.00021234" lon="82.51201400"><ele>0.000</ele><name>BP38</name><desc>&lt;table border=&quot;1&quot; cellpadding=&quot;4&quot; cellspacing=&quot;0&quot; style=&quot;border-collapse:collapse;font-family:Arial;font-size:12px&quot;&gt;&lt;tr&gt;&lt;th align=&quot;left&quot;&gt;Parameter&lt;/th&gt;&lt;th align=&quot;left&quot;&gt;Value&lt;/th&gt;&lt;/tr&gt;&lt;tr&gt;&lt;td&gt;Pillar&lt;/td&gt;&lt;td&gt;BP38&lt;/td&gt;&lt;/tr&gt;&lt;tr&gt;&lt;td&gt;Lease&lt;/td&gt;&lt;td&gt;Pakhar 15.58 Ha&lt;/td&gt;&lt;/tr&gt;&lt;tr&gt;&lt;td&gt;Latitude&lt;/td&gt;&lt;td&gt;23.54224972&lt;/td&gt;&lt;/tr&gt;&lt;tr&gt;&lt;td&gt;Longitude&lt;/td&gt;&lt;td&gt;84.59578401&lt;/td&gt;&lt;/tr&gt;&lt;tr&gt;&lt;td&gt;Easting (m)&lt;/td&gt;&lt;td&gt;254558.061&lt;/td&gt;&lt;/tr&gt;&lt;tr&gt;&lt;td&gt;Northing (m)&lt;/td&gt;&lt;td&gt;2605606.399&lt;/td&gt;&lt;/tr&gt;&lt;tr&gt;&lt;td&gt;Zone / Datum&lt;/td&gt;&lt;td&gt;UTM 45N / WGS84&lt;/td&gt;&lt;/tr&gt;&lt;/table&gt;</desc></wpt>
<wpt lat="0.00021234" lon="82.51201400"><ele>0.000</ele><name>BP39</name><desc>&lt;table border=&quot;1&quot; cellpadding=&quot;4&quot; cellspacing=&quot;0&quot; style=&quot;border-collapse:collapse;font-family:Arial;font-size:12px&quot;&gt;&lt;tr&gt;&lt;th align=&quot;left&quot;&gt;Parameter&lt;/th&gt;&lt;th align=&quot;left&quot;&gt;Value&lt;/th&gt;&lt;/tr&gt;&lt;tr&gt;&lt;td&gt;Pillar&lt;/td&gt;&lt;td&gt;BP39&lt;/td&gt;&lt;/tr&gt;&lt;tr&gt;&lt;td&gt;Lease&lt;/td&gt;&lt;td&gt;Pakhar 15.58 Ha&lt;/td&gt;&lt;/tr&gt;&lt;tr&gt;&lt;td&gt;Latitude&lt;/td&gt;&lt;td&gt;23.54252900&lt;/td&gt;&lt;/tr&gt;&lt;tr&gt;&lt;td&gt;Longitude&lt;/td&gt;&lt;td&gt;84.59566451&lt;/td&gt;&lt;/tr&gt;&lt;tr&gt;&lt;td&gt;Easting (m)&lt;/td&gt;&lt;td&gt;254546.375&lt;/td&gt;&lt;/tr&gt;&lt;tr&gt;&lt;td&gt;Northing (m)&lt;/td&gt;&lt;td&gt;2605637.541&lt;/td&gt;&lt;/tr&gt;&lt;tr&gt;&lt;td&gt;Zone / Datum&lt;/td&gt;&lt;td&gt;UTM 45N / WGS84&lt;/td&gt;&lt;/tr&gt;&lt;/table&gt;</desc></wpt>
<wpt lat="0.00021234" lon="82.51201399"><ele>0.000</ele><name>BP40</name><desc>&lt;table border=&quot;1&quot; cellpadding=&quot;4&quot; cellspacing=&quot;0&quot; style=&quot;border-collapse:collapse;font-family:Arial;font-size:12px&quot;&gt;&lt;tr&gt;&lt;th align=&quot;left&quot;&gt;Parameter&lt;/th&gt;&lt;th align=&quot;left&quot;&gt;Value&lt;/th&gt;&lt;/tr&gt;&lt;tr&gt;&lt;td&gt;Pillar&lt;/td&gt;&lt;td&gt;BP40&lt;/td&gt;&lt;/tr&gt;&lt;tr&gt;&lt;td&gt;Lease&lt;/td&gt;&lt;td&gt;Pakhar 15.58 Ha&lt;/td&gt;&lt;/tr&gt;&lt;tr&gt;&lt;td&gt;Latitude&lt;/td&gt;&lt;td&gt;23.54279491&lt;/td&gt;&lt;/tr&gt;&lt;tr&gt;&lt;td&gt;Longitude&lt;/td&gt;&lt;td&gt;84.59526899&lt;/td&gt;&lt;/tr&gt;&lt;tr&gt;&lt;td&gt;Easting (m)&lt;/td&gt;&lt;td&gt;254506.475&lt;/td&gt;&lt;/tr&gt;&lt;tr&gt;&lt;td&gt;Northing (m)&lt;/td&gt;&lt;td&gt;2605667.674&lt;/td&gt;&lt;/tr&gt;&lt;tr&gt;&lt;td&gt;Zone / Datum&lt;/td&gt;&lt;td&gt;UTM 45N / WGS84&lt;/td&gt;&lt;/tr&gt;&lt;/table&gt;</desc></wpt>
<wpt lat="0.00021234" lon="82.51201399"><ele>0.000</ele><name>BP41</name><desc>&lt;table border=&quot;1&quot; cellpadding=&quot;4&quot; cellspacing=&quot;0&quot; style=&quot;border-collapse:collapse;font-family:Arial;font-size:12px&quot;&gt;&lt;tr&gt;&lt;th align=&quot;left&quot;&gt;Parameter&lt;/th&gt;&lt;th align=&quot;left&quot;&gt;Value&lt;/th&gt;&lt;/tr&gt;&lt;tr&gt;&lt;td&gt;Pillar&lt;/td&gt;&lt;td&gt;BP41&lt;/td&gt;&lt;/tr&gt;&lt;tr&gt;&lt;td&gt;Lease&lt;/td&gt;&lt;td&gt;Pakhar 15.58 Ha&lt;/td&gt;&lt;/tr&gt;&lt;tr&gt;&lt;td&gt;Latitude&lt;/td&gt;&lt;td&gt;23.54290853&lt;/td&gt;&lt;/tr&gt;&lt;tr&gt;&lt;td&gt;Longitude&lt;/td&gt;&lt;td&gt;84.59509997&lt;/td&gt;&lt;/tr&gt;&lt;tr&gt;&lt;td&gt;Easting (m)&lt;/td&gt;&lt;td&gt;254489.425&lt;/td&gt;&lt;/tr&gt;&lt;tr&gt;&lt;td&gt;Northing (m)&lt;/td&gt;&lt;td&gt;2605680.550&lt;/td&gt;&lt;/tr&gt;&lt;tr&gt;&lt;td&gt;Zone / Datum&lt;/td&gt;&lt;td&gt;UTM 45N / WGS84&lt;/td&gt;&lt;/tr&gt;&lt;/table&gt;</desc></wpt>
<wpt lat="0.00021234" lon="82.51201399"><ele>0.000</ele><name>BP42</name><desc>&lt;table border=&quot;1&quot; cellpadding=&quot;4&quot; cellspacing=&quot;0&quot; style=&quot;border-collapse:collapse;font-family:Arial;font-size:12px&quot;&gt;&lt;tr&gt;&lt;th align=&quot;left&quot;&gt;Parameter&lt;/th&gt;&lt;th align=&quot;left&quot;&gt;Value&lt;/th&gt;&lt;/tr&gt;&lt;tr&gt;&lt;td&gt;Pillar&lt;/td&gt;&lt;td&gt;BP42&lt;/td&gt;&lt;/tr&gt;&lt;tr&gt;&lt;td&gt;Lease&lt;/td&gt;&lt;td&gt;Pakhar 15.58 Ha&lt;/td&gt;&lt;/tr&gt;&lt;tr&gt;&lt;td&gt;Latitude&lt;/td&gt;&lt;td&gt;23.54297634&lt;/td&gt;&lt;/tr&gt;&lt;tr&gt;&lt;td&gt;Longitude&lt;/td&gt;&lt;td&gt;84.59503455&lt;/td&gt;&lt;/tr&gt;&lt;tr&gt;&lt;td&gt;Easting (m)&lt;/td&gt;&lt;td&gt;254482.869&lt;/td&gt;&lt;/tr&gt;&lt;tr&gt;&lt;td&gt;Northing (m)&lt;/td&gt;&lt;td&gt;2605688.174&lt;/td&gt;&lt;/tr&gt;&lt;tr&gt;&lt;td&gt;Zone / Datum&lt;/td&gt;&lt;td&gt;UTM 45N / WGS84&lt;/td&gt;&lt;/tr&gt;&lt;/table&gt;</desc></wpt>
<wpt lat="0.00021235" lon="82.51201399"><ele>0.000</ele><name>BP43</name><desc>&lt;table border=&quot;1&quot; cellpadding=&quot;4&quot; cellspacing=&quot;0&quot; style=&quot;border-collapse:collapse;font-family:Arial;font-size:12px&quot;&gt;&lt;tr&gt;&lt;th align=&quot;left&quot;&gt;Parameter&lt;/th&gt;&lt;th align=&quot;left&quot;&gt;Value&lt;/th&gt;&lt;/tr&gt;&lt;tr&gt;&lt;td&gt;Pillar&lt;/td&gt;&lt;td&gt;BP43&lt;/td&gt;&lt;/tr&gt;&lt;tr&gt;&lt;td&gt;Lease&lt;/td&gt;&lt;td&gt;Pakhar 15.58 Ha&lt;/td&gt;&lt;/tr&gt;&lt;tr&gt;&lt;td&gt;Latitude&lt;/td&gt;&lt;td&gt;23.54333358&lt;/td&gt;&lt;/tr&gt;&lt;tr&gt;&lt;td&gt;Longitude&lt;/td&gt;&lt;td&gt;84.59473541&lt;/td&gt;&lt;/tr&gt;&lt;tr&gt;&lt;td&gt;Easting (m)&lt;/td&gt;&lt;td&gt;254452.982&lt;/td&gt;&lt;/tr&gt;&lt;tr&gt;&lt;td&gt;Northing (m)&lt;/td&gt;&lt;td&gt;2605728.259&lt;/td&gt;&lt;/tr&gt;&lt;tr&gt;&lt;td&gt;Zone / Datum&lt;/td&gt;&lt;td&gt;UTM 45N / WGS84&lt;/td&gt;&lt;/tr&gt;&lt;/table&gt;</desc></wpt>
<wpt lat="0.00021235" lon="82.51201398"><ele>0.000</ele><name>BP44</name><desc>&lt;table border=&quot;1&quot; cellpadding=&quot;4&quot; cellspacing=&quot;0&quot; style=&quot;border-collapse:collapse;font-family:Arial;font-size:12px&quot;&gt;&lt;tr&gt;&lt;th align=&quot;left&quot;&gt;Parameter&lt;/th&gt;&lt;th align=&quot;left&quot;&gt;Value&lt;/th&gt;&lt;/tr&gt;&lt;tr&gt;&lt;td&gt;Pillar&lt;/td&gt;&lt;td&gt;BP44&lt;/td&gt;&lt;/tr&gt;&lt;tr&gt;&lt;td&gt;Lease&lt;/td&gt;&lt;td&gt;Pakhar 15.58 Ha&lt;/td&gt;&lt;/tr&gt;&lt;tr&gt;&lt;td&gt;Latitude&lt;/td&gt;&lt;td&gt;23.54369146&lt;/td&gt;&lt;/tr&gt;&lt;tr&gt;&lt;td&gt;Longitude&lt;/td&gt;&lt;td&gt;84.59443718&lt;/td&gt;&lt;/tr&gt;&lt;tr&gt;&lt;td&gt;Easting (m)&lt;/td&gt;&lt;td&gt;254423.190&lt;/td&gt;&lt;/tr&gt;&lt;tr&gt;&lt;td&gt;Northing (m)&lt;/td&gt;&lt;td&gt;2605768.414&lt;/td&gt;&lt;/tr&gt;&lt;tr&gt;&lt;td&gt;Zone / Datum&lt;/td&gt;&lt;td&gt;UTM 45N / WGS84&lt;/td&gt;&lt;/tr&gt;&lt;/table&gt;</desc></wpt>
<wpt lat="0.00021235" lon="82.51201398"><ele>0.000</ele><name>BP45</name><desc>&lt;table border=&quot;1&quot; cellpadding=&quot;4&quot; cellspacing=&quot;0&quot; style=&quot;border-collapse:collapse;font-family:Arial;font-size:12px&quot;&gt;&lt;tr&gt;&lt;th align=&quot;left&quot;&gt;Parameter&lt;/th&gt;&lt;th align=&quot;left&quot;&gt;Value&lt;/th&gt;&lt;/tr&gt;&lt;tr&gt;&lt;td&gt;Pillar&lt;/td&gt;&lt;td&gt;BP45&lt;/td&gt;&lt;/tr&gt;&lt;tr&gt;&lt;td&gt;Lease&lt;/td&gt;&lt;td&gt;Pakhar 15.58 Ha&lt;/td&gt;&lt;/tr&gt;&lt;tr&gt;&lt;td&gt;Latitude&lt;/td&gt;&lt;td&gt;23.54373022&lt;/td&gt;&lt;/tr&gt;&lt;tr&gt;&lt;td&gt;Longitude&lt;/td&gt;&lt;td&gt;84.59440488&lt;/td&gt;&lt;/tr&gt;&lt;tr&gt;&lt;td&gt;Easting (m)&lt;/td&gt;&lt;td&gt;254419.963&lt;/td&gt;&lt;/tr&gt;&lt;tr&gt;&lt;td&gt;Northing (m)&lt;/td&gt;&lt;td&gt;2605772.763&lt;/td&gt;&lt;/tr&gt;&lt;tr&gt;&lt;td&gt;Zone / Datum&lt;/td&gt;&lt;td&gt;UTM 45N / WGS84&lt;/td&gt;&lt;/tr&gt;&lt;/table&gt;</desc></wpt>
<wpt lat="0.00021235" lon="82.51201398"><ele>0.000</ele><name>BP46</name><desc>&lt;table border=&quot;1&quot; cellpadding=&quot;4&quot; cellspacing=&quot;0&quot; style=&quot;border-collapse:collapse;font-family:Arial;font-size:12px&quot;&gt;&lt;tr&gt;&lt;th align=&quot;left&quot;&gt;Parameter&lt;/th&gt;&lt;th align=&quot;left&quot;&gt;Value&lt;/th&gt;&lt;/tr&gt;&lt;tr&gt;&lt;td&gt;Pillar&lt;/td&gt;&lt;td&gt;BP46&lt;/td&gt;&lt;/tr&gt;&lt;tr&gt;&lt;td&gt;Lease&lt;/td&gt;&lt;td&gt;Pakhar 15.58 Ha&lt;/td&gt;&lt;/tr&gt;&lt;tr&gt;&lt;td&gt;Latitude&lt;/td&gt;&lt;td&gt;23.54374313&lt;/td&gt;&lt;/tr&gt;&lt;tr&gt;&lt;td&gt;Longitude&lt;/td&gt;&lt;td&gt;84.59437603&lt;/td&gt;&lt;/tr&gt;&lt;tr&gt;&lt;td&gt;Easting (m)&lt;/td&gt;&lt;td&gt;254417.041&lt;/td&gt;&lt;/tr&gt;&lt;tr&gt;&lt;td&gt;Northing (m)&lt;/td&gt;&lt;td&gt;2605774.242&lt;/td&gt;&lt;/tr&gt;&lt;tr&gt;&lt;td&gt;Zone / Datum&lt;/td&gt;&lt;td&gt;UTM 45N / WGS84&lt;/td&gt;&lt;/tr&gt;&lt;/table&gt;</desc></wpt>
<wpt lat="0.00021235" lon="82.51201398"><ele>0.000</ele><name>BP47</name><desc>&lt;table border=&quot;1&quot; cellpadding=&quot;4&quot; cellspacing=&quot;0&quot; style=&quot;border-collapse:collapse;font-family:Arial;font-size:12px&quot;&gt;&lt;tr&gt;&lt;th align=&quot;left&quot;&gt;Parameter&lt;/th&gt;&lt;th align=&quot;left&quot;&gt;Value&lt;/th&gt;&lt;/tr&gt;&lt;tr&gt;&lt;td&gt;Pillar&lt;/td&gt;&lt;td&gt;BP47&lt;/td&gt;&lt;/tr&gt;&lt;tr&gt;&lt;td&gt;Lease&lt;/td&gt;&lt;td&gt;Pakhar 15.58 Ha&lt;/td&gt;&lt;/tr&gt;&lt;tr&gt;&lt;td&gt;Latitude&lt;/td&gt;&lt;td&gt;23.54386728&lt;/td&gt;&lt;/tr&gt;&lt;tr&gt;&lt;td&gt;Longitude&lt;/td&gt;&lt;td&gt;84.59395373&lt;/td&gt;&lt;/tr&gt;&lt;tr&gt;&lt;td&gt;Easting (m)&lt;/td&gt;&lt;td&gt;254374.143&lt;/td&gt;&lt;/tr&gt;&lt;tr&gt;&lt;td&gt;Northing (m)&lt;/td&gt;&lt;td&gt;2605788.719&lt;/td&gt;&lt;/tr&gt;&lt;tr&gt;&lt;td&gt;Zone / Datum&lt;/td&gt;&lt;td&gt;UTM 45N / WGS84&lt;/td&gt;&lt;/tr&gt;&lt;/table&gt;</desc></wpt>
<wpt lat="0.00021235" lon="82.51201398"><ele>0.000</ele><name>BP48</name><desc>&lt;table border=&quot;1&quot; cellpadding=&quot;4&quot; cellspacing=&quot;0&quot; style=&quot;border-collapse:collapse;font-family:Arial;font-size:12px&quot;&gt;&lt;tr&gt;&lt;th align=&quot;left&quot;&gt;Parameter&lt;/th&gt;&lt;th align=&quot;left&quot;&gt;Value&lt;/th&gt;&lt;/tr&gt;&lt;tr&gt;&lt;td&gt;Pillar&lt;/td&gt;&lt;td&gt;BP48&lt;/td&gt;&lt;/tr&gt;&lt;tr&gt;&lt;td&gt;Lease&lt;/td&gt;&lt;td&gt;Pakhar 15.58 Ha&lt;/td&gt;&lt;/tr&gt;&lt;tr&gt;&lt;td&gt;Latitude&lt;/td&gt;&lt;td&gt;23.54422164&lt;/td&gt;&lt;/tr&gt;&lt;tr&gt;&lt;td&gt;Longitude&lt;/td&gt;&lt;td&gt;84.59425686&lt;/td&gt;&lt;/tr&gt;&lt;tr&gt;&lt;td&gt;Easting (m)&lt;/td&gt;&lt;td&gt;254405.760&lt;/td&gt;&lt;/tr&gt;&lt;tr&gt;&lt;td&gt;Northing (m)&lt;/td&gt;&lt;td&gt;2605827.453&lt;/td&gt;&lt;/tr&gt;&lt;tr&gt;&lt;td&gt;Zone / Datum&lt;/td&gt;&lt;td&gt;UTM 45N / WGS84&lt;/td&gt;&lt;/tr&gt;&lt;/table&gt;</desc></wpt>
<wpt lat="0.00021236" lon="82.51201398"><ele>0.000</ele><name>BP49</name><desc>&lt;table border=&quot;1&quot; cellpadding=&quot;4&quot; cellspacing=&quot;0&quot; style=&quot;border-collapse:collapse;font-family:Arial;font-size:12px&quot;&gt;&lt;tr&gt;&lt;th align=&quot;left&quot;&gt;Parameter&lt;/th&gt;&lt;th align=&quot;left&quot;&gt;Value&lt;/th&gt;&lt;/tr&gt;&lt;tr&gt;&lt;td&gt;Pillar&lt;/td&gt;&lt;td&gt;BP49&lt;/td&gt;&lt;/tr&gt;&lt;tr&gt;&lt;td&gt;Lease&lt;/td&gt;&lt;td&gt;Pakhar 15.58 Ha&lt;/td&gt;&lt;/tr&gt;&lt;tr&gt;&lt;td&gt;Latitude&lt;/td&gt;&lt;td&gt;23.54429121&lt;/td&gt;&lt;/tr&gt;&lt;tr&gt;&lt;td&gt;Longitude&lt;/td&gt;&lt;td&gt;84.59431638&lt;/td&gt;&lt;/tr&gt;&lt;tr&gt;&lt;td&gt;Easting (m)&lt;/td&gt;&lt;td&gt;254411.968&lt;/td&gt;&lt;/tr&gt;&lt;tr&gt;&lt;td&gt;Northing (m)&lt;/td&gt;&lt;td&gt;2605835.058&lt;/td&gt;&lt;/tr&gt;&lt;tr&gt;&lt;td&gt;Zone / Datum&lt;/td&gt;&lt;td&gt;UTM 45N / WGS84&lt;/td&gt;&lt;/tr&gt;&lt;/table&gt;</desc></wpt>
<wpt lat="0.00021235" lon="82.51201399"><ele>0.000</ele><name>BP50</name><desc>&lt;table border=&quot;1&quot; cellpadding=&quot;4&quot; cellspacing=&quot;0&quot; style=&quot;border-collapse:collapse;font-family:Arial;font-size:12px&quot;&gt;&lt;tr&gt;&lt;th align=&quot;left&quot;&gt;Parameter&lt;/th&gt;&lt;th align=&quot;left&quot;&gt;Value&lt;/th&gt;&lt;/tr&gt;&lt;tr&gt;&lt;td&gt;Pillar&lt;/td&gt;&lt;td&gt;BP50&lt;/td&gt;&lt;/tr&gt;&lt;tr&gt;&lt;td&gt;Lease&lt;/td&gt;&lt;td&gt;Pakhar 15.58 Ha&lt;/td&gt;&lt;/tr&gt;&lt;tr&gt;&lt;td&gt;Latitude&lt;/td&gt;&lt;td&gt;23.54398182&lt;/td&gt;&lt;/tr&gt;&lt;tr&gt;&lt;td&gt;Longitude&lt;/td&gt;&lt;td&gt;84.59467276&lt;/td&gt;&lt;/tr&gt;&lt;tr&gt;&lt;td&gt;Easting (m)&lt;/td&gt;&lt;td&gt;254447.789&lt;/td&gt;&lt;/tr&gt;&lt;tr&gt;&lt;td&gt;Northing (m)&lt;/td&gt;&lt;td&gt;2605800.175&lt;/td&gt;&lt;/tr&gt;&lt;tr&gt;&lt;td&gt;Zone / Datum&lt;/td&gt;&lt;td&gt;UTM 45N / WGS84&lt;/td&gt;&lt;/tr&gt;&lt;/table&gt;</desc></wpt>
<wpt lat="0.00021235" lon="82.51201399"><ele>0.000</ele><name>BP51</name><desc>&lt;table border=&quot;1&quot; cellpadding=&quot;4&quot; cellspacing=&quot;0&quot; style=&quot;border-collapse:collapse;font-family:Arial;font-size:12px&quot;&gt;&lt;tr&gt;&lt;th align=&quot;left&quot;&gt;Parameter&lt;/th&gt;&lt;th align=&quot;left&quot;&gt;Value&lt;/th&gt;&lt;/tr&gt;&lt;tr&gt;&lt;td&gt;Pillar&lt;/td&gt;&lt;td&gt;BP51&lt;/td&gt;&lt;/tr&gt;&lt;tr&gt;&lt;td&gt;Lease&lt;/td&gt;&lt;td&gt;Pakhar 15.58 Ha&lt;/td&gt;&lt;/tr&gt;&lt;tr&gt;&lt;td&gt;Latitude&lt;/td&gt;&lt;td&gt;23.54367243&lt;/td&gt;&lt;/tr&gt;&lt;tr&gt;&lt;td&gt;Longitude&lt;/td&gt;&lt;td&gt;84.59502915&lt;/td&gt;&lt;/tr&gt;&lt;tr&gt;&lt;td&gt;Easting (m)&lt;/td&gt;&lt;td&gt;254483.611&lt;/td&gt;&lt;/tr&gt;&lt;tr&gt;&lt;td&gt;Northing (m)&lt;/td&gt;&lt;td&gt;2605765.292&lt;/td&gt;&lt;/tr&gt;&lt;tr&gt;&lt;td&gt;Zone / Datum&lt;/td&gt;&lt;td&gt;UTM 45N / WGS84&lt;/td&gt;&lt;/tr&gt;&lt;/table&gt;</desc></wpt>
<wpt lat="0.00021235" lon="82.51201399"><ele>0.000</ele><name>BP52</name><desc>&lt;table border=&quot;1&quot; cellpadding=&quot;4&quot; cellspacing=&quot;0&quot; style=&quot;border-collapse:collapse;font-family:Arial;font-size:12px&quot;&gt;&lt;tr&gt;&lt;th align=&quot;left&quot;&gt;Parameter&lt;/th&gt;&lt;th align=&quot;left&quot;&gt;Value&lt;/th&gt;&lt;/tr&gt;&lt;tr&gt;&lt;td&gt;Pillar&lt;/td&gt;&lt;td&gt;BP52&lt;/td&gt;&lt;/tr&gt;&lt;tr&gt;&lt;td&gt;Lease&lt;/td&gt;&lt;td&gt;Pakhar 15.58 Ha&lt;/td&gt;&lt;/tr&gt;&lt;tr&gt;&lt;td&gt;Latitude&lt;/td&gt;&lt;td&gt;23.54336304&lt;/td&gt;&lt;/tr&gt;&lt;tr&gt;&lt;td&gt;Longitude&lt;/td&gt;&lt;td&gt;84.59538552&lt;/td&gt;&lt;/tr&gt;&lt;tr&gt;&lt;td&gt;Easting (m)&lt;/td&gt;&lt;td&gt;254519.432&lt;/td&gt;&lt;/tr&gt;&lt;tr&gt;&lt;td&gt;Northing (m)&lt;/td&gt;&lt;td&gt;2605730.409&lt;/td&gt;&lt;/tr&gt;&lt;tr&gt;&lt;td&gt;Zone / Datum&lt;/td&gt;&lt;td&gt;UTM 45N / WGS84&lt;/td&gt;&lt;/tr&gt;&lt;/table&gt;</desc></wpt>
<wpt lat="0.00021234" lon="82.51201400"><ele>0.000</ele><name>BP53</name><desc>&lt;table border=&quot;1&quot; cellpadding=&quot;4&quot; cellspacing=&quot;0&quot; style=&quot;border-collapse:collapse;font-family:Arial;font-size:12px&quot;&gt;&lt;tr&gt;&lt;th align=&quot;left&quot;&gt;Parameter&lt;/th&gt;&lt;th align=&quot;left&quot;&gt;Value&lt;/th&gt;&lt;/tr&gt;&lt;tr&gt;&lt;td&gt;Pillar&lt;/td&gt;&lt;td&gt;BP53&lt;/td&gt;&lt;/tr&gt;&lt;tr&gt;&lt;td&gt;Lease&lt;/td&gt;&lt;td&gt;Pakhar 15.58 Ha&lt;/td&gt;&lt;/tr&gt;&lt;tr&gt;&lt;td&gt;Latitude&lt;/td&gt;&lt;td&gt;23.54305365&lt;/td&gt;&lt;/tr&gt;&lt;tr&gt;&lt;td&gt;Longitude&lt;/td&gt;&lt;td&gt;84.59574189&lt;/td&gt;&lt;/tr&gt;&lt;tr&gt;&lt;td&gt;Easting (m)&lt;/td&gt;&lt;td&gt;254555.253&lt;/td&gt;&lt;/tr&gt;&lt;tr&gt;&lt;td&gt;Northing (m)&lt;/td&gt;&lt;td&gt;2605695.526&lt;/td&gt;&lt;/tr&gt;&lt;tr&gt;&lt;td&gt;Zone / Datum&lt;/td&gt;&lt;td&gt;UTM 45N / WGS84&lt;/td&gt;&lt;/tr&gt;&lt;/table&gt;</desc></wpt>
<wpt lat="0.00021234" lon="82.51201400"><ele>0.000</ele><name>BP54</name><desc>&lt;table border=&quot;1&quot; cellpadding=&quot;4&quot; cellspacing=&quot;0&quot; style=&quot;border-collapse:collapse;font-family:Arial;font-size:12px&quot;&gt;&lt;tr&gt;&lt;th align=&quot;left&quot;&gt;Parameter&lt;/th&gt;&lt;th align=&quot;left&quot;&gt;Value&lt;/th&gt;&lt;/tr&gt;&lt;tr&gt;&lt;td&gt;Pillar&lt;/td&gt;&lt;td&gt;BP54&lt;/td&gt;&lt;/tr&gt;&lt;tr&gt;&lt;td&gt;Lease&lt;/td&gt;&lt;td&gt;Pakhar 15.58 Ha&lt;/td&gt;&lt;/tr&gt;&lt;tr&gt;&lt;td&gt;Latitude&lt;/td&gt;&lt;td&gt;23.54274426&lt;/td&gt;&lt;/tr&gt;&lt;tr&gt;&lt;td&gt;Longitude&lt;/td&gt;&lt;td&gt;84.59609827&lt;/td&gt;&lt;/tr&gt;&lt;tr&gt;&lt;td&gt;Easting (m)&lt;/td&gt;&lt;td&gt;254591.075&lt;/td&gt;&lt;/tr&gt;&lt;tr&gt;&lt;td&gt;Northing (m)&lt;/td&gt;&lt;td&gt;2605660.643&lt;/td&gt;&lt;/tr&gt;&lt;tr&gt;&lt;td&gt;Zone / Datum&lt;/td&gt;&lt;td&gt;UTM 45N / WGS84&lt;/td&gt;&lt;/tr&gt;&lt;/table&gt;</desc></wpt>
<wpt lat="0.00021234" lon="82.51201400"><ele>0.000</ele><name>BP55</name><desc>&lt;table border=&quot;1&quot; cellpadding=&quot;4&quot; cellspacing=&quot;0&quot; style=&quot;border-collapse:collapse;font-family:Arial;font-size:12px&quot;&gt;&lt;tr&gt;&lt;th align=&quot;left&quot;&gt;Parameter&lt;/th&gt;&lt;th align=&quot;left&quot;&gt;Value&lt;/th&gt;&lt;/tr&gt;&lt;tr&gt;&lt;td&gt;Pillar&lt;/td&gt;&lt;td&gt;BP55&lt;/td&gt;&lt;/tr&gt;&lt;tr&gt;&lt;td&gt;Lease&lt;/td&gt;&lt;td&gt;Pakhar 15.58 Ha&lt;/td&gt;&lt;/tr&gt;&lt;tr&gt;&lt;td&gt;Latitude&lt;/td&gt;&lt;td&gt;23.54259268&lt;/td&gt;&lt;/tr&gt;&lt;tr&gt;&lt;td&gt;Longitude&lt;/td&gt;&lt;td&gt;84.59627286&lt;/td&gt;&lt;/tr&gt;&lt;tr&gt;&lt;td&gt;Easting (m)&lt;/td&gt;&lt;td&gt;254608.624&lt;/td&gt;&lt;/tr&gt;&lt;tr&gt;&lt;td&gt;Northing (m)&lt;/td&gt;&lt;td&gt;2605643.553&lt;/td&gt;&lt;/tr&gt;&lt;tr&gt;&lt;td&gt;Zone / Datum&lt;/td&gt;&lt;td&gt;UTM 45N / WGS84&lt;/td&gt;&lt;/tr&gt;&lt;/table&gt;</desc></wpt>
<wpt lat="0.00021234" lon="82.51201400"><ele>0.000</ele><name>BP56</name><desc>&lt;table border=&quot;1&quot; cellpadding=&quot;4&quot; cellspacing=&quot;0&quot; style=&quot;border-collapse:collapse;font-family:Arial;font-size:12px&quot;&gt;&lt;tr&gt;&lt;th align=&quot;left&quot;&gt;Parameter&lt;/th&gt;&lt;th align=&quot;left&quot;&gt;Value&lt;/th&gt;&lt;/tr&gt;&lt;tr&gt;&lt;td&gt;Pillar&lt;/td&gt;&lt;td&gt;BP56&lt;/td&gt;&lt;/tr&gt;&lt;tr&gt;&lt;td&gt;Lease&lt;/td&gt;&lt;td&gt;Pakhar 15.58 Ha&lt;/td&gt;&lt;/tr&gt;&lt;tr&gt;&lt;td&gt;Latitude&lt;/td&gt;&lt;td&gt;23.54214284&lt;/td&gt;&lt;/tr&gt;&lt;tr&gt;&lt;td&gt;Longitude&lt;/td&gt;&lt;td&gt;84.59631234&lt;/td&gt;&lt;/tr&gt;&lt;tr&gt;&lt;td&gt;Easting (m)&lt;/td&gt;&lt;td&gt;254611.820&lt;/td&gt;&lt;/tr&gt;&lt;tr&gt;&lt;td&gt;Northing (m)&lt;/td&gt;&lt;td&gt;2605593.655&lt;/td&gt;&lt;/tr&gt;&lt;tr&gt;&lt;td&gt;Zone / Datum&lt;/td&gt;&lt;td&gt;UTM 45N / WGS84&lt;/td&gt;&lt;/tr&gt;&lt;/table&gt;</desc></wpt>
<wpt lat="0.00021233" lon="82.51201400"><ele>0.000</ele><name>BP57</name><desc>&lt;table border=&quot;1&quot; cellpadding=&quot;4&quot; cellspacing=&quot;0&quot; style=&quot;border-collapse:collapse;font-family:Arial;font-size:12px&quot;&gt;&lt;tr&gt;&lt;th align=&quot;left&quot;&gt;Parameter&lt;/th&gt;&lt;th align=&quot;left&quot;&gt;Value&lt;/th&gt;&lt;/tr&gt;&lt;tr&gt;&lt;td&gt;Pillar&lt;/td&gt;&lt;td&gt;BP57&lt;/td&gt;&lt;/tr&gt;&lt;tr&gt;&lt;td&gt;Lease&lt;/td&gt;&lt;td&gt;Pakhar 15.58 Ha&lt;/td&gt;&lt;/tr&gt;&lt;tr&gt;&lt;td&gt;Latitude&lt;/td&gt;&lt;td&gt;23.54169302&lt;/td&gt;&lt;/tr&gt;&lt;tr&gt;&lt;td&gt;Longitude&lt;/td&gt;&lt;td&gt;84.59635182&lt;/td&gt;&lt;/tr&gt;&lt;tr&gt;&lt;td&gt;Easting (m)&lt;/td&gt;&lt;td&gt;254615.017&lt;/td&gt;&lt;/tr&gt;&lt;tr&gt;&lt;td&gt;Northing (m)&lt;/td&gt;&lt;td&gt;2605543.758&lt;/td&gt;&lt;/tr&gt;&lt;tr&gt;&lt;td&gt;Zone / Datum&lt;/td&gt;&lt;td&gt;UTM 45N / WGS84&lt;/td&gt;&lt;/tr&gt;&lt;/table&gt;</desc></wpt>
<wpt lat="0.00021233" lon="82.51201400"><ele>0.000</ele><name>BP58</name><desc>&lt;table border=&quot;1&quot; cellpadding=&quot;4&quot; cellspacing=&quot;0&quot; style=&quot;border-collapse:collapse;font-family:Arial;font-size:12px&quot;&gt;&lt;tr&gt;&lt;th align=&quot;left&quot;&gt;Parameter&lt;/th&gt;&lt;th align=&quot;left&quot;&gt;Value&lt;/th&gt;&lt;/tr&gt;&lt;tr&gt;&lt;td&gt;Pillar&lt;/td&gt;&lt;td&gt;BP58&lt;/td&gt;&lt;/tr&gt;&lt;tr&gt;&lt;td&gt;Lease&lt;/td&gt;&lt;td&gt;Pakhar 15.58 Ha&lt;/td&gt;&lt;/tr&gt;&lt;tr&gt;&lt;td&gt;Latitude&lt;/td&gt;&lt;td&gt;23.54124318&lt;/td&gt;&lt;/tr&gt;&lt;tr&gt;&lt;td&gt;Longitude&lt;/td&gt;&lt;td&gt;84.59639130&lt;/td&gt;&lt;/tr&gt;&lt;tr&gt;&lt;td&gt;Easting (m)&lt;/td&gt;&lt;td&gt;254618.213&lt;/td&gt;&lt;/tr&gt;&lt;tr&gt;&lt;td&gt;Northing (m)&lt;/td&gt;&lt;td&gt;2605493.860&lt;/td&gt;&lt;/tr&gt;&lt;tr&gt;&lt;td&gt;Zone / Datum&lt;/td&gt;&lt;td&gt;UTM 45N / WGS84&lt;/td&gt;&lt;/tr&gt;&lt;/table&gt;</desc></wpt>
<wpt lat="0.00021232" lon="82.51201400"><ele>0.000</ele><name>BP59</name><desc>&lt;table border=&quot;1&quot; cellpadding=&quot;4&quot; cellspacing=&quot;0&quot; style=&quot;border-collapse:collapse;font-family:Arial;font-size:12px&quot;&gt;&lt;tr&gt;&lt;th align=&quot;left&quot;&gt;Parameter&lt;/th&gt;&lt;th align=&quot;left&quot;&gt;Value&lt;/th&gt;&lt;/tr&gt;&lt;tr&gt;&lt;td&gt;Pillar&lt;/td&gt;&lt;td&gt;BP59&lt;/td&gt;&lt;/tr&gt;&lt;tr&gt;&lt;td&gt;Lease&lt;/td&gt;&lt;td&gt;Pakhar 15.58 Ha&lt;/td&gt;&lt;/tr&gt;&lt;tr&gt;&lt;td&gt;Latitude&lt;/td&gt;&lt;td&gt;23.54079334&lt;/td&gt;&lt;/tr&gt;&lt;tr&gt;&lt;td&gt;Longitude&lt;/td&gt;&lt;td&gt;84.59643078&lt;/td&gt;&lt;/tr&gt;&lt;tr&gt;&lt;td&gt;Easting (m)&lt;/td&gt;&lt;td&gt;254621.410&lt;/td&gt;&lt;/tr&gt;&lt;tr&gt;&lt;td&gt;Northing (m)&lt;/td&gt;&lt;td&gt;2605443.962&lt;/td&gt;&lt;/tr&gt;&lt;tr&gt;&lt;td&gt;Zone / Datum&lt;/td&gt;&lt;td&gt;UTM 45N / WGS84&lt;/td&gt;&lt;/tr&gt;&lt;/table&gt;</desc></wpt>
<wpt lat="0.00021232" lon="82.51201400"><ele>0.000</ele><name>BP60</name><desc>&lt;table border=&quot;1&quot; cellpadding=&quot;4&quot; cellspacing=&quot;0&quot; style=&quot;border-collapse:collapse;font-family:Arial;font-size:12px&quot;&gt;&lt;tr&gt;&lt;th align=&quot;left&quot;&gt;Parameter&lt;/th&gt;&lt;th align=&quot;left&quot;&gt;Value&lt;/th&gt;&lt;/tr&gt;&lt;tr&gt;&lt;td&gt;Pillar&lt;/td&gt;&lt;td&gt;BP60&lt;/td&gt;&lt;/tr&gt;&lt;tr&gt;&lt;td&gt;Lease&lt;/td&gt;&lt;td&gt;Pakhar 15.58 Ha&lt;/td&gt;&lt;/tr&gt;&lt;tr&gt;&lt;td&gt;Latitude&lt;/td&gt;&lt;td&gt;23.54062485&lt;/td&gt;&lt;/tr&gt;&lt;tr&gt;&lt;td&gt;Longitude&lt;/td&gt;&lt;td&gt;84.59644556&lt;/td&gt;&lt;/tr&gt;&lt;tr&gt;&lt;td&gt;Easting (m)&lt;/td&gt;&lt;td&gt;254622.607&lt;/td&gt;&lt;/tr&gt;&lt;tr&gt;&lt;td&gt;Northing (m)&lt;/td&gt;&lt;td&gt;2605425.272&lt;/td&gt;&lt;/tr&gt;&lt;tr&gt;&lt;td&gt;Zone / Datum&lt;/td&gt;&lt;td&gt;UTM 45N / WGS84&lt;/td&gt;&lt;/tr&gt;&lt;/table&gt;</desc></wpt>
<wpt lat="0.00021232" lon="82.51201400"><ele>0.000</ele><name>BP61</name><desc>&lt;table border=&quot;1&quot; cellpadding=&quot;4&quot; cellspacing=&quot;0&quot; style=&quot;border-collapse:collapse;font-family:Arial;font-size:12px&quot;&gt;&lt;tr&gt;&lt;th align=&quot;left&quot;&gt;Parameter&lt;/th&gt;&lt;th align=&quot;left&quot;&gt;Value&lt;/th&gt;&lt;/tr&gt;&lt;tr&gt;&lt;td&gt;Pillar&lt;/td&gt;&lt;td&gt;BP61&lt;/td&gt;&lt;/tr&gt;&lt;tr&gt;&lt;td&gt;Lease&lt;/td&gt;&lt;td&gt;Pakhar 15.58 Ha&lt;/td&gt;&lt;/tr&gt;&lt;tr&gt;&lt;td&gt;Latitude&lt;/td&gt;&lt;td&gt;23.54017427&lt;/td&gt;&lt;/tr&gt;&lt;tr&gt;&lt;td&gt;Longitude&lt;/td&gt;&lt;td&gt;84.59641770&lt;/td&gt;&lt;/tr&gt;&lt;tr&gt;&lt;td&gt;Easting (m)&lt;/td&gt;&lt;td&gt;254618.925&lt;/td&gt;&lt;/tr&gt;&lt;tr&gt;&lt;td&gt;Northing (m)&lt;/td&gt;&lt;td&gt;2605375.407&lt;/td&gt;&lt;/tr&gt;&lt;tr&gt;&lt;td&gt;Zone / Datum&lt;/td&gt;&lt;td&gt;UTM 45N / WGS84&lt;/td&gt;&lt;/tr&gt;&lt;/table&gt;</desc></wpt>
<wpt lat="0.00021231" lon="82.51201400"><ele>0.000</ele><name>BP62</name><desc>&lt;table border=&quot;1&quot; cellpadding=&quot;4&quot; cellspacing=&quot;0&quot; style=&quot;border-collapse:collapse;font-family:Arial;font-size:12px&quot;&gt;&lt;tr&gt;&lt;th align=&quot;left&quot;&gt;Parameter&lt;/th&gt;&lt;th align=&quot;left&quot;&gt;Value&lt;/th&gt;&lt;/tr&gt;&lt;tr&gt;&lt;td&gt;Pillar&lt;/td&gt;&lt;td&gt;BP62&lt;/td&gt;&lt;/tr&gt;&lt;tr&gt;&lt;td&gt;Lease&lt;/td&gt;&lt;td&gt;Pakhar 15.58 Ha&lt;/td&gt;&lt;/tr&gt;&lt;tr&gt;&lt;td&gt;Latitude&lt;/td&gt;&lt;td&gt;23.53972369&lt;/td&gt;&lt;/tr&gt;&lt;tr&gt;&lt;td&gt;Longitude&lt;/td&gt;&lt;td&gt;84.59638985&lt;/td&gt;&lt;/tr&gt;&lt;tr&gt;&lt;td&gt;Easting (m)&lt;/td&gt;&lt;td&gt;254615.243&lt;/td&gt;&lt;/tr&gt;&lt;tr&gt;&lt;td&gt;Northing (m)&lt;/td&gt;&lt;td&gt;2605325.543&lt;/td&gt;&lt;/tr&gt;&lt;tr&gt;&lt;td&gt;Zone / Datum&lt;/td&gt;&lt;td&gt;UTM 45N / WGS84&lt;/td&gt;&lt;/tr&gt;&lt;/table&gt;</desc></wpt>
<wpt lat="0.00021231" lon="82.51201400"><ele>0.000</ele><name>BP63</name><desc>&lt;table border=&quot;1&quot; cellpadding=&quot;4&quot; cellspacing=&quot;0&quot; style=&quot;border-collapse:collapse;font-family:Arial;font-size:12px&quot;&gt;&lt;tr&gt;&lt;th align=&quot;left&quot;&gt;Parameter&lt;/th&gt;&lt;th align=&quot;left&quot;&gt;Value&lt;/th&gt;&lt;/tr&gt;&lt;tr&gt;&lt;td&gt;Pillar&lt;/td&gt;&lt;td&gt;BP63&lt;/td&gt;&lt;/tr&gt;&lt;tr&gt;&lt;td&gt;Lease&lt;/td&gt;&lt;td&gt;Pakhar 15.58 Ha&lt;/td&gt;&lt;/tr&gt;&lt;tr&gt;&lt;td&gt;Latitude&lt;/td&gt;&lt;td&gt;23.53927312&lt;/td&gt;&lt;/tr&gt;&lt;tr&gt;&lt;td&gt;Longitude&lt;/td&gt;&lt;td&gt;84.59636198&lt;/td&gt;&lt;/tr&gt;&lt;tr&gt;&lt;td&gt;Easting (m)&lt;/td&gt;&lt;td&gt;254611.560&lt;/td&gt;&lt;/tr&gt;&lt;tr&gt;&lt;td&gt;Northing (m)&lt;/td&gt;&lt;td&gt;2605275.679&lt;/td&gt;&lt;/tr&gt;&lt;tr&gt;&lt;td&gt;Zone / Datum&lt;/td&gt;&lt;td&gt;UTM 45N / WGS84&lt;/td&gt;&lt;/tr&gt;&lt;/table&gt;</desc></wpt>
<wpt lat="0.00021231" lon="82.51201400"><ele>0.000</ele><name>BP64</name><desc>&lt;table border=&quot;1&quot; cellpadding=&quot;4&quot; cellspacing=&quot;0&quot; style=&quot;border-collapse:collapse;font-family:Arial;font-size:12px&quot;&gt;&lt;tr&gt;&lt;th align=&quot;left&quot;&gt;Parameter&lt;/th&gt;&lt;th align=&quot;left&quot;&gt;Value&lt;/th&gt;&lt;/tr&gt;&lt;tr&gt;&lt;td&gt;Pillar&lt;/td&gt;&lt;td&gt;BP64&lt;/td&gt;&lt;/tr&gt;&lt;tr&gt;&lt;td&gt;Lease&lt;/td&gt;&lt;td&gt;Pakhar 15.58 Ha&lt;/td&gt;&lt;/tr&gt;&lt;tr&gt;&lt;td&gt;Latitude&lt;/td&gt;&lt;td&gt;23.53922989&lt;/td&gt;&lt;/tr&gt;&lt;tr&gt;&lt;td&gt;Longitude&lt;/td&gt;&lt;td&gt;84.59635931&lt;/td&gt;&lt;/tr&gt;&lt;tr&gt;&lt;td&gt;Easting (m)&lt;/td&gt;&lt;td&gt;254611.207&lt;/td&gt;&lt;/tr&gt;&lt;tr&gt;&lt;td&gt;Northing (m)&lt;/td&gt;&lt;td&gt;2605270.894&lt;/td&gt;&lt;/tr&gt;&lt;tr&gt;&lt;td&gt;Zone / Datum&lt;/td&gt;&lt;td&gt;UTM 45N / WGS84&lt;/td&gt;&lt;/tr&gt;&lt;/table&gt;</desc></wpt>
<wpt lat="0.00021231" lon="82.51201400"><ele>0.000</ele><name>BP65</name><desc>&lt;table border=&quot;1&quot; cellpadding=&quot;4&quot; cellspacing=&quot;0&quot; style=&quot;border-collapse:collapse;font-family:Arial;font-size:12px&quot;&gt;&lt;tr&gt;&lt;th align=&quot;left&quot;&gt;Parameter&lt;/th&gt;&lt;th align=&quot;left&quot;&gt;Value&lt;/th&gt;&lt;/tr&gt;&lt;tr&gt;&lt;td&gt;Pillar&lt;/td&gt;&lt;td&gt;BP65&lt;/td&gt;&lt;/tr&gt;&lt;tr&gt;&lt;td&gt;Lease&lt;/td&gt;&lt;td&gt;Pakhar 15.58 Ha&lt;/td&gt;&lt;/tr&gt;&lt;tr&gt;&lt;td&gt;Latitude&lt;/td&gt;&lt;td&gt;23.53881660&lt;/td&gt;&lt;/tr&gt;&lt;tr&gt;&lt;td&gt;Longitude&lt;/td&gt;&lt;td&gt;84.59655595&lt;/td&gt;&lt;/tr&gt;&lt;tr&gt;&lt;td&gt;Easting (m)&lt;/td&gt;&lt;td&gt;254630.523&lt;/td&gt;&lt;/tr&gt;&lt;tr&gt;&lt;td&gt;Northing (m)&lt;/td&gt;&lt;td&gt;2605224.776&lt;/td&gt;&lt;/tr&gt;&lt;tr&gt;&lt;td&gt;Zone / Datum&lt;/td&gt;&lt;td&gt;UTM 45N / WGS84&lt;/td&gt;&lt;/tr&gt;&lt;/table&gt;</desc></wpt>
<wpt lat="0.00021230" lon="82.51201400"><ele>0.000</ele><name>BP66</name><desc>&lt;table border=&quot;1&quot; cellpadding=&quot;4&quot; cellspacing=&quot;0&quot; style=&quot;border-collapse:collapse;font-family:Arial;font-size:12px&quot;&gt;&lt;tr&gt;&lt;th align=&quot;left&quot;&gt;Parameter&lt;/th&gt;&lt;th align=&quot;left&quot;&gt;Value&lt;/th&gt;&lt;/tr&gt;&lt;tr&gt;&lt;td&gt;Pillar&lt;/td&gt;&lt;td&gt;BP66&lt;/td&gt;&lt;/tr&gt;&lt;tr&gt;&lt;td&gt;Lease&lt;/td&gt;&lt;td&gt;Pakhar 15.58 Ha&lt;/td&gt;&lt;/tr&gt;&lt;tr&gt;&lt;td&gt;Latitude&lt;/td&gt;&lt;td&gt;23.53849225&lt;/td&gt;&lt;/tr&gt;&lt;tr&gt;&lt;td&gt;Longitude&lt;/td&gt;&lt;td&gt;84.59671028&lt;/td&gt;&lt;/tr&gt;&lt;tr&gt;&lt;td&gt;Easting (m)&lt;/td&gt;&lt;td&gt;254645.683&lt;/td&gt;&lt;/tr&gt;&lt;tr&gt;&lt;td&gt;Northing (m)&lt;/td&gt;&lt;td&gt;2605188.582&lt;/td&gt;&lt;/tr&gt;&lt;tr&gt;&lt;td&gt;Zone / Datum&lt;/td&gt;&lt;td&gt;UTM 45N / WGS84&lt;/td&gt;&lt;/tr&gt;&lt;/table&gt;</desc></wpt>
<wpt lat="0.00021230" lon="82.51201401"><ele>0.000</ele><name>BP67</name><desc>&lt;table border=&quot;1&quot; cellpadding=&quot;4&quot; cellspacing=&quot;0&quot; style=&quot;border-collapse:collapse;font-family:Arial;font-size:12px&quot;&gt;&lt;tr&gt;&lt;th align=&quot;left&quot;&gt;Parameter&lt;/th&gt;&lt;th align=&quot;left&quot;&gt;Value&lt;/th&gt;&lt;/tr&gt;&lt;tr&gt;&lt;td&gt;Pillar&lt;/td&gt;&lt;td&gt;BP67&lt;/td&gt;&lt;/tr&gt;&lt;tr&gt;&lt;td&gt;Lease&lt;/td&gt;&lt;td&gt;Pakhar 15.58 Ha&lt;/td&gt;&lt;/tr&gt;&lt;tr&gt;&lt;td&gt;Latitude&lt;/td&gt;&lt;td&gt;23.53804733&lt;/td&gt;&lt;/tr&gt;&lt;tr&gt;&lt;td&gt;Longitude&lt;/td&gt;&lt;td&gt;84.59679228&lt;/td&gt;&lt;/tr&gt;&lt;tr&gt;&lt;td&gt;Easting (m)&lt;/td&gt;&lt;td&gt;254653.232&lt;/td&gt;&lt;/tr&gt;&lt;tr&gt;&lt;td&gt;Northing (m)&lt;/td&gt;&lt;td&gt;2605139.156&lt;/td&gt;&lt;/tr&gt;&lt;tr&gt;&lt;td&gt;Zone / Datum&lt;/td&gt;&lt;td&gt;UTM 45N / WGS84&lt;/td&gt;&lt;/tr&gt;&lt;/table&gt;</desc></wpt>
<wpt lat="0.00021230" lon="82.51201401"><ele>0.000</ele><name>BP68</name><desc>&lt;table border=&quot;1&quot; cellpadding=&quot;4&quot; cellspacing=&quot;0&quot; style=&quot;border-collapse:collapse;font-family:Arial;font-size:12px&quot;&gt;&lt;tr&gt;&lt;th align=&quot;left&quot;&gt;Parameter&lt;/th&gt;&lt;th align=&quot;left&quot;&gt;Value&lt;/th&gt;&lt;/tr&gt;&lt;tr&gt;&lt;td&gt;Pillar&lt;/td&gt;&lt;td&gt;BP68&lt;/td&gt;&lt;/tr&gt;&lt;tr&gt;&lt;td&gt;Lease&lt;/td&gt;&lt;td&gt;Pakhar 15.58 Ha&lt;/td&gt;&lt;/tr&gt;&lt;tr&gt;&lt;td&gt;Latitude&lt;/td&gt;&lt;td&gt;23.53773380&lt;/td&gt;&lt;/tr&gt;&lt;tr&gt;&lt;td&gt;Longitude&lt;/td&gt;&lt;td&gt;84.59685007&lt;/td&gt;&lt;/tr&gt;&lt;tr&gt;&lt;td&gt;Easting (m)&lt;/td&gt;&lt;td&gt;254658.552&lt;/td&gt;&lt;/tr&gt;&lt;tr&gt;&lt;td&gt;Northing (m)&lt;/td&gt;&lt;td&gt;2605104.326&lt;/td&gt;&lt;/tr&gt;&lt;tr&gt;&lt;td&gt;Zone / Datum&lt;/td&gt;&lt;td&gt;UTM 45N / WGS84&lt;/td&gt;&lt;/tr&gt;&lt;/table&gt;</desc></wpt>
<wpt lat="0.00021229" lon="82.51201401"><ele>0.000</ele><name>BP69</name><desc>&lt;table border=&quot;1&quot; cellpadding=&quot;4&quot; cellspacing=&quot;0&quot; style=&quot;border-collapse:collapse;font-family:Arial;font-size:12px&quot;&gt;&lt;tr&gt;&lt;th align=&quot;left&quot;&gt;Parameter&lt;/th&gt;&lt;th align=&quot;left&quot;&gt;Value&lt;/th&gt;&lt;/tr&gt;&lt;tr&gt;&lt;td&gt;Pillar&lt;/td&gt;&lt;td&gt;BP69&lt;/td&gt;&lt;/tr&gt;&lt;tr&gt;&lt;td&gt;Lease&lt;/td&gt;&lt;td&gt;Pakhar 15.58 Ha&lt;/td&gt;&lt;/tr&gt;&lt;tr&gt;&lt;td&gt;Latitude&lt;/td&gt;&lt;td&gt;23.53754654&lt;/td&gt;&lt;/tr&gt;&lt;tr&gt;&lt;td&gt;Longitude&lt;/td&gt;&lt;td&gt;84.59729543&lt;/td&gt;&lt;/tr&gt;&lt;tr&gt;&lt;td&gt;Easting (m)&lt;/td&gt;&lt;td&gt;254703.690&lt;/td&gt;&lt;/tr&gt;&lt;tr&gt;&lt;td&gt;Northing (m)&lt;/td&gt;&lt;td&gt;2605082.820&lt;/td&gt;&lt;/tr&gt;&lt;tr&gt;&lt;td&gt;Zone / Datum&lt;/td&gt;&lt;td&gt;UTM 45N / WGS84&lt;/td&gt;&lt;/tr&gt;&lt;/table&gt;</desc></wpt>
<wpt lat="0.00021229" lon="82.51201401"><ele>0.000</ele><name>BP70</name><desc>&lt;table border=&quot;1&quot; cellpadding=&quot;4&quot; cellspacing=&quot;0&quot; style=&quot;border-collapse:collapse;font-family:Arial;font-size:12px&quot;&gt;&lt;tr&gt;&lt;th align=&quot;left&quot;&gt;Parameter&lt;/th&gt;&lt;th align=&quot;left&quot;&gt;Value&lt;/th&gt;&lt;/tr&gt;&lt;tr&gt;&lt;td&gt;Pillar&lt;/td&gt;&lt;td&gt;BP70&lt;/td&gt;&lt;/tr&gt;&lt;tr&gt;&lt;td&gt;Lease&lt;/td&gt;&lt;td&gt;Pakhar 15.58 Ha&lt;/td&gt;&lt;/tr&gt;&lt;tr&gt;&lt;td&gt;Latitude&lt;/td&gt;&lt;td&gt;23.53735926&lt;/td&gt;&lt;/tr&gt;&lt;tr&gt;&lt;td&gt;Longitude&lt;/td&gt;&lt;td&gt;84.59774080&lt;/td&gt;&lt;/tr&gt;&lt;tr&gt;&lt;td&gt;Easting (m)&lt;/td&gt;&lt;td&gt;254748.829&lt;/td&gt;&lt;/tr&gt;&lt;tr&gt;&lt;td&gt;Northing (m)&lt;/td&gt;&lt;td&gt;2605061.313&lt;/td&gt;&lt;/tr&gt;&lt;tr&gt;&lt;td&gt;Zone / Datum&lt;/td&gt;&lt;td&gt;UTM 45N / WGS84&lt;/td&gt;&lt;/tr&gt;&lt;/table&gt;</desc></wpt>
<wpt lat="0.00021229" lon="82.51201402"><ele>0.000</ele><name>BP71</name><desc>&lt;table border=&quot;1&quot; cellpadding=&quot;4&quot; cellspacing=&quot;0&quot; style=&quot;border-collapse:collapse;font-family:Arial;font-size:12px&quot;&gt;&lt;tr&gt;&lt;th align=&quot;left&quot;&gt;Parameter&lt;/th&gt;&lt;th align=&quot;left&quot;&gt;Value&lt;/th&gt;&lt;/tr&gt;&lt;tr&gt;&lt;td&gt;Pillar&lt;/td&gt;&lt;td&gt;BP71&lt;/td&gt;&lt;/tr&gt;&lt;tr&gt;&lt;td&gt;Lease&lt;/td&gt;&lt;td&gt;Pakhar 15.58 Ha&lt;/td&gt;&lt;/tr&gt;&lt;tr&gt;&lt;td&gt;Latitude&lt;/td&gt;&lt;td&gt;23.53726980&lt;/td&gt;&lt;/tr&gt;&lt;tr&gt;&lt;td&gt;Longitude&lt;/td&gt;&lt;td&gt;84.59795355&lt;/td&gt;&lt;/tr&gt;&lt;tr&gt;&lt;td&gt;Easting (m)&lt;/td&gt;&lt;td&gt;254770.392&lt;/td&gt;&lt;/tr&gt;&lt;tr&gt;&lt;td&gt;Northing (m)&lt;/td&gt;&lt;td&gt;2605051.039&lt;/td&gt;&lt;/tr&gt;&lt;tr&gt;&lt;td&gt;Zone / Datum&lt;/td&gt;&lt;td&gt;UTM 45N / WGS84&lt;/td&gt;&lt;/tr&gt;&lt;/table&gt;</desc></wpt>
<wpt lat="0.00021229" lon="82.51201402"><ele>0.000</ele><name>BP72</name><desc>&lt;table border=&quot;1&quot; cellpadding=&quot;4&quot; cellspacing=&quot;0&quot; style=&quot;border-collapse:collapse;font-family:Arial;font-size:12px&quot;&gt;&lt;tr&gt;&lt;th align=&quot;left&quot;&gt;Parameter&lt;/th&gt;&lt;th align=&quot;left&quot;&gt;Value&lt;/th&gt;&lt;/tr&gt;&lt;tr&gt;&lt;td&gt;Pillar&lt;/td&gt;&lt;td&gt;BP72&lt;/td&gt;&lt;/tr&gt;&lt;tr&gt;&lt;td&gt;Lease&lt;/td&gt;&lt;td&gt;Pakhar 15.58 Ha&lt;/td&gt;&lt;/tr&gt;&lt;tr&gt;&lt;td&gt;Latitude&lt;/td&gt;&lt;td&gt;23.53761661&lt;/td&gt;&lt;/tr&gt;&lt;tr&gt;&lt;td&gt;Longitude&lt;/td&gt;&lt;td&gt;84.59826678&lt;/td&gt;&lt;/tr&gt;&lt;tr&gt;&lt;td&gt;Easting (m)&lt;/td&gt;&lt;td&gt;254803.027&lt;/td&gt;&lt;/tr&gt;&lt;tr&gt;&lt;td&gt;Northing (m)&lt;/td&gt;&lt;td&gt;2605088.920&lt;/td&gt;&lt;/tr&gt;&lt;tr&gt;&lt;td&gt;Zone / Datum&lt;/td&gt;&lt;td&gt;UTM 45N / WGS84&lt;/td&gt;&lt;/tr&gt;&lt;/table&gt;</desc></wpt>
<wpt lat="0.00021230" lon="82.51201402"><ele>0.000</ele><name>BP73</name><desc>&lt;table border=&quot;1&quot; cellpadding=&quot;4&quot; cellspacing=&quot;0&quot; style=&quot;border-collapse:collapse;font-family:Arial;font-size:12px&quot;&gt;&lt;tr&gt;&lt;th align=&quot;left&quot;&gt;Parameter&lt;/th&gt;&lt;th align=&quot;left&quot;&gt;Value&lt;/th&gt;&lt;/tr&gt;&lt;tr&gt;&lt;td&gt;Pillar&lt;/td&gt;&lt;td&gt;BP73&lt;/td&gt;&lt;/tr&gt;&lt;tr&gt;&lt;td&gt;Lease&lt;/td&gt;&lt;td&gt;Pakhar 15.58 Ha&lt;/td&gt;&lt;/tr&gt;&lt;tr&gt;&lt;td&gt;Latitude&lt;/td&gt;&lt;td&gt;23.53782303&lt;/td&gt;&lt;/tr&gt;&lt;tr&gt;&lt;td&gt;Longitude&lt;/td&gt;&lt;td&gt;84.59845324&lt;/td&gt;&lt;/tr&gt;&lt;tr&gt;&lt;td&gt;Easting (m)&lt;/td&gt;&lt;td&gt;254822.453&lt;/td&gt;&lt;/tr&gt;&lt;tr&gt;&lt;td&gt;Northing (m)&lt;/td&gt;&lt;td&gt;2605111.467&lt;/td&gt;&lt;/tr&gt;&lt;tr&gt;&lt;td&gt;Zone / Datum&lt;/td&gt;&lt;td&gt;UTM 45N / WGS84&lt;/td&gt;&lt;/tr&gt;&lt;/table&gt;</desc></wpt>
<wpt lat="0.00021229" lon="82.51201402"><ele>0.000</ele><name>BP74</name><desc>&lt;table border=&quot;1&quot; cellpadding=&quot;4&quot; cellspacing=&quot;0&quot; style=&quot;border-collapse:collapse;font-family:Arial;font-size:12px&quot;&gt;&lt;tr&gt;&lt;th align=&quot;left&quot;&gt;Parameter&lt;/th&gt;&lt;th align=&quot;left&quot;&gt;Value&lt;/th&gt;&lt;/tr&gt;&lt;tr&gt;&lt;td&gt;Pillar&lt;/td&gt;&lt;td&gt;BP74&lt;/td&gt;&lt;/tr&gt;&lt;tr&gt;&lt;td&gt;Lease&lt;/td&gt;&lt;td&gt;Pakhar 15.58 Ha&lt;/td&gt;&lt;/tr&gt;&lt;tr&gt;&lt;td&gt;Latitude&lt;/td&gt;&lt;td&gt;23.53757824&lt;/td&gt;&lt;/tr&gt;&lt;tr&gt;&lt;td&gt;Longitude&lt;/td&gt;&lt;td&gt;84.59886447&lt;/td&gt;&lt;/tr&gt;&lt;tr&gt;&lt;td&gt;Easting (m)&lt;/td&gt;&lt;td&gt;254863.999&lt;/td&gt;&lt;/tr&gt;&lt;tr&gt;&lt;td&gt;Northing (m)&lt;/td&gt;&lt;td&gt;2605083.648&lt;/td&gt;&lt;/tr&gt;&lt;tr&gt;&lt;td&gt;Zone / Datum&lt;/td&gt;&lt;td&gt;UTM 45N / WGS84&lt;/td&gt;&lt;/tr&gt;&lt;/table&gt;</desc></wpt>
<wpt lat="0.00021229" lon="82.51201403"><ele>0.000</ele><name>BP75</name><desc>&lt;table border=&quot;1&quot; cellpadding=&quot;4&quot; cellspacing=&quot;0&quot; style=&quot;border-collapse:collapse;font-family:Arial;font-size:12px&quot;&gt;&lt;tr&gt;&lt;th align=&quot;left&quot;&gt;Parameter&lt;/th&gt;&lt;th align=&quot;left&quot;&gt;Value&lt;/th&gt;&lt;/tr&gt;&lt;tr&gt;&lt;td&gt;Pillar&lt;/td&gt;&lt;td&gt;BP75&lt;/td&gt;&lt;/tr&gt;&lt;tr&gt;&lt;td&gt;Lease&lt;/td&gt;&lt;td&gt;Pakhar 15.58 Ha&lt;/td&gt;&lt;/tr&gt;&lt;tr&gt;&lt;td&gt;Latitude&lt;/td&gt;&lt;td&gt;23.53733347&lt;/td&gt;&lt;/tr&gt;&lt;tr&gt;&lt;td&gt;Longitude&lt;/td&gt;&lt;td&gt;84.59927571&lt;/td&gt;&lt;/tr&gt;&lt;tr&gt;&lt;td&gt;Easting (m)&lt;/td&gt;&lt;td&gt;254905.546&lt;/td&gt;&lt;/tr&gt;&lt;tr&gt;&lt;td&gt;Northing (m)&lt;/td&gt;&lt;td&gt;2605055.830&lt;/td&gt;&lt;/tr&gt;&lt;tr&gt;&lt;td&gt;Zone / Datum&lt;/td&gt;&lt;td&gt;UTM 45N / WGS84&lt;/td&gt;&lt;/tr&gt;&lt;/table&gt;</desc></wpt>
<wpt lat="0.00021229" lon="82.51201403"><ele>0.000</ele><name>BP76</name><desc>&lt;table border=&quot;1&quot; cellpadding=&quot;4&quot; cellspacing=&quot;0&quot; style=&quot;border-collapse:collapse;font-family:Arial;font-size:12px&quot;&gt;&lt;tr&gt;&lt;th align=&quot;left&quot;&gt;Parameter&lt;/th&gt;&lt;th align=&quot;left&quot;&gt;Value&lt;/th&gt;&lt;/tr&gt;&lt;tr&gt;&lt;td&gt;Pillar&lt;/td&gt;&lt;td&gt;BP76&lt;/td&gt;&lt;/tr&gt;&lt;tr&gt;&lt;td&gt;Lease&lt;/td&gt;&lt;td&gt;Pakhar 15.58 Ha&lt;/td&gt;&lt;/tr&gt;&lt;tr&gt;&lt;td&gt;Latitude&lt;/td&gt;&lt;td&gt;23.53715381&lt;/td&gt;&lt;/tr&gt;&lt;tr&gt;&lt;td&gt;Longitude&lt;/td&gt;&lt;td&gt;84.59957753&lt;/td&gt;&lt;/tr&gt;&lt;tr&gt;&lt;td&gt;Easting (m)&lt;/td&gt;&lt;td&gt;254936.039&lt;/td&gt;&lt;/tr&gt;&lt;tr&gt;&lt;td&gt;Northing (m)&lt;/td&gt;&lt;td&gt;2605035.412&lt;/td&gt;&lt;/tr&gt;&lt;tr&gt;&lt;td&gt;Zone / Datum&lt;/td&gt;&lt;td&gt;UTM 45N / WGS84&lt;/td&gt;&lt;/tr&gt;&lt;/table&gt;</desc></wpt>
<wpt lat="0.00021229" lon="82.51201403"><ele>0.000</ele><name>BP77</name><desc>&lt;table border=&quot;1&quot; cellpadding=&quot;4&quot; cellspacing=&quot;0&quot; style=&quot;border-collapse:collapse;font-family:Arial;font-size:12px&quot;&gt;&lt;tr&gt;&lt;th align=&quot;left&quot;&gt;Parameter&lt;/th&gt;&lt;th align=&quot;left&quot;&gt;Value&lt;/th&gt;&lt;/tr&gt;&lt;tr&gt;&lt;td&gt;Pillar&lt;/td&gt;&lt;td&gt;BP77&lt;/td&gt;&lt;/tr&gt;&lt;tr&gt;&lt;td&gt;Lease&lt;/td&gt;&lt;td&gt;Pakhar 15.58 Ha&lt;/td&gt;&lt;/tr&gt;&lt;tr&gt;&lt;td&gt;Latitude&lt;/td&gt;&lt;td&gt;23.53670477&lt;/td&gt;&lt;/tr&gt;&lt;tr&gt;&lt;td&gt;Longitude&lt;/td&gt;&lt;td&gt;84.59962656&lt;/td&gt;&lt;/tr&gt;&lt;tr&gt;&lt;td&gt;Easting (m)&lt;/td&gt;&lt;td&gt;254940.214&lt;/td&gt;&lt;/tr&gt;&lt;tr&gt;&lt;td&gt;Northing (m)&lt;/td&gt;&lt;td&gt;2604985.587&lt;/td&gt;&lt;/tr&gt;&lt;tr&gt;&lt;td&gt;Zone / Datum&lt;/td&gt;&lt;td&gt;UTM 45N / WGS84&lt;/td&gt;&lt;/tr&gt;&lt;/table&gt;</desc></wpt>
<wpt lat="0.00021229" lon="82.51201403"><ele>0.000</ele><name>BP78</name><desc>&lt;table border=&quot;1&quot; cellpadding=&quot;4&quot; cellspacing=&quot;0&quot; style=&quot;border-collapse:collapse;font-family:Arial;font-size:12px&quot;&gt;&lt;tr&gt;&lt;th align=&quot;left&quot;&gt;Parameter&lt;/th&gt;&lt;th align=&quot;left&quot;&gt;Value&lt;/th&gt;&lt;/tr&gt;&lt;tr&gt;&lt;td&gt;Pillar&lt;/td&gt;&lt;td&gt;BP78&lt;/td&gt;&lt;/tr&gt;&lt;tr&gt;&lt;td&gt;Lease&lt;/td&gt;&lt;td&gt;Pakhar 15.58 Ha&lt;/td&gt;&lt;/tr&gt;&lt;tr&gt;&lt;td&gt;Latitude&lt;/td&gt;&lt;td&gt;23.53663668&lt;/td&gt;&lt;/tr&gt;&lt;tr&gt;&lt;td&gt;Longitude&lt;/td&gt;&lt;td&gt;84.59963400&lt;/td&gt;&lt;/tr&gt;&lt;tr&gt;&lt;td&gt;Easting (m)&lt;/td&gt;&lt;td&gt;254940.847&lt;/td&gt;&lt;/tr&gt;&lt;tr&gt;&lt;td&gt;Northing (m)&lt;/td&gt;&lt;td&gt;2604978.031&lt;/td&gt;&lt;/tr&gt;&lt;tr&gt;&lt;td&gt;Zone / Datum&lt;/td&gt;&lt;td&gt;UTM 45N / WGS84&lt;/td&gt;&lt;/tr&gt;&lt;/table&gt;</desc></wpt>
<wpt lat="0.00021229" lon="82.51201404"><ele>0.000</ele><name>BP79</name><desc>&lt;table border=&quot;1&quot; cellpadding=&quot;4&quot; cellspacing=&quot;0&quot; style=&quot;border-collapse:collapse;font-family:Arial;font-size:12px&quot;&gt;&lt;tr&gt;&lt;th align=&quot;left&quot;&gt;Parameter&lt;/th&gt;&lt;th align=&quot;left&quot;&gt;Value&lt;/th&gt;&lt;/tr&gt;&lt;tr&gt;&lt;td&gt;Pillar&lt;/td&gt;&lt;td&gt;BP79&lt;/td&gt;&lt;/tr&gt;&lt;tr&gt;&lt;td&gt;Lease&lt;/td&gt;&lt;td&gt;Pakhar 15.58 Ha&lt;/td&gt;&lt;/tr&gt;&lt;tr&gt;&lt;td&gt;Latitude&lt;/td&gt;&lt;td&gt;23.53672342&lt;/td&gt;&lt;/tr&gt;&lt;tr&gt;&lt;td&gt;Longitude&lt;/td&gt;&lt;td&gt;84.60011688&lt;/td&gt;&lt;/tr&gt;&lt;tr&gt;&lt;td&gt;Easting (m)&lt;/td&gt;&lt;td&gt;254990.326&lt;/td&gt;&lt;/tr&gt;&lt;tr&gt;&lt;td&gt;Northing (m)&lt;/td&gt;&lt;td&gt;2604986.814&lt;/td&gt;&lt;/tr&gt;&lt;tr&gt;&lt;td&gt;Zone / Datum&lt;/td&gt;&lt;td&gt;UTM 45N / WGS84&lt;/td&gt;&lt;/tr&gt;&lt;/table&gt;</desc></wpt>
<wpt lat="0.00021229" lon="82.51201404"><ele>0.000</ele><name>BP80</name><desc>&lt;table border=&quot;1&quot; cellpadding=&quot;4&quot; cellspacing=&quot;0&quot; style=&quot;border-collapse:collapse;font-family:Arial;font-size:12px&quot;&gt;&lt;tr&gt;&lt;th align=&quot;left&quot;&gt;Parameter&lt;/th&gt;&lt;th align=&quot;left&quot;&gt;Value&lt;/th&gt;&lt;/tr&gt;&lt;tr&gt;&lt;td&gt;Pillar&lt;/td&gt;&lt;td&gt;BP80&lt;/td&gt;&lt;/tr&gt;&lt;tr&gt;&lt;td&gt;Lease&lt;/td&gt;&lt;td&gt;Pakhar 15.58 Ha&lt;/td&gt;&lt;/tr&gt;&lt;tr&gt;&lt;td&gt;Latitude&lt;/td&gt;&lt;td&gt;23.53674633&lt;/td&gt;&lt;/tr&gt;&lt;tr&gt;&lt;td&gt;Longitude&lt;/td&gt;&lt;td&gt;84.60024378&lt;/td&gt;&lt;/tr&gt;&lt;tr&gt;&lt;td&gt;Easting (m)&lt;/td&gt;&lt;td&gt;255003.329&lt;/td&gt;&lt;/tr&gt;&lt;tr&gt;&lt;td&gt;Northing (m)&lt;/td&gt;&lt;td&gt;2604989.135&lt;/td&gt;&lt;/tr&gt;&lt;tr&gt;&lt;td&gt;Zone / Datum&lt;/td&gt;&lt;td&gt;UTM 45N / WGS84&lt;/td&gt;&lt;/tr&gt;&lt;/table&gt;</desc></wpt>
<wpt lat="0.00021228" lon="82.51201404"><ele>0.000</ele><name>BP81</name><desc>&lt;table border=&quot;1&quot; cellpadding=&quot;4&quot; cellspacing=&quot;0&quot; style=&quot;border-collapse:collapse;font-family:Arial;font-size:12px&quot;&gt;&lt;tr&gt;&lt;th align=&quot;left&quot;&gt;Parameter&lt;/th&gt;&lt;th align=&quot;left&quot;&gt;Value&lt;/th&gt;&lt;/tr&gt;&lt;tr&gt;&lt;td&gt;Pillar&lt;/td&gt;&lt;td&gt;BP81&lt;/td&gt;&lt;/tr&gt;&lt;tr&gt;&lt;td&gt;Lease&lt;/td&gt;&lt;td&gt;Pakhar 15.58 Ha&lt;/td&gt;&lt;/tr&gt;&lt;tr&gt;&lt;td&gt;Latitude&lt;/td&gt;&lt;td&gt;23.53645111&lt;/td&gt;&lt;/tr&gt;&lt;tr&gt;&lt;td&gt;Longitude&lt;/td&gt;&lt;td&gt;84.60061402&lt;/td&gt;&lt;/tr&gt;&lt;tr&gt;&lt;td&gt;Easting (m)&lt;/td&gt;&lt;td&gt;255040.596&lt;/td&gt;&lt;/tr&gt;&lt;tr&gt;&lt;td&gt;Northing (m)&lt;/td&gt;&lt;td&gt;2604955.800&lt;/td&gt;&lt;/tr&gt;&lt;tr&gt;&lt;td&gt;Zone / Datum&lt;/td&gt;&lt;td&gt;UTM 45N / WGS84&lt;/td&gt;&lt;/tr&gt;&lt;/table&gt;</desc></wpt>
<wpt lat="0.00021228" lon="82.51201404"><ele>0.000</ele><name>BP82</name><desc>&lt;table border=&quot;1&quot; cellpadding=&quot;4&quot; cellspacing=&quot;0&quot; style=&quot;border-collapse:collapse;font-family:Arial;font-size:12px&quot;&gt;&lt;tr&gt;&lt;th align=&quot;left&quot;&gt;Parameter&lt;/th&gt;&lt;th align=&quot;left&quot;&gt;Value&lt;/th&gt;&lt;/tr&gt;&lt;tr&gt;&lt;td&gt;Pillar&lt;/td&gt;&lt;td&gt;BP82&lt;/td&gt;&lt;/tr&gt;&lt;tr&gt;&lt;td&gt;Lease&lt;/td&gt;&lt;td&gt;Pakhar 15.58 Ha&lt;/td&gt;&lt;/tr&gt;&lt;tr&gt;&lt;td&gt;Latitude&lt;/td&gt;&lt;td&gt;23.53615590&lt;/td&gt;&lt;/tr&gt;&lt;tr&gt;&lt;td&gt;Longitude&lt;/td&gt;&lt;td&gt;84.60098426&lt;/td&gt;&lt;/tr&gt;&lt;tr&gt;&lt;td&gt;Easting (m)&lt;/td&gt;&lt;td&gt;255077.863&lt;/td&gt;&lt;/tr&gt;&lt;tr&gt;&lt;td&gt;Northing (m)&lt;/td&gt;&lt;td&gt;2604922.466&lt;/td&gt;&lt;/tr&gt;&lt;tr&gt;&lt;td&gt;Zone / Datum&lt;/td&gt;&lt;td&gt;UTM 45N / WGS84&lt;/td&gt;&lt;/tr&gt;&lt;/table&gt;</desc></wpt>
<wpt lat="0.00021228" lon="82.51201405"><ele>0.000</ele><name>BP83</name><desc>&lt;table border=&quot;1&quot; cellpadding=&quot;4&quot; cellspacing=&quot;0&quot; style=&quot;border-collapse:collapse;font-family:Arial;font-size:12px&quot;&gt;&lt;tr&gt;&lt;th align=&quot;left&quot;&gt;Parameter&lt;/th&gt;&lt;th align=&quot;left&quot;&gt;Value&lt;/th&gt;&lt;/tr&gt;&lt;tr&gt;&lt;td&gt;Pillar&lt;/td&gt;&lt;td&gt;BP83&lt;/td&gt;&lt;/tr&gt;&lt;tr&gt;&lt;td&gt;Lease&lt;/td&gt;&lt;td&gt;Pakhar 15.58 Ha&lt;/td&gt;&lt;/tr&gt;&lt;tr&gt;&lt;td&gt;Latitude&lt;/td&gt;&lt;td&gt;23.53586069&lt;/td&gt;&lt;/tr&gt;&lt;tr&gt;&lt;td&gt;Longitude&lt;/td&gt;&lt;td&gt;84.60135450&lt;/td&gt;&lt;/tr&gt;&lt;tr&gt;&lt;td&gt;Easting (m)&lt;/td&gt;&lt;td&gt;255115.130&lt;/td&gt;&lt;/tr&gt;&lt;tr&gt;&lt;td&gt;Northing (m)&lt;/td&gt;&lt;td&gt;2604889.132&lt;/td&gt;&lt;/tr&gt;&lt;tr&gt;&lt;td&gt;Zone / Datum&lt;/td&gt;&lt;td&gt;UTM 45N / WGS84&lt;/td&gt;&lt;/tr&gt;&lt;/table&gt;</desc></wpt>
<wpt lat="0.00021228" lon="82.51201405"><ele>0.000</ele><name>BP84</name><desc>&lt;table border=&quot;1&quot; cellpadding=&quot;4&quot; cellspacing=&quot;0&quot; style=&quot;border-collapse:collapse;font-family:Arial;font-size:12px&quot;&gt;&lt;tr&gt;&lt;th align=&quot;left&quot;&gt;Parameter&lt;/th&gt;&lt;th align=&quot;left&quot;&gt;Value&lt;/th&gt;&lt;/tr&gt;&lt;tr&gt;&lt;td&gt;Pillar&lt;/td&gt;&lt;td&gt;BP84&lt;/td&gt;&lt;/tr&gt;&lt;tr&gt;&lt;td&gt;Lease&lt;/td&gt;&lt;td&gt;Pakhar 15.58 Ha&lt;/td&gt;&lt;/tr&gt;&lt;tr&gt;&lt;td&gt;Latitude&lt;/td&gt;&lt;td&gt;23.53559740&lt;/td&gt;&lt;/tr&gt;&lt;tr&gt;&lt;td&gt;Longitude&lt;/td&gt;&lt;td&gt;84.60168470&lt;/td&gt;&lt;/tr&gt;&lt;tr&gt;&lt;td&gt;Easting (m)&lt;/td&gt;&lt;td&gt;255148.367&lt;/td&gt;&lt;/tr&gt;&lt;tr&gt;&lt;td&gt;Northing (m)&lt;/td&gt;&lt;td&gt;2604859.402&lt;/td&gt;&lt;/tr&gt;&lt;tr&gt;&lt;td&gt;Zone / Datum&lt;/td&gt;&lt;td&gt;UTM 45N / WGS84&lt;/td&gt;&lt;/tr&gt;&lt;/table&gt;</desc></wpt>
<wpt lat="0.00021228" lon="82.51201405"><ele>0.000</ele><name>BP85</name><desc>&lt;table border=&quot;1&quot; cellpadding=&quot;4&quot; cellspacing=&quot;0&quot; style=&quot;border-collapse:collapse;font-family:Arial;font-size:12px&quot;&gt;&lt;tr&gt;&lt;th align=&quot;left&quot;&gt;Parameter&lt;/th&gt;&lt;th align=&quot;left&quot;&gt;Value&lt;/th&gt;&lt;/tr&gt;&lt;tr&gt;&lt;td&gt;Pillar&lt;/td&gt;&lt;td&gt;BP85&lt;/td&gt;&lt;/tr&gt;&lt;tr&gt;&lt;td&gt;Lease&lt;/td&gt;&lt;td&gt;Pakhar 15.58 Ha&lt;/td&gt;&lt;/tr&gt;&lt;tr&gt;&lt;td&gt;Latitude&lt;/td&gt;&lt;td&gt;23.53604852&lt;/td&gt;&lt;/tr&gt;&lt;tr&gt;&lt;td&gt;Longitude&lt;/td&gt;&lt;td&gt;84.60167060&lt;/td&gt;&lt;/tr&gt;&lt;tr&gt;&lt;td&gt;Easting (m)&lt;/td&gt;&lt;td&gt;255147.762&lt;/td&gt;&lt;/tr&gt;&lt;tr&gt;&lt;td&gt;Northing (m)&lt;/td&gt;&lt;td&gt;2604909.398&lt;/td&gt;&lt;/tr&gt;&lt;tr&gt;&lt;td&gt;Zone / Datum&lt;/td&gt;&lt;td&gt;UTM 45N / WGS84&lt;/td&gt;&lt;/tr&gt;&lt;/table&gt;</desc></wpt>
<wpt lat="0.00021228" lon="82.51201405"><ele>0.000</ele><name>BP86</name><desc>&lt;table border=&quot;1&quot; cellpadding=&quot;4&quot; cellspacing=&quot;0&quot; style=&quot;border-collapse:collapse;font-family:Arial;font-size:12px&quot;&gt;&lt;tr&gt;&lt;th align=&quot;left&quot;&gt;Parameter&lt;/th&gt;&lt;th align=&quot;left&quot;&gt;Value&lt;/th&gt;&lt;/tr&gt;&lt;tr&gt;&lt;td&gt;Pillar&lt;/td&gt;&lt;td&gt;BP86&lt;/td&gt;&lt;/tr&gt;&lt;tr&gt;&lt;td&gt;Lease&lt;/td&gt;&lt;td&gt;Pakhar 15.58 Ha&lt;/td&gt;&lt;/tr&gt;&lt;tr&gt;&lt;td&gt;Latitude&lt;/td&gt;&lt;td&gt;23.53649964&lt;/td&gt;&lt;/tr&gt;&lt;tr&gt;&lt;td&gt;Longitude&lt;/td&gt;&lt;td&gt;84.60165649&lt;/td&gt;&lt;/tr&gt;&lt;tr&gt;&lt;td&gt;Easting (m)&lt;/td&gt;&lt;td&gt;255147.157&lt;/td&gt;&lt;/tr&gt;&lt;tr&gt;&lt;td&gt;Northing (m)&lt;/td&gt;&lt;td&gt;2604959.395&lt;/td&gt;&lt;/tr&gt;&lt;tr&gt;&lt;td&gt;Zone / Datum&lt;/td&gt;&lt;td&gt;UTM 45N / WGS84&lt;/td&gt;&lt;/tr&gt;&lt;/table&gt;</desc></wpt>
<wpt lat="0.00021229" lon="82.51201405"><ele>0.000</ele><name>BP87</name><desc>&lt;table border=&quot;1&quot; cellpadding=&quot;4&quot; cellspacing=&quot;0&quot; style=&quot;border-collapse:collapse;font-family:Arial;font-size:12px&quot;&gt;&lt;tr&gt;&lt;th align=&quot;left&quot;&gt;Parameter&lt;/th&gt;&lt;th align=&quot;left&quot;&gt;Value&lt;/th&gt;&lt;/tr&gt;&lt;tr&gt;&lt;td&gt;Pillar&lt;/td&gt;&lt;td&gt;BP87&lt;/td&gt;&lt;/tr&gt;&lt;tr&gt;&lt;td&gt;Lease&lt;/td&gt;&lt;td&gt;Pakhar 15.58 Ha&lt;/td&gt;&lt;/tr&gt;&lt;tr&gt;&lt;td&gt;Latitude&lt;/td&gt;&lt;td&gt;23.53695076&lt;/td&gt;&lt;/tr&gt;&lt;tr&gt;&lt;td&gt;Longitude&lt;/td&gt;&lt;td&gt;84.60164238&lt;/td&gt;&lt;/tr&gt;&lt;tr&gt;&lt;td&gt;Easting (m)&lt;/td&gt;&lt;td&gt;255146.552&lt;/td&gt;&lt;/tr&gt;&lt;tr&gt;&lt;td&gt;Northing (m)&lt;/td&gt;&lt;td&gt;2605009.391&lt;/td&gt;&lt;/tr&gt;&lt;tr&gt;&lt;td&gt;Zone / Datum&lt;/td&gt;&lt;td&gt;UTM 45N / WGS84&lt;/td&gt;&lt;/tr&gt;&lt;/table&gt;</desc></wpt>
<wpt lat="0.00021229" lon="82.51201405"><ele>0.000</ele><name>BP88</name><desc>&lt;table border=&quot;1&quot; cellpadding=&quot;4&quot; cellspacing=&quot;0&quot; style=&quot;border-collapse:collapse;font-family:Arial;font-size:12px&quot;&gt;&lt;tr&gt;&lt;th align=&quot;left&quot;&gt;Parameter&lt;/th&gt;&lt;th align=&quot;left&quot;&gt;Value&lt;/th&gt;&lt;/tr&gt;&lt;tr&gt;&lt;td&gt;Pillar&lt;/td&gt;&lt;td&gt;BP88&lt;/td&gt;&lt;/tr&gt;&lt;tr&gt;&lt;td&gt;Lease&lt;/td&gt;&lt;td&gt;Pakhar 15.58 Ha&lt;/td&gt;&lt;/tr&gt;&lt;tr&gt;&lt;td&gt;Latitude&lt;/td&gt;&lt;td&gt;23.53740188&lt;/td&gt;&lt;/tr&gt;&lt;tr&gt;&lt;td&gt;Longitude&lt;/td&gt;&lt;td&gt;84.60162827&lt;/td&gt;&lt;/tr&gt;&lt;tr&gt;&lt;td&gt;Easting (m)&lt;/td&gt;&lt;td&gt;255145.946&lt;/td&gt;&lt;/tr&gt;&lt;tr&gt;&lt;td&gt;Northing (m)&lt;/td&gt;&lt;td&gt;2605059.387&lt;/td&gt;&lt;/tr&gt;&lt;tr&gt;&lt;td&gt;Zone / Datum&lt;/td&gt;&lt;td&gt;UTM 45N / WGS84&lt;/td&gt;&lt;/tr&gt;&lt;/table&gt;</desc></wpt>
<wpt lat="0.00021230" lon="82.51201405"><ele>0.000</ele><name>BP89</name><desc>&lt;table border=&quot;1&quot; cellpadding=&quot;4&quot; cellspacing=&quot;0&quot; style=&quot;border-collapse:collapse;font-family:Arial;font-size:12px&quot;&gt;&lt;tr&gt;&lt;th align=&quot;left&quot;&gt;Parameter&lt;/th&gt;&lt;th align=&quot;left&quot;&gt;Value&lt;/th&gt;&lt;/tr&gt;&lt;tr&gt;&lt;td&gt;Pillar&lt;/td&gt;&lt;td&gt;BP89&lt;/td&gt;&lt;/tr&gt;&lt;tr&gt;&lt;td&gt;Lease&lt;/td&gt;&lt;td&gt;Pakhar 15.58 Ha&lt;/td&gt;&lt;/tr&gt;&lt;tr&gt;&lt;td&gt;Latitude&lt;/td&gt;&lt;td&gt;23.53785300&lt;/td&gt;&lt;/tr&gt;&lt;tr&gt;&lt;td&gt;Longitude&lt;/td&gt;&lt;td&gt;84.60161416&lt;/td&gt;&lt;/tr&gt;&lt;tr&gt;&lt;td&gt;Easting (m)&lt;/td&gt;&lt;td&gt;255145.341&lt;/td&gt;&lt;/tr&gt;&lt;tr&gt;&lt;td&gt;Northing (m)&lt;/td&gt;&lt;td&gt;2605109.384&lt;/td&gt;&lt;/tr&gt;&lt;tr&gt;&lt;td&gt;Zone / Datum&lt;/td&gt;&lt;td&gt;UTM 45N / WGS84&lt;/td&gt;&lt;/tr&gt;&lt;/table&gt;</desc></wpt>
<wpt lat="0.00021230" lon="82.51201405"><ele>0.000</ele><name>BP90</name><desc>&lt;table border=&quot;1&quot; cellpadding=&quot;4&quot; cellspacing=&quot;0&quot; style=&quot;border-collapse:collapse;font-family:Arial;font-size:12px&quot;&gt;&lt;tr&gt;&lt;th align=&quot;left&quot;&gt;Parameter&lt;/th&gt;&lt;th align=&quot;left&quot;&gt;Value&lt;/th&gt;&lt;/tr&gt;&lt;tr&gt;&lt;td&gt;Pillar&lt;/td&gt;&lt;td&gt;BP90&lt;/td&gt;&lt;/tr&gt;&lt;tr&gt;&lt;td&gt;Lease&lt;/td&gt;&lt;td&gt;Pakhar 15.58 Ha&lt;/td&gt;&lt;/tr&gt;&lt;tr&gt;&lt;td&gt;Latitude&lt;/td&gt;&lt;td&gt;23.53795608&lt;/td&gt;&lt;/tr&gt;&lt;tr&gt;&lt;td&gt;Longitude&lt;/td&gt;&lt;td&gt;84.60161094&lt;/td&gt;&lt;/tr&gt;&lt;tr&gt;&lt;td&gt;Easting (m)&lt;/td&gt;&lt;td&gt;255145.203&lt;/td&gt;&lt;/tr&gt;&lt;tr&gt;&lt;td&gt;Northing (m)&lt;/td&gt;&lt;td&gt;2605120.808&lt;/td&gt;&lt;/tr&gt;&lt;tr&gt;&lt;td&gt;Zone / Datum&lt;/td&gt;&lt;td&gt;UTM 45N / WGS84&lt;/td&gt;&lt;/tr&gt;&lt;/table&gt;</desc></wpt>
<wpt lat="0.00021230" lon="82.51201405"><ele>0.000</ele><name>BP91</name><desc>&lt;table border=&quot;1&quot; cellpadding=&quot;4&quot; cellspacing=&quot;0&quot; style=&quot;border-collapse:collapse;font-family:Arial;font-size:12px&quot;&gt;&lt;tr&gt;&lt;th align=&quot;left&quot;&gt;Parameter&lt;/th&gt;&lt;th align=&quot;left&quot;&gt;Value&lt;/th&gt;&lt;/tr&gt;&lt;tr&gt;&lt;td&gt;Pillar&lt;/td&gt;&lt;td&gt;BP91&lt;/td&gt;&lt;/tr&gt;&lt;tr&gt;&lt;td&gt;Lease&lt;/td&gt;&lt;td&gt;Pakhar 15.58 Ha&lt;/td&gt;&lt;/tr&gt;&lt;tr&gt;&lt;td&gt;Latitude&lt;/td&gt;&lt;td&gt;23.53836885&lt;/td&gt;&lt;/tr&gt;&lt;tr&gt;&lt;td&gt;Longitude&lt;/td&gt;&lt;td&gt;84.60180886&lt;/td&gt;&lt;/tr&gt;&lt;tr&gt;&lt;td&gt;Easting (m)&lt;/td&gt;&lt;td&gt;255166.182&lt;/td&gt;&lt;/tr&gt;&lt;tr&gt;&lt;td&gt;Northing (m)&lt;/td&gt;&lt;td&gt;2605166.194&lt;/td&gt;&lt;/tr&gt;&lt;tr&gt;&lt;td&gt;Zone / Datum&lt;/td&gt;&lt;td&gt;UTM 45N / WGS84&lt;/td&gt;&lt;/tr&gt;&lt;/table&gt;</desc></wpt>
<wpt lat="0.00021231" lon="82.51201405"><ele>0.000</ele><name>BP92</name><desc>&lt;table border=&quot;1&quot; cellpadding=&quot;4&quot; cellspacing=&quot;0&quot; style=&quot;border-collapse:collapse;font-family:Arial;font-size:12px&quot;&gt;&lt;tr&gt;&lt;th align=&quot;left&quot;&gt;Parameter&lt;/th&gt;&lt;th align=&quot;left&quot;&gt;Value&lt;/th&gt;&lt;/tr&gt;&lt;tr&gt;&lt;td&gt;Pillar&lt;/td&gt;&lt;td&gt;BP92&lt;/td&gt;&lt;/tr&gt;&lt;tr&gt;&lt;td&gt;Lease&lt;/td&gt;&lt;td&gt;Pakhar 15.58 Ha&lt;/td&gt;&lt;/tr&gt;&lt;tr&gt;&lt;td&gt;Latitude&lt;/td&gt;&lt;td&gt;23.53878162&lt;/td&gt;&lt;/tr&gt;&lt;tr&gt;&lt;td&gt;Longitude&lt;/td&gt;&lt;td&gt;84.60200678&lt;/td&gt;&lt;/tr&gt;&lt;tr&gt;&lt;td&gt;Easting (m)&lt;/td&gt;&lt;td&gt;255187.161&lt;/td&gt;&lt;/tr&gt;&lt;tr&gt;&lt;td&gt;Northing (m)&lt;/td&gt;&lt;td&gt;2605211.580&lt;/td&gt;&lt;/tr&gt;&lt;tr&gt;&lt;td&gt;Zone / Datum&lt;/td&gt;&lt;td&gt;UTM 45N / WGS84&lt;/td&gt;&lt;/tr&gt;&lt;/table&gt;</desc></wpt>
<wpt lat="0.00021231" lon="82.51201405"><ele>0.000</ele><name>BP93</name><desc>&lt;table border=&quot;1&quot; cellpadding=&quot;4&quot; cellspacing=&quot;0&quot; style=&quot;border-collapse:collapse;font-family:Arial;font-size:12px&quot;&gt;&lt;tr&gt;&lt;th align=&quot;left&quot;&gt;Parameter&lt;/th&gt;&lt;th align=&quot;left&quot;&gt;Value&lt;/th&gt;&lt;/tr&gt;&lt;tr&gt;&lt;td&gt;Pillar&lt;/td&gt;&lt;td&gt;BP93&lt;/td&gt;&lt;/tr&gt;&lt;tr&gt;&lt;td&gt;Lease&lt;/td&gt;&lt;td&gt;Pakhar 15.58 Ha&lt;/td&gt;&lt;/tr&gt;&lt;tr&gt;&lt;td&gt;Latitude&lt;/td&gt;&lt;td&gt;23.53919439&lt;/td&gt;&lt;/tr&gt;&lt;tr&gt;&lt;td&gt;Longitude&lt;/td&gt;&lt;td&gt;84.60220470&lt;/td&gt;&lt;/tr&gt;&lt;tr&gt;&lt;td&gt;Easting (m)&lt;/td&gt;&lt;td&gt;255208.139&lt;/td&gt;&lt;/tr&gt;&lt;tr&gt;&lt;td&gt;Northing (m)&lt;/td&gt;&lt;td&gt;2605256.966&lt;/td&gt;&lt;/tr&gt;&lt;tr&gt;&lt;td&gt;Zone / Datum&lt;/td&gt;&lt;td&gt;UTM 45N / WGS84&lt;/td&gt;&lt;/tr&gt;&lt;/table&gt;</desc></wpt>
<wpt lat="0.00021231" lon="82.51201406"><ele>0.000</ele><name>BP94</name><desc>&lt;table border=&quot;1&quot; cellpadding=&quot;4&quot; cellspacing=&quot;0&quot; style=&quot;border-collapse:collapse;font-family:Arial;font-size:12px&quot;&gt;&lt;tr&gt;&lt;th align=&quot;left&quot;&gt;Parameter&lt;/th&gt;&lt;th align=&quot;left&quot;&gt;Value&lt;/th&gt;&lt;/tr&gt;&lt;tr&gt;&lt;td&gt;Pillar&lt;/td&gt;&lt;td&gt;BP94&lt;/td&gt;&lt;/tr&gt;&lt;tr&gt;&lt;td&gt;Lease&lt;/td&gt;&lt;td&gt;Pakhar 15.58 Ha&lt;/td&gt;&lt;/tr&gt;&lt;tr&gt;&lt;td&gt;Latitude&lt;/td&gt;&lt;td&gt;23.53960716&lt;/td&gt;&lt;/tr&gt;&lt;tr&gt;&lt;td&gt;Longitude&lt;/td&gt;&lt;td&gt;84.60240262&lt;/td&gt;&lt;/tr&gt;&lt;tr&gt;&lt;td&gt;Easting (m)&lt;/td&gt;&lt;td&gt;255229.118&lt;/td&gt;&lt;/tr&gt;&lt;tr&gt;&lt;td&gt;Northing (m)&lt;/td&gt;&lt;td&gt;2605302.352&lt;/td&gt;&lt;/tr&gt;&lt;tr&gt;&lt;td&gt;Zone / Datum&lt;/td&gt;&lt;td&gt;UTM 45N / WGS84&lt;/td&gt;&lt;/tr&gt;&lt;/table&gt;</desc></wpt>
<wpt lat="0.00021232" lon="82.51201406"><ele>0.000</ele><name>BP95</name><desc>&lt;table border=&quot;1&quot; cellpadding=&quot;4&quot; cellspacing=&quot;0&quot; style=&quot;border-collapse:collapse;font-family:Arial;font-size:12px&quot;&gt;&lt;tr&gt;&lt;th align=&quot;left&quot;&gt;Parameter&lt;/th&gt;&lt;th align=&quot;left&quot;&gt;Value&lt;/th&gt;&lt;/tr&gt;&lt;tr&gt;&lt;td&gt;Pillar&lt;/td&gt;&lt;td&gt;BP95&lt;/td&gt;&lt;/tr&gt;&lt;tr&gt;&lt;td&gt;Lease&lt;/td&gt;&lt;td&gt;Pakhar 15.58 Ha&lt;/td&gt;&lt;/tr&gt;&lt;tr&gt;&lt;td&gt;Latitude&lt;/td&gt;&lt;td&gt;23.54001993&lt;/td&gt;&lt;/tr&gt;&lt;tr&gt;&lt;td&gt;Longitude&lt;/td&gt;&lt;td&gt;84.60260055&lt;/td&gt;&lt;/tr&gt;&lt;tr&gt;&lt;td&gt;Easting (m)&lt;/td&gt;&lt;td&gt;255250.097&lt;/td&gt;&lt;/tr&gt;&lt;tr&gt;&lt;td&gt;Northing (m)&lt;/td&gt;&lt;td&gt;2605347.738&lt;/td&gt;&lt;/tr&gt;&lt;tr&gt;&lt;td&gt;Zone / Datum&lt;/td&gt;&lt;td&gt;UTM 45N / WGS84&lt;/td&gt;&lt;/tr&gt;&lt;/table&gt;</desc></wpt>
<wpt lat="0.00021232" lon="82.51201406"><ele>0.000</ele><name>BP96</name><desc>&lt;table border=&quot;1&quot; cellpadding=&quot;4&quot; cellspacing=&quot;0&quot; style=&quot;border-collapse:collapse;font-family:Arial;font-size:12px&quot;&gt;&lt;tr&gt;&lt;th align=&quot;left&quot;&gt;Parameter&lt;/th&gt;&lt;th align=&quot;left&quot;&gt;Value&lt;/th&gt;&lt;/tr&gt;&lt;tr&gt;&lt;td&gt;Pillar&lt;/td&gt;&lt;td&gt;BP96&lt;/td&gt;&lt;/tr&gt;&lt;tr&gt;&lt;td&gt;Lease&lt;/td&gt;&lt;td&gt;Pakhar 15.58 Ha&lt;/td&gt;&lt;/tr&gt;&lt;tr&gt;&lt;td&gt;Latitude&lt;/td&gt;&lt;td&gt;23.54043270&lt;/td&gt;&lt;/tr&gt;&lt;tr&gt;&lt;td&gt;Longitude&lt;/td&gt;&lt;td&gt;84.60279848&lt;/td&gt;&lt;/tr&gt;&lt;tr&gt;&lt;td&gt;Easting (m)&lt;/td&gt;&lt;td&gt;255271.076&lt;/td&gt;&lt;/tr&gt;&lt;tr&gt;&lt;td&gt;Northing (m)&lt;/td&gt;&lt;td&gt;2605393.124&lt;/td&gt;&lt;/tr&gt;&lt;tr&gt;&lt;td&gt;Zone / Datum&lt;/td&gt;&lt;td&gt;UTM 45N / WGS84&lt;/td&gt;&lt;/tr&gt;&lt;/table&gt;</desc></wpt>
<wpt lat="0.00021232" lon="82.51201406"><ele>0.000</ele><name>BP97</name><desc>&lt;table border=&quot;1&quot; cellpadding=&quot;4&quot; cellspacing=&quot;0&quot; style=&quot;border-collapse:collapse;font-family:Arial;font-size:12px&quot;&gt;&lt;tr&gt;&lt;th align=&quot;left&quot;&gt;Parameter&lt;/th&gt;&lt;th align=&quot;left&quot;&gt;Value&lt;/th&gt;&lt;/tr&gt;&lt;tr&gt;&lt;td&gt;Pillar&lt;/td&gt;&lt;td&gt;BP97&lt;/td&gt;&lt;/tr&gt;&lt;tr&gt;&lt;td&gt;Lease&lt;/td&gt;&lt;td&gt;Pakhar 15.58 Ha&lt;/td&gt;&lt;/tr&gt;&lt;tr&gt;&lt;td&gt;Latitude&lt;/td&gt;&lt;td&gt;23.54046423&lt;/td&gt;&lt;/tr&gt;&lt;tr&gt;&lt;td&gt;Longitude&lt;/td&gt;&lt;td&gt;84.60281360&lt;/td&gt;&lt;/tr&gt;&lt;tr&gt;&lt;td&gt;Easting (m)&lt;/td&gt;&lt;td&gt;255272.679&lt;/td&gt;&lt;/tr&gt;&lt;tr&gt;&lt;td&gt;Northing (m)&lt;/td&gt;&lt;td&gt;2605396.591&lt;/td&gt;&lt;/tr&gt;&lt;tr&gt;&lt;td&gt;Zone / Datum&lt;/td&gt;&lt;td&gt;UTM 45N / WGS84&lt;/td&gt;&lt;/tr&gt;&lt;/table&gt;</desc></wpt>
<wpt lat="0.00021232" lon="82.51201406"><ele>0.000</ele><name>BP98</name><desc>&lt;table border=&quot;1&quot; cellpadding=&quot;4&quot; cellspacing=&quot;0&quot; style=&quot;border-collapse:collapse;font-family:Arial;font-size:12px&quot;&gt;&lt;tr&gt;&lt;th align=&quot;left&quot;&gt;Parameter&lt;/th&gt;&lt;th align=&quot;left&quot;&gt;Value&lt;/th&gt;&lt;/tr&gt;&lt;tr&gt;&lt;td&gt;Pillar&lt;/td&gt;&lt;td&gt;BP98&lt;/td&gt;&lt;/tr&gt;&lt;tr&gt;&lt;td&gt;Lease&lt;/td&gt;&lt;td&gt;Pakhar 15.58 Ha&lt;/td&gt;&lt;/tr&gt;&lt;tr&gt;&lt;td&gt;Latitude&lt;/td&gt;&lt;td&gt;23.54070812&lt;/td&gt;&lt;/tr&gt;&lt;tr&gt;&lt;td&gt;Longitude&lt;/td&gt;&lt;td&gt;84.60322107&lt;/td&gt;&lt;/tr&gt;&lt;tr&gt;&lt;td&gt;Easting (m)&lt;/td&gt;&lt;td&gt;255314.746&lt;/td&gt;&lt;/tr&gt;&lt;tr&gt;&lt;td&gt;Northing (m)&lt;/td&gt;&lt;td&gt;2605422.912&lt;/td&gt;&lt;/tr&gt;&lt;tr&gt;&lt;td&gt;Zone / Datum&lt;/td&gt;&lt;td&gt;UTM 45N / WGS84&lt;/td&gt;&lt;/tr&gt;&lt;/table&gt;</desc></wpt>
<wpt lat="0.00021232" lon="82.51201406"><ele>0.000</ele><name>BP99</name><desc>&lt;table border=&quot;1&quot; cellpadding=&quot;4&quot; cellspacing=&quot;0&quot; style=&quot;border-collapse:collapse;font-family:Arial;font-size:12px&quot;&gt;&lt;tr&gt;&lt;th align=&quot;left&quot;&gt;Parameter&lt;/th&gt;&lt;th align=&quot;left&quot;&gt;Value&lt;/th&gt;&lt;/tr&gt;&lt;tr&gt;&lt;td&gt;Pillar&lt;/td&gt;&lt;td&gt;BP99&lt;/td&gt;&lt;/tr&gt;&lt;tr&gt;&lt;td&gt;Lease&lt;/td&gt;&lt;td&gt;Pakhar 15.58 Ha&lt;/td&gt;&lt;/tr&gt;&lt;tr&gt;&lt;td&gt;Latitude&lt;/td&gt;&lt;td&gt;23.54025704&lt;/td&gt;&lt;/tr&gt;&lt;tr&gt;&lt;td&gt;Longitude&lt;/td&gt;&lt;td&gt;84.60321616&lt;/td&gt;&lt;/tr&gt;&lt;tr&gt;&lt;td&gt;Easting (m)&lt;/td&gt;&lt;td&gt;255313.409&lt;/td&gt;&lt;/tr&gt;&lt;tr&gt;&lt;td&gt;Northing (m)&lt;/td&gt;&lt;td&gt;2605372.952&lt;/td&gt;&lt;/tr&gt;&lt;tr&gt;&lt;td&gt;Zone / Datum&lt;/td&gt;&lt;td&gt;UTM 45N / WGS84&lt;/td&gt;&lt;/tr&gt;&lt;/table&gt;</desc></wpt>
<wpt lat="0.00021232" lon="82.51201406"><ele>0.000</ele><name>BP100</name><desc>&lt;table border=&quot;1&quot; cellpadding=&quot;4&quot; cellspacing=&quot;0&quot; style=&quot;border-collapse:collapse;font-family:Arial;font-size:12px&quot;&gt;&lt;tr&gt;&lt;th align=&quot;left&quot;&gt;Parameter&lt;/th&gt;&lt;th align=&quot;left&quot;&gt;Value&lt;/th&gt;&lt;/tr&gt;&lt;tr&gt;&lt;td&gt;Pillar&lt;/td&gt;&lt;td&gt;BP100&lt;/td&gt;&lt;/tr&gt;&lt;tr&gt;&lt;td&gt;Lease&lt;/td&gt;&lt;td&gt;Pakhar 15.58 Ha&lt;/td&gt;&lt;/tr&gt;&lt;tr&gt;&lt;td&gt;Latitude&lt;/td&gt;&lt;td&gt;23.54018935&lt;/td&gt;&lt;/tr&gt;&lt;tr&gt;&lt;td&gt;Longitude&lt;/td&gt;&lt;td&gt;84.60321543&lt;/td&gt;&lt;/tr&gt;&lt;tr&gt;&lt;td&gt;Easting (m)&lt;/td&gt;&lt;td&gt;255313.209&lt;/td&gt;&lt;/tr&gt;&lt;tr&gt;&lt;td&gt;Northing (m)&lt;/td&gt;&lt;td&gt;2605365.455&lt;/td&gt;&lt;/tr&gt;&lt;tr&gt;&lt;td&gt;Zone / Datum&lt;/td&gt;&lt;td&gt;UTM 45N / WGS84&lt;/td&gt;&lt;/tr&gt;&lt;/table&gt;</desc></wpt>
<wpt lat="0.00021231" lon="82.51201406"><ele>0.000</ele><name>BP101</name><desc>&lt;table border=&quot;1&quot; cellpadding=&quot;4&quot; cellspacing=&quot;0&quot; style=&quot;border-collapse:collapse;font-family:Arial;font-size:12px&quot;&gt;&lt;tr&gt;&lt;th align=&quot;left&quot;&gt;Parameter&lt;/th&gt;&lt;th align=&quot;left&quot;&gt;Value&lt;/th&gt;&lt;/tr&gt;&lt;tr&gt;&lt;td&gt;Pillar&lt;/td&gt;&lt;td&gt;BP101&lt;/td&gt;&lt;/tr&gt;&lt;tr&gt;&lt;td&gt;Lease&lt;/td&gt;&lt;td&gt;Pakhar 15.58 Ha&lt;/td&gt;&lt;/tr&gt;&lt;tr&gt;&lt;td&gt;Latitude&lt;/td&gt;&lt;td&gt;23.53978282&lt;/td&gt;&lt;/tr&gt;&lt;tr&gt;&lt;td&gt;Longitude&lt;/td&gt;&lt;td&gt;84.60300285&lt;/td&gt;&lt;/tr&gt;&lt;tr&gt;&lt;td&gt;Easting (m)&lt;/td&gt;&lt;td&gt;255290.745&lt;/td&gt;&lt;/tr&gt;&lt;tr&gt;&lt;td&gt;Northing (m)&lt;/td&gt;&lt;td&gt;2605320.785&lt;/td&gt;&lt;/tr&gt;&lt;tr&gt;&lt;td&gt;Zone / Datum&lt;/td&gt;&lt;td&gt;UTM 45N / WGS84&lt;/td&gt;&lt;/tr&gt;&lt;/table&gt;</desc></wpt>
<wpt lat="0.00021231" lon="82.51201406"><ele>0.000</ele><name>BP102</name><desc>&lt;table border=&quot;1&quot; cellpadding=&quot;4&quot; cellspacing=&quot;0&quot; style=&quot;border-collapse:collapse;font-family:Arial;font-size:12px&quot;&gt;&lt;tr&gt;&lt;th align=&quot;left&quot;&gt;Parameter&lt;/th&gt;&lt;th align=&quot;left&quot;&gt;Value&lt;/th&gt;&lt;/tr&gt;&lt;tr&gt;&lt;td&gt;Pillar&lt;/td&gt;&lt;td&gt;BP102&lt;/td&gt;&lt;/tr&gt;&lt;tr&gt;&lt;td&gt;Lease&lt;/td&gt;&lt;td&gt;Pakhar 15.58 Ha&lt;/td&gt;&lt;/tr&gt;&lt;tr&gt;&lt;td&gt;Latitude&lt;/td&gt;&lt;td&gt;23.53937472&lt;/td&gt;&lt;/tr&gt;&lt;tr&gt;&lt;td&gt;Longitude&lt;/td&gt;&lt;td&gt;84.60279381&lt;/td&gt;&lt;/tr&gt;&lt;tr&gt;&lt;td&gt;Easting (m)&lt;/td&gt;&lt;td&gt;255268.640&lt;/td&gt;&lt;/tr&gt;&lt;tr&gt;&lt;td&gt;Northing (m)&lt;/td&gt;&lt;td&gt;2605275.936&lt;/td&gt;&lt;/tr&gt;&lt;tr&gt;&lt;td&gt;Zone / Datum&lt;/td&gt;&lt;td&gt;UTM 45N / WGS84&lt;/td&gt;&lt;/tr&gt;&lt;/table&gt;</desc></wpt>
<wpt lat="0.00021231" lon="82.51201406"><ele>0.000</ele><name>BP103</name><desc>&lt;table border=&quot;1&quot; cellpadding=&quot;4&quot; cellspacing=&quot;0&quot; style=&quot;border-collapse:collapse;font-family:Arial;font-size:12px&quot;&gt;&lt;tr&gt;&lt;th align=&quot;left&quot;&gt;Parameter&lt;/th&gt;&lt;th align=&quot;left&quot;&gt;Value&lt;/th&gt;&lt;/tr&gt;&lt;tr&gt;&lt;td&gt;Pillar&lt;/td&gt;&lt;td&gt;BP103&lt;/td&gt;&lt;/tr&gt;&lt;tr&gt;&lt;td&gt;Lease&lt;/td&gt;&lt;td&gt;Pakhar 15.58 Ha&lt;/td&gt;&lt;/tr&gt;&lt;tr&gt;&lt;td&gt;Latitude&lt;/td&gt;&lt;td&gt;23.53896511&lt;/td&gt;&lt;/tr&gt;&lt;tr&gt;&lt;td&gt;Longitude&lt;/td&gt;&lt;td&gt;84.60258835&lt;/td&gt;&lt;/tr&gt;&lt;tr&gt;&lt;td&gt;Easting (m)&lt;/td&gt;&lt;td&gt;255246.897&lt;/td&gt;&lt;/tr&gt;&lt;tr&gt;&lt;td&gt;Northing (m)&lt;/td&gt;&lt;td&gt;2605230.912&lt;/td&gt;&lt;/tr&gt;&lt;tr&gt;&lt;td&gt;Zone / Datum&lt;/td&gt;&lt;td&gt;UTM 45N / WGS84&lt;/td&gt;&lt;/tr&gt;&lt;/table&gt;</desc></wpt>
<wpt lat="0.00021230" lon="82.51201406"><ele>0.000</ele><name>BP104</name><desc>&lt;table border=&quot;1&quot; cellpadding=&quot;4&quot; cellspacing=&quot;0&quot; style=&quot;border-collapse:collapse;font-family:Arial;font-size:12px&quot;&gt;&lt;tr&gt;&lt;th align=&quot;left&quot;&gt;Parameter&lt;/th&gt;&lt;th align=&quot;left&quot;&gt;Value&lt;/th&gt;&lt;/tr&gt;&lt;tr&gt;&lt;td&gt;Pillar&lt;/td&gt;&lt;td&gt;BP104&lt;/td&gt;&lt;/tr&gt;&lt;tr&gt;&lt;td&gt;Lease&lt;/td&gt;&lt;td&gt;Pakhar 15.58 Ha&lt;/td&gt;&lt;/tr&gt;&lt;tr&gt;&lt;td&gt;Latitude&lt;/td&gt;&lt;td&gt;23.53867969&lt;/td&gt;&lt;/tr&gt;&lt;tr&gt;&lt;td&gt;Longitude&lt;/td&gt;&lt;td&gt;84.60244519&lt;/td&gt;&lt;/tr&gt;&lt;tr&gt;&lt;td&gt;Easting (m)&lt;/td&gt;&lt;td&gt;255231.748&lt;/td&gt;&lt;/tr&gt;&lt;tr&gt;&lt;td&gt;Northing (m)&lt;/td&gt;&lt;td&gt;2605199.540&lt;/td&gt;&lt;/tr&gt;&lt;tr&gt;&lt;td&gt;Zone / Datum&lt;/td&gt;&lt;td&gt;UTM 45N / WGS84&lt;/td&gt;&lt;/tr&gt;&lt;/table&gt;</desc></wpt>
<wpt lat="0.00021230" lon="82.51201406"><ele>0.000</ele><name>BP105</name><desc>&lt;table border=&quot;1&quot; cellpadding=&quot;4&quot; cellspacing=&quot;0&quot; style=&quot;border-collapse:collapse;font-family:Arial;font-size:12px&quot;&gt;&lt;tr&gt;&lt;th align=&quot;left&quot;&gt;Parameter&lt;/th&gt;&lt;th align=&quot;left&quot;&gt;Value&lt;/th&gt;&lt;/tr&gt;&lt;tr&gt;&lt;td&gt;Pillar&lt;/td&gt;&lt;td&gt;BP105&lt;/td&gt;&lt;/tr&gt;&lt;tr&gt;&lt;td&gt;Lease&lt;/td&gt;&lt;td&gt;Pakhar 15.58 Ha&lt;/td&gt;&lt;/tr&gt;&lt;tr&gt;&lt;td&gt;Latitude&lt;/td&gt;&lt;td&gt;23.53854932&lt;/td&gt;&lt;/tr&gt;&lt;tr&gt;&lt;td&gt;Longitude&lt;/td&gt;&lt;td&gt;84.60239800&lt;/td&gt;&lt;/tr&gt;&lt;tr&gt;&lt;td&gt;Easting (m)&lt;/td&gt;&lt;td&gt;255226.686&lt;/td&gt;&lt;/tr&gt;&lt;tr&gt;&lt;td&gt;Northing (m)&lt;/td&gt;&lt;td&gt;2605185.179&lt;/td&gt;&lt;/tr&gt;&lt;tr&gt;&lt;td&gt;Zone / Datum&lt;/td&gt;&lt;td&gt;UTM 45N / WGS84&lt;/td&gt;&lt;/tr&gt;&lt;/table&gt;</desc></wpt>
<wpt lat="0.00021230" lon="82.51201405"><ele>0.000</ele><name>BP106</name><desc>&lt;table border=&quot;1&quot; cellpadding=&quot;4&quot; cellspacing=&quot;0&quot; style=&quot;border-collapse:collapse;font-family:Arial;font-size:12px&quot;&gt;&lt;tr&gt;&lt;th align=&quot;left&quot;&gt;Parameter&lt;/th&gt;&lt;th align=&quot;left&quot;&gt;Value&lt;/th&gt;&lt;/tr&gt;&lt;tr&gt;&lt;td&gt;Pillar&lt;/td&gt;&lt;td&gt;BP106&lt;/td&gt;&lt;/tr&gt;&lt;tr&gt;&lt;td&gt;Lease&lt;/td&gt;&lt;td&gt;Pakhar 15.58 Ha&lt;/td&gt;&lt;/tr&gt;&lt;tr&gt;&lt;td&gt;Latitude&lt;/td&gt;&lt;td&gt;23.53812123&lt;/td&gt;&lt;/tr&gt;&lt;tr&gt;&lt;td&gt;Longitude&lt;/td&gt;&lt;td&gt;84.60224302&lt;/td&gt;&lt;/tr&gt;&lt;tr&gt;&lt;td&gt;Easting (m)&lt;/td&gt;&lt;td&gt;255210.065&lt;/td&gt;&lt;/tr&gt;&lt;tr&gt;&lt;td&gt;Northing (m)&lt;/td&gt;&lt;td&gt;2605138.022&lt;/td&gt;&lt;/tr&gt;&lt;tr&gt;&lt;td&gt;Zone / Datum&lt;/td&gt;&lt;td&gt;UTM 45N / WGS84&lt;/td&gt;&lt;/tr&gt;&lt;/table&gt;</desc></wpt>
<wpt lat="0.00021230" lon="82.51201405"><ele>0.000</ele><name>BP107</name><desc>&lt;table border=&quot;1&quot; cellpadding=&quot;4&quot; cellspacing=&quot;0&quot; style=&quot;border-collapse:collapse;font-family:Arial;font-size:12px&quot;&gt;&lt;tr&gt;&lt;th align=&quot;left&quot;&gt;Parameter&lt;/th&gt;&lt;th align=&quot;left&quot;&gt;Value&lt;/th&gt;&lt;/tr&gt;&lt;tr&gt;&lt;td&gt;Pillar&lt;/td&gt;&lt;td&gt;BP107&lt;/td&gt;&lt;/tr&gt;&lt;tr&gt;&lt;td&gt;Lease&lt;/td&gt;&lt;td&gt;Pakhar 15.58 Ha&lt;/td&gt;&lt;/tr&gt;&lt;tr&gt;&lt;td&gt;Latitude&lt;/td&gt;&lt;td&gt;23.53785581&lt;/td&gt;&lt;/tr&gt;&lt;tr&gt;&lt;td&gt;Longitude&lt;/td&gt;&lt;td&gt;84.60214693&lt;/td&gt;&lt;/tr&gt;&lt;tr&gt;&lt;td&gt;Easting (m)&lt;/td&gt;&lt;td&gt;255199.760&lt;/td&gt;&lt;/tr&gt;&lt;tr&gt;&lt;td&gt;Northing (m)&lt;/td&gt;&lt;td&gt;2605108.785&lt;/td&gt;&lt;/tr&gt;&lt;tr&gt;&lt;td&gt;Zone / Datum&lt;/td&gt;&lt;td&gt;UTM 45N / WGS84&lt;/td&gt;&lt;/tr&gt;&lt;/table&gt;</desc></wpt>
<wpt lat="0.00021229" lon="82.51201406"><ele>0.000</ele><name>BP108</name><desc>&lt;table border=&quot;1&quot; cellpadding=&quot;4&quot; cellspacing=&quot;0&quot; style=&quot;border-collapse:collapse;font-family:Arial;font-size:12px&quot;&gt;&lt;tr&gt;&lt;th align=&quot;left&quot;&gt;Parameter&lt;/th&gt;&lt;th align=&quot;left&quot;&gt;Value&lt;/th&gt;&lt;/tr&gt;&lt;tr&gt;&lt;td&gt;Pillar&lt;/td&gt;&lt;td&gt;BP108&lt;/td&gt;&lt;/tr&gt;&lt;tr&gt;&lt;td&gt;Lease&lt;/td&gt;&lt;td&gt;Pakhar 15.58 Ha&lt;/td&gt;&lt;/tr&gt;&lt;tr&gt;&lt;td&gt;Latitude&lt;/td&gt;&lt;td&gt;23.53749028&lt;/td&gt;&lt;/tr&gt;&lt;tr&gt;&lt;td&gt;Longitude&lt;/td&gt;&lt;td&gt;84.60243403&lt;/td&gt;&lt;/tr&gt;&lt;tr&gt;&lt;td&gt;Easting (m)&lt;/td&gt;&lt;td&gt;255228.405&lt;/td&gt;&lt;/tr&gt;&lt;tr&gt;&lt;td&gt;Northing (m)&lt;/td&gt;&lt;td&gt;2605067.804&lt;/td&gt;&lt;/tr&gt;&lt;tr&gt;&lt;td&gt;Zone / Datum&lt;/td&gt;&lt;td&gt;UTM 45N / WGS84&lt;/td&gt;&lt;/tr&gt;&lt;/table&gt;</desc></wpt>
<wpt lat="0.00021229" lon="82.51201406"><ele>0.000</ele><name>BP109</name><desc>&lt;table border=&quot;1&quot; cellpadding=&quot;4&quot; cellspacing=&quot;0&quot; style=&quot;border-collapse:collapse;font-family:Arial;font-size:12px&quot;&gt;&lt;tr&gt;&lt;th align=&quot;left&quot;&gt;Parameter&lt;/th&gt;&lt;th align=&quot;left&quot;&gt;Value&lt;/th&gt;&lt;/tr&gt;&lt;tr&gt;&lt;td&gt;Pillar&lt;/td&gt;&lt;td&gt;BP109&lt;/td&gt;&lt;/tr&gt;&lt;tr&gt;&lt;td&gt;Lease&lt;/td&gt;&lt;td&gt;Pakhar 15.58 Ha&lt;/td&gt;&lt;/tr&gt;&lt;tr&gt;&lt;td&gt;Latitude&lt;/td&gt;&lt;td&gt;23.53712476&lt;/td&gt;&lt;/tr&gt;&lt;tr&gt;&lt;td&gt;Longitude&lt;/td&gt;&lt;td&gt;84.60272113&lt;/td&gt;&lt;/tr&gt;&lt;tr&gt;&lt;td&gt;Easting (m)&lt;/td&gt;&lt;td&gt;255257.050&lt;/td&gt;&lt;/tr&gt;&lt;tr&gt;&lt;td&gt;Northing (m)&lt;/td&gt;&lt;td&gt;2605026.823&lt;/td&gt;&lt;/tr&gt;&lt;tr&gt;&lt;td&gt;Zone / Datum&lt;/td&gt;&lt;td&gt;UTM 45N / WGS84&lt;/td&gt;&lt;/tr&gt;&lt;/table&gt;</desc></wpt>
<wpt lat="0.00021229" lon="82.51201406"><ele>0.000</ele><name>BP110</name><desc>&lt;table border=&quot;1&quot; cellpadding=&quot;4&quot; cellspacing=&quot;0&quot; style=&quot;border-collapse:collapse;font-family:Arial;font-size:12px&quot;&gt;&lt;tr&gt;&lt;th align=&quot;left&quot;&gt;Parameter&lt;/th&gt;&lt;th align=&quot;left&quot;&gt;Value&lt;/th&gt;&lt;/tr&gt;&lt;tr&gt;&lt;td&gt;Pillar&lt;/td&gt;&lt;td&gt;BP110&lt;/td&gt;&lt;/tr&gt;&lt;tr&gt;&lt;td&gt;Lease&lt;/td&gt;&lt;td&gt;Pakhar 15.58 Ha&lt;/td&gt;&lt;/tr&gt;&lt;tr&gt;&lt;td&gt;Latitude&lt;/td&gt;&lt;td&gt;23.53675923&lt;/td&gt;&lt;/tr&gt;&lt;tr&gt;&lt;td&gt;Longitude&lt;/td&gt;&lt;td&gt;84.60300824&lt;/td&gt;&lt;/tr&gt;&lt;tr&gt;&lt;td&gt;Easting (m)&lt;/td&gt;&lt;td&gt;255285.696&lt;/td&gt;&lt;/tr&gt;&lt;tr&gt;&lt;td&gt;Northing (m)&lt;/td&gt;&lt;td&gt;2604985.842&lt;/td&gt;&lt;/tr&gt;&lt;tr&gt;&lt;td&gt;Zone / Datum&lt;/td&gt;&lt;td&gt;UTM 45N / WGS84&lt;/td&gt;&lt;/tr&gt;&lt;/table&gt;</desc></wpt>
<wpt lat="0.00021229" lon="82.51201406"><ele>0.000</ele><name>BP111</name><desc>&lt;table border=&quot;1&quot; cellpadding=&quot;4&quot; cellspacing=&quot;0&quot; style=&quot;border-collapse:collapse;font-family:Arial;font-size:12px&quot;&gt;&lt;tr&gt;&lt;th align=&quot;left&quot;&gt;Parameter&lt;/th&gt;&lt;th align=&quot;left&quot;&gt;Value&lt;/th&gt;&lt;/tr&gt;&lt;tr&gt;&lt;td&gt;Pillar&lt;/td&gt;&lt;td&gt;BP111&lt;/td&gt;&lt;/tr&gt;&lt;tr&gt;&lt;td&gt;Lease&lt;/td&gt;&lt;td&gt;Pakhar 15.58 Ha&lt;/td&gt;&lt;/tr&gt;&lt;tr&gt;&lt;td&gt;Latitude&lt;/td&gt;&lt;td&gt;23.53668856&lt;/td&gt;&lt;/tr&gt;&lt;tr&gt;&lt;td&gt;Longitude&lt;/td&gt;&lt;td&gt;84.60306374&lt;/td&gt;&lt;/tr&gt;&lt;tr&gt;&lt;td&gt;Easting (m)&lt;/td&gt;&lt;td&gt;255291.234&lt;/td&gt;&lt;/tr&gt;&lt;tr&gt;&lt;td&gt;Northing (m)&lt;/td&gt;&lt;td&gt;2604977.919&lt;/td&gt;&lt;/tr&gt;&lt;tr&gt;&lt;td&gt;Zone / Datum&lt;/td&gt;&lt;td&gt;UTM 45N / WGS84&lt;/td&gt;&lt;/tr&gt;&lt;/table&gt;</desc></wpt>
<wpt lat="0.00021228" lon="82.51201406"><ele>0.000</ele><name>BP112</name><desc>&lt;table border=&quot;1&quot; cellpadding=&quot;4&quot; cellspacing=&quot;0&quot; style=&quot;border-collapse:collapse;font-family:Arial;font-size:12px&quot;&gt;&lt;tr&gt;&lt;th align=&quot;left&quot;&gt;Parameter&lt;/th&gt;&lt;th align=&quot;left&quot;&gt;Value&lt;/th&gt;&lt;/tr&gt;&lt;tr&gt;&lt;td&gt;Pillar&lt;/td&gt;&lt;td&gt;BP112&lt;/td&gt;&lt;/tr&gt;&lt;tr&gt;&lt;td&gt;Lease&lt;/td&gt;&lt;td&gt;Pakhar 15.58 Ha&lt;/td&gt;&lt;/tr&gt;&lt;tr&gt;&lt;td&gt;Latitude&lt;/td&gt;&lt;td&gt;23.53623804&lt;/td&gt;&lt;/tr&gt;&lt;tr&gt;&lt;td&gt;Longitude&lt;/td&gt;&lt;td&gt;84.60303485&lt;/td&gt;&lt;/tr&gt;&lt;tr&gt;&lt;td&gt;Easting (m)&lt;/td&gt;&lt;td&gt;255287.449&lt;/td&gt;&lt;/tr&gt;&lt;tr&gt;&lt;td&gt;Northing (m)&lt;/td&gt;&lt;td&gt;2604928.062&lt;/td&gt;&lt;/tr&gt;&lt;tr&gt;&lt;td&gt;Zone / Datum&lt;/td&gt;&lt;td&gt;UTM 45N / WGS84&lt;/td&gt;&lt;/tr&gt;&lt;/table&gt;</desc></wpt>
<wpt lat="0.00021228" lon="82.51201406"><ele>0.000</ele><name>BP113</name><desc>&lt;table border=&quot;1&quot; cellpadding=&quot;4&quot; cellspacing=&quot;0&quot; style=&quot;border-collapse:collapse;font-family:Arial;font-size:12px&quot;&gt;&lt;tr&gt;&lt;th align=&quot;left&quot;&gt;Parameter&lt;/th&gt;&lt;th align=&quot;left&quot;&gt;Value&lt;/th&gt;&lt;/tr&gt;&lt;tr&gt;&lt;td&gt;Pillar&lt;/td&gt;&lt;td&gt;BP113&lt;/td&gt;&lt;/tr&gt;&lt;tr&gt;&lt;td&gt;Lease&lt;/td&gt;&lt;td&gt;Pakhar 15.58 Ha&lt;/td&gt;&lt;/tr&gt;&lt;tr&gt;&lt;td&gt;Latitude&lt;/td&gt;&lt;td&gt;23.53578752&lt;/td&gt;&lt;/tr&gt;&lt;tr&gt;&lt;td&gt;Longitude&lt;/td&gt;&lt;td&gt;84.60300597&lt;/td&gt;&lt;/tr&gt;&lt;tr&gt;&lt;td&gt;Easting (m)&lt;/td&gt;&lt;td&gt;255283.665&lt;/td&gt;&lt;/tr&gt;&lt;tr&gt;&lt;td&gt;Northing (m)&lt;/td&gt;&lt;td&gt;2604878.206&lt;/td&gt;&lt;/tr&gt;&lt;tr&gt;&lt;td&gt;Zone / Datum&lt;/td&gt;&lt;td&gt;UTM 45N / WGS84&lt;/td&gt;&lt;/tr&gt;&lt;/table&gt;</desc></wpt>
<wpt lat="0.00021228" lon="82.51201406"><ele>0.000</ele><name>BP114</name><desc>&lt;table border=&quot;1&quot; cellpadding=&quot;4&quot; cellspacing=&quot;0&quot; style=&quot;border-collapse:collapse;font-family:Arial;font-size:12px&quot;&gt;&lt;tr&gt;&lt;th align=&quot;left&quot;&gt;Parameter&lt;/th&gt;&lt;th align=&quot;left&quot;&gt;Value&lt;/th&gt;&lt;/tr&gt;&lt;tr&gt;&lt;td&gt;Pillar&lt;/td&gt;&lt;td&gt;BP114&lt;/td&gt;&lt;/tr&gt;&lt;tr&gt;&lt;td&gt;Lease&lt;/td&gt;&lt;td&gt;Pakhar 15.58 Ha&lt;/td&gt;&lt;/tr&gt;&lt;tr&gt;&lt;td&gt;Latitude&lt;/td&gt;&lt;td&gt;23.53554547&lt;/td&gt;&lt;/tr&gt;&lt;tr&gt;&lt;td&gt;Longitude&lt;/td&gt;&lt;td&gt;84.60299045&lt;/td&gt;&lt;/tr&gt;&lt;tr&gt;&lt;td&gt;Easting (m)&lt;/td&gt;&lt;td&gt;255281.632&lt;/td&gt;&lt;/tr&gt;&lt;tr&gt;&lt;td&gt;Northing (m)&lt;/td&gt;&lt;td&gt;2604851.419&lt;/td&gt;&lt;/tr&gt;&lt;tr&gt;&lt;td&gt;Zone / Datum&lt;/td&gt;&lt;td&gt;UTM 45N / WGS84&lt;/td&gt;&lt;/tr&gt;&lt;/table&gt;</desc></wpt>
<wpt lat="0.00021227" lon="82.51201406"><ele>0.000</ele><name>BP115</name><desc>&lt;table border=&quot;1&quot; cellpadding=&quot;4&quot; cellspacing=&quot;0&quot; style=&quot;border-collapse:collapse;font-family:Arial;font-size:12px&quot;&gt;&lt;tr&gt;&lt;th align=&quot;left&quot;&gt;Parameter&lt;/th&gt;&lt;th align=&quot;left&quot;&gt;Value&lt;/th&gt;&lt;/tr&gt;&lt;tr&gt;&lt;td&gt;Pillar&lt;/td&gt;&lt;td&gt;BP115&lt;/td&gt;&lt;/tr&gt;&lt;tr&gt;&lt;td&gt;Lease&lt;/td&gt;&lt;td&gt;Pakhar 15.58 Ha&lt;/td&gt;&lt;/tr&gt;&lt;tr&gt;&lt;td&gt;Latitude&lt;/td&gt;&lt;td&gt;23.53514695&lt;/td&gt;&lt;/tr&gt;&lt;tr&gt;&lt;td&gt;Longitude&lt;/td&gt;&lt;td&gt;84.60276072&lt;/td&gt;&lt;/tr&gt;&lt;tr&gt;&lt;td&gt;Easting (m)&lt;/td&gt;&lt;td&gt;255257.431&lt;/td&gt;&lt;/tr&gt;&lt;tr&gt;&lt;td&gt;Northing (m)&lt;/td&gt;&lt;td&gt;2604807.666&lt;/td&gt;&lt;/tr&gt;&lt;tr&gt;&lt;td&gt;Zone / Datum&lt;/td&gt;&lt;td&gt;UTM 45N / WGS84&lt;/td&gt;&lt;/tr&gt;&lt;/table&gt;</desc></wpt>
<wpt lat="0.00021227" lon="82.51201406"><ele>0.000</ele><name>BP116</name><desc>&lt;table border=&quot;1&quot; cellpadding=&quot;4&quot; cellspacing=&quot;0&quot; style=&quot;border-collapse:collapse;font-family:Arial;font-size:12px&quot;&gt;&lt;tr&gt;&lt;th align=&quot;left&quot;&gt;Parameter&lt;/th&gt;&lt;th align=&quot;left&quot;&gt;Value&lt;/th&gt;&lt;/tr&gt;&lt;tr&gt;&lt;td&gt;Pillar&lt;/td&gt;&lt;td&gt;BP116&lt;/td&gt;&lt;/tr&gt;&lt;tr&gt;&lt;td&gt;Lease&lt;/td&gt;&lt;td&gt;Pakhar 15.58 Ha&lt;/td&gt;&lt;/tr&gt;&lt;tr&gt;&lt;td&gt;Latitude&lt;/td&gt;&lt;td&gt;23.53486685&lt;/td&gt;&lt;/tr&gt;&lt;tr&gt;&lt;td&gt;Longitude&lt;/td&gt;&lt;td&gt;84.60259927&lt;/td&gt;&lt;/tr&gt;&lt;tr&gt;&lt;td&gt;Easting (m)&lt;/td&gt;&lt;td&gt;255240.422&lt;/td&gt;&lt;/tr&gt;&lt;tr&gt;&lt;td&gt;Northing (m)&lt;/td&gt;&lt;td&gt;2604776.914&lt;/td&gt;&lt;/tr&gt;&lt;tr&gt;&lt;td&gt;Zone / Datum&lt;/td&gt;&lt;td&gt;UTM 45N / WGS84&lt;/td&gt;&lt;/tr&gt;&lt;/table&gt;</desc></wpt>
<wpt lat="0.00021227" lon="82.51201406"><ele>0.000</ele><name>BP117</name><desc>&lt;table border=&quot;1&quot; cellpadding=&quot;4&quot; cellspacing=&quot;0&quot; style=&quot;border-collapse:collapse;font-family:Arial;font-size:12px&quot;&gt;&lt;tr&gt;&lt;th align=&quot;left&quot;&gt;Parameter&lt;/th&gt;&lt;th align=&quot;left&quot;&gt;Value&lt;/th&gt;&lt;/tr&gt;&lt;tr&gt;&lt;td&gt;Pillar&lt;/td&gt;&lt;td&gt;BP117&lt;/td&gt;&lt;/tr&gt;&lt;tr&gt;&lt;td&gt;Lease&lt;/td&gt;&lt;td&gt;Pakhar 15.58 Ha&lt;/td&gt;&lt;/tr&gt;&lt;tr&gt;&lt;td&gt;Latitude&lt;/td&gt;&lt;td&gt;23.53441755&lt;/td&gt;&lt;/tr&gt;&lt;tr&gt;&lt;td&gt;Longitude&lt;/td&gt;&lt;td&gt;84.60255317&lt;/td&gt;&lt;/tr&gt;&lt;tr&gt;&lt;td&gt;Easting (m)&lt;/td&gt;&lt;td&gt;255234.882&lt;/td&gt;&lt;/tr&gt;&lt;tr&gt;&lt;td&gt;Northing (m)&lt;/td&gt;&lt;td&gt;2604727.222&lt;/td&gt;&lt;/tr&gt;&lt;tr&gt;&lt;td&gt;Zone / Datum&lt;/td&gt;&lt;td&gt;UTM 45N / WGS84&lt;/td&gt;&lt;/tr&gt;&lt;/table&gt;</desc></wpt>
<wpt lat="0.00021226" lon="82.51201406"><ele>0.000</ele><name>BP118</name><desc>&lt;table border=&quot;1&quot; cellpadding=&quot;4&quot; cellspacing=&quot;0&quot; style=&quot;border-collapse:collapse;font-family:Arial;font-size:12px&quot;&gt;&lt;tr&gt;&lt;th align=&quot;left&quot;&gt;Parameter&lt;/th&gt;&lt;th align=&quot;left&quot;&gt;Value&lt;/th&gt;&lt;/tr&gt;&lt;tr&gt;&lt;td&gt;Pillar&lt;/td&gt;&lt;td&gt;BP118&lt;/td&gt;&lt;/tr&gt;&lt;tr&gt;&lt;td&gt;Lease&lt;/td&gt;&lt;td&gt;Pakhar 15.58 Ha&lt;/td&gt;&lt;/tr&gt;&lt;tr&gt;&lt;td&gt;Latitude&lt;/td&gt;&lt;td&gt;23.53396768&lt;/td&gt;&lt;/tr&gt;&lt;tr&gt;&lt;td&gt;Longitude&lt;/td&gt;&lt;td&gt;84.60251403&lt;/td&gt;&lt;/tr&gt;&lt;tr&gt;&lt;td&gt;Easting (m)&lt;/td&gt;&lt;td&gt;255230.051&lt;/td&gt;&lt;/tr&gt;&lt;tr&gt;&lt;td&gt;Northing (m)&lt;/td&gt;&lt;td&gt;2604677.455&lt;/td&gt;&lt;/tr&gt;&lt;tr&gt;&lt;td&gt;Zone / Datum&lt;/td&gt;&lt;td&gt;UTM 45N / WGS84&lt;/td&gt;&lt;/tr&gt;&lt;/table&gt;</desc></wpt>
<wpt lat="0.00021226" lon="82.51201406"><ele>0.000</ele><name>BP119</name><desc>&lt;table border=&quot;1&quot; cellpadding=&quot;4&quot; cellspacing=&quot;0&quot; style=&quot;border-collapse:collapse;font-family:Arial;font-size:12px&quot;&gt;&lt;tr&gt;&lt;th align=&quot;left&quot;&gt;Parameter&lt;/th&gt;&lt;th align=&quot;left&quot;&gt;Value&lt;/th&gt;&lt;/tr&gt;&lt;tr&gt;&lt;td&gt;Pillar&lt;/td&gt;&lt;td&gt;BP119&lt;/td&gt;&lt;/tr&gt;&lt;tr&gt;&lt;td&gt;Lease&lt;/td&gt;&lt;td&gt;Pakhar 15.58 Ha&lt;/td&gt;&lt;/tr&gt;&lt;tr&gt;&lt;td&gt;Latitude&lt;/td&gt;&lt;td&gt;23.53351644&lt;/td&gt;&lt;/tr&gt;&lt;tr&gt;&lt;td&gt;Longitude&lt;/td&gt;&lt;td&gt;84.60250536&lt;/td&gt;&lt;/tr&gt;&lt;tr&gt;&lt;td&gt;Easting (m)&lt;/td&gt;&lt;td&gt;255228.330&lt;/td&gt;&lt;/tr&gt;&lt;tr&gt;&lt;td&gt;Northing (m)&lt;/td&gt;&lt;td&gt;2604627.485&lt;/td&gt;&lt;/tr&gt;&lt;tr&gt;&lt;td&gt;Zone / Datum&lt;/td&gt;&lt;td&gt;UTM 45N / WGS84&lt;/td&gt;&lt;/tr&gt;&lt;/table&gt;</desc></wpt>
<wpt lat="0.00021226" lon="82.51201406"><ele>0.000</ele><name>BP120</name><desc>&lt;table border=&quot;1&quot; cellpadding=&quot;4&quot; cellspacing=&quot;0&quot; style=&quot;border-collapse:collapse;font-family:Arial;font-size:12px&quot;&gt;&lt;tr&gt;&lt;th align=&quot;left&quot;&gt;Parameter&lt;/th&gt;&lt;th align=&quot;left&quot;&gt;Value&lt;/th&gt;&lt;/tr&gt;&lt;tr&gt;&lt;td&gt;Pillar&lt;/td&gt;&lt;td&gt;BP120&lt;/td&gt;&lt;/tr&gt;&lt;tr&gt;&lt;td&gt;Lease&lt;/td&gt;&lt;td&gt;Pakhar 15.58 Ha&lt;/td&gt;&lt;/tr&gt;&lt;tr&gt;&lt;td&gt;Latitude&lt;/td&gt;&lt;td&gt;23.53343810&lt;/td&gt;&lt;/tr&gt;&lt;tr&gt;&lt;td&gt;Longitude&lt;/td&gt;&lt;td&gt;84.60250385&lt;/td&gt;&lt;/tr&gt;&lt;tr&gt;&lt;td&gt;Easting (m)&lt;/td&gt;&lt;td&gt;255228.031&lt;/td&gt;&lt;/tr&gt;&lt;tr&gt;&lt;td&gt;Northing (m)&lt;/td&gt;&lt;td&gt;2604618.809&lt;/td&gt;&lt;/tr&gt;&lt;tr&gt;&lt;td&gt;Zone / Datum&lt;/td&gt;&lt;td&gt;UTM 45N / WGS84&lt;/td&gt;&lt;/tr&gt;&lt;/table&gt;</desc></wpt>
<wpt lat="0.00021225" lon="82.51201405"><ele>0.000</ele><name>BP121</name><desc>&lt;table border=&quot;1&quot; cellpadding=&quot;4&quot; cellspacing=&quot;0&quot; style=&quot;border-collapse:collapse;font-family:Arial;font-size:12px&quot;&gt;&lt;tr&gt;&lt;th align=&quot;left&quot;&gt;Parameter&lt;/th&gt;&lt;th align=&quot;left&quot;&gt;Value&lt;/th&gt;&lt;/tr&gt;&lt;tr&gt;&lt;td&gt;Pillar&lt;/td&gt;&lt;td&gt;BP121&lt;/td&gt;&lt;/tr&gt;&lt;tr&gt;&lt;td&gt;Lease&lt;/td&gt;&lt;td&gt;Pakhar 15.58 Ha&lt;/td&gt;&lt;/tr&gt;&lt;tr&gt;&lt;td&gt;Latitude&lt;/td&gt;&lt;td&gt;23.53318232&lt;/td&gt;&lt;/tr&gt;&lt;tr&gt;&lt;td&gt;Longitude&lt;/td&gt;&lt;td&gt;84.60210057&lt;/td&gt;&lt;/tr&gt;&lt;tr&gt;&lt;td&gt;Easting (m)&lt;/td&gt;&lt;td&gt;255186.368&lt;/td&gt;&lt;/tr&gt;&lt;tr&gt;&lt;td&gt;Northing (m)&lt;/td&gt;&lt;td&gt;2604591.164&lt;/td&gt;&lt;/tr&gt;&lt;tr&gt;&lt;td&gt;Zone / Datum&lt;/td&gt;&lt;td&gt;UTM 45N / WGS84&lt;/td&gt;&lt;/tr&gt;&lt;/table&gt;</desc></wpt>
<wpt lat="0.00021250" lon="82.51201417"><ele>0.000</ele><name>BD1</name><desc>&lt;table border=&quot;1&quot; cellpadding=&quot;4&quot; cellspacing=&quot;0&quot; style=&quot;border-collapse:collapse;font-family:Arial;font-size:12px&quot;&gt;&lt;tr&gt;&lt;th align=&quot;left&quot;&gt;Parameter&lt;/th&gt;&lt;th align=&quot;left&quot;&gt;Value&lt;/th&gt;&lt;/tr&gt;&lt;tr&gt;&lt;td&gt;Pillar&lt;/td&gt;&lt;td&gt;BD1&lt;/td&gt;&lt;/tr&gt;&lt;tr&gt;&lt;td&gt;Lease&lt;/td&gt;&lt;td&gt;Pakhar 109.507 Ha&lt;/td&gt;&lt;/tr&gt;&lt;tr&gt;&lt;td&gt;Latitude&lt;/td&gt;&lt;td&gt;23.56033454&lt;/td&gt;&lt;/tr&gt;&lt;tr&gt;&lt;td&gt;Longitude&lt;/td&gt;&lt;td&gt;84.61479691&lt;/td&gt;&lt;/tr&gt;&lt;tr&gt;&lt;td&gt;Easting (m)&lt;/td&gt;&lt;td&gt;256533.167&lt;/td&gt;&lt;/tr&gt;&lt;tr&gt;&lt;td&gt;Northing (m)&lt;/td&gt;&lt;td&gt;2607577.278&lt;/td&gt;&lt;/tr&gt;&lt;tr&gt;&lt;td&gt;Zone / Datum&lt;/td&gt;&lt;td&gt;UTM 45N / WGS84&lt;/td&gt;&lt;/tr&gt;&lt;/table&gt;</desc></wpt>
<wpt lat="0.00021250" lon="82.51201417"><ele>0.000</ele><name>BD2</name><desc>&lt;table border=&quot;1&quot; cellpadding=&quot;4&quot; cellspacing=&quot;0&quot; style=&quot;border-collapse:collapse;font-family:Arial;font-size:12px&quot;&gt;&lt;tr&gt;&lt;th align=&quot;left&quot;&gt;Parameter&lt;/th&gt;&lt;th align=&quot;left&quot;&gt;Value&lt;/th&gt;&lt;/tr&gt;&lt;tr&gt;&lt;td&gt;Pillar&lt;/td&gt;&lt;td&gt;BD2&lt;/td&gt;&lt;/tr&gt;&lt;tr&gt;&lt;td&gt;Lease&lt;/td&gt;&lt;td&gt;Pakhar 109.507 Ha&lt;/td&gt;&lt;/tr&gt;&lt;tr&gt;&lt;td&gt;Latitude&lt;/td&gt;&lt;td&gt;23.56043369&lt;/td&gt;&lt;/tr&gt;&lt;tr&gt;&lt;td&gt;Longitude&lt;/td&gt;&lt;td&gt;84.61527452&lt;/td&gt;&lt;/tr&gt;&lt;tr&gt;&lt;td&gt;Easting (m)&lt;/td&gt;&lt;td&gt;256582.121&lt;/td&gt;&lt;/tr&gt;&lt;tr&gt;&lt;td&gt;Northing (m)&lt;/td&gt;&lt;td&gt;2607587.449&lt;/td&gt;&lt;/tr&gt;&lt;tr&gt;&lt;td&gt;Zone / Datum&lt;/td&gt;&lt;td&gt;UTM 45N / WGS84&lt;/td&gt;&lt;/tr&gt;&lt;/table&gt;</desc></wpt>
<wpt lat="0.00021250" lon="82.51201418"><ele>0.000</ele><name>BD3</name><desc>&lt;table border=&quot;1&quot; cellpadding=&quot;4&quot; cellspacing=&quot;0&quot; style=&quot;border-collapse:collapse;font-family:Arial;font-size:12px&quot;&gt;&lt;tr&gt;&lt;th align=&quot;left&quot;&gt;Parameter&lt;/th&gt;&lt;th align=&quot;left&quot;&gt;Value&lt;/th&gt;&lt;/tr&gt;&lt;tr&gt;&lt;td&gt;Pillar&lt;/td&gt;&lt;td&gt;BD3&lt;/td&gt;&lt;/tr&gt;&lt;tr&gt;&lt;td&gt;Lease&lt;/td&gt;&lt;td&gt;Pakhar 109.507 Ha&lt;/td&gt;&lt;/tr&gt;&lt;tr&gt;&lt;td&gt;Latitude&lt;/td&gt;&lt;td&gt;23.56053284&lt;/td&gt;&lt;/tr&gt;&lt;tr&gt;&lt;td&gt;Longitude&lt;/td&gt;&lt;td&gt;84.61575215&lt;/td&gt;&lt;/tr&gt;&lt;tr&gt;&lt;td&gt;Easting (m)&lt;/td&gt;&lt;td&gt;256631.076&lt;/td&gt;&lt;/tr&gt;&lt;tr&gt;&lt;td&gt;Northing (m)&lt;/td&gt;&lt;td&gt;2607597.620&lt;/td&gt;&lt;/tr&gt;&lt;tr&gt;&lt;td&gt;Zone / Datum&lt;/td&gt;&lt;td&gt;UTM 45N / WGS84&lt;/td&gt;&lt;/tr&gt;&lt;/table&gt;</desc></wpt>
<wpt lat="0.00021250" lon="82.51201418"><ele>0.000</ele><name>BD4</name><desc>&lt;table border=&quot;1&quot; cellpadding=&quot;4&quot; cellspacing=&quot;0&quot; style=&quot;border-collapse:collapse;font-family:Arial;font-size:12px&quot;&gt;&lt;tr&gt;&lt;th align=&quot;left&quot;&gt;Parameter&lt;/th&gt;&lt;th align=&quot;left&quot;&gt;Value&lt;/th&gt;&lt;/tr&gt;&lt;tr&gt;&lt;td&gt;Pillar&lt;/td&gt;&lt;td&gt;BD4&lt;/td&gt;&lt;/tr&gt;&lt;tr&gt;&lt;td&gt;Lease&lt;/td&gt;&lt;td&gt;Pakhar 109.507 Ha&lt;/td&gt;&lt;/tr&gt;&lt;tr&gt;&lt;td&gt;Latitude&lt;/td&gt;&lt;td&gt;23.56055583&lt;/td&gt;&lt;/tr&gt;&lt;tr&gt;&lt;td&gt;Longitude&lt;/td&gt;&lt;td&gt;84.61586290&lt;/td&gt;&lt;/tr&gt;&lt;tr&gt;&lt;td&gt;Easting (m)&lt;/td&gt;&lt;td&gt;256642.428&lt;/td&gt;&lt;/tr&gt;&lt;tr&gt;&lt;td&gt;Northing (m)&lt;/td&gt;&lt;td&gt;2607599.979&lt;/td&gt;&lt;/tr&gt;&lt;tr&gt;&lt;td&gt;Zone / Datum&lt;/td&gt;&lt;td&gt;UTM 45N / WGS84&lt;/td&gt;&lt;/tr&gt;&lt;/table&gt;</desc></wpt>
<wpt lat="0.00021250" lon="82.51201418"><ele>0.000</ele><name>BD5</name><desc>&lt;table border=&quot;1&quot; cellpadding=&quot;4&quot; cellspacing=&quot;0&quot; style=&quot;border-collapse:collapse;font-family:Arial;font-size:12px&quot;&gt;&lt;tr&gt;&lt;th align=&quot;left&quot;&gt;Parameter&lt;/th&gt;&lt;th align=&quot;left&quot;&gt;Value&lt;/th&gt;&lt;/tr&gt;&lt;tr&gt;&lt;td&gt;Pillar&lt;/td&gt;&lt;td&gt;BD5&lt;/td&gt;&lt;/tr&gt;&lt;tr&gt;&lt;td&gt;Lease&lt;/td&gt;&lt;td&gt;Pakhar 109.507 Ha&lt;/td&gt;&lt;/tr&gt;&lt;tr&gt;&lt;td&gt;Latitude&lt;/td&gt;&lt;td&gt;23.56024495&lt;/td&gt;&lt;/tr&gt;&lt;tr&gt;&lt;td&gt;Longitude&lt;/td&gt;&lt;td&gt;84.61621781&lt;/td&gt;&lt;/tr&gt;&lt;tr&gt;&lt;td&gt;Easting (m)&lt;/td&gt;&lt;td&gt;256678.096&lt;/td&gt;&lt;/tr&gt;&lt;tr&gt;&lt;td&gt;Northing (m)&lt;/td&gt;&lt;td&gt;2607564.939&lt;/td&gt;&lt;/tr&gt;&lt;tr&gt;&lt;td&gt;Zone / Datum&lt;/td&gt;&lt;td&gt;UTM 45N / WGS84&lt;/td&gt;&lt;/tr&gt;&lt;/table&gt;</desc></wpt>
<wpt lat="0.00021250" lon="82.51201418"><ele>0.000</ele><name>BD6</name><desc>&lt;table border=&quot;1&quot; cellpadding=&quot;4&quot; cellspacing=&quot;0&quot; style=&quot;border-collapse:collapse;font-family:Arial;font-size:12px&quot;&gt;&lt;tr&gt;&lt;th align=&quot;left&quot;&gt;Parameter&lt;/th&gt;&lt;th align=&quot;left&quot;&gt;Value&lt;/th&gt;&lt;/tr&gt;&lt;tr&gt;&lt;td&gt;Pillar&lt;/td&gt;&lt;td&gt;BD6&lt;/td&gt;&lt;/tr&gt;&lt;tr&gt;&lt;td&gt;Lease&lt;/td&gt;&lt;td&gt;Pakhar 109.507 Ha&lt;/td&gt;&lt;/tr&gt;&lt;tr&gt;&lt;td&gt;Latitude&lt;/td&gt;&lt;td&gt;23.55990589&lt;/td&gt;&lt;/tr&gt;&lt;tr&gt;&lt;td&gt;Longitude&lt;/td&gt;&lt;td&gt;84.61654092&lt;/td&gt;&lt;/tr&gt;&lt;tr&gt;&lt;td&gt;Easting (m)&lt;/td&gt;&lt;td&gt;256710.465&lt;/td&gt;&lt;/tr&gt;&lt;tr&gt;&lt;td&gt;Northing (m)&lt;/td&gt;&lt;td&gt;2607526.831&lt;/td&gt;&lt;/tr&gt;&lt;tr&gt;&lt;td&gt;Zone / Datum&lt;/td&gt;&lt;td&gt;UTM 45N / WGS84&lt;/td&gt;&lt;/tr&gt;&lt;/table&gt;</desc></wpt>
<wpt lat="0.00021250" lon="82.51201418"><ele>0.000</ele><name>BD7</name><desc>&lt;table border=&quot;1&quot; cellpadding=&quot;4&quot; cellspacing=&quot;0&quot; style=&quot;border-collapse:collapse;font-family:Arial;font-size:12px&quot;&gt;&lt;tr&gt;&lt;th align=&quot;left&quot;&gt;Parameter&lt;/th&gt;&lt;th align=&quot;left&quot;&gt;Value&lt;/th&gt;&lt;/tr&gt;&lt;tr&gt;&lt;td&gt;Pillar&lt;/td&gt;&lt;td&gt;BD7&lt;/td&gt;&lt;/tr&gt;&lt;tr&gt;&lt;td&gt;Lease&lt;/td&gt;&lt;td&gt;Pakhar 109.507 Ha&lt;/td&gt;&lt;/tr&gt;&lt;tr&gt;&lt;td&gt;Latitude&lt;/td&gt;&lt;td&gt;23.55988006&lt;/td&gt;&lt;/tr&gt;&lt;tr&gt;&lt;td&gt;Longitude&lt;/td&gt;&lt;td&gt;84.61658865&lt;/td&gt;&lt;/tr&gt;&lt;tr&gt;&lt;td&gt;Easting (m)&lt;/td&gt;&lt;td&gt;256715.291&lt;/td&gt;&lt;/tr&gt;&lt;tr&gt;&lt;td&gt;Northing (m)&lt;/td&gt;&lt;td&gt;2607523.889&lt;/td&gt;&lt;/tr&gt;&lt;tr&gt;&lt;td&gt;Zone / Datum&lt;/td&gt;&lt;td&gt;UTM 45N / WGS84&lt;/td&gt;&lt;/tr&gt;&lt;/table&gt;</desc></wpt>
<wpt lat="0.00021249" lon="82.51201418"><ele>0.000</ele><name>BD8</name><desc>&lt;table border=&quot;1&quot; cellpadding=&quot;4&quot; cellspacing=&quot;0&quot; style=&quot;border-collapse:collapse;font-family:Arial;font-size:12px&quot;&gt;&lt;tr&gt;&lt;th align=&quot;left&quot;&gt;Parameter&lt;/th&gt;&lt;th align=&quot;left&quot;&gt;Value&lt;/th&gt;&lt;/tr&gt;&lt;tr&gt;&lt;td&gt;Pillar&lt;/td&gt;&lt;td&gt;BD8&lt;/td&gt;&lt;/tr&gt;&lt;tr&gt;&lt;td&gt;Lease&lt;/td&gt;&lt;td&gt;Pakhar 109.507 Ha&lt;/td&gt;&lt;/tr&gt;&lt;tr&gt;&lt;td&gt;Latitude&lt;/td&gt;&lt;td&gt;23.55946882&lt;/td&gt;&lt;/tr&gt;&lt;tr&gt;&lt;td&gt;Longitude&lt;/td&gt;&lt;td&gt;84.61638698&lt;/td&gt;&lt;/tr&gt;&lt;tr&gt;&lt;td&gt;Easting (m)&lt;/td&gt;&lt;td&gt;256693.940&lt;/td&gt;&lt;/tr&gt;&lt;tr&gt;&lt;td&gt;Northing (m)&lt;/td&gt;&lt;td&gt;2607478.677&lt;/td&gt;&lt;/tr&gt;&lt;tr&gt;&lt;td&gt;Zone / Datum&lt;/td&gt;&lt;td&gt;UTM 45N / WGS84&lt;/td&gt;&lt;/tr&gt;&lt;/table&gt;</desc></wpt>
<wpt lat="0.00021249" lon="82.51201418"><ele>0.000</ele><name>BD9</name><desc>&lt;table border=&quot;1&quot; cellpadding=&quot;4&quot; cellspacing=&quot;0&quot; style=&quot;border-collapse:collapse;font-family:Arial;font-size:12px&quot;&gt;&lt;tr&gt;&lt;th align=&quot;left&quot;&gt;Parameter&lt;/th&gt;&lt;th align=&quot;left&quot;&gt;Value&lt;/th&gt;&lt;/tr&gt;&lt;tr&gt;&lt;td&gt;Pillar&lt;/td&gt;&lt;td&gt;BD9&lt;/td&gt;&lt;/tr&gt;&lt;tr&gt;&lt;td&gt;Lease&lt;/td&gt;&lt;td&gt;Pakhar 109.507 Ha&lt;/td&gt;&lt;/tr&gt;&lt;tr&gt;&lt;td&gt;Latitude&lt;/td&gt;&lt;td&gt;23.55923880&lt;/td&gt;&lt;/tr&gt;&lt;tr&gt;&lt;td&gt;Longitude&lt;/td&gt;&lt;td&gt;84.61621388&lt;/td&gt;&lt;/tr&gt;&lt;tr&gt;&lt;td&gt;Easting (m)&lt;/td&gt;&lt;td&gt;256675.840&lt;/td&gt;&lt;/tr&gt;&lt;tr&gt;&lt;td&gt;Northing (m)&lt;/td&gt;&lt;td&gt;2607453.491&lt;/td&gt;&lt;/tr&gt;&lt;tr&gt;&lt;td&gt;Zone / Datum&lt;/td&gt;&lt;td&gt;UTM 45N / WGS84&lt;/td&gt;&lt;/tr&gt;&lt;/table&gt;</desc></wpt>
<wpt lat="0.00021249" lon="82.51201418"><ele>0.000</ele><name>BD10</name><desc>&lt;table border=&quot;1&quot; cellpadding=&quot;4&quot; cellspacing=&quot;0&quot; style=&quot;border-collapse:collapse;font-family:Arial;font-size:12px&quot;&gt;&lt;tr&gt;&lt;th align=&quot;left&quot;&gt;Parameter&lt;/th&gt;&lt;th align=&quot;left&quot;&gt;Value&lt;/th&gt;&lt;/tr&gt;&lt;tr&gt;&lt;td&gt;Pillar&lt;/td&gt;&lt;td&gt;BD10&lt;/td&gt;&lt;/tr&gt;&lt;tr&gt;&lt;td&gt;Lease&lt;/td&gt;&lt;td&gt;Pakhar 109.507 Ha&lt;/td&gt;&lt;/tr&gt;&lt;tr&gt;&lt;td&gt;Latitude&lt;/td&gt;&lt;td&gt;23.55940655&lt;/td&gt;&lt;/tr&gt;&lt;tr&gt;&lt;td&gt;Longitude&lt;/td&gt;&lt;td&gt;84.61657674&lt;/td&gt;&lt;/tr&gt;&lt;tr&gt;&lt;td&gt;Easting (m)&lt;/td&gt;&lt;td&gt;256713.203&lt;/td&gt;&lt;/tr&gt;&lt;tr&gt;&lt;td&gt;Northing (m)&lt;/td&gt;&lt;td&gt;2607471.457&lt;/td&gt;&lt;/tr&gt;&lt;tr&gt;&lt;td&gt;Zone / Datum&lt;/td&gt;&lt;td&gt;UTM 45N / WGS84&lt;/td&gt;&lt;/tr&gt;&lt;/table&gt;</desc></wpt>
<wpt lat="0.00021249" lon="82.51201418"><ele>0.000</ele><name>BD11</name><desc>&lt;table border=&quot;1&quot; cellpadding=&quot;4&quot; cellspacing=&quot;0&quot; style=&quot;border-collapse:collapse;font-family:Arial;font-size:12px&quot;&gt;&lt;tr&gt;&lt;th align=&quot;left&quot;&gt;Parameter&lt;/th&gt;&lt;th align=&quot;left&quot;&gt;Value&lt;/th&gt;&lt;/tr&gt;&lt;tr&gt;&lt;td&gt;Pillar&lt;/td&gt;&lt;td&gt;BD11&lt;/td&gt;&lt;/tr&gt;&lt;tr&gt;&lt;td&gt;Lease&lt;/td&gt;&lt;td&gt;Pakhar 109.507 Ha&lt;/td&gt;&lt;/tr&gt;&lt;tr&gt;&lt;td&gt;Latitude&lt;/td&gt;&lt;td&gt;23.55955884&lt;/td&gt;&lt;/tr&gt;&lt;tr&gt;&lt;td&gt;Longitude&lt;/td&gt;&lt;td&gt;84.61655652&lt;/td&gt;&lt;/tr&gt;&lt;tr&gt;&lt;td&gt;Easting (m)&lt;/td&gt;&lt;td&gt;256711.419&lt;/td&gt;&lt;/tr&gt;&lt;tr&gt;&lt;td&gt;Northing (m)&lt;/td&gt;&lt;td&gt;2607488.360&lt;/td&gt;&lt;/tr&gt;&lt;tr&gt;&lt;td&gt;Zone / Datum&lt;/td&gt;&lt;td&gt;UTM 45N / WGS84&lt;/td&gt;&lt;/tr&gt;&lt;/table&gt;</desc></wpt>
<wpt lat="0.00021250" lon="82.51201419"><ele>0.000</ele><name>BD12</name><desc>&lt;table border=&quot;1&quot; cellpadding=&quot;4&quot; cellspacing=&quot;0&quot; style=&quot;border-collapse:collapse;font-family:Arial;font-size:12px&quot;&gt;&lt;tr&gt;&lt;th align=&quot;left&quot;&gt;Parameter&lt;/th&gt;&lt;th align=&quot;left&quot;&gt;Value&lt;/th&gt;&lt;/tr&gt;&lt;tr&gt;&lt;td&gt;Pillar&lt;/td&gt;&lt;td&gt;BD12&lt;/td&gt;&lt;/tr&gt;&lt;tr&gt;&lt;td&gt;Lease&lt;/td&gt;&lt;td&gt;Pakhar 109.507 Ha&lt;/td&gt;&lt;/tr&gt;&lt;tr&gt;&lt;td&gt;Latitude&lt;/td&gt;&lt;td&gt;23.55990624&lt;/td&gt;&lt;/tr&gt;&lt;tr&gt;&lt;td&gt;Longitude&lt;/td&gt;&lt;td&gt;84.61685157&lt;/td&gt;&lt;/tr&gt;&lt;tr&gt;&lt;td&gt;Easting (m)&lt;/td&gt;&lt;td&gt;256742.188&lt;/td&gt;&lt;/tr&gt;&lt;tr&gt;&lt;td&gt;Northing (m)&lt;/td&gt;&lt;td&gt;2607526.342&lt;/td&gt;&lt;/tr&gt;&lt;tr&gt;&lt;td&gt;Zone / Datum&lt;/td&gt;&lt;td&gt;UTM 45N / WGS84&lt;/td&gt;&lt;/tr&gt;&lt;/table&gt;</desc></wpt>
<wpt lat="0.00021250" lon="82.51201419"><ele>0.000</ele><name>BD13</name><desc>&lt;table border=&quot;1&quot; cellpadding=&quot;4&quot; cellspacing=&quot;0&quot; style=&quot;border-collapse:collapse;font-family:Arial;font-size:12px&quot;&gt;&lt;tr&gt;&lt;th align=&quot;left&quot;&gt;Parameter&lt;/th&gt;&lt;th align=&quot;left&quot;&gt;Value&lt;/th&gt;&lt;/tr&gt;&lt;tr&gt;&lt;td&gt;Pillar&lt;/td&gt;&lt;td&gt;BD13&lt;/td&gt;&lt;/tr&gt;&lt;tr&gt;&lt;td&gt;Lease&lt;/td&gt;&lt;td&gt;Pakhar 109.507 Ha&lt;/td&gt;&lt;/tr&gt;&lt;tr&gt;&lt;td&gt;Latitude&lt;/td&gt;&lt;td&gt;23.55997049&lt;/td&gt;&lt;/tr&gt;&lt;tr&gt;&lt;td&gt;Longitude&lt;/td&gt;&lt;td&gt;84.61718827&lt;/td&gt;&lt;/tr&gt;&lt;tr&gt;&lt;td&gt;Easting (m)&lt;/td&gt;&lt;td&gt;256776.688&lt;/td&gt;&lt;/tr&gt;&lt;tr&gt;&lt;td&gt;Northing (m)&lt;/td&gt;&lt;td&gt;2607532.887&lt;/td&gt;&lt;/tr&gt;&lt;tr&gt;&lt;td&gt;Zone / Datum&lt;/td&gt;&lt;td&gt;UTM 45N / WGS84&lt;/td&gt;&lt;/tr&gt;&lt;/table&gt;</desc></wpt>
<wpt lat="0.00021250" lon="82.51201419"><ele>0.000</ele><name>BD14</name><desc>&lt;table border=&quot;1&quot; cellpadding=&quot;4&quot; cellspacing=&quot;0&quot; style=&quot;border-collapse:collapse;font-family:Arial;font-size:12px&quot;&gt;&lt;tr&gt;&lt;th align=&quot;left&quot;&gt;Parameter&lt;/th&gt;&lt;th align=&quot;left&quot;&gt;Value&lt;/th&gt;&lt;/tr&gt;&lt;tr&gt;&lt;td&gt;Pillar&lt;/td&gt;&lt;td&gt;BD14&lt;/td&gt;&lt;/tr&gt;&lt;tr&gt;&lt;td&gt;Lease&lt;/td&gt;&lt;td&gt;Pakhar 109.507 Ha&lt;/td&gt;&lt;/tr&gt;&lt;tr&gt;&lt;td&gt;Latitude&lt;/td&gt;&lt;td&gt;23.55982122&lt;/td&gt;&lt;/tr&gt;&lt;tr&gt;&lt;td&gt;Longitude&lt;/td&gt;&lt;td&gt;84.61765029&lt;/td&gt;&lt;/tr&gt;&lt;tr&gt;&lt;td&gt;Easting (m)&lt;/td&gt;&lt;td&gt;256823.592&lt;/td&gt;&lt;/tr&gt;&lt;tr&gt;&lt;td&gt;Northing (m)&lt;/td&gt;&lt;td&gt;2607515.567&lt;/td&gt;&lt;/tr&gt;&lt;tr&gt;&lt;td&gt;Zone / Datum&lt;/td&gt;&lt;td&gt;UTM 45N / WGS84&lt;/td&gt;&lt;/tr&gt;&lt;/table&gt;</desc></wpt>
<wpt lat="0.00021249" lon="82.51201420"><ele>0.000</ele><name>BD15</name><desc>&lt;table border=&quot;1&quot; cellpadding=&quot;4&quot; cellspacing=&quot;0&quot; style=&quot;border-collapse:collapse;font-family:Arial;font-size:12px&quot;&gt;&lt;tr&gt;&lt;th align=&quot;left&quot;&gt;Parameter&lt;/th&gt;&lt;th align=&quot;left&quot;&gt;Value&lt;/th&gt;&lt;/tr&gt;&lt;tr&gt;&lt;td&gt;Pillar&lt;/td&gt;&lt;td&gt;BD15&lt;/td&gt;&lt;/tr&gt;&lt;tr&gt;&lt;td&gt;Lease&lt;/td&gt;&lt;td&gt;Pakhar 109.507 Ha&lt;/td&gt;&lt;/tr&gt;&lt;tr&gt;&lt;td&gt;Latitude&lt;/td&gt;&lt;td&gt;23.55967068&lt;/td&gt;&lt;/tr&gt;&lt;tr&gt;&lt;td&gt;Longitude&lt;/td&gt;&lt;td&gt;84.61811626&lt;/td&gt;&lt;/tr&gt;&lt;tr&gt;&lt;td&gt;Easting (m)&lt;/td&gt;&lt;td&gt;256870.897&lt;/td&gt;&lt;/tr&gt;&lt;tr&gt;&lt;td&gt;Northing (m)&lt;/td&gt;&lt;td&gt;2607498.100&lt;/td&gt;&lt;/tr&gt;&lt;tr&gt;&lt;td&gt;Zone / Datum&lt;/td&gt;&lt;td&gt;UTM 45N / WGS84&lt;/td&gt;&lt;/tr&gt;&lt;/table&gt;</desc></wpt>
<wpt lat="0.00021250" lon="82.51201420"><ele>0.000</ele><name>BD16</name><desc>&lt;table border=&quot;1&quot; cellpadding=&quot;4&quot; cellspacing=&quot;0&quot; style=&quot;border-collapse:collapse;font-family:Arial;font-size:12px&quot;&gt;&lt;tr&gt;&lt;th align=&quot;left&quot;&gt;Parameter&lt;/th&gt;&lt;th align=&quot;left&quot;&gt;Value&lt;/th&gt;&lt;/tr&gt;&lt;tr&gt;&lt;td&gt;Pillar&lt;/td&gt;&lt;td&gt;BD16&lt;/td&gt;&lt;/tr&gt;&lt;tr&gt;&lt;td&gt;Lease&lt;/td&gt;&lt;td&gt;Pakhar 109.507 Ha&lt;/td&gt;&lt;/tr&gt;&lt;tr&gt;&lt;td&gt;Latitude&lt;/td&gt;&lt;td&gt;23.56003094&lt;/td&gt;&lt;/tr&gt;&lt;tr&gt;&lt;td&gt;Longitude&lt;/td&gt;&lt;td&gt;84.61841113&lt;/td&gt;&lt;/tr&gt;&lt;tr&gt;&lt;td&gt;Easting (m)&lt;/td&gt;&lt;td&gt;256901.671&lt;/td&gt;&lt;/tr&gt;&lt;tr&gt;&lt;td&gt;Northing (m)&lt;/td&gt;&lt;td&gt;2607537.507&lt;/td&gt;&lt;/tr&gt;&lt;tr&gt;&lt;td&gt;Zone / Datum&lt;/td&gt;&lt;td&gt;UTM 45N / WGS84&lt;/td&gt;&lt;/tr&gt;&lt;/table&gt;</desc></wpt>
<wpt lat="0.00021250" lon="82.51201420"><ele>0.000</ele><name>BD17</name><desc>&lt;table border=&quot;1&quot; cellpadding=&quot;4&quot; cellspacing=&quot;0&quot; style=&quot;border-collapse:collapse;font-family:Arial;font-size:12px&quot;&gt;&lt;tr&gt;&lt;th align=&quot;left&quot;&gt;Parameter&lt;/th&gt;&lt;th align=&quot;left&quot;&gt;Value&lt;/th&gt;&lt;/tr&gt;&lt;tr&gt;&lt;td&gt;Pillar&lt;/td&gt;&lt;td&gt;BD17&lt;/td&gt;&lt;/tr&gt;&lt;tr&gt;&lt;td&gt;Lease&lt;/td&gt;&lt;td&gt;Pakhar 109.507 Ha&lt;/td&gt;&lt;/tr&gt;&lt;tr&gt;&lt;td&gt;Latitude&lt;/td&gt;&lt;td&gt;23.56005138&lt;/td&gt;&lt;/tr&gt;&lt;tr&gt;&lt;td&gt;Longitude&lt;/td&gt;&lt;td&gt;84.61842915&lt;/td&gt;&lt;/tr&gt;&lt;tr&gt;&lt;td&gt;Easting (m)&lt;/td&gt;&lt;td&gt;256903.549&lt;/td&gt;&lt;/tr&gt;&lt;tr&gt;&lt;td&gt;Northing (m)&lt;/td&gt;&lt;td&gt;2607539.741&lt;/td&gt;&lt;/tr&gt;&lt;tr&gt;&lt;td&gt;Zone / Datum&lt;/td&gt;&lt;td&gt;UTM 45N / WGS84&lt;/td&gt;&lt;/tr&gt;&lt;/table&gt;</desc></wpt>
<wpt lat="0.00021250" lon="82.51201420"><ele>0.000</ele><name>BD18</name><desc>&lt;table border=&quot;1&quot; cellpadding=&quot;4&quot; cellspacing=&quot;0&quot; style=&quot;border-collapse:collapse;font-family:Arial;font-size:12px&quot;&gt;&lt;tr&gt;&lt;th align=&quot;left&quot;&gt;Parameter&lt;/th&gt;&lt;th align=&quot;left&quot;&gt;Value&lt;/th&gt;&lt;/tr&gt;&lt;tr&gt;&lt;td&gt;Pillar&lt;/td&gt;&lt;td&gt;BD18&lt;/td&gt;&lt;/tr&gt;&lt;tr&gt;&lt;td&gt;Lease&lt;/td&gt;&lt;td&gt;Pakhar 109.507 Ha&lt;/td&gt;&lt;/tr&gt;&lt;tr&gt;&lt;td&gt;Latitude&lt;/td&gt;&lt;td&gt;23.56002878&lt;/td&gt;&lt;/tr&gt;&lt;tr&gt;&lt;td&gt;Longitude&lt;/td&gt;&lt;td&gt;84.61855288&lt;/td&gt;&lt;/tr&gt;&lt;tr&gt;&lt;td&gt;Easting (m)&lt;/td&gt;&lt;td&gt;256916.142&lt;/td&gt;&lt;/tr&gt;&lt;tr&gt;&lt;td&gt;Northing (m)&lt;/td&gt;&lt;td&gt;2607537.027&lt;/td&gt;&lt;/tr&gt;&lt;tr&gt;&lt;td&gt;Zone / Datum&lt;/td&gt;&lt;td&gt;UTM 45N / WGS84&lt;/td&gt;&lt;/tr&gt;&lt;/table&gt;</desc></wpt>
<wpt lat="0.00021250" lon="82.51201420"><ele>0.000</ele><name>BD19</name><desc>&lt;table border=&quot;1&quot; cellpadding=&quot;4&quot; cellspacing=&quot;0&quot; style=&quot;border-collapse:collapse;font-family:Arial;font-size:12px&quot;&gt;&lt;tr&gt;&lt;th align=&quot;left&quot;&gt;Parameter&lt;/th&gt;&lt;th align=&quot;left&quot;&gt;Value&lt;/th&gt;&lt;/tr&gt;&lt;tr&gt;&lt;td&gt;Pillar&lt;/td&gt;&lt;td&gt;BD19&lt;/td&gt;&lt;/tr&gt;&lt;tr&gt;&lt;td&gt;Lease&lt;/td&gt;&lt;td&gt;Pakhar 109.507 Ha&lt;/td&gt;&lt;/tr&gt;&lt;tr&gt;&lt;td&gt;Latitude&lt;/td&gt;&lt;td&gt;23.56037628&lt;/td&gt;&lt;/tr&gt;&lt;tr&gt;&lt;td&gt;Longitude&lt;/td&gt;&lt;td&gt;84.61886528&lt;/td&gt;&lt;/tr&gt;&lt;tr&gt;&lt;td&gt;Easting (m)&lt;/td&gt;&lt;td&gt;256948.682&lt;/td&gt;&lt;/tr&gt;&lt;tr&gt;&lt;td&gt;Northing (m)&lt;/td&gt;&lt;td&gt;2607574.990&lt;/td&gt;&lt;/tr&gt;&lt;tr&gt;&lt;td&gt;Zone / Datum&lt;/td&gt;&lt;td&gt;UTM 45N / WGS84&lt;/td&gt;&lt;/tr&gt;&lt;/table&gt;</desc></wpt>
<wpt lat="0.00021250" lon="82.51201421"><ele>0.000</ele><name>BD20</name><desc>&lt;table border=&quot;1&quot; cellpadding=&quot;4&quot; cellspacing=&quot;0&quot; style=&quot;border-collapse:collapse;font-family:Arial;font-size:12px&quot;&gt;&lt;tr&gt;&lt;th align=&quot;left&quot;&gt;Parameter&lt;/th&gt;&lt;th align=&quot;left&quot;&gt;Value&lt;/th&gt;&lt;/tr&gt;&lt;tr&gt;&lt;td&gt;Pillar&lt;/td&gt;&lt;td&gt;BD20&lt;/td&gt;&lt;/tr&gt;&lt;tr&gt;&lt;td&gt;Lease&lt;/td&gt;&lt;td&gt;Pakhar 109.507 Ha&lt;/td&gt;&lt;/tr&gt;&lt;tr&gt;&lt;td&gt;Latitude&lt;/td&gt;&lt;td&gt;23.56071266&lt;/td&gt;&lt;/tr&gt;&lt;tr&gt;&lt;td&gt;Longitude&lt;/td&gt;&lt;td&gt;84.61919168&lt;/td&gt;&lt;/tr&gt;&lt;tr&gt;&lt;td&gt;Easting (m)&lt;/td&gt;&lt;td&gt;256982.631&lt;/td&gt;&lt;/tr&gt;&lt;tr&gt;&lt;td&gt;Northing (m)&lt;/td&gt;&lt;td&gt;2607611.698&lt;/td&gt;&lt;/tr&gt;&lt;tr&gt;&lt;td&gt;Zone / Datum&lt;/td&gt;&lt;td&gt;UTM 45N / WGS84&lt;/td&gt;&lt;/tr&gt;&lt;/table&gt;</desc></wpt>
<wpt lat="0.00021250" lon="82.51201421"><ele>0.000</ele><name>BD21</name><desc>&lt;table border=&quot;1&quot; cellpadding=&quot;4&quot; cellspacing=&quot;0&quot; style=&quot;border-collapse:collapse;font-family:Arial;font-size:12px&quot;&gt;&lt;tr&gt;&lt;th align=&quot;left&quot;&gt;Parameter&lt;/th&gt;&lt;th align=&quot;left&quot;&gt;Value&lt;/th&gt;&lt;/tr&gt;&lt;tr&gt;&lt;td&gt;Pillar&lt;/td&gt;&lt;td&gt;BD21&lt;/td&gt;&lt;/tr&gt;&lt;tr&gt;&lt;td&gt;Lease&lt;/td&gt;&lt;td&gt;Pakhar 109.507 Ha&lt;/td&gt;&lt;/tr&gt;&lt;tr&gt;&lt;td&gt;Latitude&lt;/td&gt;&lt;td&gt;23.56079259&lt;/td&gt;&lt;/tr&gt;&lt;tr&gt;&lt;td&gt;Longitude&lt;/td&gt;&lt;td&gt;84.61925483&lt;/td&gt;&lt;/tr&gt;&lt;tr&gt;&lt;td&gt;Easting (m)&lt;/td&gt;&lt;td&gt;256989.227&lt;/td&gt;&lt;/tr&gt;&lt;tr&gt;&lt;td&gt;Northing (m)&lt;/td&gt;&lt;td&gt;2607620.445&lt;/td&gt;&lt;/tr&gt;&lt;tr&gt;&lt;td&gt;Zone / Datum&lt;/td&gt;&lt;td&gt;UTM 45N / WGS84&lt;/td&gt;&lt;/tr&gt;&lt;/table&gt;</desc></wpt>
<wpt lat="0.00021251" lon="82.51201421"><ele>0.000</ele><name>BD22</name><desc>&lt;table border=&quot;1&quot; cellpadding=&quot;4&quot; cellspacing=&quot;0&quot; style=&quot;border-collapse:collapse;font-family:Arial;font-size:12px&quot;&gt;&lt;tr&gt;&lt;th align=&quot;left&quot;&gt;Parameter&lt;/th&gt;&lt;th align=&quot;left&quot;&gt;Value&lt;/th&gt;&lt;/tr&gt;&lt;tr&gt;&lt;td&gt;Pillar&lt;/td&gt;&lt;td&gt;BD22&lt;/td&gt;&lt;/tr&gt;&lt;tr&gt;&lt;td&gt;Lease&lt;/td&gt;&lt;td&gt;Pakhar 109.507 Ha&lt;/td&gt;&lt;/tr&gt;&lt;tr&gt;&lt;td&gt;Latitude&lt;/td&gt;&lt;td&gt;23.56094963&lt;/td&gt;&lt;/tr&gt;&lt;tr&gt;&lt;td&gt;Longitude&lt;/td&gt;&lt;td&gt;84.61922747&lt;/td&gt;&lt;/tr&gt;&lt;tr&gt;&lt;td&gt;Easting (m)&lt;/td&gt;&lt;td&gt;256986.722&lt;/td&gt;&lt;/tr&gt;&lt;tr&gt;&lt;td&gt;Northing (m)&lt;/td&gt;&lt;td&gt;2607637.888&lt;/td&gt;&lt;/tr&gt;&lt;tr&gt;&lt;td&gt;Zone / Datum&lt;/td&gt;&lt;td&gt;UTM 45N / WGS84&lt;/td&gt;&lt;/tr&gt;&lt;/table&gt;</desc></wpt>
<wpt lat="0.00021251" lon="82.51201421"><ele>0.000</ele><name>BD23</name><desc>&lt;table border=&quot;1&quot; cellpadding=&quot;4&quot; cellspacing=&quot;0&quot; style=&quot;border-collapse:collapse;font-family:Arial;font-size:12px&quot;&gt;&lt;tr&gt;&lt;th align=&quot;left&quot;&gt;Parameter&lt;/th&gt;&lt;th align=&quot;left&quot;&gt;Value&lt;/th&gt;&lt;/tr&gt;&lt;tr&gt;&lt;td&gt;Pillar&lt;/td&gt;&lt;td&gt;BD23&lt;/td&gt;&lt;/tr&gt;&lt;tr&gt;&lt;td&gt;Lease&lt;/td&gt;&lt;td&gt;Pakhar 109.507 Ha&lt;/td&gt;&lt;/tr&gt;&lt;tr&gt;&lt;td&gt;Latitude&lt;/td&gt;&lt;td&gt;23.56130778&lt;/td&gt;&lt;/tr&gt;&lt;tr&gt;&lt;td&gt;Longitude&lt;/td&gt;&lt;td&gt;84.61952535&lt;/td&gt;&lt;/tr&gt;&lt;tr&gt;&lt;td&gt;Easting (m)&lt;/td&gt;&lt;td&gt;257017.799&lt;/td&gt;&lt;/tr&gt;&lt;tr&gt;&lt;td&gt;Northing (m)&lt;/td&gt;&lt;td&gt;2607677.056&lt;/td&gt;&lt;/tr&gt;&lt;tr&gt;&lt;td&gt;Zone / Datum&lt;/td&gt;&lt;td&gt;UTM 45N / WGS84&lt;/td&gt;&lt;/tr&gt;&lt;/table&gt;</desc></wpt>
<wpt lat="0.00021251" lon="82.51201421"><ele>0.000</ele><name>BD24</name><desc>&lt;table border=&quot;1&quot; cellpadding=&quot;4&quot; cellspacing=&quot;0&quot; style=&quot;border-collapse:collapse;font-family:Arial;font-size:12px&quot;&gt;&lt;tr&gt;&lt;th align=&quot;left&quot;&gt;Parameter&lt;/th&gt;&lt;th align=&quot;left&quot;&gt;Value&lt;/th&gt;&lt;/tr&gt;&lt;tr&gt;&lt;td&gt;Pillar&lt;/td&gt;&lt;td&gt;BD24&lt;/td&gt;&lt;/tr&gt;&lt;tr&gt;&lt;td&gt;Lease&lt;/td&gt;&lt;td&gt;Pakhar 109.507 Ha&lt;/td&gt;&lt;/tr&gt;&lt;tr&gt;&lt;td&gt;Latitude&lt;/td&gt;&lt;td&gt;23.56163848&lt;/td&gt;&lt;/tr&gt;&lt;tr&gt;&lt;td&gt;Longitude&lt;/td&gt;&lt;td&gt;84.61980924&lt;/td&gt;&lt;/tr&gt;&lt;tr&gt;&lt;td&gt;Easting (m)&lt;/td&gt;&lt;td&gt;257047.397&lt;/td&gt;&lt;/tr&gt;&lt;tr&gt;&lt;td&gt;Northing (m)&lt;/td&gt;&lt;td&gt;2607713.207&lt;/td&gt;&lt;/tr&gt;&lt;tr&gt;&lt;td&gt;Zone / Datum&lt;/td&gt;&lt;td&gt;UTM 45N / WGS84&lt;/td&gt;&lt;/tr&gt;&lt;/table&gt;</desc></wpt>
<wpt lat="0.00021251" lon="82.51201421"><ele>0.000</ele><name>BD25</name><desc>&lt;table border=&quot;1&quot; cellpadding=&quot;4&quot; cellspacing=&quot;0&quot; style=&quot;border-collapse:collapse;font-family:Arial;font-size:12px&quot;&gt;&lt;tr&gt;&lt;th align=&quot;left&quot;&gt;Parameter&lt;/th&gt;&lt;th align=&quot;left&quot;&gt;Value&lt;/th&gt;&lt;/tr&gt;&lt;tr&gt;&lt;td&gt;Pillar&lt;/td&gt;&lt;td&gt;BD25&lt;/td&gt;&lt;/tr&gt;&lt;tr&gt;&lt;td&gt;Lease&lt;/td&gt;&lt;td&gt;Pakhar 109.507 Ha&lt;/td&gt;&lt;/tr&gt;&lt;tr&gt;&lt;td&gt;Latitude&lt;/td&gt;&lt;td&gt;23.56168369&lt;/td&gt;&lt;/tr&gt;&lt;tr&gt;&lt;td&gt;Longitude&lt;/td&gt;&lt;td&gt;84.62012572&lt;/td&gt;&lt;/tr&gt;&lt;tr&gt;&lt;td&gt;Easting (m)&lt;/td&gt;&lt;td&gt;257079.796&lt;/td&gt;&lt;/tr&gt;&lt;tr&gt;&lt;td&gt;Northing (m)&lt;/td&gt;&lt;td&gt;2607717.678&lt;/td&gt;&lt;/tr&gt;&lt;tr&gt;&lt;td&gt;Zone / Datum&lt;/td&gt;&lt;td&gt;UTM 45N / WGS84&lt;/td&gt;&lt;/tr&gt;&lt;/table&gt;</desc></wpt>
<wpt lat="0.00021251" lon="82.51201422"><ele>0.000</ele><name>BD26</name><desc>&lt;table border=&quot;1&quot; cellpadding=&quot;4&quot; cellspacing=&quot;0&quot; style=&quot;border-collapse:collapse;font-family:Arial;font-size:12px&quot;&gt;&lt;tr&gt;&lt;th align=&quot;left&quot;&gt;Parameter&lt;/th&gt;&lt;th align=&quot;left&quot;&gt;Value&lt;/th&gt;&lt;/tr&gt;&lt;tr&gt;&lt;td&gt;Pillar&lt;/td&gt;&lt;td&gt;BD26&lt;/td&gt;&lt;/tr&gt;&lt;tr&gt;&lt;td&gt;Lease&lt;/td&gt;&lt;td&gt;Pakhar 109.507 Ha&lt;/td&gt;&lt;/tr&gt;&lt;tr&gt;&lt;td&gt;Latitude&lt;/td&gt;&lt;td&gt;23.56171690&lt;/td&gt;&lt;/tr&gt;&lt;tr&gt;&lt;td&gt;Longitude&lt;/td&gt;&lt;td&gt;84.62061397&lt;/td&gt;&lt;/tr&gt;&lt;tr&gt;&lt;td&gt;Easting (m)&lt;/td&gt;&lt;td&gt;257129.714&lt;/td&gt;&lt;/tr&gt;&lt;tr&gt;&lt;td&gt;Northing (m)&lt;/td&gt;&lt;td&gt;2607720.528&lt;/td&gt;&lt;/tr&gt;&lt;tr&gt;&lt;td&gt;Zone / Datum&lt;/td&gt;&lt;td&gt;UTM 45N / WGS84&lt;/td&gt;&lt;/tr&gt;&lt;/table&gt;</desc></wpt>
<wpt lat="0.00021251" lon="82.51201422"><ele>0.000</ele><name>BD27</name><desc>&lt;table border=&quot;1&quot; cellpadding=&quot;4&quot; cellspacing=&quot;0&quot; style=&quot;border-collapse:collapse;font-family:Arial;font-size:12px&quot;&gt;&lt;tr&gt;&lt;th align=&quot;left&quot;&gt;Parameter&lt;/th&gt;&lt;th align=&quot;left&quot;&gt;Value&lt;/th&gt;&lt;/tr&gt;&lt;tr&gt;&lt;td&gt;Pillar&lt;/td&gt;&lt;td&gt;BD27&lt;/td&gt;&lt;/tr&gt;&lt;tr&gt;&lt;td&gt;Lease&lt;/td&gt;&lt;td&gt;Pakhar 109.507 Ha&lt;/td&gt;&lt;/tr&gt;&lt;tr&gt;&lt;td&gt;Latitude&lt;/td&gt;&lt;td&gt;23.56175045&lt;/td&gt;&lt;/tr&gt;&lt;tr&gt;&lt;td&gt;Longitude&lt;/td&gt;&lt;td&gt;84.62110221&lt;/td&gt;&lt;/tr&gt;&lt;tr&gt;&lt;td&gt;Easting (m)&lt;/td&gt;&lt;td&gt;257179.631&lt;/td&gt;&lt;/tr&gt;&lt;tr&gt;&lt;td&gt;Northing (m)&lt;/td&gt;&lt;td&gt;2607723.417&lt;/td&gt;&lt;/tr&gt;&lt;tr&gt;&lt;td&gt;Zone / Datum&lt;/td&gt;&lt;td&gt;UTM 45N / WGS84&lt;/td&gt;&lt;/tr&gt;&lt;/table&gt;</desc></wpt>
<wpt lat="0.00021251" lon="82.51201422"><ele>0.000</ele><name>BD28</name><desc>&lt;table border=&quot;1&quot; cellpadding=&quot;4&quot; cellspacing=&quot;0&quot; style=&quot;border-collapse:collapse;font-family:Arial;font-size:12px&quot;&gt;&lt;tr&gt;&lt;th align=&quot;left&quot;&gt;Parameter&lt;/th&gt;&lt;th align=&quot;left&quot;&gt;Value&lt;/th&gt;&lt;/tr&gt;&lt;tr&gt;&lt;td&gt;Pillar&lt;/td&gt;&lt;td&gt;BD28&lt;/td&gt;&lt;/tr&gt;&lt;tr&gt;&lt;td&gt;Lease&lt;/td&gt;&lt;td&gt;Pakhar 109.507 Ha&lt;/td&gt;&lt;/tr&gt;&lt;tr&gt;&lt;td&gt;Latitude&lt;/td&gt;&lt;td&gt;23.56175627&lt;/td&gt;&lt;/tr&gt;&lt;tr&gt;&lt;td&gt;Longitude&lt;/td&gt;&lt;td&gt;84.62120123&lt;/td&gt;&lt;/tr&gt;&lt;tr&gt;&lt;td&gt;Easting (m)&lt;/td&gt;&lt;td&gt;257189.753&lt;/td&gt;&lt;/tr&gt;&lt;tr&gt;&lt;td&gt;Northing (m)&lt;/td&gt;&lt;td&gt;2607723.893&lt;/td&gt;&lt;/tr&gt;&lt;tr&gt;&lt;td&gt;Zone / Datum&lt;/td&gt;&lt;td&gt;UTM 45N / WGS84&lt;/td&gt;&lt;/tr&gt;&lt;/table&gt;</desc></wpt>
<wpt lat="0.00021251" lon="82.51201423"><ele>0.000</ele><name>BD29</name><desc>&lt;table border=&quot;1&quot; cellpadding=&quot;4&quot; cellspacing=&quot;0&quot; style=&quot;border-collapse:collapse;font-family:Arial;font-size:12px&quot;&gt;&lt;tr&gt;&lt;th align=&quot;left&quot;&gt;Parameter&lt;/th&gt;&lt;th align=&quot;left&quot;&gt;Value&lt;/th&gt;&lt;/tr&gt;&lt;tr&gt;&lt;td&gt;Pillar&lt;/td&gt;&lt;td&gt;BD29&lt;/td&gt;&lt;/tr&gt;&lt;tr&gt;&lt;td&gt;Lease&lt;/td&gt;&lt;td&gt;Pakhar 109.507 Ha&lt;/td&gt;&lt;/tr&gt;&lt;tr&gt;&lt;td&gt;Latitude&lt;/td&gt;&lt;td&gt;23.56162302&lt;/td&gt;&lt;/tr&gt;&lt;tr&gt;&lt;td&gt;Longitude&lt;/td&gt;&lt;td&gt;84.62144631&lt;/td&gt;&lt;/tr&gt;&lt;tr&gt;&lt;td&gt;Easting (m)&lt;/td&gt;&lt;td&gt;257214.534&lt;/td&gt;&lt;/tr&gt;&lt;tr&gt;&lt;td&gt;Northing (m)&lt;/td&gt;&lt;td&gt;2607708.717&lt;/td&gt;&lt;/tr&gt;&lt;tr&gt;&lt;td&gt;Zone / Datum&lt;/td&gt;&lt;td&gt;UTM 45N / WGS84&lt;/td&gt;&lt;/tr&gt;&lt;/table&gt;</desc></wpt>
<wpt lat="0.00021251" lon="82.51201423"><ele>0.000</ele><name>BD30</name><desc>&lt;table border=&quot;1&quot; cellpadding=&quot;4&quot; cellspacing=&quot;0&quot; style=&quot;border-collapse:collapse;font-family:Arial;font-size:12px&quot;&gt;&lt;tr&gt;&lt;th align=&quot;left&quot;&gt;Parameter&lt;/th&gt;&lt;th align=&quot;left&quot;&gt;Value&lt;/th&gt;&lt;/tr&gt;&lt;tr&gt;&lt;td&gt;Pillar&lt;/td&gt;&lt;td&gt;BD30&lt;/td&gt;&lt;/tr&gt;&lt;tr&gt;&lt;td&gt;Lease&lt;/td&gt;&lt;td&gt;Pakhar 109.507 Ha&lt;/td&gt;&lt;/tr&gt;&lt;tr&gt;&lt;td&gt;Latitude&lt;/td&gt;&lt;td&gt;23.56167774&lt;/td&gt;&lt;/tr&gt;&lt;tr&gt;&lt;td&gt;Longitude&lt;/td&gt;&lt;td&gt;84.62153435&lt;/td&gt;&lt;/tr&gt;&lt;tr&gt;&lt;td&gt;Easting (m)&lt;/td&gt;&lt;td&gt;257223.625&lt;/td&gt;&lt;/tr&gt;&lt;tr&gt;&lt;td&gt;Northing (m)&lt;/td&gt;&lt;td&gt;2607714.630&lt;/td&gt;&lt;/tr&gt;&lt;tr&gt;&lt;td&gt;Zone / Datum&lt;/td&gt;&lt;td&gt;UTM 45N / WGS84&lt;/td&gt;&lt;/tr&gt;&lt;/table&gt;</desc></wpt>
<wpt lat="0.00021251" lon="82.51201423"><ele>0.000</ele><name>BD31</name><desc>&lt;table border=&quot;1&quot; cellpadding=&quot;4&quot; cellspacing=&quot;0&quot; style=&quot;border-collapse:collapse;font-family:Arial;font-size:12px&quot;&gt;&lt;tr&gt;&lt;th align=&quot;left&quot;&gt;Parameter&lt;/th&gt;&lt;th align=&quot;left&quot;&gt;Value&lt;/th&gt;&lt;/tr&gt;&lt;tr&gt;&lt;td&gt;Pillar&lt;/td&gt;&lt;td&gt;BD31&lt;/td&gt;&lt;/tr&gt;&lt;tr&gt;&lt;td&gt;Lease&lt;/td&gt;&lt;td&gt;Pakhar 109.507 Ha&lt;/td&gt;&lt;/tr&gt;&lt;tr&gt;&lt;td&gt;Latitude&lt;/td&gt;&lt;td&gt;23.56182528&lt;/td&gt;&lt;/tr&gt;&lt;tr&gt;&lt;td&gt;Longitude&lt;/td&gt;&lt;td&gt;84.62129998&lt;/td&gt;&lt;/tr&gt;&lt;tr&gt;&lt;td&gt;Easting (m)&lt;/td&gt;&lt;td&gt;257199.964&lt;/td&gt;&lt;/tr&gt;&lt;tr&gt;&lt;td&gt;Northing (m)&lt;/td&gt;&lt;td&gt;2607731.370&lt;/td&gt;&lt;/tr&gt;&lt;tr&gt;&lt;td&gt;Zone / Datum&lt;/td&gt;&lt;td&gt;UTM 45N / WGS84&lt;/td&gt;&lt;/tr&gt;&lt;/table&gt;</desc></wpt>
<wpt lat="0.00021251" lon="82.51201422"><ele>0.000</ele><name>BD32</name><desc>&lt;table border=&quot;1&quot; cellpadding=&quot;4&quot; cellspacing=&quot;0&quot; style=&quot;border-collapse:collapse;font-family:Arial;font-size:12px&quot;&gt;&lt;tr&gt;&lt;th align=&quot;left&quot;&gt;Parameter&lt;/th&gt;&lt;th align=&quot;left&quot;&gt;Value&lt;/th&gt;&lt;/tr&gt;&lt;tr&gt;&lt;td&gt;Pillar&lt;/td&gt;&lt;td&gt;BD32&lt;/td&gt;&lt;/tr&gt;&lt;tr&gt;&lt;td&gt;Lease&lt;/td&gt;&lt;td&gt;Pakhar 109.507 Ha&lt;/td&gt;&lt;/tr&gt;&lt;tr&gt;&lt;td&gt;Latitude&lt;/td&gt;&lt;td&gt;23.56197756&lt;/td&gt;&lt;/tr&gt;&lt;tr&gt;&lt;td&gt;Longitude&lt;/td&gt;&lt;td&gt;84.62123692&lt;/td&gt;&lt;/tr&gt;&lt;tr&gt;&lt;td&gt;Easting (m)&lt;/td&gt;&lt;td&gt;257193.805&lt;/td&gt;&lt;/tr&gt;&lt;tr&gt;&lt;td&gt;Northing (m)&lt;/td&gt;&lt;td&gt;2607748.346&lt;/td&gt;&lt;/tr&gt;&lt;tr&gt;&lt;td&gt;Zone / Datum&lt;/td&gt;&lt;td&gt;UTM 45N / WGS84&lt;/td&gt;&lt;/tr&gt;&lt;/table&gt;</desc></wpt>
<wpt lat="0.00021252" lon="82.51201423"><ele>0.000</ele><name>BD33</name><desc>&lt;table border=&quot;1&quot; cellpadding=&quot;4&quot; cellspacing=&quot;0&quot; style=&quot;border-collapse:collapse;font-family:Arial;font-size:12px&quot;&gt;&lt;tr&gt;&lt;th align=&quot;left&quot;&gt;Parameter&lt;/th&gt;&lt;th align=&quot;left&quot;&gt;Value&lt;/th&gt;&lt;/tr&gt;&lt;tr&gt;&lt;td&gt;Pillar&lt;/td&gt;&lt;td&gt;BD33&lt;/td&gt;&lt;/tr&gt;&lt;tr&gt;&lt;td&gt;Lease&lt;/td&gt;&lt;td&gt;Pakhar 109.507 Ha&lt;/td&gt;&lt;/tr&gt;&lt;tr&gt;&lt;td&gt;Latitude&lt;/td&gt;&lt;td&gt;23.56239044&lt;/td&gt;&lt;/tr&gt;&lt;tr&gt;&lt;td&gt;Longitude&lt;/td&gt;&lt;td&gt;84.62143460&lt;/td&gt;&lt;/tr&gt;&lt;tr&gt;&lt;td&gt;Easting (m)&lt;/td&gt;&lt;td&gt;257214.750&lt;/td&gt;&lt;/tr&gt;&lt;tr&gt;&lt;td&gt;Northing (m)&lt;/td&gt;&lt;td&gt;2607793.747&lt;/td&gt;&lt;/tr&gt;&lt;tr&gt;&lt;td&gt;Zone / Datum&lt;/td&gt;&lt;td&gt;UTM 45N / WGS84&lt;/td&gt;&lt;/tr&gt;&lt;/table&gt;</desc></wpt>
<wpt lat="0.00021252" lon="82.51201423"><ele>0.000</ele><name>BD34</name><desc>&lt;table border=&quot;1&quot; cellpadding=&quot;4&quot; cellspacing=&quot;0&quot; style=&quot;border-collapse:collapse;font-family:Arial;font-size:12px&quot;&gt;&lt;tr&gt;&lt;th align=&quot;left&quot;&gt;Parameter&lt;/th&gt;&lt;th align=&quot;left&quot;&gt;Value&lt;/th&gt;&lt;/tr&gt;&lt;tr&gt;&lt;td&gt;Pillar&lt;/td&gt;&lt;td&gt;BD34&lt;/td&gt;&lt;/tr&gt;&lt;tr&gt;&lt;td&gt;Lease&lt;/td&gt;&lt;td&gt;Pakhar 109.507 Ha&lt;/td&gt;&lt;/tr&gt;&lt;tr&gt;&lt;td&gt;Latitude&lt;/td&gt;&lt;td&gt;23.56256648&lt;/td&gt;&lt;/tr&gt;&lt;tr&gt;&lt;td&gt;Longitude&lt;/td&gt;&lt;td&gt;84.62151888&lt;/td&gt;&lt;/tr&gt;&lt;tr&gt;&lt;td&gt;Easting (m)&lt;/td&gt;&lt;td&gt;257223.680&lt;/td&gt;&lt;/tr&gt;&lt;tr&gt;&lt;td&gt;Northing (m)&lt;/td&gt;&lt;td&gt;2607813.104&lt;/td&gt;&lt;/tr&gt;&lt;tr&gt;&lt;td&gt;Zone / Datum&lt;/td&gt;&lt;td&gt;UTM 45N / WGS84&lt;/td&gt;&lt;/tr&gt;&lt;/table&gt;</desc></wpt>
<wpt lat="0.00021252" lon="82.51201423"><ele>0.000</ele><name>BD35</name><desc>&lt;table border=&quot;1&quot; cellpadding=&quot;4&quot; cellspacing=&quot;0&quot; style=&quot;border-collapse:collapse;font-family:Arial;font-size:12px&quot;&gt;&lt;tr&gt;&lt;th align=&quot;left&quot;&gt;Parameter&lt;/th&gt;&lt;th align=&quot;left&quot;&gt;Value&lt;/th&gt;&lt;/tr&gt;&lt;tr&gt;&lt;td&gt;Pillar&lt;/td&gt;&lt;td&gt;BD35&lt;/td&gt;&lt;/tr&gt;&lt;tr&gt;&lt;td&gt;Lease&lt;/td&gt;&lt;td&gt;Pakhar 109.507 Ha&lt;/td&gt;&lt;/tr&gt;&lt;tr&gt;&lt;td&gt;Latitude&lt;/td&gt;&lt;td&gt;23.56271162&lt;/td&gt;&lt;/tr&gt;&lt;tr&gt;&lt;td&gt;Longitude&lt;/td&gt;&lt;td&gt;84.62165808&lt;/td&gt;&lt;/tr&gt;&lt;tr&gt;&lt;td&gt;Easting (m)&lt;/td&gt;&lt;td&gt;257238.161&lt;/td&gt;&lt;/tr&gt;&lt;tr&gt;&lt;td&gt;Northing (m)&lt;/td&gt;&lt;td&gt;2607828.946&lt;/td&gt;&lt;/tr&gt;&lt;tr&gt;&lt;td&gt;Zone / Datum&lt;/td&gt;&lt;td&gt;UTM 45N / WGS84&lt;/td&gt;&lt;/tr&gt;&lt;/table&gt;</desc></wpt>
<wpt lat="0.00021252" lon="82.51201423"><ele>0.000</ele><name>BD36</name><desc>&lt;table border=&quot;1&quot; cellpadding=&quot;4&quot; cellspacing=&quot;0&quot; style=&quot;border-collapse:collapse;font-family:Arial;font-size:12px&quot;&gt;&lt;tr&gt;&lt;th align=&quot;left&quot;&gt;Parameter&lt;/th&gt;&lt;th align=&quot;left&quot;&gt;Value&lt;/th&gt;&lt;/tr&gt;&lt;tr&gt;&lt;td&gt;Pillar&lt;/td&gt;&lt;td&gt;BD36&lt;/td&gt;&lt;/tr&gt;&lt;tr&gt;&lt;td&gt;Lease&lt;/td&gt;&lt;td&gt;Pakhar 109.507 Ha&lt;/td&gt;&lt;/tr&gt;&lt;tr&gt;&lt;td&gt;Latitude&lt;/td&gt;&lt;td&gt;23.56289365&lt;/td&gt;&lt;/tr&gt;&lt;tr&gt;&lt;td&gt;Longitude&lt;/td&gt;&lt;td&gt;84.62193291&lt;/td&gt;&lt;/tr&gt;&lt;tr&gt;&lt;td&gt;Easting (m)&lt;/td&gt;&lt;td&gt;257266.559&lt;/td&gt;&lt;/tr&gt;&lt;tr&gt;&lt;td&gt;Northing (m)&lt;/td&gt;&lt;td&gt;2607848.644&lt;/td&gt;&lt;/tr&gt;&lt;tr&gt;&lt;td&gt;Zone / Datum&lt;/td&gt;&lt;td&gt;UTM 45N / WGS84&lt;/td&gt;&lt;/tr&gt;&lt;/table&gt;</desc></wpt>
<wpt lat="0.00021253" lon="82.51201423"><ele>0.000</ele><name>BD37</name><desc>&lt;table border=&quot;1&quot; cellpadding=&quot;4&quot; cellspacing=&quot;0&quot; style=&quot;border-collapse:collapse;font-family:Arial;font-size:12px&quot;&gt;&lt;tr&gt;&lt;th align=&quot;left&quot;&gt;Parameter&lt;/th&gt;&lt;th align=&quot;left&quot;&gt;Value&lt;/th&gt;&lt;/tr&gt;&lt;tr&gt;&lt;td&gt;Pillar&lt;/td&gt;&lt;td&gt;BD37&lt;/td&gt;&lt;/tr&gt;&lt;tr&gt;&lt;td&gt;Lease&lt;/td&gt;&lt;td&gt;Pakhar 109.507 Ha&lt;/td&gt;&lt;/tr&gt;&lt;tr&gt;&lt;td&gt;Latitude&lt;/td&gt;&lt;td&gt;23.56332474&lt;/td&gt;&lt;/tr&gt;&lt;tr&gt;&lt;td&gt;Longitude&lt;/td&gt;&lt;td&gt;84.62207782&lt;/td&gt;&lt;/tr&gt;&lt;tr&gt;&lt;td&gt;Easting (m)&lt;/td&gt;&lt;td&gt;257282.149&lt;/td&gt;&lt;/tr&gt;&lt;tr&gt;&lt;td&gt;Northing (m)&lt;/td&gt;&lt;td&gt;2607896.151&lt;/td&gt;&lt;/tr&gt;&lt;tr&gt;&lt;td&gt;Zone / Datum&lt;/td&gt;&lt;td&gt;UTM 45N / WGS84&lt;/td&gt;&lt;/tr&gt;&lt;/table&gt;</desc></wpt>
<wpt lat="0.00021253" lon="82.51201423"><ele>0.000</ele><name>BD38</name><desc>&lt;table border=&quot;1&quot; cellpadding=&quot;4&quot; cellspacing=&quot;0&quot; style=&quot;border-collapse:collapse;font-family:Arial;font-size:12px&quot;&gt;&lt;tr&gt;&lt;th align=&quot;left&quot;&gt;Parameter&lt;/th&gt;&lt;th align=&quot;left&quot;&gt;Value&lt;/th&gt;&lt;/tr&gt;&lt;tr&gt;&lt;td&gt;Pillar&lt;/td&gt;&lt;td&gt;BD38&lt;/td&gt;&lt;/tr&gt;&lt;tr&gt;&lt;td&gt;Lease&lt;/td&gt;&lt;td&gt;Pakhar 109.507 Ha&lt;/td&gt;&lt;/tr&gt;&lt;tr&gt;&lt;td&gt;Latitude&lt;/td&gt;&lt;td&gt;23.56375583&lt;/td&gt;&lt;/tr&gt;&lt;tr&gt;&lt;td&gt;Longitude&lt;/td&gt;&lt;td&gt;84.62222274&lt;/td&gt;&lt;/tr&gt;&lt;tr&gt;&lt;td&gt;Easting (m)&lt;/td&gt;&lt;td&gt;257297.739&lt;/td&gt;&lt;/tr&gt;&lt;tr&gt;&lt;td&gt;Northing (m)&lt;/td&gt;&lt;td&gt;2607943.659&lt;/td&gt;&lt;/tr&gt;&lt;tr&gt;&lt;td&gt;Zone / Datum&lt;/td&gt;&lt;td&gt;UTM 45N / WGS84&lt;/td&gt;&lt;/tr&gt;&lt;/table&gt;</desc></wpt>
<wpt lat="0.00021253" lon="82.51201423"><ele>0.000</ele><name>BD39</name><desc>&lt;table border=&quot;1&quot; cellpadding=&quot;4&quot; cellspacing=&quot;0&quot; style=&quot;border-collapse:collapse;font-family:Arial;font-size:12px&quot;&gt;&lt;tr&gt;&lt;th align=&quot;left&quot;&gt;Parameter&lt;/th&gt;&lt;th align=&quot;left&quot;&gt;Value&lt;/th&gt;&lt;/tr&gt;&lt;tr&gt;&lt;td&gt;Pillar&lt;/td&gt;&lt;td&gt;BD39&lt;/td&gt;&lt;/tr&gt;&lt;tr&gt;&lt;td&gt;Lease&lt;/td&gt;&lt;td&gt;Pakhar 109.507 Ha&lt;/td&gt;&lt;/tr&gt;&lt;tr&gt;&lt;td&gt;Latitude&lt;/td&gt;&lt;td&gt;23.56415715&lt;/td&gt;&lt;/tr&gt;&lt;tr&gt;&lt;td&gt;Longitude&lt;/td&gt;&lt;td&gt;84.62235765&lt;/td&gt;&lt;/tr&gt;&lt;tr&gt;&lt;td&gt;Easting (m)&lt;/td&gt;&lt;td&gt;257312.253&lt;/td&gt;&lt;/tr&gt;&lt;tr&gt;&lt;td&gt;Northing (m)&lt;/td&gt;&lt;td&gt;2607987.885&lt;/td&gt;&lt;/tr&gt;&lt;tr&gt;&lt;td&gt;Zone / Datum&lt;/td&gt;&lt;td&gt;UTM 45N / WGS84&lt;/td&gt;&lt;/tr&gt;&lt;/table&gt;</desc></wpt>
<wpt lat="0.00021254" lon="82.51201424"><ele>0.000</ele><name>BD40</name><desc>&lt;table border=&quot;1&quot; cellpadding=&quot;4&quot; cellspacing=&quot;0&quot; style=&quot;border-collapse:collapse;font-family:Arial;font-size:12px&quot;&gt;&lt;tr&gt;&lt;th align=&quot;left&quot;&gt;Parameter&lt;/th&gt;&lt;th align=&quot;left&quot;&gt;Value&lt;/th&gt;&lt;/tr&gt;&lt;tr&gt;&lt;td&gt;Pillar&lt;/td&gt;&lt;td&gt;BD40&lt;/td&gt;&lt;/tr&gt;&lt;tr&gt;&lt;td&gt;Lease&lt;/td&gt;&lt;td&gt;Pakhar 109.507 Ha&lt;/td&gt;&lt;/tr&gt;&lt;tr&gt;&lt;td&gt;Latitude&lt;/td&gt;&lt;td&gt;23.56452582&lt;/td&gt;&lt;/tr&gt;&lt;tr&gt;&lt;td&gt;Longitude&lt;/td&gt;&lt;td&gt;84.62264004&lt;/td&gt;&lt;/tr&gt;&lt;tr&gt;&lt;td&gt;Easting (m)&lt;/td&gt;&lt;td&gt;257341.766&lt;/td&gt;&lt;/tr&gt;&lt;tr&gt;&lt;td&gt;Northing (m)&lt;/td&gt;&lt;td&gt;2608028.246&lt;/td&gt;&lt;/tr&gt;&lt;tr&gt;&lt;td&gt;Zone / Datum&lt;/td&gt;&lt;td&gt;UTM 45N / WGS84&lt;/td&gt;&lt;/tr&gt;&lt;/table&gt;</desc></wpt>
<wpt lat="0.00021254" lon="82.51201424"><ele>0.000</ele><name>BD41</name><desc>&lt;table border=&quot;1&quot; cellpadding=&quot;4&quot; cellspacing=&quot;0&quot; style=&quot;border-collapse:collapse;font-family:Arial;font-size:12px&quot;&gt;&lt;tr&gt;&lt;th align=&quot;left&quot;&gt;Parameter&lt;/th&gt;&lt;th align=&quot;left&quot;&gt;Value&lt;/th&gt;&lt;/tr&gt;&lt;tr&gt;&lt;td&gt;Pillar&lt;/td&gt;&lt;td&gt;BD41&lt;/td&gt;&lt;/tr&gt;&lt;tr&gt;&lt;td&gt;Lease&lt;/td&gt;&lt;td&gt;Pakhar 109.507 Ha&lt;/td&gt;&lt;/tr&gt;&lt;tr&gt;&lt;td&gt;Latitude&lt;/td&gt;&lt;td&gt;23.56488407&lt;/td&gt;&lt;/tr&gt;&lt;tr&gt;&lt;td&gt;Longitude&lt;/td&gt;&lt;td&gt;84.62291444&lt;/td&gt;&lt;/tr&gt;&lt;tr&gt;&lt;td&gt;Easting (m)&lt;/td&gt;&lt;td&gt;257370.444&lt;/td&gt;&lt;/tr&gt;&lt;tr&gt;&lt;td&gt;Northing (m)&lt;/td&gt;&lt;td&gt;2608067.465&lt;/td&gt;&lt;/tr&gt;&lt;tr&gt;&lt;td&gt;Zone / Datum&lt;/td&gt;&lt;td&gt;UTM 45N / WGS84&lt;/td&gt;&lt;/tr&gt;&lt;/table&gt;</desc></wpt>
<wpt lat="0.00021254" lon="82.51201424"><ele>0.000</ele><name>BD42</name><desc>&lt;table border=&quot;1&quot; cellpadding=&quot;4&quot; cellspacing=&quot;0&quot; style=&quot;border-collapse:collapse;font-family:Arial;font-size:12px&quot;&gt;&lt;tr&gt;&lt;th align=&quot;left&quot;&gt;Parameter&lt;/th&gt;&lt;th align=&quot;left&quot;&gt;Value&lt;/th&gt;&lt;/tr&gt;&lt;tr&gt;&lt;td&gt;Pillar&lt;/td&gt;&lt;td&gt;BD42&lt;/td&gt;&lt;/tr&gt;&lt;tr&gt;&lt;td&gt;Lease&lt;/td&gt;&lt;td&gt;Pakhar 109.507 Ha&lt;/td&gt;&lt;/tr&gt;&lt;tr&gt;&lt;td&gt;Latitude&lt;/td&gt;&lt;td&gt;23.56514383&lt;/td&gt;&lt;/tr&gt;&lt;tr&gt;&lt;td&gt;Longitude&lt;/td&gt;&lt;td&gt;84.62331481&lt;/td&gt;&lt;/tr&gt;&lt;tr&gt;&lt;td&gt;Easting (m)&lt;/td&gt;&lt;td&gt;257411.803&lt;/td&gt;&lt;/tr&gt;&lt;tr&gt;&lt;td&gt;Northing (m)&lt;/td&gt;&lt;td&gt;2608095.561&lt;/td&gt;&lt;/tr&gt;&lt;tr&gt;&lt;td&gt;Zone / Datum&lt;/td&gt;&lt;td&gt;UTM 45N / WGS84&lt;/td&gt;&lt;/tr&gt;&lt;/table&gt;</desc></wpt>
<wpt lat="0.00021255" lon="82.51201425"><ele>0.000</ele><name>BD43</name><desc>&lt;table border=&quot;1&quot; cellpadding=&quot;4&quot; cellspacing=&quot;0&quot; style=&quot;border-collapse:collapse;font-family:Arial;font-size:12px&quot;&gt;&lt;tr&gt;&lt;th align=&quot;left&quot;&gt;Parameter&lt;/th&gt;&lt;th align=&quot;left&quot;&gt;Value&lt;/th&gt;&lt;/tr&gt;&lt;tr&gt;&lt;td&gt;Pillar&lt;/td&gt;&lt;td&gt;BD43&lt;/td&gt;&lt;/tr&gt;&lt;tr&gt;&lt;td&gt;Lease&lt;/td&gt;&lt;td&gt;Pakhar 109.507 Ha&lt;/td&gt;&lt;/tr&gt;&lt;tr&gt;&lt;td&gt;Latitude&lt;/td&gt;&lt;td&gt;23.56540360&lt;/td&gt;&lt;/tr&gt;&lt;tr&gt;&lt;td&gt;Longitude&lt;/td&gt;&lt;td&gt;84.62371519&lt;/td&gt;&lt;/tr&gt;&lt;tr&gt;&lt;td&gt;Easting (m)&lt;/td&gt;&lt;td&gt;257453.163&lt;/td&gt;&lt;/tr&gt;&lt;tr&gt;&lt;td&gt;Northing (m)&lt;/td&gt;&lt;td&gt;2608123.658&lt;/td&gt;&lt;/tr&gt;&lt;tr&gt;&lt;td&gt;Zone / Datum&lt;/td&gt;&lt;td&gt;UTM 45N / WGS84&lt;/td&gt;&lt;/tr&gt;&lt;/table&gt;</desc></wpt>
<wpt lat="0.00021255" lon="82.51201425"><ele>0.000</ele><name>BD44</name><desc>&lt;table border=&quot;1&quot; cellpadding=&quot;4&quot; cellspacing=&quot;0&quot; style=&quot;border-collapse:collapse;font-family:Arial;font-size:12px&quot;&gt;&lt;tr&gt;&lt;th align=&quot;left&quot;&gt;Parameter&lt;/th&gt;&lt;th align=&quot;left&quot;&gt;Value&lt;/th&gt;&lt;/tr&gt;&lt;tr&gt;&lt;td&gt;Pillar&lt;/td&gt;&lt;td&gt;BD44&lt;/td&gt;&lt;/tr&gt;&lt;tr&gt;&lt;td&gt;Lease&lt;/td&gt;&lt;td&gt;Pakhar 109.507 Ha&lt;/td&gt;&lt;/tr&gt;&lt;tr&gt;&lt;td&gt;Latitude&lt;/td&gt;&lt;td&gt;23.56566487&lt;/td&gt;&lt;/tr&gt;&lt;tr&gt;&lt;td&gt;Longitude&lt;/td&gt;&lt;td&gt;84.62411439&lt;/td&gt;&lt;/tr&gt;&lt;tr&gt;&lt;td&gt;Easting (m)&lt;/td&gt;&lt;td&gt;257494.406&lt;/td&gt;&lt;/tr&gt;&lt;tr&gt;&lt;td&gt;Northing (m)&lt;/td&gt;&lt;td&gt;2608151.924&lt;/td&gt;&lt;/tr&gt;&lt;tr&gt;&lt;td&gt;Zone / Datum&lt;/td&gt;&lt;td&gt;UTM 45N / WGS84&lt;/td&gt;&lt;/tr&gt;&lt;/table&gt;</desc></wpt>
<wpt lat="0.00021255" lon="82.51201425"><ele>0.000</ele><name>BD45</name><desc>&lt;table border=&quot;1&quot; cellpadding=&quot;4&quot; cellspacing=&quot;0&quot; style=&quot;border-collapse:collapse;font-family:Arial;font-size:12px&quot;&gt;&lt;tr&gt;&lt;th align=&quot;left&quot;&gt;Parameter&lt;/th&gt;&lt;th align=&quot;left&quot;&gt;Value&lt;/th&gt;&lt;/tr&gt;&lt;tr&gt;&lt;td&gt;Pillar&lt;/td&gt;&lt;td&gt;BD45&lt;/td&gt;&lt;/tr&gt;&lt;tr&gt;&lt;td&gt;Lease&lt;/td&gt;&lt;td&gt;Pakhar 109.507 Ha&lt;/td&gt;&lt;/tr&gt;&lt;tr&gt;&lt;td&gt;Latitude&lt;/td&gt;&lt;td&gt;23.56592849&lt;/td&gt;&lt;/tr&gt;&lt;tr&gt;&lt;td&gt;Longitude&lt;/td&gt;&lt;td&gt;84.62451180&lt;/td&gt;&lt;/tr&gt;&lt;tr&gt;&lt;td&gt;Easting (m)&lt;/td&gt;&lt;td&gt;257535.469&lt;/td&gt;&lt;/tr&gt;&lt;tr&gt;&lt;td&gt;Northing (m)&lt;/td&gt;&lt;td&gt;2608180.452&lt;/td&gt;&lt;/tr&gt;&lt;tr&gt;&lt;td&gt;Zone / Datum&lt;/td&gt;&lt;td&gt;UTM 45N / WGS84&lt;/td&gt;&lt;/tr&gt;&lt;/table&gt;</desc></wpt>
<wpt lat="0.00021255" lon="82.51201426"><ele>0.000</ele><name>BD46</name><desc>&lt;table border=&quot;1&quot; cellpadding=&quot;4&quot; cellspacing=&quot;0&quot; style=&quot;border-collapse:collapse;font-family:Arial;font-size:12px&quot;&gt;&lt;tr&gt;&lt;th align=&quot;left&quot;&gt;Parameter&lt;/th&gt;&lt;th align=&quot;left&quot;&gt;Value&lt;/th&gt;&lt;/tr&gt;&lt;tr&gt;&lt;td&gt;Pillar&lt;/td&gt;&lt;td&gt;BD46&lt;/td&gt;&lt;/tr&gt;&lt;tr&gt;&lt;td&gt;Lease&lt;/td&gt;&lt;td&gt;Pakhar 109.507 Ha&lt;/td&gt;&lt;/tr&gt;&lt;tr&gt;&lt;td&gt;Latitude&lt;/td&gt;&lt;td&gt;23.56619210&lt;/td&gt;&lt;/tr&gt;&lt;tr&gt;&lt;td&gt;Longitude&lt;/td&gt;&lt;td&gt;84.62490919&lt;/td&gt;&lt;/tr&gt;&lt;tr&gt;&lt;td&gt;Easting (m)&lt;/td&gt;&lt;td&gt;257576.531&lt;/td&gt;&lt;/tr&gt;&lt;tr&gt;&lt;td&gt;Northing (m)&lt;/td&gt;&lt;td&gt;2608208.980&lt;/td&gt;&lt;/tr&gt;&lt;tr&gt;&lt;td&gt;Zone / Datum&lt;/td&gt;&lt;td&gt;UTM 45N / WGS84&lt;/td&gt;&lt;/tr&gt;&lt;/table&gt;</desc></wpt>
<wpt lat="0.00021255" lon="82.51201426"><ele>0.000</ele><name>BD47</name><desc>&lt;table border=&quot;1&quot; cellpadding=&quot;4&quot; cellspacing=&quot;0&quot; style=&quot;border-collapse:collapse;font-family:Arial;font-size:12px&quot;&gt;&lt;tr&gt;&lt;th align=&quot;left&quot;&gt;Parameter&lt;/th&gt;&lt;th align=&quot;left&quot;&gt;Value&lt;/th&gt;&lt;/tr&gt;&lt;tr&gt;&lt;td&gt;Pillar&lt;/td&gt;&lt;td&gt;BD47&lt;/td&gt;&lt;/tr&gt;&lt;tr&gt;&lt;td&gt;Lease&lt;/td&gt;&lt;td&gt;Pakhar 109.507 Ha&lt;/td&gt;&lt;/tr&gt;&lt;tr&gt;&lt;td&gt;Latitude&lt;/td&gt;&lt;td&gt;23.56627130&lt;/td&gt;&lt;/tr&gt;&lt;tr&gt;&lt;td&gt;Longitude&lt;/td&gt;&lt;td&gt;84.62502859&lt;/td&gt;&lt;/tr&gt;&lt;tr&gt;&lt;td&gt;Easting (m)&lt;/td&gt;&lt;td&gt;257588.868&lt;/td&gt;&lt;/tr&gt;&lt;tr&gt;&lt;td&gt;Northing (m)&lt;/td&gt;&lt;td&gt;2608217.551&lt;/td&gt;&lt;/tr&gt;&lt;tr&gt;&lt;td&gt;Zone / Datum&lt;/td&gt;&lt;td&gt;UTM 45N / WGS84&lt;/td&gt;&lt;/tr&gt;&lt;/table&gt;</desc></wpt>
<wpt lat="0.00021255" lon="82.51201426"><ele>0.000</ele><name>BD48</name><desc>&lt;table border=&quot;1&quot; cellpadding=&quot;4&quot; cellspacing=&quot;0&quot; style=&quot;border-collapse:collapse;font-family:Arial;font-size:12px&quot;&gt;&lt;tr&gt;&lt;th align=&quot;left&quot;&gt;Parameter&lt;/th&gt;&lt;th align=&quot;left&quot;&gt;Value&lt;/th&gt;&lt;/tr&gt;&lt;tr&gt;&lt;td&gt;Pillar&lt;/td&gt;&lt;td&gt;BD48&lt;/td&gt;&lt;/tr&gt;&lt;tr&gt;&lt;td&gt;Lease&lt;/td&gt;&lt;td&gt;Pakhar 109.507 Ha&lt;/td&gt;&lt;/tr&gt;&lt;tr&gt;&lt;td&gt;Latitude&lt;/td&gt;&lt;td&gt;23.56590859&lt;/td&gt;&lt;/tr&gt;&lt;tr&gt;&lt;td&gt;Longitude&lt;/td&gt;&lt;td&gt;84.62531994&lt;/td&gt;&lt;/tr&gt;&lt;tr&gt;&lt;td&gt;Easting (m)&lt;/td&gt;&lt;td&gt;257617.952&lt;/td&gt;&lt;/tr&gt;&lt;tr&gt;&lt;td&gt;Northing (m)&lt;/td&gt;&lt;td&gt;2608176.880&lt;/td&gt;&lt;/tr&gt;&lt;tr&gt;&lt;td&gt;Zone / Datum&lt;/td&gt;&lt;td&gt;UTM 45N / WGS84&lt;/td&gt;&lt;/tr&gt;&lt;/table&gt;</desc></wpt>
<wpt lat="0.00021255" lon="82.51201426"><ele>0.000</ele><name>BD49</name><desc>&lt;table border=&quot;1&quot; cellpadding=&quot;4&quot; cellspacing=&quot;0&quot; style=&quot;border-collapse:collapse;font-family:Arial;font-size:12px&quot;&gt;&lt;tr&gt;&lt;th align=&quot;left&quot;&gt;Parameter&lt;/th&gt;&lt;th align=&quot;left&quot;&gt;Value&lt;/th&gt;&lt;/tr&gt;&lt;tr&gt;&lt;td&gt;Pillar&lt;/td&gt;&lt;td&gt;BD49&lt;/td&gt;&lt;/tr&gt;&lt;tr&gt;&lt;td&gt;Lease&lt;/td&gt;&lt;td&gt;Pakhar 109.507 Ha&lt;/td&gt;&lt;/tr&gt;&lt;tr&gt;&lt;td&gt;Latitude&lt;/td&gt;&lt;td&gt;23.56554733&lt;/td&gt;&lt;/tr&gt;&lt;tr&gt;&lt;td&gt;Longitude&lt;/td&gt;&lt;td&gt;84.62561339&lt;/td&gt;&lt;/tr&gt;&lt;tr&gt;&lt;td&gt;Easting (m)&lt;/td&gt;&lt;td&gt;257647.252&lt;/td&gt;&lt;/tr&gt;&lt;tr&gt;&lt;td&gt;Northing (m)&lt;/td&gt;&lt;td&gt;2608136.365&lt;/td&gt;&lt;/tr&gt;&lt;tr&gt;&lt;td&gt;Zone / Datum&lt;/td&gt;&lt;td&gt;UTM 45N / WGS84&lt;/td&gt;&lt;/tr&gt;&lt;/table&gt;</desc></wpt>
<wpt lat="0.00021254" lon="82.51201427"><ele>0.000</ele><name>BD50</name><desc>&lt;table border=&quot;1&quot; cellpadding=&quot;4&quot; cellspacing=&quot;0&quot; style=&quot;border-collapse:collapse;font-family:Arial;font-size:12px&quot;&gt;&lt;tr&gt;&lt;th align=&quot;left&quot;&gt;Parameter&lt;/th&gt;&lt;th align=&quot;left&quot;&gt;Value&lt;/th&gt;&lt;/tr&gt;&lt;tr&gt;&lt;td&gt;Pillar&lt;/td&gt;&lt;td&gt;BD50&lt;/td&gt;&lt;/tr&gt;&lt;tr&gt;&lt;td&gt;Lease&lt;/td&gt;&lt;td&gt;Pakhar 109.507 Ha&lt;/td&gt;&lt;/tr&gt;&lt;tr&gt;&lt;td&gt;Latitude&lt;/td&gt;&lt;td&gt;23.56520086&lt;/td&gt;&lt;/tr&gt;&lt;tr&gt;&lt;td&gt;Longitude&lt;/td&gt;&lt;td&gt;84.62592715&lt;/td&gt;&lt;/tr&gt;&lt;tr&gt;&lt;td&gt;Easting (m)&lt;/td&gt;&lt;td&gt;257678.654&lt;/td&gt;&lt;/tr&gt;&lt;tr&gt;&lt;td&gt;Northing (m)&lt;/td&gt;&lt;td&gt;2608097.455&lt;/td&gt;&lt;/tr&gt;&lt;tr&gt;&lt;td&gt;Zone / Datum&lt;/td&gt;&lt;td&gt;UTM 45N / WGS84&lt;/td&gt;&lt;/tr&gt;&lt;/table&gt;</desc></wpt>
<wpt lat="0.00021254" lon="82.51201427"><ele>0.000</ele><name>BD51</name><desc>&lt;table border=&quot;1&quot; cellpadding=&quot;4&quot; cellspacing=&quot;0&quot; style=&quot;border-collapse:collapse;font-family:Arial;font-size:12px&quot;&gt;&lt;tr&gt;&lt;th align=&quot;left&quot;&gt;Parameter&lt;/th&gt;&lt;th align=&quot;left&quot;&gt;Value&lt;/th&gt;&lt;/tr&gt;&lt;tr&gt;&lt;td&gt;Pillar&lt;/td&gt;&lt;td&gt;BD51&lt;/td&gt;&lt;/tr&gt;&lt;tr&gt;&lt;td&gt;Lease&lt;/td&gt;&lt;td&gt;Pakhar 109.507 Ha&lt;/td&gt;&lt;/tr&gt;&lt;tr&gt;&lt;td&gt;Latitude&lt;/td&gt;&lt;td&gt;23.56485441&lt;/td&gt;&lt;/tr&gt;&lt;tr&gt;&lt;td&gt;Longitude&lt;/td&gt;&lt;td&gt;84.62624090&lt;/td&gt;&lt;/tr&gt;&lt;tr&gt;&lt;td&gt;Easting (m)&lt;/td&gt;&lt;td&gt;257710.055&lt;/td&gt;&lt;/tr&gt;&lt;tr&gt;&lt;td&gt;Northing (m)&lt;/td&gt;&lt;td&gt;2608058.546&lt;/td&gt;&lt;/tr&gt;&lt;tr&gt;&lt;td&gt;Zone / Datum&lt;/td&gt;&lt;td&gt;UTM 45N / WGS84&lt;/td&gt;&lt;/tr&gt;&lt;/table&gt;</desc></wpt>
<wpt lat="0.00021254" lon="82.51201427"><ele>0.000</ele><name>BD52</name><desc>&lt;table border=&quot;1&quot; cellpadding=&quot;4&quot; cellspacing=&quot;0&quot; style=&quot;border-collapse:collapse;font-family:Arial;font-size:12px&quot;&gt;&lt;tr&gt;&lt;th align=&quot;left&quot;&gt;Parameter&lt;/th&gt;&lt;th align=&quot;left&quot;&gt;Value&lt;/th&gt;&lt;/tr&gt;&lt;tr&gt;&lt;td&gt;Pillar&lt;/td&gt;&lt;td&gt;BD52&lt;/td&gt;&lt;/tr&gt;&lt;tr&gt;&lt;td&gt;Lease&lt;/td&gt;&lt;td&gt;Pakhar 109.507 Ha&lt;/td&gt;&lt;/tr&gt;&lt;tr&gt;&lt;td&gt;Latitude&lt;/td&gt;&lt;td&gt;23.56450794&lt;/td&gt;&lt;/tr&gt;&lt;tr&gt;&lt;td&gt;Longitude&lt;/td&gt;&lt;td&gt;84.62655466&lt;/td&gt;&lt;/tr&gt;&lt;tr&gt;&lt;td&gt;Easting (m)&lt;/td&gt;&lt;td&gt;257741.457&lt;/td&gt;&lt;/tr&gt;&lt;tr&gt;&lt;td&gt;Northing (m)&lt;/td&gt;&lt;td&gt;2608019.636&lt;/td&gt;&lt;/tr&gt;&lt;tr&gt;&lt;td&gt;Zone / Datum&lt;/td&gt;&lt;td&gt;UTM 45N / WGS84&lt;/td&gt;&lt;/tr&gt;&lt;/table&gt;</desc></wpt>
<wpt lat="0.00021253" lon="82.51201428"><ele>0.000</ele><name>BD53</name><desc>&lt;table border=&quot;1&quot; cellpadding=&quot;4&quot; cellspacing=&quot;0&quot; style=&quot;border-collapse:collapse;font-family:Arial;font-size:12px&quot;&gt;&lt;tr&gt;&lt;th align=&quot;left&quot;&gt;Parameter&lt;/th&gt;&lt;th align=&quot;left&quot;&gt;Value&lt;/th&gt;&lt;/tr&gt;&lt;tr&gt;&lt;td&gt;Pillar&lt;/td&gt;&lt;td&gt;BD53&lt;/td&gt;&lt;/tr&gt;&lt;tr&gt;&lt;td&gt;Lease&lt;/td&gt;&lt;td&gt;Pakhar 109.507 Ha&lt;/td&gt;&lt;/tr&gt;&lt;tr&gt;&lt;td&gt;Latitude&lt;/td&gt;&lt;td&gt;23.56416148&lt;/td&gt;&lt;/tr&gt;&lt;tr&gt;&lt;td&gt;Longitude&lt;/td&gt;&lt;td&gt;84.62686841&lt;/td&gt;&lt;/tr&gt;&lt;tr&gt;&lt;td&gt;Easting (m)&lt;/td&gt;&lt;td&gt;257772.858&lt;/td&gt;&lt;/tr&gt;&lt;tr&gt;&lt;td&gt;Northing (m)&lt;/td&gt;&lt;td&gt;2607980.727&lt;/td&gt;&lt;/tr&gt;&lt;tr&gt;&lt;td&gt;Zone / Datum&lt;/td&gt;&lt;td&gt;UTM 45N / WGS84&lt;/td&gt;&lt;/tr&gt;&lt;/table&gt;</desc></wpt>
<wpt lat="0.00021253" lon="82.51201428"><ele>0.000</ele><name>BD54</name><desc>&lt;table border=&quot;1&quot; cellpadding=&quot;4&quot; cellspacing=&quot;0&quot; style=&quot;border-collapse:collapse;font-family:Arial;font-size:12px&quot;&gt;&lt;tr&gt;&lt;th align=&quot;left&quot;&gt;Parameter&lt;/th&gt;&lt;th align=&quot;left&quot;&gt;Value&lt;/th&gt;&lt;/tr&gt;&lt;tr&gt;&lt;td&gt;Pillar&lt;/td&gt;&lt;td&gt;BD54&lt;/td&gt;&lt;/tr&gt;&lt;tr&gt;&lt;td&gt;Lease&lt;/td&gt;&lt;td&gt;Pakhar 109.507 Ha&lt;/td&gt;&lt;/tr&gt;&lt;tr&gt;&lt;td&gt;Latitude&lt;/td&gt;&lt;td&gt;23.56381501&lt;/td&gt;&lt;/tr&gt;&lt;tr&gt;&lt;td&gt;Longitude&lt;/td&gt;&lt;td&gt;84.62718216&lt;/td&gt;&lt;/tr&gt;&lt;tr&gt;&lt;td&gt;Easting (m)&lt;/td&gt;&lt;td&gt;257804.260&lt;/td&gt;&lt;/tr&gt;&lt;tr&gt;&lt;td&gt;Northing (m)&lt;/td&gt;&lt;td&gt;2607941.817&lt;/td&gt;&lt;/tr&gt;&lt;tr&gt;&lt;td&gt;Zone / Datum&lt;/td&gt;&lt;td&gt;UTM 45N / WGS84&lt;/td&gt;&lt;/tr&gt;&lt;/table&gt;</desc></wpt>
<wpt lat="0.00021253" lon="82.51201428"><ele>0.000</ele><name>BD55</name><desc>&lt;table border=&quot;1&quot; cellpadding=&quot;4&quot; cellspacing=&quot;0&quot; style=&quot;border-collapse:collapse;font-family:Arial;font-size:12px&quot;&gt;&lt;tr&gt;&lt;th align=&quot;left&quot;&gt;Parameter&lt;/th&gt;&lt;th align=&quot;left&quot;&gt;Value&lt;/th&gt;&lt;/tr&gt;&lt;tr&gt;&lt;td&gt;Pillar&lt;/td&gt;&lt;td&gt;BD55&lt;/td&gt;&lt;/tr&gt;&lt;tr&gt;&lt;td&gt;Lease&lt;/td&gt;&lt;td&gt;Pakhar 109.507 Ha&lt;/td&gt;&lt;/tr&gt;&lt;tr&gt;&lt;td&gt;Latitude&lt;/td&gt;&lt;td&gt;23.56346855&lt;/td&gt;&lt;/tr&gt;&lt;tr&gt;&lt;td&gt;Longitude&lt;/td&gt;&lt;td&gt;84.62749591&lt;/td&gt;&lt;/tr&gt;&lt;tr&gt;&lt;td&gt;Easting (m)&lt;/td&gt;&lt;td&gt;257835.661&lt;/td&gt;&lt;/tr&gt;&lt;tr&gt;&lt;td&gt;Northing (m)&lt;/td&gt;&lt;td&gt;2607902.908&lt;/td&gt;&lt;/tr&gt;&lt;tr&gt;&lt;td&gt;Zone / Datum&lt;/td&gt;&lt;td&gt;UTM 45N / WGS84&lt;/td&gt;&lt;/tr&gt;&lt;/table&gt;</desc></wpt>
<wpt lat="0.00021252" lon="82.51201428"><ele>0.000</ele><name>BD56</name><desc>&lt;table border=&quot;1&quot; cellpadding=&quot;4&quot; cellspacing=&quot;0&quot; style=&quot;border-collapse:collapse;font-family:Arial;font-size:12px&quot;&gt;&lt;tr&gt;&lt;th align=&quot;left&quot;&gt;Parameter&lt;/th&gt;&lt;th align=&quot;left&quot;&gt;Value&lt;/th&gt;&lt;/tr&gt;&lt;tr&gt;&lt;td&gt;Pillar&lt;/td&gt;&lt;td&gt;BD56&lt;/td&gt;&lt;/tr&gt;&lt;tr&gt;&lt;td&gt;Lease&lt;/td&gt;&lt;td&gt;Pakhar 109.507 Ha&lt;/td&gt;&lt;/tr&gt;&lt;tr&gt;&lt;td&gt;Latitude&lt;/td&gt;&lt;td&gt;23.56312208&lt;/td&gt;&lt;/tr&gt;&lt;tr&gt;&lt;td&gt;Longitude&lt;/td&gt;&lt;td&gt;84.62780966&lt;/td&gt;&lt;/tr&gt;&lt;tr&gt;&lt;td&gt;Easting (m)&lt;/td&gt;&lt;td&gt;257867.063&lt;/td&gt;&lt;/tr&gt;&lt;tr&gt;&lt;td&gt;Northing (m)&lt;/td&gt;&lt;td&gt;2607863.998&lt;/td&gt;&lt;/tr&gt;&lt;tr&gt;&lt;td&gt;Zone / Datum&lt;/td&gt;&lt;td&gt;UTM 45N / WGS84&lt;/td&gt;&lt;/tr&gt;&lt;/table&gt;</desc></wpt>
<wpt lat="0.00021252" lon="82.51201429"><ele>0.000</ele><name>BD57</name><desc>&lt;table border=&quot;1&quot; cellpadding=&quot;4&quot; cellspacing=&quot;0&quot; style=&quot;border-collapse:collapse;font-family:Arial;font-size:12px&quot;&gt;&lt;tr&gt;&lt;th align=&quot;left&quot;&gt;Parameter&lt;/th&gt;&lt;th align=&quot;left&quot;&gt;Value&lt;/th&gt;&lt;/tr&gt;&lt;tr&gt;&lt;td&gt;Pillar&lt;/td&gt;&lt;td&gt;BD57&lt;/td&gt;&lt;/tr&gt;&lt;tr&gt;&lt;td&gt;Lease&lt;/td&gt;&lt;td&gt;Pakhar 109.507 Ha&lt;/td&gt;&lt;/tr&gt;&lt;tr&gt;&lt;td&gt;Latitude&lt;/td&gt;&lt;td&gt;23.56277562&lt;/td&gt;&lt;/tr&gt;&lt;tr&gt;&lt;td&gt;Longitude&lt;/td&gt;&lt;td&gt;84.62812340&lt;/td&gt;&lt;/tr&gt;&lt;tr&gt;&lt;td&gt;Easting (m)&lt;/td&gt;&lt;td&gt;257898.464&lt;/td&gt;&lt;/tr&gt;&lt;tr&gt;&lt;td&gt;Northing (m)&lt;/td&gt;&lt;td&gt;2607825.089&lt;/td&gt;&lt;/tr&gt;&lt;tr&gt;&lt;td&gt;Zone / Datum&lt;/td&gt;&lt;td&gt;UTM 45N / WGS84&lt;/td&gt;&lt;/tr&gt;&lt;/table&gt;</desc></wpt>
<wpt lat="0.00021252" lon="82.51201429"><ele>0.000</ele><name>BD58</name><desc>&lt;table border=&quot;1&quot; cellpadding=&quot;4&quot; cellspacing=&quot;0&quot; style=&quot;border-collapse:collapse;font-family:Arial;font-size:12px&quot;&gt;&lt;tr&gt;&lt;th align=&quot;left&quot;&gt;Parameter&lt;/th&gt;&lt;th align=&quot;left&quot;&gt;Value&lt;/th&gt;&lt;/tr&gt;&lt;tr&gt;&lt;td&gt;Pillar&lt;/td&gt;&lt;td&gt;BD58&lt;/td&gt;&lt;/tr&gt;&lt;tr&gt;&lt;td&gt;Lease&lt;/td&gt;&lt;td&gt;Pakhar 109.507 Ha&lt;/td&gt;&lt;/tr&gt;&lt;tr&gt;&lt;td&gt;Latitude&lt;/td&gt;&lt;td&gt;23.56264721&lt;/td&gt;&lt;/tr&gt;&lt;tr&gt;&lt;td&gt;Longitude&lt;/td&gt;&lt;td&gt;84.62823968&lt;/td&gt;&lt;/tr&gt;&lt;tr&gt;&lt;td&gt;Easting (m)&lt;/td&gt;&lt;td&gt;257910.102&lt;/td&gt;&lt;/tr&gt;&lt;tr&gt;&lt;td&gt;Northing (m)&lt;/td&gt;&lt;td&gt;2607810.668&lt;/td&gt;&lt;/tr&gt;&lt;tr&gt;&lt;td&gt;Zone / Datum&lt;/td&gt;&lt;td&gt;UTM 45N / WGS84&lt;/td&gt;&lt;/tr&gt;&lt;/table&gt;</desc></wpt>
<wpt lat="0.00021252" lon="82.51201428"><ele>0.000</ele><name>BD59</name><desc>&lt;table border=&quot;1&quot; cellpadding=&quot;4&quot; cellspacing=&quot;0&quot; style=&quot;border-collapse:collapse;font-family:Arial;font-size:12px&quot;&gt;&lt;tr&gt;&lt;th align=&quot;left&quot;&gt;Parameter&lt;/th&gt;&lt;th align=&quot;left&quot;&gt;Value&lt;/th&gt;&lt;/tr&gt;&lt;tr&gt;&lt;td&gt;Pillar&lt;/td&gt;&lt;td&gt;BD59&lt;/td&gt;&lt;/tr&gt;&lt;tr&gt;&lt;td&gt;Lease&lt;/td&gt;&lt;td&gt;Pakhar 109.507 Ha&lt;/td&gt;&lt;/tr&gt;&lt;tr&gt;&lt;td&gt;Latitude&lt;/td&gt;&lt;td&gt;23.56233751&lt;/td&gt;&lt;/tr&gt;&lt;tr&gt;&lt;td&gt;Longitude&lt;/td&gt;&lt;td&gt;84.62788355&lt;/td&gt;&lt;/tr&gt;&lt;tr&gt;&lt;td&gt;Easting (m)&lt;/td&gt;&lt;td&gt;257873.169&lt;/td&gt;&lt;/tr&gt;&lt;tr&gt;&lt;td&gt;Northing (m)&lt;/td&gt;&lt;td&gt;2607776.964&lt;/td&gt;&lt;/tr&gt;&lt;tr&gt;&lt;td&gt;Zone / Datum&lt;/td&gt;&lt;td&gt;UTM 45N / WGS84&lt;/td&gt;&lt;/tr&gt;&lt;/table&gt;</desc></wpt>
<wpt lat="0.00021252" lon="82.51201428"><ele>0.000</ele><name>BD60</name><desc>&lt;table border=&quot;1&quot; cellpadding=&quot;4&quot; cellspacing=&quot;0&quot; style=&quot;border-collapse:collapse;font-family:Arial;font-size:12px&quot;&gt;&lt;tr&gt;&lt;th align=&quot;left&quot;&gt;Parameter&lt;/th&gt;&lt;th align=&quot;left&quot;&gt;Value&lt;/th&gt;&lt;/tr&gt;&lt;tr&gt;&lt;td&gt;Pillar&lt;/td&gt;&lt;td&gt;BD60&lt;/td&gt;&lt;/tr&gt;&lt;tr&gt;&lt;td&gt;Lease&lt;/td&gt;&lt;td&gt;Pakhar 109.507 Ha&lt;/td&gt;&lt;/tr&gt;&lt;tr&gt;&lt;td&gt;Latitude&lt;/td&gt;&lt;td&gt;23.56211438&lt;/td&gt;&lt;/tr&gt;&lt;tr&gt;&lt;td&gt;Longitude&lt;/td&gt;&lt;td&gt;84.62762696&lt;/td&gt;&lt;/tr&gt;&lt;tr&gt;&lt;td&gt;Easting (m)&lt;/td&gt;&lt;td&gt;257846.559&lt;/td&gt;&lt;/tr&gt;&lt;tr&gt;&lt;td&gt;Northing (m)&lt;/td&gt;&lt;td&gt;2607752.681&lt;/td&gt;&lt;/tr&gt;&lt;tr&gt;&lt;td&gt;Zone / Datum&lt;/td&gt;&lt;td&gt;UTM 45N / WGS84&lt;/td&gt;&lt;/tr&gt;&lt;/table&gt;</desc></wpt>
<wpt lat="0.00021251" lon="82.51201428"><ele>0.000</ele><name>BD61</name><desc>&lt;table border=&quot;1&quot; cellpadding=&quot;4&quot; cellspacing=&quot;0&quot; style=&quot;border-collapse:collapse;font-family:Arial;font-size:12px&quot;&gt;&lt;tr&gt;&lt;th align=&quot;left&quot;&gt;Parameter&lt;/th&gt;&lt;th align=&quot;left&quot;&gt;Value&lt;/th&gt;&lt;/tr&gt;&lt;tr&gt;&lt;td&gt;Pillar&lt;/td&gt;&lt;td&gt;BD61&lt;/td&gt;&lt;/tr&gt;&lt;tr&gt;&lt;td&gt;Lease&lt;/td&gt;&lt;td&gt;Pakhar 109.507 Ha&lt;/td&gt;&lt;/tr&gt;&lt;tr&gt;&lt;td&gt;Latitude&lt;/td&gt;&lt;td&gt;23.56189284&lt;/td&gt;&lt;/tr&gt;&lt;tr&gt;&lt;td&gt;Longitude&lt;/td&gt;&lt;td&gt;84.62720042&lt;/td&gt;&lt;/tr&gt;&lt;tr&gt;&lt;td&gt;Easting (m)&lt;/td&gt;&lt;td&gt;257802.597&lt;/td&gt;&lt;/tr&gt;&lt;tr&gt;&lt;td&gt;Northing (m)&lt;/td&gt;&lt;td&gt;2607728.862&lt;/td&gt;&lt;/tr&gt;&lt;tr&gt;&lt;td&gt;Zone / Datum&lt;/td&gt;&lt;td&gt;UTM 45N / WGS84&lt;/td&gt;&lt;/tr&gt;&lt;/table&gt;</desc></wpt>
<wpt lat="0.00021251" lon="82.51201427"><ele>0.000</ele><name>BD62</name><desc>&lt;table border=&quot;1&quot; cellpadding=&quot;4&quot; cellspacing=&quot;0&quot; style=&quot;border-collapse:collapse;font-family:Arial;font-size:12px&quot;&gt;&lt;tr&gt;&lt;th align=&quot;left&quot;&gt;Parameter&lt;/th&gt;&lt;th align=&quot;left&quot;&gt;Value&lt;/th&gt;&lt;/tr&gt;&lt;tr&gt;&lt;td&gt;Pillar&lt;/td&gt;&lt;td&gt;BD62&lt;/td&gt;&lt;/tr&gt;&lt;tr&gt;&lt;td&gt;Lease&lt;/td&gt;&lt;td&gt;Pakhar 109.507 Ha&lt;/td&gt;&lt;/tr&gt;&lt;tr&gt;&lt;td&gt;Latitude&lt;/td&gt;&lt;td&gt;23.56167149&lt;/td&gt;&lt;/tr&gt;&lt;tr&gt;&lt;td&gt;Longitude&lt;/td&gt;&lt;td&gt;84.62677376&lt;/td&gt;&lt;/tr&gt;&lt;tr&gt;&lt;td&gt;Easting (m)&lt;/td&gt;&lt;td&gt;257758.624&lt;/td&gt;&lt;/tr&gt;&lt;tr&gt;&lt;td&gt;Northing (m)&lt;/td&gt;&lt;td&gt;2607705.064&lt;/td&gt;&lt;/tr&gt;&lt;tr&gt;&lt;td&gt;Zone / Datum&lt;/td&gt;&lt;td&gt;UTM 45N / WGS84&lt;/td&gt;&lt;/tr&gt;&lt;/table&gt;</desc></wpt>
<wpt lat="0.00021251" lon="82.51201427"><ele>0.000</ele><name>BD63</name><desc>&lt;table border=&quot;1&quot; cellpadding=&quot;4&quot; cellspacing=&quot;0&quot; style=&quot;border-collapse:collapse;font-family:Arial;font-size:12px&quot;&gt;&lt;tr&gt;&lt;th align=&quot;left&quot;&gt;Parameter&lt;/th&gt;&lt;th align=&quot;left&quot;&gt;Value&lt;/th&gt;&lt;/tr&gt;&lt;tr&gt;&lt;td&gt;Pillar&lt;/td&gt;&lt;td&gt;BD63&lt;/td&gt;&lt;/tr&gt;&lt;tr&gt;&lt;td&gt;Lease&lt;/td&gt;&lt;td&gt;Pakhar 109.507 Ha&lt;/td&gt;&lt;/tr&gt;&lt;tr&gt;&lt;td&gt;Latitude&lt;/td&gt;&lt;td&gt;23.56145014&lt;/td&gt;&lt;/tr&gt;&lt;tr&gt;&lt;td&gt;Longitude&lt;/td&gt;&lt;td&gt;84.62634710&lt;/td&gt;&lt;/tr&gt;&lt;tr&gt;&lt;td&gt;Easting (m)&lt;/td&gt;&lt;td&gt;257714.650&lt;/td&gt;&lt;/tr&gt;&lt;tr&gt;&lt;td&gt;Northing (m)&lt;/td&gt;&lt;td&gt;2607681.266&lt;/td&gt;&lt;/tr&gt;&lt;tr&gt;&lt;td&gt;Zone / Datum&lt;/td&gt;&lt;td&gt;UTM 45N / WGS84&lt;/td&gt;&lt;/tr&gt;&lt;/table&gt;</desc></wpt>
<wpt lat="0.00021251" lon="82.51201427"><ele>0.000</ele><name>BD64</name><desc>&lt;table border=&quot;1&quot; cellpadding=&quot;4&quot; cellspacing=&quot;0&quot; style=&quot;border-collapse:collapse;font-family:Arial;font-size:12px&quot;&gt;&lt;tr&gt;&lt;th align=&quot;left&quot;&gt;Parameter&lt;/th&gt;&lt;th align=&quot;left&quot;&gt;Value&lt;/th&gt;&lt;/tr&gt;&lt;tr&gt;&lt;td&gt;Pillar&lt;/td&gt;&lt;td&gt;BD64&lt;/td&gt;&lt;/tr&gt;&lt;tr&gt;&lt;td&gt;Lease&lt;/td&gt;&lt;td&gt;Pakhar 109.507 Ha&lt;/td&gt;&lt;/tr&gt;&lt;tr&gt;&lt;td&gt;Latitude&lt;/td&gt;&lt;td&gt;23.56134939&lt;/td&gt;&lt;/tr&gt;&lt;tr&gt;&lt;td&gt;Longitude&lt;/td&gt;&lt;td&gt;84.62615289&lt;/td&gt;&lt;/tr&gt;&lt;tr&gt;&lt;td&gt;Easting (m)&lt;/td&gt;&lt;td&gt;257694.634&lt;/td&gt;&lt;/tr&gt;&lt;tr&gt;&lt;td&gt;Northing (m)&lt;/td&gt;&lt;td&gt;2607670.434&lt;/td&gt;&lt;/tr&gt;&lt;tr&gt;&lt;td&gt;Zone / Datum&lt;/td&gt;&lt;td&gt;UTM 45N / WGS84&lt;/td&gt;&lt;/tr&gt;&lt;/table&gt;</desc></wpt>
<wpt lat="0.00021251" lon="82.51201427"><ele>0.000</ele><name>BD65</name><desc>&lt;table border=&quot;1&quot; cellpadding=&quot;4&quot; cellspacing=&quot;0&quot; style=&quot;border-collapse:collapse;font-family:Arial;font-size:12px&quot;&gt;&lt;tr&gt;&lt;th align=&quot;left&quot;&gt;Parameter&lt;/th&gt;&lt;th align=&quot;left&quot;&gt;Value&lt;/th&gt;&lt;/tr&gt;&lt;tr&gt;&lt;td&gt;Pillar&lt;/td&gt;&lt;td&gt;BD65&lt;/td&gt;&lt;/tr&gt;&lt;tr&gt;&lt;td&gt;Lease&lt;/td&gt;&lt;td&gt;Pakhar 109.507 Ha&lt;/td&gt;&lt;/tr&gt;&lt;tr&gt;&lt;td&gt;Latitude&lt;/td&gt;&lt;td&gt;23.56146003&lt;/td&gt;&lt;/tr&gt;&lt;tr&gt;&lt;td&gt;Longitude&lt;/td&gt;&lt;td&gt;84.62615289&lt;/td&gt;&lt;/tr&gt;&lt;tr&gt;&lt;td&gt;Easting (m)&lt;/td&gt;&lt;td&gt;257694.837&lt;/td&gt;&lt;/tr&gt;&lt;tr&gt;&lt;td&gt;Northing (m)&lt;/td&gt;&lt;td&gt;2607682.690&lt;/td&gt;&lt;/tr&gt;&lt;tr&gt;&lt;td&gt;Zone / Datum&lt;/td&gt;&lt;td&gt;UTM 45N / WGS84&lt;/td&gt;&lt;/tr&gt;&lt;/table&gt;</desc></wpt>
<wpt lat="0.00021251" lon="82.51201427"><ele>0.000</ele><name>BD66</name><desc>&lt;table border=&quot;1&quot; cellpadding=&quot;4&quot; cellspacing=&quot;0&quot; style=&quot;border-collapse:collapse;font-family:Arial;font-size:12px&quot;&gt;&lt;tr&gt;&lt;th align=&quot;left&quot;&gt;Parameter&lt;/th&gt;&lt;th align=&quot;left&quot;&gt;Value&lt;/th&gt;&lt;/tr&gt;&lt;tr&gt;&lt;td&gt;Pillar&lt;/td&gt;&lt;td&gt;BD66&lt;/td&gt;&lt;/tr&gt;&lt;tr&gt;&lt;td&gt;Lease&lt;/td&gt;&lt;td&gt;Pakhar 109.507 Ha&lt;/td&gt;&lt;/tr&gt;&lt;tr&gt;&lt;td&gt;Latitude&lt;/td&gt;&lt;td&gt;23.56169282&lt;/td&gt;&lt;/tr&gt;&lt;tr&gt;&lt;td&gt;Longitude&lt;/td&gt;&lt;td&gt;84.62657232&lt;/td&gt;&lt;/tr&gt;&lt;tr&gt;&lt;td&gt;Easting (m)&lt;/td&gt;&lt;td&gt;257738.093&lt;/td&gt;&lt;/tr&gt;&lt;tr&gt;&lt;td&gt;Northing (m)&lt;/td&gt;&lt;td&gt;2607707.767&lt;/td&gt;&lt;/tr&gt;&lt;tr&gt;&lt;td&gt;Zone / Datum&lt;/td&gt;&lt;td&gt;UTM 45N / WGS84&lt;/td&gt;&lt;/tr&gt;&lt;/table&gt;</desc></wpt>
<wpt lat="0.00021251" lon="82.51201427"><ele>0.000</ele><name>BD67</name><desc>&lt;table border=&quot;1&quot; cellpadding=&quot;4&quot; cellspacing=&quot;0&quot; style=&quot;border-collapse:collapse;font-family:Arial;font-size:12px&quot;&gt;&lt;tr&gt;&lt;th align=&quot;left&quot;&gt;Parameter&lt;/th&gt;&lt;th align=&quot;left&quot;&gt;Value&lt;/th&gt;&lt;/tr&gt;&lt;tr&gt;&lt;td&gt;Pillar&lt;/td&gt;&lt;td&gt;BD67&lt;/td&gt;&lt;/tr&gt;&lt;tr&gt;&lt;td&gt;Lease&lt;/td&gt;&lt;td&gt;Pakhar 109.507 Ha&lt;/td&gt;&lt;/tr&gt;&lt;tr&gt;&lt;td&gt;Latitude&lt;/td&gt;&lt;td&gt;23.56173010&lt;/td&gt;&lt;/tr&gt;&lt;tr&gt;&lt;td&gt;Longitude&lt;/td&gt;&lt;td&gt;84.62663948&lt;/td&gt;&lt;/tr&gt;&lt;tr&gt;&lt;td&gt;Easting (m)&lt;/td&gt;&lt;td&gt;257745.020&lt;/td&gt;&lt;/tr&gt;&lt;tr&gt;&lt;td&gt;Northing (m)&lt;/td&gt;&lt;td&gt;2607711.783&lt;/td&gt;&lt;/tr&gt;&lt;tr&gt;&lt;td&gt;Zone / Datum&lt;/td&gt;&lt;td&gt;UTM 45N / WGS84&lt;/td&gt;&lt;/tr&gt;&lt;/table&gt;</desc></wpt>
<wpt lat="0.00021251" lon="82.51201427"><ele>0.000</ele><name>BD68</name><desc>&lt;table border=&quot;1&quot; cellpadding=&quot;4&quot; cellspacing=&quot;0&quot; style=&quot;border-collapse:collapse;font-family:Arial;font-size:12px&quot;&gt;&lt;tr&gt;&lt;th align=&quot;left&quot;&gt;Parameter&lt;/th&gt;&lt;th align=&quot;left&quot;&gt;Value&lt;/th&gt;&lt;/tr&gt;&lt;tr&gt;&lt;td&gt;Pillar&lt;/td&gt;&lt;td&gt;BD68&lt;/td&gt;&lt;/tr&gt;&lt;tr&gt;&lt;td&gt;Lease&lt;/td&gt;&lt;td&gt;Pakhar 109.507 Ha&lt;/td&gt;&lt;/tr&gt;&lt;tr&gt;&lt;td&gt;Latitude&lt;/td&gt;&lt;td&gt;23.56198827&lt;/td&gt;&lt;/tr&gt;&lt;tr&gt;&lt;td&gt;Longitude&lt;/td&gt;&lt;td&gt;84.62644080&lt;/td&gt;&lt;/tr&gt;&lt;tr&gt;&lt;td&gt;Easting (m)&lt;/td&gt;&lt;td&gt;257725.206&lt;/td&gt;&lt;/tr&gt;&lt;tr&gt;&lt;td&gt;Northing (m)&lt;/td&gt;&lt;td&gt;2607740.718&lt;/td&gt;&lt;/tr&gt;&lt;tr&gt;&lt;td&gt;Zone / Datum&lt;/td&gt;&lt;td&gt;UTM 45N / WGS84&lt;/td&gt;&lt;/tr&gt;&lt;/table&gt;</desc></wpt>
<wpt lat="0.00021251" lon="82.51201427"><ele>0.000</ele><name>BD69</name><desc>&lt;table border=&quot;1&quot; cellpadding=&quot;4&quot; cellspacing=&quot;0&quot; style=&quot;border-collapse:collapse;font-family:Arial;font-size:12px&quot;&gt;&lt;tr&gt;&lt;th align=&quot;left&quot;&gt;Parameter&lt;/th&gt;&lt;th align=&quot;left&quot;&gt;Value&lt;/th&gt;&lt;/tr&gt;&lt;tr&gt;&lt;td&gt;Pillar&lt;/td&gt;&lt;td&gt;BD69&lt;/td&gt;&lt;/tr&gt;&lt;tr&gt;&lt;td&gt;Lease&lt;/td&gt;&lt;td&gt;Pakhar 109.507 Ha&lt;/td&gt;&lt;/tr&gt;&lt;tr&gt;&lt;td&gt;Latitude&lt;/td&gt;&lt;td&gt;23.56178839&lt;/td&gt;&lt;/tr&gt;&lt;tr&gt;&lt;td&gt;Longitude&lt;/td&gt;&lt;td&gt;84.62612434&lt;/td&gt;&lt;/tr&gt;&lt;tr&gt;&lt;td&gt;Easting (m)&lt;/td&gt;&lt;td&gt;257692.524&lt;/td&gt;&lt;/tr&gt;&lt;tr&gt;&lt;td&gt;Northing (m)&lt;/td&gt;&lt;td&gt;2607719.112&lt;/td&gt;&lt;/tr&gt;&lt;tr&gt;&lt;td&gt;Zone / Datum&lt;/td&gt;&lt;td&gt;UTM 45N / WGS84&lt;/td&gt;&lt;/tr&gt;&lt;/table&gt;</desc></wpt>
<wpt lat="0.00021252" lon="82.51201427"><ele>0.000</ele><name>BD70</name><desc>&lt;table border=&quot;1&quot; cellpadding=&quot;4&quot; cellspacing=&quot;0&quot; style=&quot;border-collapse:collapse;font-family:Arial;font-size:12px&quot;&gt;&lt;tr&gt;&lt;th align=&quot;left&quot;&gt;Parameter&lt;/th&gt;&lt;th align=&quot;left&quot;&gt;Value&lt;/th&gt;&lt;/tr&gt;&lt;tr&gt;&lt;td&gt;Pillar&lt;/td&gt;&lt;td&gt;BD70&lt;/td&gt;&lt;/tr&gt;&lt;tr&gt;&lt;td&gt;Lease&lt;/td&gt;&lt;td&gt;Pakhar 109.507 Ha&lt;/td&gt;&lt;/tr&gt;&lt;tr&gt;&lt;td&gt;Latitude&lt;/td&gt;&lt;td&gt;23.56208505&lt;/td&gt;&lt;/tr&gt;&lt;tr&gt;&lt;td&gt;Longitude&lt;/td&gt;&lt;td&gt;84.62575537&lt;/td&gt;&lt;/tr&gt;&lt;tr&gt;&lt;td&gt;Easting (m)&lt;/td&gt;&lt;td&gt;257655.393&lt;/td&gt;&lt;/tr&gt;&lt;tr&gt;&lt;td&gt;Northing (m)&lt;/td&gt;&lt;td&gt;2607752.598&lt;/td&gt;&lt;/tr&gt;&lt;tr&gt;&lt;td&gt;Zone / Datum&lt;/td&gt;&lt;td&gt;UTM 45N / WGS84&lt;/td&gt;&lt;/tr&gt;&lt;/table&gt;</desc></wpt>
<wpt lat="0.00021252" lon="82.51201426"><ele>0.000</ele><name>BD71</name><desc>&lt;table border=&quot;1&quot; cellpadding=&quot;4&quot; cellspacing=&quot;0&quot; style=&quot;border-collapse:collapse;font-family:Arial;font-size:12px&quot;&gt;&lt;tr&gt;&lt;th align=&quot;left&quot;&gt;Parameter&lt;/th&gt;&lt;th align=&quot;left&quot;&gt;Value&lt;/th&gt;&lt;/tr&gt;&lt;tr&gt;&lt;td&gt;Pillar&lt;/td&gt;&lt;td&gt;BD71&lt;/td&gt;&lt;/tr&gt;&lt;tr&gt;&lt;td&gt;Lease&lt;/td&gt;&lt;td&gt;Pakhar 109.507 Ha&lt;/td&gt;&lt;/tr&gt;&lt;tr&gt;&lt;td&gt;Latitude&lt;/td&gt;&lt;td&gt;23.56212032&lt;/td&gt;&lt;/tr&gt;&lt;tr&gt;&lt;td&gt;Longitude&lt;/td&gt;&lt;td&gt;84.62571149&lt;/td&gt;&lt;/tr&gt;&lt;tr&gt;&lt;td&gt;Easting (m)&lt;/td&gt;&lt;td&gt;257650.977&lt;/td&gt;&lt;/tr&gt;&lt;tr&gt;&lt;td&gt;Northing (m)&lt;/td&gt;&lt;td&gt;2607756.580&lt;/td&gt;&lt;/tr&gt;&lt;tr&gt;&lt;td&gt;Zone / Datum&lt;/td&gt;&lt;td&gt;UTM 45N / WGS84&lt;/td&gt;&lt;/tr&gt;&lt;/table&gt;</desc></wpt>
<wpt lat="0.00021251" lon="82.51201426"><ele>0.000</ele><name>BD72</name><desc>&lt;table border=&quot;1&quot; cellpadding=&quot;4&quot; cellspacing=&quot;0&quot; style=&quot;border-collapse:collapse;font-family:Arial;font-size:12px&quot;&gt;&lt;tr&gt;&lt;th align=&quot;left&quot;&gt;Parameter&lt;/th&gt;&lt;th align=&quot;left&quot;&gt;Value&lt;/th&gt;&lt;/tr&gt;&lt;tr&gt;&lt;td&gt;Pillar&lt;/td&gt;&lt;td&gt;BD72&lt;/td&gt;&lt;/tr&gt;&lt;tr&gt;&lt;td&gt;Lease&lt;/td&gt;&lt;td&gt;Pakhar 109.507 Ha&lt;/td&gt;&lt;/tr&gt;&lt;tr&gt;&lt;td&gt;Latitude&lt;/td&gt;&lt;td&gt;23.56188238&lt;/td&gt;&lt;/tr&gt;&lt;tr&gt;&lt;td&gt;Longitude&lt;/td&gt;&lt;td&gt;84.62554613&lt;/td&gt;&lt;/tr&gt;&lt;tr&gt;&lt;td&gt;Easting (m)&lt;/td&gt;&lt;td&gt;257633.654&lt;/td&gt;&lt;/tr&gt;&lt;tr&gt;&lt;td&gt;Northing (m)&lt;/td&gt;&lt;td&gt;2607730.502&lt;/td&gt;&lt;/tr&gt;&lt;tr&gt;&lt;td&gt;Zone / Datum&lt;/td&gt;&lt;td&gt;UTM 45N / WGS84&lt;/td&gt;&lt;/tr&gt;&lt;/table&gt;</desc></wpt>
<wpt lat="0.00021251" lon="82.51201426"><ele>0.000</ele><name>BD73</name><desc>&lt;table border=&quot;1&quot; cellpadding=&quot;4&quot; cellspacing=&quot;0&quot; style=&quot;border-collapse:collapse;font-family:Arial;font-size:12px&quot;&gt;&lt;tr&gt;&lt;th align=&quot;left&quot;&gt;Parameter&lt;/th&gt;&lt;th align=&quot;left&quot;&gt;Value&lt;/th&gt;&lt;/tr&gt;&lt;tr&gt;&lt;td&gt;Pillar&lt;/td&gt;&lt;td&gt;BD73&lt;/td&gt;&lt;/tr&gt;&lt;tr&gt;&lt;td&gt;Lease&lt;/td&gt;&lt;td&gt;Pakhar 109.507 Ha&lt;/td&gt;&lt;/tr&gt;&lt;tr&gt;&lt;td&gt;Latitude&lt;/td&gt;&lt;td&gt;23.56177650&lt;/td&gt;&lt;/tr&gt;&lt;tr&gt;&lt;td&gt;Longitude&lt;/td&gt;&lt;td&gt;84.62566867&lt;/td&gt;&lt;/tr&gt;&lt;tr&gt;&lt;td&gt;Easting (m)&lt;/td&gt;&lt;td&gt;257645.973&lt;/td&gt;&lt;/tr&gt;&lt;tr&gt;&lt;td&gt;Northing (m)&lt;/td&gt;&lt;td&gt;2607718.566&lt;/td&gt;&lt;/tr&gt;&lt;tr&gt;&lt;td&gt;Zone / Datum&lt;/td&gt;&lt;td&gt;UTM 45N / WGS84&lt;/td&gt;&lt;/tr&gt;&lt;/table&gt;</desc></wpt>
<wpt lat="0.00021251" lon="82.51201427"><ele>0.000</ele><name>BD74</name><desc>&lt;table border=&quot;1&quot; cellpadding=&quot;4&quot; cellspacing=&quot;0&quot; style=&quot;border-collapse:collapse;font-family:Arial;font-size:12px&quot;&gt;&lt;tr&gt;&lt;th align=&quot;left&quot;&gt;Parameter&lt;/th&gt;&lt;th align=&quot;left&quot;&gt;Value&lt;/th&gt;&lt;/tr&gt;&lt;tr&gt;&lt;td&gt;Pillar&lt;/td&gt;&lt;td&gt;BD74&lt;/td&gt;&lt;/tr&gt;&lt;tr&gt;&lt;td&gt;Lease&lt;/td&gt;&lt;td&gt;Pakhar 109.507 Ha&lt;/td&gt;&lt;/tr&gt;&lt;tr&gt;&lt;td&gt;Latitude&lt;/td&gt;&lt;td&gt;23.56135890&lt;/td&gt;&lt;/tr&gt;&lt;tr&gt;&lt;td&gt;Longitude&lt;/td&gt;&lt;td&gt;84.62584593&lt;/td&gt;&lt;/tr&gt;&lt;tr&gt;&lt;td&gt;Easting (m)&lt;/td&gt;&lt;td&gt;257663.307&lt;/td&gt;&lt;/tr&gt;&lt;tr&gt;&lt;td&gt;Northing (m)&lt;/td&gt;&lt;td&gt;2607672.007&lt;/td&gt;&lt;/tr&gt;&lt;tr&gt;&lt;td&gt;Zone / Datum&lt;/td&gt;&lt;td&gt;UTM 45N / WGS84&lt;/td&gt;&lt;/tr&gt;&lt;/table&gt;</desc></wpt>
<wpt lat="0.00021251" lon="82.51201426"><ele>0.000</ele><name>BD75</name><desc>&lt;table border=&quot;1&quot; cellpadding=&quot;4&quot; cellspacing=&quot;0&quot; style=&quot;border-collapse:collapse;font-family:Arial;font-size:12px&quot;&gt;&lt;tr&gt;&lt;th align=&quot;left&quot;&gt;Parameter&lt;/th&gt;&lt;th align=&quot;left&quot;&gt;Value&lt;/th&gt;&lt;/tr&gt;&lt;tr&gt;&lt;td&gt;Pillar&lt;/td&gt;&lt;td&gt;BD75&lt;/td&gt;&lt;/tr&gt;&lt;tr&gt;&lt;td&gt;Lease&lt;/td&gt;&lt;td&gt;Pakhar 109.507 Ha&lt;/td&gt;&lt;/tr&gt;&lt;tr&gt;&lt;td&gt;Latitude&lt;/td&gt;&lt;td&gt;23.56097474&lt;/td&gt;&lt;/tr&gt;&lt;tr&gt;&lt;td&gt;Longitude&lt;/td&gt;&lt;td&gt;84.62558898&lt;/td&gt;&lt;/tr&gt;&lt;tr&gt;&lt;td&gt;Easting (m)&lt;/td&gt;&lt;td&gt;257636.363&lt;/td&gt;&lt;/tr&gt;&lt;tr&gt;&lt;td&gt;Northing (m)&lt;/td&gt;&lt;td&gt;2607629.888&lt;/td&gt;&lt;/tr&gt;&lt;tr&gt;&lt;td&gt;Zone / Datum&lt;/td&gt;&lt;td&gt;UTM 45N / WGS84&lt;/td&gt;&lt;/tr&gt;&lt;/table&gt;</desc></wpt>
<wpt lat="0.00021250" lon="82.51201426"><ele>0.000</ele><name>BD76</name><desc>&lt;table border=&quot;1&quot; cellpadding=&quot;4&quot; cellspacing=&quot;0&quot; style=&quot;border-collapse:collapse;font-family:Arial;font-size:12px&quot;&gt;&lt;tr&gt;&lt;th align=&quot;left&quot;&gt;Parameter&lt;/th&gt;&lt;th align=&quot;left&quot;&gt;Value&lt;/th&gt;&lt;/tr&gt;&lt;tr&gt;&lt;td&gt;Pillar&lt;/td&gt;&lt;td&gt;BD76&lt;/td&gt;&lt;/tr&gt;&lt;tr&gt;&lt;td&gt;Lease&lt;/td&gt;&lt;td&gt;Pakhar 109.507 Ha&lt;/td&gt;&lt;/tr&gt;&lt;tr&gt;&lt;td&gt;Latitude&lt;/td&gt;&lt;td&gt;23.56069622&lt;/td&gt;&lt;/tr&gt;&lt;tr&gt;&lt;td&gt;Longitude&lt;/td&gt;&lt;td&gt;84.62544738&lt;/td&gt;&lt;/tr&gt;&lt;tr&gt;&lt;td&gt;Easting (m)&lt;/td&gt;&lt;td&gt;257621.393&lt;/td&gt;&lt;/tr&gt;&lt;tr&gt;&lt;td&gt;Northing (m)&lt;/td&gt;&lt;td&gt;2607599.275&lt;/td&gt;&lt;/tr&gt;&lt;tr&gt;&lt;td&gt;Zone / Datum&lt;/td&gt;&lt;td&gt;UTM 45N / WGS84&lt;/td&gt;&lt;/tr&gt;&lt;/table&gt;</desc></wpt>
<wpt lat="0.00021250" lon="82.51201426"><ele>0.000</ele><name>BD77</name><desc>&lt;table border=&quot;1&quot; cellpadding=&quot;4&quot; cellspacing=&quot;0&quot; style=&quot;border-collapse:collapse;font-family:Arial;font-size:12px&quot;&gt;&lt;tr&gt;&lt;th align=&quot;left&quot;&gt;Parameter&lt;/th&gt;&lt;th align=&quot;left&quot;&gt;Value&lt;/th&gt;&lt;/tr&gt;&lt;tr&gt;&lt;td&gt;Pillar&lt;/td&gt;&lt;td&gt;BD77&lt;/td&gt;&lt;/tr&gt;&lt;tr&gt;&lt;td&gt;Lease&lt;/td&gt;&lt;td&gt;Pakhar 109.507 Ha&lt;/td&gt;&lt;/tr&gt;&lt;tr&gt;&lt;td&gt;Latitude&lt;/td&gt;&lt;td&gt;23.56054274&lt;/td&gt;&lt;/tr&gt;&lt;tr&gt;&lt;td&gt;Longitude&lt;/td&gt;&lt;td&gt;84.62527368&lt;/td&gt;&lt;/tr&gt;&lt;tr&gt;&lt;td&gt;Easting (m)&lt;/td&gt;&lt;td&gt;257603.374&lt;/td&gt;&lt;/tr&gt;&lt;tr&gt;&lt;td&gt;Northing (m)&lt;/td&gt;&lt;td&gt;2607582.568&lt;/td&gt;&lt;/tr&gt;&lt;tr&gt;&lt;td&gt;Zone / Datum&lt;/td&gt;&lt;td&gt;UTM 45N / WGS84&lt;/td&gt;&lt;/tr&gt;&lt;/table&gt;</desc></wpt>
<wpt lat="0.00021250" lon="82.51201426"><ele>0.000</ele><name>BD78</name><desc>&lt;table border=&quot;1&quot; cellpadding=&quot;4&quot; cellspacing=&quot;0&quot; style=&quot;border-collapse:collapse;font-family:Arial;font-size:12px&quot;&gt;&lt;tr&gt;&lt;th align=&quot;left&quot;&gt;Parameter&lt;/th&gt;&lt;th align=&quot;left&quot;&gt;Value&lt;/th&gt;&lt;/tr&gt;&lt;tr&gt;&lt;td&gt;Pillar&lt;/td&gt;&lt;td&gt;BD78&lt;/td&gt;&lt;/tr&gt;&lt;tr&gt;&lt;td&gt;Lease&lt;/td&gt;&lt;td&gt;Pakhar 109.507 Ha&lt;/td&gt;&lt;/tr&gt;&lt;tr&gt;&lt;td&gt;Latitude&lt;/td&gt;&lt;td&gt;23.56047969&lt;/td&gt;&lt;/tr&gt;&lt;tr&gt;&lt;td&gt;Longitude&lt;/td&gt;&lt;td&gt;84.62532840&lt;/td&gt;&lt;/tr&gt;&lt;tr&gt;&lt;td&gt;Easting (m)&lt;/td&gt;&lt;td&gt;257608.846&lt;/td&gt;&lt;/tr&gt;&lt;tr&gt;&lt;td&gt;Northing (m)&lt;/td&gt;&lt;td&gt;2607575.491&lt;/td&gt;&lt;/tr&gt;&lt;tr&gt;&lt;td&gt;Zone / Datum&lt;/td&gt;&lt;td&gt;UTM 45N / WGS84&lt;/td&gt;&lt;/tr&gt;&lt;/table&gt;</desc></wpt>
<wpt lat="0.00021250" lon="82.51201426"><ele>0.000</ele><name>BD79</name><desc>&lt;table border=&quot;1&quot; cellpadding=&quot;4&quot; cellspacing=&quot;0&quot; style=&quot;border-collapse:collapse;font-family:Arial;font-size:12px&quot;&gt;&lt;tr&gt;&lt;th align=&quot;left&quot;&gt;Parameter&lt;/th&gt;&lt;th align=&quot;left&quot;&gt;Value&lt;/th&gt;&lt;/tr&gt;&lt;tr&gt;&lt;td&gt;Pillar&lt;/td&gt;&lt;td&gt;BD79&lt;/td&gt;&lt;/tr&gt;&lt;tr&gt;&lt;td&gt;Lease&lt;/td&gt;&lt;td&gt;Pakhar 109.507 Ha&lt;/td&gt;&lt;/tr&gt;&lt;tr&gt;&lt;td&gt;Latitude&lt;/td&gt;&lt;td&gt;23.56035714&lt;/td&gt;&lt;/tr&gt;&lt;tr&gt;&lt;td&gt;Longitude&lt;/td&gt;&lt;td&gt;84.62523680&lt;/td&gt;&lt;/tr&gt;&lt;tr&gt;&lt;td&gt;Easting (m)&lt;/td&gt;&lt;td&gt;257599.267&lt;/td&gt;&lt;/tr&gt;&lt;tr&gt;&lt;td&gt;Northing (m)&lt;/td&gt;&lt;td&gt;2607562.071&lt;/td&gt;&lt;/tr&gt;&lt;tr&gt;&lt;td&gt;Zone / Datum&lt;/td&gt;&lt;td&gt;UTM 45N / WGS84&lt;/td&gt;&lt;/tr&gt;&lt;/table&gt;</desc></wpt>
<wpt lat="0.00021250" lon="82.51201426"><ele>0.000</ele><name>BD80</name><desc>&lt;table border=&quot;1&quot; cellpadding=&quot;4&quot; cellspacing=&quot;0&quot; style=&quot;border-collapse:collapse;font-family:Arial;font-size:12px&quot;&gt;&lt;tr&gt;&lt;th align=&quot;left&quot;&gt;Parameter&lt;/th&gt;&lt;th align=&quot;left&quot;&gt;Value&lt;/th&gt;&lt;/tr&gt;&lt;tr&gt;&lt;td&gt;Pillar&lt;/td&gt;&lt;td&gt;BD80&lt;/td&gt;&lt;/tr&gt;&lt;tr&gt;&lt;td&gt;Lease&lt;/td&gt;&lt;td&gt;Pakhar 109.507 Ha&lt;/td&gt;&lt;/tr&gt;&lt;tr&gt;&lt;td&gt;Latitude&lt;/td&gt;&lt;td&gt;23.56015251&lt;/td&gt;&lt;/tr&gt;&lt;tr&gt;&lt;td&gt;Longitude&lt;/td&gt;&lt;td&gt;84.62491200&lt;/td&gt;&lt;/tr&gt;&lt;tr&gt;&lt;td&gt;Easting (m)&lt;/td&gt;&lt;td&gt;257565.725&lt;/td&gt;&lt;/tr&gt;&lt;tr&gt;&lt;td&gt;Northing (m)&lt;/td&gt;&lt;td&gt;2607539.953&lt;/td&gt;&lt;/tr&gt;&lt;tr&gt;&lt;td&gt;Zone / Datum&lt;/td&gt;&lt;td&gt;UTM 45N / WGS84&lt;/td&gt;&lt;/tr&gt;&lt;/table&gt;</desc></wpt>
<wpt lat="0.00021250" lon="82.51201425"><ele>0.000</ele><name>BD81</name><desc>&lt;table border=&quot;1&quot; cellpadding=&quot;4&quot; cellspacing=&quot;0&quot; style=&quot;border-collapse:collapse;font-family:Arial;font-size:12px&quot;&gt;&lt;tr&gt;&lt;th align=&quot;left&quot;&gt;Parameter&lt;/th&gt;&lt;th align=&quot;left&quot;&gt;Value&lt;/th&gt;&lt;/tr&gt;&lt;tr&gt;&lt;td&gt;Pillar&lt;/td&gt;&lt;td&gt;BD81&lt;/td&gt;&lt;/tr&gt;&lt;tr&gt;&lt;td&gt;Lease&lt;/td&gt;&lt;td&gt;Pakhar 109.507 Ha&lt;/td&gt;&lt;/tr&gt;&lt;tr&gt;&lt;td&gt;Latitude&lt;/td&gt;&lt;td&gt;23.56001689&lt;/td&gt;&lt;/tr&gt;&lt;tr&gt;&lt;td&gt;Longitude&lt;/td&gt;&lt;td&gt;84.62455508&lt;/td&gt;&lt;/tr&gt;&lt;tr&gt;&lt;td&gt;Easting (m)&lt;/td&gt;&lt;td&gt;257529.029&lt;/td&gt;&lt;/tr&gt;&lt;tr&gt;&lt;td&gt;Northing (m)&lt;/td&gt;&lt;td&gt;2607525.534&lt;/td&gt;&lt;/tr&gt;&lt;tr&gt;&lt;td&gt;Zone / Datum&lt;/td&gt;&lt;td&gt;UTM 45N / WGS84&lt;/td&gt;&lt;/tr&gt;&lt;/table&gt;</desc></wpt>
<wpt lat="0.00021249" lon="82.51201425"><ele>0.000</ele><name>BD82</name><desc>&lt;table border=&quot;1&quot; cellpadding=&quot;4&quot; cellspacing=&quot;0&quot; style=&quot;border-collapse:collapse;font-family:Arial;font-size:12px&quot;&gt;&lt;tr&gt;&lt;th align=&quot;left&quot;&gt;Parameter&lt;/th&gt;&lt;th align=&quot;left&quot;&gt;Value&lt;/th&gt;&lt;/tr&gt;&lt;tr&gt;&lt;td&gt;Pillar&lt;/td&gt;&lt;td&gt;BD82&lt;/td&gt;&lt;/tr&gt;&lt;tr&gt;&lt;td&gt;Lease&lt;/td&gt;&lt;td&gt;Pakhar 109.507 Ha&lt;/td&gt;&lt;/tr&gt;&lt;tr&gt;&lt;td&gt;Latitude&lt;/td&gt;&lt;td&gt;23.55957324&lt;/td&gt;&lt;/tr&gt;&lt;tr&gt;&lt;td&gt;Longitude&lt;/td&gt;&lt;td&gt;84.62446521&lt;/td&gt;&lt;/tr&gt;&lt;tr&gt;&lt;td&gt;Easting (m)&lt;/td&gt;&lt;td&gt;257519.037&lt;/td&gt;&lt;/tr&gt;&lt;tr&gt;&lt;td&gt;Northing (m)&lt;/td&gt;&lt;td&gt;2607476.542&lt;/td&gt;&lt;/tr&gt;&lt;tr&gt;&lt;td&gt;Zone / Datum&lt;/td&gt;&lt;td&gt;UTM 45N / WGS84&lt;/td&gt;&lt;/tr&gt;&lt;/table&gt;</desc></wpt>
<wpt lat="0.00021249" lon="82.51201425"><ele>0.000</ele><name>BD83</name><desc>&lt;table border=&quot;1&quot; cellpadding=&quot;4&quot; cellspacing=&quot;0&quot; style=&quot;border-collapse:collapse;font-family:Arial;font-size:12px&quot;&gt;&lt;tr&gt;&lt;th align=&quot;left&quot;&gt;Parameter&lt;/th&gt;&lt;th align=&quot;left&quot;&gt;Value&lt;/th&gt;&lt;/tr&gt;&lt;tr&gt;&lt;td&gt;Pillar&lt;/td&gt;&lt;td&gt;BD83&lt;/td&gt;&lt;/tr&gt;&lt;tr&gt;&lt;td&gt;Lease&lt;/td&gt;&lt;td&gt;Pakhar 109.507 Ha&lt;/td&gt;&lt;/tr&gt;&lt;tr&gt;&lt;td&gt;Latitude&lt;/td&gt;&lt;td&gt;23.55912944&lt;/td&gt;&lt;/tr&gt;&lt;tr&gt;&lt;td&gt;Longitude&lt;/td&gt;&lt;td&gt;84.62437626&lt;/td&gt;&lt;/tr&gt;&lt;tr&gt;&lt;td&gt;Easting (m)&lt;/td&gt;&lt;td&gt;257509.139&lt;/td&gt;&lt;/tr&gt;&lt;tr&gt;&lt;td&gt;Northing (m)&lt;/td&gt;&lt;td&gt;2607427.532&lt;/td&gt;&lt;/tr&gt;&lt;tr&gt;&lt;td&gt;Zone / Datum&lt;/td&gt;&lt;td&gt;UTM 45N / WGS84&lt;/td&gt;&lt;/tr&gt;&lt;/table&gt;</desc></wpt>
<wpt lat="0.00021249" lon="82.51201425"><ele>0.000</ele><name>BD84</name><desc>&lt;table border=&quot;1&quot; cellpadding=&quot;4&quot; cellspacing=&quot;0&quot; style=&quot;border-collapse:collapse;font-family:Arial;font-size:12px&quot;&gt;&lt;tr&gt;&lt;th align=&quot;left&quot;&gt;Parameter&lt;/th&gt;&lt;th align=&quot;left&quot;&gt;Value&lt;/th&gt;&lt;/tr&gt;&lt;tr&gt;&lt;td&gt;Pillar&lt;/td&gt;&lt;td&gt;BD84&lt;/td&gt;&lt;/tr&gt;&lt;tr&gt;&lt;td&gt;Lease&lt;/td&gt;&lt;td&gt;Pakhar 109.507 Ha&lt;/td&gt;&lt;/tr&gt;&lt;tr&gt;&lt;td&gt;Latitude&lt;/td&gt;&lt;td&gt;23.55882240&lt;/td&gt;&lt;/tr&gt;&lt;tr&gt;&lt;td&gt;Longitude&lt;/td&gt;&lt;td&gt;84.62431951&lt;/td&gt;&lt;/tr&gt;&lt;tr&gt;&lt;td&gt;Easting (m)&lt;/td&gt;&lt;td&gt;257502.780&lt;/td&gt;&lt;/tr&gt;&lt;tr&gt;&lt;td&gt;Northing (m)&lt;/td&gt;&lt;td&gt;2607393.616&lt;/td&gt;&lt;/tr&gt;&lt;tr&gt;&lt;td&gt;Zone / Datum&lt;/td&gt;&lt;td&gt;UTM 45N / WGS84&lt;/td&gt;&lt;/tr&gt;&lt;/table&gt;</desc></wpt>
<wpt lat="0.00021248" lon="82.51201425"><ele>0.000</ele><name>BD85</name><desc>&lt;table border=&quot;1&quot; cellpadding=&quot;4&quot; cellspacing=&quot;0&quot; style=&quot;border-collapse:collapse;font-family:Arial;font-size:12px&quot;&gt;&lt;tr&gt;&lt;th align=&quot;left&quot;&gt;Parameter&lt;/th&gt;&lt;th align=&quot;left&quot;&gt;Value&lt;/th&gt;&lt;/tr&gt;&lt;tr&gt;&lt;td&gt;Pillar&lt;/td&gt;&lt;td&gt;BD85&lt;/td&gt;&lt;/tr&gt;&lt;tr&gt;&lt;td&gt;Lease&lt;/td&gt;&lt;td&gt;Pakhar 109.507 Ha&lt;/td&gt;&lt;/tr&gt;&lt;tr&gt;&lt;td&gt;Latitude&lt;/td&gt;&lt;td&gt;23.55840480&lt;/td&gt;&lt;/tr&gt;&lt;tr&gt;&lt;td&gt;Longitude&lt;/td&gt;&lt;td&gt;84.62450868&lt;/td&gt;&lt;/tr&gt;&lt;tr&gt;&lt;td&gt;Easting (m)&lt;/td&gt;&lt;td&gt;257521.330&lt;/td&gt;&lt;/tr&gt;&lt;tr&gt;&lt;td&gt;Northing (m)&lt;/td&gt;&lt;td&gt;2607347.037&lt;/td&gt;&lt;/tr&gt;&lt;tr&gt;&lt;td&gt;Zone / Datum&lt;/td&gt;&lt;td&gt;UTM 45N / WGS84&lt;/td&gt;&lt;/tr&gt;&lt;/table&gt;</desc></wpt>
<wpt lat="0.00021248" lon="82.51201425"><ele>0.000</ele><name>BD86</name><desc>&lt;table border=&quot;1&quot; cellpadding=&quot;4&quot; cellspacing=&quot;0&quot; style=&quot;border-collapse:collapse;font-family:Arial;font-size:12px&quot;&gt;&lt;tr&gt;&lt;th align=&quot;left&quot;&gt;Parameter&lt;/th&gt;&lt;th align=&quot;left&quot;&gt;Value&lt;/th&gt;&lt;/tr&gt;&lt;tr&gt;&lt;td&gt;Pillar&lt;/td&gt;&lt;td&gt;BD86&lt;/td&gt;&lt;/tr&gt;&lt;tr&gt;&lt;td&gt;Lease&lt;/td&gt;&lt;td&gt;Pakhar 109.507 Ha&lt;/td&gt;&lt;/tr&gt;&lt;tr&gt;&lt;td&gt;Latitude&lt;/td&gt;&lt;td&gt;23.55795667&lt;/td&gt;&lt;/tr&gt;&lt;tr&gt;&lt;td&gt;Longitude&lt;/td&gt;&lt;td&gt;84.62445063&lt;/td&gt;&lt;/tr&gt;&lt;tr&gt;&lt;td&gt;Easting (m)&lt;/td&gt;&lt;td&gt;257514.579&lt;/td&gt;&lt;/tr&gt;&lt;tr&gt;&lt;td&gt;Northing (m)&lt;/td&gt;&lt;td&gt;2607297.495&lt;/td&gt;&lt;/tr&gt;&lt;tr&gt;&lt;td&gt;Zone / Datum&lt;/td&gt;&lt;td&gt;UTM 45N / WGS84&lt;/td&gt;&lt;/tr&gt;&lt;/table&gt;</desc></wpt>
<wpt lat="0.00021247" lon="82.51201425"><ele>0.000</ele><name>BD87</name><desc>&lt;table border=&quot;1&quot; cellpadding=&quot;4&quot; cellspacing=&quot;0&quot; style=&quot;border-collapse:collapse;font-family:Arial;font-size:12px&quot;&gt;&lt;tr&gt;&lt;th align=&quot;left&quot;&gt;Parameter&lt;/th&gt;&lt;th align=&quot;left&quot;&gt;Value&lt;/th&gt;&lt;/tr&gt;&lt;tr&gt;&lt;td&gt;Pillar&lt;/td&gt;&lt;td&gt;BD87&lt;/td&gt;&lt;/tr&gt;&lt;tr&gt;&lt;td&gt;Lease&lt;/td&gt;&lt;td&gt;Pakhar 109.507 Ha&lt;/td&gt;&lt;/tr&gt;&lt;tr&gt;&lt;td&gt;Latitude&lt;/td&gt;&lt;td&gt;23.55752321&lt;/td&gt;&lt;/tr&gt;&lt;tr&gt;&lt;td&gt;Longitude&lt;/td&gt;&lt;td&gt;84.62439447&lt;/td&gt;&lt;/tr&gt;&lt;tr&gt;&lt;td&gt;Easting (m)&lt;/td&gt;&lt;td&gt;257508.048&lt;/td&gt;&lt;/tr&gt;&lt;tr&gt;&lt;td&gt;Northing (m)&lt;/td&gt;&lt;td&gt;2607249.574&lt;/td&gt;&lt;/tr&gt;&lt;tr&gt;&lt;td&gt;Zone / Datum&lt;/td&gt;&lt;td&gt;UTM 45N / WGS84&lt;/td&gt;&lt;/tr&gt;&lt;/table&gt;</desc></wpt>
<wpt lat="0.00021247" lon="82.51201425"><ele>0.000</ele><name>BD88</name><desc>&lt;table border=&quot;1&quot; cellpadding=&quot;4&quot; cellspacing=&quot;0&quot; style=&quot;border-collapse:collapse;font-family:Arial;font-size:12px&quot;&gt;&lt;tr&gt;&lt;th align=&quot;left&quot;&gt;Parameter&lt;/th&gt;&lt;th align=&quot;left&quot;&gt;Value&lt;/th&gt;&lt;/tr&gt;&lt;tr&gt;&lt;td&gt;Pillar&lt;/td&gt;&lt;td&gt;BD88&lt;/td&gt;&lt;/tr&gt;&lt;tr&gt;&lt;td&gt;Lease&lt;/td&gt;&lt;td&gt;Pakhar 109.507 Ha&lt;/td&gt;&lt;/tr&gt;&lt;tr&gt;&lt;td&gt;Latitude&lt;/td&gt;&lt;td&gt;23.55708308&lt;/td&gt;&lt;/tr&gt;&lt;tr&gt;&lt;td&gt;Longitude&lt;/td&gt;&lt;td&gt;84.62450276&lt;/td&gt;&lt;/tr&gt;&lt;tr&gt;&lt;td&gt;Easting (m)&lt;/td&gt;&lt;td&gt;257518.298&lt;/td&gt;&lt;/tr&gt;&lt;tr&gt;&lt;td&gt;Northing (m)&lt;/td&gt;&lt;td&gt;2607200.636&lt;/td&gt;&lt;/tr&gt;&lt;tr&gt;&lt;td&gt;Zone / Datum&lt;/td&gt;&lt;td&gt;UTM 45N / WGS84&lt;/td&gt;&lt;/tr&gt;&lt;/table&gt;</desc></wpt>
<wpt lat="0.00021247" lon="82.51201425"><ele>0.000</ele><name>BD89</name><desc>&lt;table border=&quot;1&quot; cellpadding=&quot;4&quot; cellspacing=&quot;0&quot; style=&quot;border-collapse:collapse;font-family:Arial;font-size:12px&quot;&gt;&lt;tr&gt;&lt;th align=&quot;left&quot;&gt;Parameter&lt;/th&gt;&lt;th align=&quot;left&quot;&gt;Value&lt;/th&gt;&lt;/tr&gt;&lt;tr&gt;&lt;td&gt;Pillar&lt;/td&gt;&lt;td&gt;BD89&lt;/td&gt;&lt;/tr&gt;&lt;tr&gt;&lt;td&gt;Lease&lt;/td&gt;&lt;td&gt;Pakhar 109.507 Ha&lt;/td&gt;&lt;/tr&gt;&lt;tr&gt;&lt;td&gt;Latitude&lt;/td&gt;&lt;td&gt;23.55664294&lt;/td&gt;&lt;/tr&gt;&lt;tr&gt;&lt;td&gt;Longitude&lt;/td&gt;&lt;td&gt;84.62461105&lt;/td&gt;&lt;/tr&gt;&lt;tr&gt;&lt;td&gt;Easting (m)&lt;/td&gt;&lt;td&gt;257528.548&lt;/td&gt;&lt;/tr&gt;&lt;tr&gt;&lt;td&gt;Northing (m)&lt;/td&gt;&lt;td&gt;2607151.698&lt;/td&gt;&lt;/tr&gt;&lt;tr&gt;&lt;td&gt;Zone / Datum&lt;/td&gt;&lt;td&gt;UTM 45N / WGS84&lt;/td&gt;&lt;/tr&gt;&lt;/table&gt;</desc></wpt>
<wpt lat="0.00021246" lon="82.51201426"><ele>0.000</ele><name>BD90</name><desc>&lt;table border=&quot;1&quot; cellpadding=&quot;4&quot; cellspacing=&quot;0&quot; style=&quot;border-collapse:collapse;font-family:Arial;font-size:12px&quot;&gt;&lt;tr&gt;&lt;th align=&quot;left&quot;&gt;Parameter&lt;/th&gt;&lt;th align=&quot;left&quot;&gt;Value&lt;/th&gt;&lt;/tr&gt;&lt;tr&gt;&lt;td&gt;Pillar&lt;/td&gt;&lt;td&gt;BD90&lt;/td&gt;&lt;/tr&gt;&lt;tr&gt;&lt;td&gt;Lease&lt;/td&gt;&lt;td&gt;Pakhar 109.507 Ha&lt;/td&gt;&lt;/tr&gt;&lt;tr&gt;&lt;td&gt;Latitude&lt;/td&gt;&lt;td&gt;23.55620281&lt;/td&gt;&lt;/tr&gt;&lt;tr&gt;&lt;td&gt;Longitude&lt;/td&gt;&lt;td&gt;84.62471934&lt;/td&gt;&lt;/tr&gt;&lt;tr&gt;&lt;td&gt;Easting (m)&lt;/td&gt;&lt;td&gt;257538.798&lt;/td&gt;&lt;/tr&gt;&lt;tr&gt;&lt;td&gt;Northing (m)&lt;/td&gt;&lt;td&gt;2607102.760&lt;/td&gt;&lt;/tr&gt;&lt;tr&gt;&lt;td&gt;Zone / Datum&lt;/td&gt;&lt;td&gt;UTM 45N / WGS84&lt;/td&gt;&lt;/tr&gt;&lt;/table&gt;</desc></wpt>
<wpt lat="0.00021246" lon="82.51201426"><ele>0.000</ele><name>BD91</name><desc>&lt;table border=&quot;1&quot; cellpadding=&quot;4&quot; cellspacing=&quot;0&quot; style=&quot;border-collapse:collapse;font-family:Arial;font-size:12px&quot;&gt;&lt;tr&gt;&lt;th align=&quot;left&quot;&gt;Parameter&lt;/th&gt;&lt;th align=&quot;left&quot;&gt;Value&lt;/th&gt;&lt;/tr&gt;&lt;tr&gt;&lt;td&gt;Pillar&lt;/td&gt;&lt;td&gt;BD91&lt;/td&gt;&lt;/tr&gt;&lt;tr&gt;&lt;td&gt;Lease&lt;/td&gt;&lt;td&gt;Pakhar 109.507 Ha&lt;/td&gt;&lt;/tr&gt;&lt;tr&gt;&lt;td&gt;Latitude&lt;/td&gt;&lt;td&gt;23.55616929&lt;/td&gt;&lt;/tr&gt;&lt;tr&gt;&lt;td&gt;Longitude&lt;/td&gt;&lt;td&gt;84.62472759&lt;/td&gt;&lt;/tr&gt;&lt;tr&gt;&lt;td&gt;Easting (m)&lt;/td&gt;&lt;td&gt;257539.579&lt;/td&gt;&lt;/tr&gt;&lt;tr&gt;&lt;td&gt;Northing (m)&lt;/td&gt;&lt;td&gt;2607099.033&lt;/td&gt;&lt;/tr&gt;&lt;tr&gt;&lt;td&gt;Zone / Datum&lt;/td&gt;&lt;td&gt;UTM 45N / WGS84&lt;/td&gt;&lt;/tr&gt;&lt;/table&gt;</desc></wpt>
<wpt lat="0.00021246" lon="82.51201426"><ele>0.000</ele><name>BD92</name><desc>&lt;table border=&quot;1&quot; cellpadding=&quot;4&quot; cellspacing=&quot;0&quot; style=&quot;border-collapse:collapse;font-family:Arial;font-size:12px&quot;&gt;&lt;tr&gt;&lt;th align=&quot;left&quot;&gt;Parameter&lt;/th&gt;&lt;th align=&quot;left&quot;&gt;Value&lt;/th&gt;&lt;/tr&gt;&lt;tr&gt;&lt;td&gt;Pillar&lt;/td&gt;&lt;td&gt;BD92&lt;/td&gt;&lt;/tr&gt;&lt;tr&gt;&lt;td&gt;Lease&lt;/td&gt;&lt;td&gt;Pakhar 109.507 Ha&lt;/td&gt;&lt;/tr&gt;&lt;tr&gt;&lt;td&gt;Latitude&lt;/td&gt;&lt;td&gt;23.55581228&lt;/td&gt;&lt;/tr&gt;&lt;tr&gt;&lt;td&gt;Longitude&lt;/td&gt;&lt;td&gt;84.62502708&lt;/td&gt;&lt;/tr&gt;&lt;tr&gt;&lt;td&gt;Easting (m)&lt;/td&gt;&lt;td&gt;257569.506&lt;/td&gt;&lt;/tr&gt;&lt;tr&gt;&lt;td&gt;Northing (m)&lt;/td&gt;&lt;td&gt;2607058.979&lt;/td&gt;&lt;/tr&gt;&lt;tr&gt;&lt;td&gt;Zone / Datum&lt;/td&gt;&lt;td&gt;UTM 45N / WGS84&lt;/td&gt;&lt;/tr&gt;&lt;/table&gt;</desc></wpt>
<wpt lat="0.00021246" lon="82.51201426"><ele>0.000</ele><name>BD93</name><desc>&lt;table border=&quot;1&quot; cellpadding=&quot;4&quot; cellspacing=&quot;0&quot; style=&quot;border-collapse:collapse;font-family:Arial;font-size:12px&quot;&gt;&lt;tr&gt;&lt;th align=&quot;left&quot;&gt;Parameter&lt;/th&gt;&lt;th align=&quot;left&quot;&gt;Value&lt;/th&gt;&lt;/tr&gt;&lt;tr&gt;&lt;td&gt;Pillar&lt;/td&gt;&lt;td&gt;BD93&lt;/td&gt;&lt;/tr&gt;&lt;tr&gt;&lt;td&gt;Lease&lt;/td&gt;&lt;td&gt;Pakhar 109.507 Ha&lt;/td&gt;&lt;/tr&gt;&lt;tr&gt;&lt;td&gt;Latitude&lt;/td&gt;&lt;td&gt;23.55570411&lt;/td&gt;&lt;/tr&gt;&lt;tr&gt;&lt;td&gt;Longitude&lt;/td&gt;&lt;td&gt;84.62511782&lt;/td&gt;&lt;/tr&gt;&lt;tr&gt;&lt;td&gt;Easting (m)&lt;/td&gt;&lt;td&gt;257578.574&lt;/td&gt;&lt;/tr&gt;&lt;tr&gt;&lt;td&gt;Northing (m)&lt;/td&gt;&lt;td&gt;2607046.843&lt;/td&gt;&lt;/tr&gt;&lt;tr&gt;&lt;td&gt;Zone / Datum&lt;/td&gt;&lt;td&gt;UTM 45N / WGS84&lt;/td&gt;&lt;/tr&gt;&lt;/table&gt;</desc></wpt>
<wpt lat="0.00021245" lon="82.51201426"><ele>0.000</ele><name>BD94</name><desc>&lt;table border=&quot;1&quot; cellpadding=&quot;4&quot; cellspacing=&quot;0&quot; style=&quot;border-collapse:collapse;font-family:Arial;font-size:12px&quot;&gt;&lt;tr&gt;&lt;th align=&quot;left&quot;&gt;Parameter&lt;/th&gt;&lt;th align=&quot;left&quot;&gt;Value&lt;/th&gt;&lt;/tr&gt;&lt;tr&gt;&lt;td&gt;Pillar&lt;/td&gt;&lt;td&gt;BD94&lt;/td&gt;&lt;/tr&gt;&lt;tr&gt;&lt;td&gt;Lease&lt;/td&gt;&lt;td&gt;Pakhar 109.507 Ha&lt;/td&gt;&lt;/tr&gt;&lt;tr&gt;&lt;td&gt;Latitude&lt;/td&gt;&lt;td&gt;23.55525996&lt;/td&gt;&lt;/tr&gt;&lt;tr&gt;&lt;td&gt;Longitude&lt;/td&gt;&lt;td&gt;84.62520468&lt;/td&gt;&lt;/tr&gt;&lt;tr&gt;&lt;td&gt;Easting (m)&lt;/td&gt;&lt;td&gt;257586.628&lt;/td&gt;&lt;/tr&gt;&lt;tr&gt;&lt;td&gt;Northing (m)&lt;/td&gt;&lt;td&gt;2606997.496&lt;/td&gt;&lt;/tr&gt;&lt;tr&gt;&lt;td&gt;Zone / Datum&lt;/td&gt;&lt;td&gt;UTM 45N / WGS84&lt;/td&gt;&lt;/tr&gt;&lt;/table&gt;</desc></wpt>
<wpt lat="0.00021245" lon="82.51201426"><ele>0.000</ele><name>BD95</name><desc>&lt;table border=&quot;1&quot; cellpadding=&quot;4&quot; cellspacing=&quot;0&quot; style=&quot;border-collapse:collapse;font-family:Arial;font-size:12px&quot;&gt;&lt;tr&gt;&lt;th align=&quot;left&quot;&gt;Parameter&lt;/th&gt;&lt;th align=&quot;left&quot;&gt;Value&lt;/th&gt;&lt;/tr&gt;&lt;tr&gt;&lt;td&gt;Pillar&lt;/td&gt;&lt;td&gt;BD95&lt;/td&gt;&lt;/tr&gt;&lt;tr&gt;&lt;td&gt;Lease&lt;/td&gt;&lt;td&gt;Pakhar 109.507 Ha&lt;/td&gt;&lt;/tr&gt;&lt;tr&gt;&lt;td&gt;Latitude&lt;/td&gt;&lt;td&gt;23.55481580&lt;/td&gt;&lt;/tr&gt;&lt;tr&gt;&lt;td&gt;Longitude&lt;/td&gt;&lt;td&gt;84.62529153&lt;/td&gt;&lt;/tr&gt;&lt;tr&gt;&lt;td&gt;Easting (m)&lt;/td&gt;&lt;td&gt;257594.682&lt;/td&gt;&lt;/tr&gt;&lt;tr&gt;&lt;td&gt;Northing (m)&lt;/td&gt;&lt;td&gt;2606948.149&lt;/td&gt;&lt;/tr&gt;&lt;tr&gt;&lt;td&gt;Zone / Datum&lt;/td&gt;&lt;td&gt;UTM 45N / WGS84&lt;/td&gt;&lt;/tr&gt;&lt;/table&gt;</desc></wpt>
<wpt lat="0.00021245" lon="82.51201426"><ele>0.000</ele><name>BD96</name><desc>&lt;table border=&quot;1&quot; cellpadding=&quot;4&quot; cellspacing=&quot;0&quot; style=&quot;border-collapse:collapse;font-family:Arial;font-size:12px&quot;&gt;&lt;tr&gt;&lt;th align=&quot;left&quot;&gt;Parameter&lt;/th&gt;&lt;th align=&quot;left&quot;&gt;Value&lt;/th&gt;&lt;/tr&gt;&lt;tr&gt;&lt;td&gt;Pillar&lt;/td&gt;&lt;td&gt;BD96&lt;/td&gt;&lt;/tr&gt;&lt;tr&gt;&lt;td&gt;Lease&lt;/td&gt;&lt;td&gt;Pakhar 109.507 Ha&lt;/td&gt;&lt;/tr&gt;&lt;tr&gt;&lt;td&gt;Latitude&lt;/td&gt;&lt;td&gt;23.55468808&lt;/td&gt;&lt;/tr&gt;&lt;tr&gt;&lt;td&gt;Longitude&lt;/td&gt;&lt;td&gt;84.62531651&lt;/td&gt;&lt;/tr&gt;&lt;tr&gt;&lt;td&gt;Easting (m)&lt;/td&gt;&lt;td&gt;257596.998&lt;/td&gt;&lt;/tr&gt;&lt;tr&gt;&lt;td&gt;Northing (m)&lt;/td&gt;&lt;td&gt;2606933.958&lt;/td&gt;&lt;/tr&gt;&lt;tr&gt;&lt;td&gt;Zone / Datum&lt;/td&gt;&lt;td&gt;UTM 45N / WGS84&lt;/td&gt;&lt;/tr&gt;&lt;/table&gt;</desc></wpt>
<wpt lat="0.00021244" lon="82.51201426"><ele>0.000</ele><name>BD97</name><desc>&lt;table border=&quot;1&quot; cellpadding=&quot;4&quot; cellspacing=&quot;0&quot; style=&quot;border-collapse:collapse;font-family:Arial;font-size:12px&quot;&gt;&lt;tr&gt;&lt;th align=&quot;left&quot;&gt;Parameter&lt;/th&gt;&lt;th align=&quot;left&quot;&gt;Value&lt;/th&gt;&lt;/tr&gt;&lt;tr&gt;&lt;td&gt;Pillar&lt;/td&gt;&lt;td&gt;BD97&lt;/td&gt;&lt;/tr&gt;&lt;tr&gt;&lt;td&gt;Lease&lt;/td&gt;&lt;td&gt;Pakhar 109.507 Ha&lt;/td&gt;&lt;/tr&gt;&lt;tr&gt;&lt;td&gt;Latitude&lt;/td&gt;&lt;td&gt;23.55423955&lt;/td&gt;&lt;/tr&gt;&lt;tr&gt;&lt;td&gt;Longitude&lt;/td&gt;&lt;td&gt;84.62534625&lt;/td&gt;&lt;/tr&gt;&lt;tr&gt;&lt;td&gt;Easting (m)&lt;/td&gt;&lt;td&gt;257599.212&lt;/td&gt;&lt;/tr&gt;&lt;tr&gt;&lt;td&gt;Northing (m)&lt;/td&gt;&lt;td&gt;2606884.223&lt;/td&gt;&lt;/tr&gt;&lt;tr&gt;&lt;td&gt;Zone / Datum&lt;/td&gt;&lt;td&gt;UTM 45N / WGS84&lt;/td&gt;&lt;/tr&gt;&lt;/table&gt;</desc></wpt>
<wpt lat="0.00021244" lon="82.51201427"><ele>0.000</ele><name>BD98</name><desc>&lt;table border=&quot;1&quot; cellpadding=&quot;4&quot; cellspacing=&quot;0&quot; style=&quot;border-collapse:collapse;font-family:Arial;font-size:12px&quot;&gt;&lt;tr&gt;&lt;th align=&quot;left&quot;&gt;Parameter&lt;/th&gt;&lt;th align=&quot;left&quot;&gt;Value&lt;/th&gt;&lt;/tr&gt;&lt;tr&gt;&lt;td&gt;Pillar&lt;/td&gt;&lt;td&gt;BD98&lt;/td&gt;&lt;/tr&gt;&lt;tr&gt;&lt;td&gt;Lease&lt;/td&gt;&lt;td&gt;Pakhar 109.507 Ha&lt;/td&gt;&lt;/tr&gt;&lt;tr&gt;&lt;td&gt;Latitude&lt;/td&gt;&lt;td&gt;23.55401328&lt;/td&gt;&lt;/tr&gt;&lt;tr&gt;&lt;td&gt;Longitude&lt;/td&gt;&lt;td&gt;84.62576983&lt;/td&gt;&lt;/tr&gt;&lt;tr&gt;&lt;td&gt;Easting (m)&lt;/td&gt;&lt;td&gt;257642.052&lt;/td&gt;&lt;/tr&gt;&lt;tr&gt;&lt;td&gt;Northing (m)&lt;/td&gt;&lt;td&gt;2606858.442&lt;/td&gt;&lt;/tr&gt;&lt;tr&gt;&lt;td&gt;Zone / Datum&lt;/td&gt;&lt;td&gt;UTM 45N / WGS84&lt;/td&gt;&lt;/tr&gt;&lt;/table&gt;</desc></wpt>
<wpt lat="0.00021244" lon="82.51201427"><ele>0.000</ele><name>BD99</name><desc>&lt;table border=&quot;1&quot; cellpadding=&quot;4&quot; cellspacing=&quot;0&quot; style=&quot;border-collapse:collapse;font-family:Arial;font-size:12px&quot;&gt;&lt;tr&gt;&lt;th align=&quot;left&quot;&gt;Parameter&lt;/th&gt;&lt;th align=&quot;left&quot;&gt;Value&lt;/th&gt;&lt;/tr&gt;&lt;tr&gt;&lt;td&gt;Pillar&lt;/td&gt;&lt;td&gt;BD99&lt;/td&gt;&lt;/tr&gt;&lt;tr&gt;&lt;td&gt;Lease&lt;/td&gt;&lt;td&gt;Pakhar 109.507 Ha&lt;/td&gt;&lt;/tr&gt;&lt;tr&gt;&lt;td&gt;Latitude&lt;/td&gt;&lt;td&gt;23.55379340&lt;/td&gt;&lt;/tr&gt;&lt;tr&gt;&lt;td&gt;Longitude&lt;/td&gt;&lt;td&gt;84.62618144&lt;/td&gt;&lt;/tr&gt;&lt;tr&gt;&lt;td&gt;Easting (m)&lt;/td&gt;&lt;td&gt;257683.682&lt;/td&gt;&lt;/tr&gt;&lt;tr&gt;&lt;td&gt;Northing (m)&lt;/td&gt;&lt;td&gt;2606833.389&lt;/td&gt;&lt;/tr&gt;&lt;tr&gt;&lt;td&gt;Zone / Datum&lt;/td&gt;&lt;td&gt;UTM 45N / WGS84&lt;/td&gt;&lt;/tr&gt;&lt;/table&gt;</desc></wpt>
<wpt lat="0.00021244" lon="82.51201427"><ele>0.000</ele><name>BD100</name><desc>&lt;table border=&quot;1&quot; cellpadding=&quot;4&quot; cellspacing=&quot;0&quot; style=&quot;border-collapse:collapse;font-family:Arial;font-size:12px&quot;&gt;&lt;tr&gt;&lt;th align=&quot;left&quot;&gt;Parameter&lt;/th&gt;&lt;th align=&quot;left&quot;&gt;Value&lt;/th&gt;&lt;/tr&gt;&lt;tr&gt;&lt;td&gt;Pillar&lt;/td&gt;&lt;td&gt;BD100&lt;/td&gt;&lt;/tr&gt;&lt;tr&gt;&lt;td&gt;Lease&lt;/td&gt;&lt;td&gt;Pakhar 109.507 Ha&lt;/td&gt;&lt;/tr&gt;&lt;tr&gt;&lt;td&gt;Latitude&lt;/td&gt;&lt;td&gt;23.55339961&lt;/td&gt;&lt;/tr&gt;&lt;tr&gt;&lt;td&gt;Longitude&lt;/td&gt;&lt;td&gt;84.62638845&lt;/td&gt;&lt;/tr&gt;&lt;tr&gt;&lt;td&gt;Easting (m)&lt;/td&gt;&lt;td&gt;257704.099&lt;/td&gt;&lt;/tr&gt;&lt;tr&gt;&lt;td&gt;Northing (m)&lt;/td&gt;&lt;td&gt;2606789.417&lt;/td&gt;&lt;/tr&gt;&lt;tr&gt;&lt;td&gt;Zone / Datum&lt;/td&gt;&lt;td&gt;UTM 45N / WGS84&lt;/td&gt;&lt;/tr&gt;&lt;/table&gt;</desc></wpt>
<wpt lat="0.00021243" lon="82.51201427"><ele>0.000</ele><name>BD101</name><desc>&lt;table border=&quot;1&quot; cellpadding=&quot;4&quot; cellspacing=&quot;0&quot; style=&quot;border-collapse:collapse;font-family:Arial;font-size:12px&quot;&gt;&lt;tr&gt;&lt;th align=&quot;left&quot;&gt;Parameter&lt;/th&gt;&lt;th align=&quot;left&quot;&gt;Value&lt;/th&gt;&lt;/tr&gt;&lt;tr&gt;&lt;td&gt;Pillar&lt;/td&gt;&lt;td&gt;BD101&lt;/td&gt;&lt;/tr&gt;&lt;tr&gt;&lt;td&gt;Lease&lt;/td&gt;&lt;td&gt;Pakhar 109.507 Ha&lt;/td&gt;&lt;/tr&gt;&lt;tr&gt;&lt;td&gt;Latitude&lt;/td&gt;&lt;td&gt;23.55303250&lt;/td&gt;&lt;/tr&gt;&lt;tr&gt;&lt;td&gt;Longitude&lt;/td&gt;&lt;td&gt;84.62667322&lt;/td&gt;&lt;/tr&gt;&lt;tr&gt;&lt;td&gt;Easting (m)&lt;/td&gt;&lt;td&gt;257732.505&lt;/td&gt;&lt;/tr&gt;&lt;tr&gt;&lt;td&gt;Northing (m)&lt;/td&gt;&lt;td&gt;2606748.270&lt;/td&gt;&lt;/tr&gt;&lt;tr&gt;&lt;td&gt;Zone / Datum&lt;/td&gt;&lt;td&gt;UTM 45N / WGS84&lt;/td&gt;&lt;/tr&gt;&lt;/table&gt;</desc></wpt>
<wpt lat="0.00021243" lon="82.51201428"><ele>0.000</ele><name>BD102</name><desc>&lt;table border=&quot;1&quot; cellpadding=&quot;4&quot; cellspacing=&quot;0&quot; style=&quot;border-collapse:collapse;font-family:Arial;font-size:12px&quot;&gt;&lt;tr&gt;&lt;th align=&quot;left&quot;&gt;Parameter&lt;/th&gt;&lt;th align=&quot;left&quot;&gt;Value&lt;/th&gt;&lt;/tr&gt;&lt;tr&gt;&lt;td&gt;Pillar&lt;/td&gt;&lt;td&gt;BD102&lt;/td&gt;&lt;/tr&gt;&lt;tr&gt;&lt;td&gt;Lease&lt;/td&gt;&lt;td&gt;Pakhar 109.507 Ha&lt;/td&gt;&lt;/tr&gt;&lt;tr&gt;&lt;td&gt;Latitude&lt;/td&gt;&lt;td&gt;23.55276310&lt;/td&gt;&lt;/tr&gt;&lt;tr&gt;&lt;td&gt;Longitude&lt;/td&gt;&lt;td&gt;84.62688219&lt;/td&gt;&lt;/tr&gt;&lt;tr&gt;&lt;td&gt;Easting (m)&lt;/td&gt;&lt;td&gt;257753.351&lt;/td&gt;&lt;/tr&gt;&lt;tr&gt;&lt;td&gt;Northing (m)&lt;/td&gt;&lt;td&gt;2606718.074&lt;/td&gt;&lt;/tr&gt;&lt;tr&gt;&lt;td&gt;Zone / Datum&lt;/td&gt;&lt;td&gt;UTM 45N / WGS84&lt;/td&gt;&lt;/tr&gt;&lt;/table&gt;</desc></wpt>
<wpt lat="0.00021243" lon="82.51201427"><ele>0.000</ele><name>BD103</name><desc>&lt;table border=&quot;1&quot; cellpadding=&quot;4&quot; cellspacing=&quot;0&quot; style=&quot;border-collapse:collapse;font-family:Arial;font-size:12px&quot;&gt;&lt;tr&gt;&lt;th align=&quot;left&quot;&gt;Parameter&lt;/th&gt;&lt;th align=&quot;left&quot;&gt;Value&lt;/th&gt;&lt;/tr&gt;&lt;tr&gt;&lt;td&gt;Pillar&lt;/td&gt;&lt;td&gt;BD103&lt;/td&gt;&lt;/tr&gt;&lt;tr&gt;&lt;td&gt;Lease&lt;/td&gt;&lt;td&gt;Pakhar 109.507 Ha&lt;/td&gt;&lt;/tr&gt;&lt;tr&gt;&lt;td&gt;Latitude&lt;/td&gt;&lt;td&gt;23.55238357&lt;/td&gt;&lt;/tr&gt;&lt;tr&gt;&lt;td&gt;Longitude&lt;/td&gt;&lt;td&gt;84.62661331&lt;/td&gt;&lt;/tr&gt;&lt;tr&gt;&lt;td&gt;Easting (m)&lt;/td&gt;&lt;td&gt;257725.197&lt;/td&gt;&lt;/tr&gt;&lt;tr&gt;&lt;td&gt;Northing (m)&lt;/td&gt;&lt;td&gt;2606676.488&lt;/td&gt;&lt;/tr&gt;&lt;tr&gt;&lt;td&gt;Zone / Datum&lt;/td&gt;&lt;td&gt;UTM 45N / WGS84&lt;/td&gt;&lt;/tr&gt;&lt;/table&gt;</desc></wpt>
<wpt lat="0.00021243" lon="82.51201427"><ele>0.000</ele><name>BD104</name><desc>&lt;table border=&quot;1&quot; cellpadding=&quot;4&quot; cellspacing=&quot;0&quot; style=&quot;border-collapse:collapse;font-family:Arial;font-size:12px&quot;&gt;&lt;tr&gt;&lt;th align=&quot;left&quot;&gt;Parameter&lt;/th&gt;&lt;th align=&quot;left&quot;&gt;Value&lt;/th&gt;&lt;/tr&gt;&lt;tr&gt;&lt;td&gt;Pillar&lt;/td&gt;&lt;td&gt;BD104&lt;/td&gt;&lt;/tr&gt;&lt;tr&gt;&lt;td&gt;Lease&lt;/td&gt;&lt;td&gt;Pakhar 109.507 Ha&lt;/td&gt;&lt;/tr&gt;&lt;tr&gt;&lt;td&gt;Latitude&lt;/td&gt;&lt;td&gt;23.55243303&lt;/td&gt;&lt;/tr&gt;&lt;tr&gt;&lt;td&gt;Longitude&lt;/td&gt;&lt;td&gt;84.62612671&lt;/td&gt;&lt;/tr&gt;&lt;tr&gt;&lt;td&gt;Easting (m)&lt;/td&gt;&lt;td&gt;257675.596&lt;/td&gt;&lt;/tr&gt;&lt;tr&gt;&lt;td&gt;Northing (m)&lt;/td&gt;&lt;td&gt;2606682.790&lt;/td&gt;&lt;/tr&gt;&lt;tr&gt;&lt;td&gt;Zone / Datum&lt;/td&gt;&lt;td&gt;UTM 45N / WGS84&lt;/td&gt;&lt;/tr&gt;&lt;/table&gt;</desc></wpt>
<wpt lat="0.00021243" lon="82.51201426"><ele>0.000</ele><name>BD105</name><desc>&lt;table border=&quot;1&quot; cellpadding=&quot;4&quot; cellspacing=&quot;0&quot; style=&quot;border-collapse:collapse;font-family:Arial;font-size:12px&quot;&gt;&lt;tr&gt;&lt;th align=&quot;left&quot;&gt;Parameter&lt;/th&gt;&lt;th align=&quot;left&quot;&gt;Value&lt;/th&gt;&lt;/tr&gt;&lt;tr&gt;&lt;td&gt;Pillar&lt;/td&gt;&lt;td&gt;BD105&lt;/td&gt;&lt;/tr&gt;&lt;tr&gt;&lt;td&gt;Lease&lt;/td&gt;&lt;td&gt;Pakhar 109.507 Ha&lt;/td&gt;&lt;/tr&gt;&lt;tr&gt;&lt;td&gt;Latitude&lt;/td&gt;&lt;td&gt;23.55248248&lt;/td&gt;&lt;/tr&gt;&lt;tr&gt;&lt;td&gt;Longitude&lt;/td&gt;&lt;td&gt;84.62564011&lt;/td&gt;&lt;/tr&gt;&lt;tr&gt;&lt;td&gt;Easting (m)&lt;/td&gt;&lt;td&gt;257625.995&lt;/td&gt;&lt;/tr&gt;&lt;tr&gt;&lt;td&gt;Northing (m)&lt;/td&gt;&lt;td&gt;2606689.091&lt;/td&gt;&lt;/tr&gt;&lt;tr&gt;&lt;td&gt;Zone / Datum&lt;/td&gt;&lt;td&gt;UTM 45N / WGS84&lt;/td&gt;&lt;/tr&gt;&lt;/table&gt;</desc></wpt>
<wpt lat="0.00021243" lon="82.51201426"><ele>0.000</ele><name>BD106</name><desc>&lt;table border=&quot;1&quot; cellpadding=&quot;4&quot; cellspacing=&quot;0&quot; style=&quot;border-collapse:collapse;font-family:Arial;font-size:12px&quot;&gt;&lt;tr&gt;&lt;th align=&quot;left&quot;&gt;Parameter&lt;/th&gt;&lt;th align=&quot;left&quot;&gt;Value&lt;/th&gt;&lt;/tr&gt;&lt;tr&gt;&lt;td&gt;Pillar&lt;/td&gt;&lt;td&gt;BD106&lt;/td&gt;&lt;/tr&gt;&lt;tr&gt;&lt;td&gt;Lease&lt;/td&gt;&lt;td&gt;Pakhar 109.507 Ha&lt;/td&gt;&lt;/tr&gt;&lt;tr&gt;&lt;td&gt;Latitude&lt;/td&gt;&lt;td&gt;23.55253453&lt;/td&gt;&lt;/tr&gt;&lt;tr&gt;&lt;td&gt;Longitude&lt;/td&gt;&lt;td&gt;84.62515382&lt;/td&gt;&lt;/tr&gt;&lt;tr&gt;&lt;td&gt;Easting (m)&lt;/td&gt;&lt;td&gt;257576.431&lt;/td&gt;&lt;/tr&gt;&lt;tr&gt;&lt;td&gt;Northing (m)&lt;/td&gt;&lt;td&gt;2606695.679&lt;/td&gt;&lt;/tr&gt;&lt;tr&gt;&lt;td&gt;Zone / Datum&lt;/td&gt;&lt;td&gt;UTM 45N / WGS84&lt;/td&gt;&lt;/tr&gt;&lt;/table&gt;</desc></wpt>
<wpt lat="0.00021243" lon="82.51201426"><ele>0.000</ele><name>BD107</name><desc>&lt;table border=&quot;1&quot; cellpadding=&quot;4&quot; cellspacing=&quot;0&quot; style=&quot;border-collapse:collapse;font-family:Arial;font-size:12px&quot;&gt;&lt;tr&gt;&lt;th align=&quot;left&quot;&gt;Parameter&lt;/th&gt;&lt;th align=&quot;left&quot;&gt;Value&lt;/th&gt;&lt;/tr&gt;&lt;tr&gt;&lt;td&gt;Pillar&lt;/td&gt;&lt;td&gt;BD107&lt;/td&gt;&lt;/tr&gt;&lt;tr&gt;&lt;td&gt;Lease&lt;/td&gt;&lt;td&gt;Pakhar 109.507 Ha&lt;/td&gt;&lt;/tr&gt;&lt;tr&gt;&lt;td&gt;Latitude&lt;/td&gt;&lt;td&gt;23.55257155&lt;/td&gt;&lt;/tr&gt;&lt;tr&gt;&lt;td&gt;Longitude&lt;/td&gt;&lt;td&gt;84.62480968&lt;/td&gt;&lt;/tr&gt;&lt;tr&gt;&lt;td&gt;Easting (m)&lt;/td&gt;&lt;td&gt;257541.356&lt;/td&gt;&lt;/tr&gt;&lt;tr&gt;&lt;td&gt;Northing (m)&lt;/td&gt;&lt;td&gt;2606700.362&lt;/td&gt;&lt;/tr&gt;&lt;tr&gt;&lt;td&gt;Zone / Datum&lt;/td&gt;&lt;td&gt;UTM 45N / WGS84&lt;/td&gt;&lt;/tr&gt;&lt;/table&gt;</desc></wpt>
<wpt lat="0.00021243" lon="82.51201425"><ele>0.000</ele><name>BD108</name><desc>&lt;table border=&quot;1&quot; cellpadding=&quot;4&quot; cellspacing=&quot;0&quot; style=&quot;border-collapse:collapse;font-family:Arial;font-size:12px&quot;&gt;&lt;tr&gt;&lt;th align=&quot;left&quot;&gt;Parameter&lt;/th&gt;&lt;th align=&quot;left&quot;&gt;Value&lt;/th&gt;&lt;/tr&gt;&lt;tr&gt;&lt;td&gt;Pillar&lt;/td&gt;&lt;td&gt;BD108&lt;/td&gt;&lt;/tr&gt;&lt;tr&gt;&lt;td&gt;Lease&lt;/td&gt;&lt;td&gt;Pakhar 109.507 Ha&lt;/td&gt;&lt;/tr&gt;&lt;tr&gt;&lt;td&gt;Latitude&lt;/td&gt;&lt;td&gt;23.55289159&lt;/td&gt;&lt;/tr&gt;&lt;tr&gt;&lt;td&gt;Longitude&lt;/td&gt;&lt;td&gt;84.62446347&lt;/td&gt;&lt;/tr&gt;&lt;tr&gt;&lt;td&gt;Easting (m)&lt;/td&gt;&lt;td&gt;257506.588&lt;/td&gt;&lt;/tr&gt;&lt;tr&gt;&lt;td&gt;Northing (m)&lt;/td&gt;&lt;td&gt;2606736.400&lt;/td&gt;&lt;/tr&gt;&lt;tr&gt;&lt;td&gt;Zone / Datum&lt;/td&gt;&lt;td&gt;UTM 45N / WGS84&lt;/td&gt;&lt;/tr&gt;&lt;/table&gt;</desc></wpt>
<wpt lat="0.00021243" lon="82.51201425"><ele>0.000</ele><name>BD109</name><desc>&lt;table border=&quot;1&quot; cellpadding=&quot;4&quot; cellspacing=&quot;0&quot; style=&quot;border-collapse:collapse;font-family:Arial;font-size:12px&quot;&gt;&lt;tr&gt;&lt;th align=&quot;left&quot;&gt;Parameter&lt;/th&gt;&lt;th align=&quot;left&quot;&gt;Value&lt;/th&gt;&lt;/tr&gt;&lt;tr&gt;&lt;td&gt;Pillar&lt;/td&gt;&lt;td&gt;BD109&lt;/td&gt;&lt;/tr&gt;&lt;tr&gt;&lt;td&gt;Lease&lt;/td&gt;&lt;td&gt;Pakhar 109.507 Ha&lt;/td&gt;&lt;/tr&gt;&lt;tr&gt;&lt;td&gt;Latitude&lt;/td&gt;&lt;td&gt;23.55278095&lt;/td&gt;&lt;/tr&gt;&lt;tr&gt;&lt;td&gt;Longitude&lt;/td&gt;&lt;td&gt;84.62418269&lt;/td&gt;&lt;/tr&gt;&lt;tr&gt;&lt;td&gt;Easting (m)&lt;/td&gt;&lt;td&gt;257477.712&lt;/td&gt;&lt;/tr&gt;&lt;tr&gt;&lt;td&gt;Northing (m)&lt;/td&gt;&lt;td&gt;2606724.619&lt;/td&gt;&lt;/tr&gt;&lt;tr&gt;&lt;td&gt;Zone / Datum&lt;/td&gt;&lt;td&gt;UTM 45N / WGS84&lt;/td&gt;&lt;/tr&gt;&lt;/table&gt;</desc></wpt>
<wpt lat="0.00021243" lon="82.51201425"><ele>0.000</ele><name>BD110</name><desc>&lt;table border=&quot;1&quot; cellpadding=&quot;4&quot; cellspacing=&quot;0&quot; style=&quot;border-collapse:collapse;font-family:Arial;font-size:12px&quot;&gt;&lt;tr&gt;&lt;th align=&quot;left&quot;&gt;Parameter&lt;/th&gt;&lt;th align=&quot;left&quot;&gt;Value&lt;/th&gt;&lt;/tr&gt;&lt;tr&gt;&lt;td&gt;Pillar&lt;/td&gt;&lt;td&gt;BD110&lt;/td&gt;&lt;/tr&gt;&lt;tr&gt;&lt;td&gt;Lease&lt;/td&gt;&lt;td&gt;Pakhar 109.507 Ha&lt;/td&gt;&lt;/tr&gt;&lt;tr&gt;&lt;td&gt;Latitude&lt;/td&gt;&lt;td&gt;23.55275001&lt;/td&gt;&lt;/tr&gt;&lt;tr&gt;&lt;td&gt;Longitude&lt;/td&gt;&lt;td&gt;84.62393642&lt;/td&gt;&lt;/tr&gt;&lt;tr&gt;&lt;td&gt;Easting (m)&lt;/td&gt;&lt;td&gt;257452.506&lt;/td&gt;&lt;/tr&gt;&lt;tr&gt;&lt;td&gt;Northing (m)&lt;/td&gt;&lt;td&gt;2606721.609&lt;/td&gt;&lt;/tr&gt;&lt;tr&gt;&lt;td&gt;Zone / Datum&lt;/td&gt;&lt;td&gt;UTM 45N / WGS84&lt;/td&gt;&lt;/tr&gt;&lt;/table&gt;</desc></wpt>
<wpt lat="0.00021243" lon="82.51201425"><ele>0.000</ele><name>BD111</name><desc>&lt;table border=&quot;1&quot; cellpadding=&quot;4&quot; cellspacing=&quot;0&quot; style=&quot;border-collapse:collapse;font-family:Arial;font-size:12px&quot;&gt;&lt;tr&gt;&lt;th align=&quot;left&quot;&gt;Parameter&lt;/th&gt;&lt;th align=&quot;left&quot;&gt;Value&lt;/th&gt;&lt;/tr&gt;&lt;tr&gt;&lt;td&gt;Pillar&lt;/td&gt;&lt;td&gt;BD111&lt;/td&gt;&lt;/tr&gt;&lt;tr&gt;&lt;td&gt;Lease&lt;/td&gt;&lt;td&gt;Pakhar 109.507 Ha&lt;/td&gt;&lt;/tr&gt;&lt;tr&gt;&lt;td&gt;Latitude&lt;/td&gt;&lt;td&gt;23.55257155&lt;/td&gt;&lt;/tr&gt;&lt;tr&gt;&lt;td&gt;Longitude&lt;/td&gt;&lt;td&gt;84.62389954&lt;/td&gt;&lt;/tr&gt;&lt;tr&gt;&lt;td&gt;Easting (m)&lt;/td&gt;&lt;td&gt;257448.412&lt;/td&gt;&lt;/tr&gt;&lt;tr&gt;&lt;td&gt;Northing (m)&lt;/td&gt;&lt;td&gt;2606701.903&lt;/td&gt;&lt;/tr&gt;&lt;tr&gt;&lt;td&gt;Zone / Datum&lt;/td&gt;&lt;td&gt;UTM 45N / WGS84&lt;/td&gt;&lt;/tr&gt;&lt;/table&gt;</desc></wpt>
<wpt lat="0.00021243" lon="82.51201425"><ele>0.000</ele><name>BD112</name><desc>&lt;table border=&quot;1&quot; cellpadding=&quot;4&quot; cellspacing=&quot;0&quot; style=&quot;border-collapse:collapse;font-family:Arial;font-size:12px&quot;&gt;&lt;tr&gt;&lt;th align=&quot;left&quot;&gt;Parameter&lt;/th&gt;&lt;th align=&quot;left&quot;&gt;Value&lt;/th&gt;&lt;/tr&gt;&lt;tr&gt;&lt;td&gt;Pillar&lt;/td&gt;&lt;td&gt;BD112&lt;/td&gt;&lt;/tr&gt;&lt;tr&gt;&lt;td&gt;Lease&lt;/td&gt;&lt;td&gt;Pakhar 109.507 Ha&lt;/td&gt;&lt;/tr&gt;&lt;tr&gt;&lt;td&gt;Latitude&lt;/td&gt;&lt;td&gt;23.55259059&lt;/td&gt;&lt;/tr&gt;&lt;tr&gt;&lt;td&gt;Longitude&lt;/td&gt;&lt;td&gt;84.62376034&lt;/td&gt;&lt;/tr&gt;&lt;tr&gt;&lt;td&gt;Easting (m)&lt;/td&gt;&lt;td&gt;257434.232&lt;/td&gt;&lt;/tr&gt;&lt;tr&gt;&lt;td&gt;Northing (m)&lt;/td&gt;&lt;td&gt;2606704.248&lt;/td&gt;&lt;/tr&gt;&lt;tr&gt;&lt;td&gt;Zone / Datum&lt;/td&gt;&lt;td&gt;UTM 45N / WGS84&lt;/td&gt;&lt;/tr&gt;&lt;/table&gt;</desc></wpt>
<wpt lat="0.00021243" lon="82.51201425"><ele>0.000</ele><name>BD113</name><desc>&lt;table border=&quot;1&quot; cellpadding=&quot;4&quot; cellspacing=&quot;0&quot; style=&quot;border-collapse:collapse;font-family:Arial;font-size:12px&quot;&gt;&lt;tr&gt;&lt;th align=&quot;left&quot;&gt;Parameter&lt;/th&gt;&lt;th align=&quot;left&quot;&gt;Value&lt;/th&gt;&lt;/tr&gt;&lt;tr&gt;&lt;td&gt;Pillar&lt;/td&gt;&lt;td&gt;BD113&lt;/td&gt;&lt;/tr&gt;&lt;tr&gt;&lt;td&gt;Lease&lt;/td&gt;&lt;td&gt;Pakhar 109.507 Ha&lt;/td&gt;&lt;/tr&gt;&lt;tr&gt;&lt;td&gt;Latitude&lt;/td&gt;&lt;td&gt;23.55281069&lt;/td&gt;&lt;/tr&gt;&lt;tr&gt;&lt;td&gt;Longitude&lt;/td&gt;&lt;td&gt;84.62375795&lt;/td&gt;&lt;/tr&gt;&lt;tr&gt;&lt;td&gt;Easting (m)&lt;/td&gt;&lt;td&gt;257434.393&lt;/td&gt;&lt;/tr&gt;&lt;tr&gt;&lt;td&gt;Northing (m)&lt;/td&gt;&lt;td&gt;2606728.633&lt;/td&gt;&lt;/tr&gt;&lt;tr&gt;&lt;td&gt;Zone / Datum&lt;/td&gt;&lt;td&gt;UTM 45N / WGS84&lt;/td&gt;&lt;/tr&gt;&lt;/table&gt;</desc></wpt>
<wpt lat="0.00021243" lon="82.51201424"><ele>0.000</ele><name>BD114</name><desc>&lt;table border=&quot;1&quot; cellpadding=&quot;4&quot; cellspacing=&quot;0&quot; style=&quot;border-collapse:collapse;font-family:Arial;font-size:12px&quot;&gt;&lt;tr&gt;&lt;th align=&quot;left&quot;&gt;Parameter&lt;/th&gt;&lt;th align=&quot;left&quot;&gt;Value&lt;/th&gt;&lt;/tr&gt;&lt;tr&gt;&lt;td&gt;Pillar&lt;/td&gt;&lt;td&gt;BD114&lt;/td&gt;&lt;/tr&gt;&lt;tr&gt;&lt;td&gt;Lease&lt;/td&gt;&lt;td&gt;Pakhar 109.507 Ha&lt;/td&gt;&lt;/tr&gt;&lt;tr&gt;&lt;td&gt;Latitude&lt;/td&gt;&lt;td&gt;23.55293204&lt;/td&gt;&lt;/tr&gt;&lt;tr&gt;&lt;td&gt;Longitude&lt;/td&gt;&lt;td&gt;84.62331657&lt;/td&gt;&lt;/tr&gt;&lt;tr&gt;&lt;td&gt;Easting (m)&lt;/td&gt;&lt;td&gt;257389.542&lt;/td&gt;&lt;/tr&gt;&lt;tr&gt;&lt;td&gt;Northing (m)&lt;/td&gt;&lt;td&gt;2606742.823&lt;/td&gt;&lt;/tr&gt;&lt;tr&gt;&lt;td&gt;Zone / Datum&lt;/td&gt;&lt;td&gt;UTM 45N / WGS84&lt;/td&gt;&lt;/tr&gt;&lt;/table&gt;</desc></wpt>
<wpt lat="0.00021244" lon="82.51201424"><ele>0.000</ele><name>BD115</name><desc>&lt;table border=&quot;1&quot; cellpadding=&quot;4&quot; cellspacing=&quot;0&quot; style=&quot;border-collapse:collapse;font-family:Arial;font-size:12px&quot;&gt;&lt;tr&gt;&lt;th align=&quot;left&quot;&gt;Parameter&lt;/th&gt;&lt;th align=&quot;left&quot;&gt;Value&lt;/th&gt;&lt;/tr&gt;&lt;tr&gt;&lt;td&gt;Pillar&lt;/td&gt;&lt;td&gt;BD115&lt;/td&gt;&lt;/tr&gt;&lt;tr&gt;&lt;td&gt;Lease&lt;/td&gt;&lt;td&gt;Pakhar 109.507 Ha&lt;/td&gt;&lt;/tr&gt;&lt;tr&gt;&lt;td&gt;Latitude&lt;/td&gt;&lt;td&gt;23.55328301&lt;/td&gt;&lt;/tr&gt;&lt;tr&gt;&lt;td&gt;Longitude&lt;/td&gt;&lt;td&gt;84.62300843&lt;/td&gt;&lt;/tr&gt;&lt;tr&gt;&lt;td&gt;Easting (m)&lt;/td&gt;&lt;td&gt;257358.720&lt;/td&gt;&lt;/tr&gt;&lt;tr&gt;&lt;td&gt;Northing (m)&lt;/td&gt;&lt;td&gt;2606782.223&lt;/td&gt;&lt;/tr&gt;&lt;tr&gt;&lt;td&gt;Zone / Datum&lt;/td&gt;&lt;td&gt;UTM 45N / WGS84&lt;/td&gt;&lt;/tr&gt;&lt;/table&gt;</desc></wpt>
<wpt lat="0.00021244" lon="82.51201424"><ele>0.000</ele><name>BD116</name><desc>&lt;table border=&quot;1&quot; cellpadding=&quot;4&quot; cellspacing=&quot;0&quot; style=&quot;border-collapse:collapse;font-family:Arial;font-size:12px&quot;&gt;&lt;tr&gt;&lt;th align=&quot;left&quot;&gt;Parameter&lt;/th&gt;&lt;th align=&quot;left&quot;&gt;Value&lt;/th&gt;&lt;/tr&gt;&lt;tr&gt;&lt;td&gt;Pillar&lt;/td&gt;&lt;td&gt;BD116&lt;/td&gt;&lt;/tr&gt;&lt;tr&gt;&lt;td&gt;Lease&lt;/td&gt;&lt;td&gt;Pakhar 109.507 Ha&lt;/td&gt;&lt;/tr&gt;&lt;tr&gt;&lt;td&gt;Latitude&lt;/td&gt;&lt;td&gt;23.55329609&lt;/td&gt;&lt;/tr&gt;&lt;tr&gt;&lt;td&gt;Longitude&lt;/td&gt;&lt;td&gt;84.62255990&lt;/td&gt;&lt;/tr&gt;&lt;tr&gt;&lt;td&gt;Easting (m)&lt;/td&gt;&lt;td&gt;257312.940&lt;/td&gt;&lt;/tr&gt;&lt;tr&gt;&lt;td&gt;Northing (m)&lt;/td&gt;&lt;td&gt;2606784.432&lt;/td&gt;&lt;/tr&gt;&lt;tr&gt;&lt;td&gt;Zone / Datum&lt;/td&gt;&lt;td&gt;UTM 45N / WGS84&lt;/td&gt;&lt;/tr&gt;&lt;/table&gt;</desc></wpt>
<wpt lat="0.00021243" lon="82.51201423"><ele>0.000</ele><name>BD117</name><desc>&lt;table border=&quot;1&quot; cellpadding=&quot;4&quot; cellspacing=&quot;0&quot; style=&quot;border-collapse:collapse;font-family:Arial;font-size:12px&quot;&gt;&lt;tr&gt;&lt;th align=&quot;left&quot;&gt;Parameter&lt;/th&gt;&lt;th align=&quot;left&quot;&gt;Value&lt;/th&gt;&lt;/tr&gt;&lt;tr&gt;&lt;td&gt;Pillar&lt;/td&gt;&lt;td&gt;BD117&lt;/td&gt;&lt;/tr&gt;&lt;tr&gt;&lt;td&gt;Lease&lt;/td&gt;&lt;td&gt;Pakhar 109.507 Ha&lt;/td&gt;&lt;/tr&gt;&lt;tr&gt;&lt;td&gt;Latitude&lt;/td&gt;&lt;td&gt;23.55312229&lt;/td&gt;&lt;/tr&gt;&lt;tr&gt;&lt;td&gt;Longitude&lt;/td&gt;&lt;td&gt;84.62210811&lt;/td&gt;&lt;/tr&gt;&lt;tr&gt;&lt;td&gt;Easting (m)&lt;/td&gt;&lt;td&gt;257266.484&lt;/td&gt;&lt;/tr&gt;&lt;tr&gt;&lt;td&gt;Northing (m)&lt;/td&gt;&lt;td&gt;2606765.945&lt;/td&gt;&lt;/tr&gt;&lt;tr&gt;&lt;td&gt;Zone / Datum&lt;/td&gt;&lt;td&gt;UTM 45N / WGS84&lt;/td&gt;&lt;/tr&gt;&lt;/table&gt;</desc></wpt>
<wpt lat="0.00021243" lon="82.51201423"><ele>0.000</ele><name>BD118</name><desc>&lt;table border=&quot;1&quot; cellpadding=&quot;4&quot; cellspacing=&quot;0&quot; style=&quot;border-collapse:collapse;font-family:Arial;font-size:12px&quot;&gt;&lt;tr&gt;&lt;th align=&quot;left&quot;&gt;Parameter&lt;/th&gt;&lt;th align=&quot;left&quot;&gt;Value&lt;/th&gt;&lt;/tr&gt;&lt;tr&gt;&lt;td&gt;Pillar&lt;/td&gt;&lt;td&gt;BD118&lt;/td&gt;&lt;/tr&gt;&lt;tr&gt;&lt;td&gt;Lease&lt;/td&gt;&lt;td&gt;Pakhar 109.507 Ha&lt;/td&gt;&lt;/tr&gt;&lt;tr&gt;&lt;td&gt;Latitude&lt;/td&gt;&lt;td&gt;23.55294848&lt;/td&gt;&lt;/tr&gt;&lt;tr&gt;&lt;td&gt;Longitude&lt;/td&gt;&lt;td&gt;84.62165631&lt;/td&gt;&lt;/tr&gt;&lt;tr&gt;&lt;td&gt;Easting (m)&lt;/td&gt;&lt;td&gt;257220.027&lt;/td&gt;&lt;/tr&gt;&lt;tr&gt;&lt;td&gt;Northing (m)&lt;/td&gt;&lt;td&gt;2606747.457&lt;/td&gt;&lt;/tr&gt;&lt;tr&gt;&lt;td&gt;Zone / Datum&lt;/td&gt;&lt;td&gt;UTM 45N / WGS84&lt;/td&gt;&lt;/tr&gt;&lt;/table&gt;</desc></wpt>
<wpt lat="0.00021243" lon="82.51201423"><ele>0.000</ele><name>BD119</name><desc>&lt;table border=&quot;1&quot; cellpadding=&quot;4&quot; cellspacing=&quot;0&quot; style=&quot;border-collapse:collapse;font-family:Arial;font-size:12px&quot;&gt;&lt;tr&gt;&lt;th align=&quot;left&quot;&gt;Parameter&lt;/th&gt;&lt;th align=&quot;left&quot;&gt;Value&lt;/th&gt;&lt;/tr&gt;&lt;tr&gt;&lt;td&gt;Pillar&lt;/td&gt;&lt;td&gt;BD119&lt;/td&gt;&lt;/tr&gt;&lt;tr&gt;&lt;td&gt;Lease&lt;/td&gt;&lt;td&gt;Pakhar 109.507 Ha&lt;/td&gt;&lt;/tr&gt;&lt;tr&gt;&lt;td&gt;Latitude&lt;/td&gt;&lt;td&gt;23.55283383&lt;/td&gt;&lt;/tr&gt;&lt;tr&gt;&lt;td&gt;Longitude&lt;/td&gt;&lt;td&gt;84.62140918&lt;/td&gt;&lt;/tr&gt;&lt;tr&gt;&lt;td&gt;Easting (m)&lt;/td&gt;&lt;td&gt;257194.579&lt;/td&gt;&lt;/tr&gt;&lt;tr&gt;&lt;td&gt;Northing (m)&lt;/td&gt;&lt;td&gt;2606735.176&lt;/td&gt;&lt;/tr&gt;&lt;tr&gt;&lt;td&gt;Zone / Datum&lt;/td&gt;&lt;td&gt;UTM 45N / WGS84&lt;/td&gt;&lt;/tr&gt;&lt;/table&gt;</desc></wpt>
<wpt lat="0.00021243" lon="82.51201423"><ele>0.000</ele><name>BD120</name><desc>&lt;table border=&quot;1&quot; cellpadding=&quot;4&quot; cellspacing=&quot;0&quot; style=&quot;border-collapse:collapse;font-family:Arial;font-size:12px&quot;&gt;&lt;tr&gt;&lt;th align=&quot;left&quot;&gt;Parameter&lt;/th&gt;&lt;th align=&quot;left&quot;&gt;Value&lt;/th&gt;&lt;/tr&gt;&lt;tr&gt;&lt;td&gt;Pillar&lt;/td&gt;&lt;td&gt;BD120&lt;/td&gt;&lt;/tr&gt;&lt;tr&gt;&lt;td&gt;Lease&lt;/td&gt;&lt;td&gt;Pakhar 109.507 Ha&lt;/td&gt;&lt;/tr&gt;&lt;tr&gt;&lt;td&gt;Latitude&lt;/td&gt;&lt;td&gt;23.55297000&lt;/td&gt;&lt;/tr&gt;&lt;tr&gt;&lt;td&gt;Longitude&lt;/td&gt;&lt;td&gt;84.62134843&lt;/td&gt;&lt;/tr&gt;&lt;tr&gt;&lt;td&gt;Easting (m)&lt;/td&gt;&lt;td&gt;257188.626&lt;/td&gt;&lt;/tr&gt;&lt;tr&gt;&lt;td&gt;Northing (m)&lt;/td&gt;&lt;td&gt;2606750.363&lt;/td&gt;&lt;/tr&gt;&lt;tr&gt;&lt;td&gt;Zone / Datum&lt;/td&gt;&lt;td&gt;UTM 45N / WGS84&lt;/td&gt;&lt;/tr&gt;&lt;/table&gt;</desc></wpt>
<wpt lat="0.00021244" lon="82.51201422"><ele>0.000</ele><name>BD121</name><desc>&lt;table border=&quot;1&quot; cellpadding=&quot;4&quot; cellspacing=&quot;0&quot; style=&quot;border-collapse:collapse;font-family:Arial;font-size:12px&quot;&gt;&lt;tr&gt;&lt;th align=&quot;left&quot;&gt;Parameter&lt;/th&gt;&lt;th align=&quot;left&quot;&gt;Value&lt;/th&gt;&lt;/tr&gt;&lt;tr&gt;&lt;td&gt;Pillar&lt;/td&gt;&lt;td&gt;BD121&lt;/td&gt;&lt;/tr&gt;&lt;tr&gt;&lt;td&gt;Lease&lt;/td&gt;&lt;td&gt;Pakhar 109.507 Ha&lt;/td&gt;&lt;/tr&gt;&lt;tr&gt;&lt;td&gt;Latitude&lt;/td&gt;&lt;td&gt;23.55338739&lt;/td&gt;&lt;/tr&gt;&lt;tr&gt;&lt;td&gt;Longitude&lt;/td&gt;&lt;td&gt;84.62116221&lt;/td&gt;&lt;/tr&gt;&lt;tr&gt;&lt;td&gt;Easting (m)&lt;/td&gt;&lt;td&gt;257170.377&lt;/td&gt;&lt;/tr&gt;&lt;tr&gt;&lt;td&gt;Northing (m)&lt;/td&gt;&lt;td&gt;2606796.914&lt;/td&gt;&lt;/tr&gt;&lt;tr&gt;&lt;td&gt;Zone / Datum&lt;/td&gt;&lt;td&gt;UTM 45N / WGS84&lt;/td&gt;&lt;/tr&gt;&lt;/table&gt;</desc></wpt>
<wpt lat="0.00021244" lon="82.51201422"><ele>0.000</ele><name>BD122</name><desc>&lt;table border=&quot;1&quot; cellpadding=&quot;4&quot; cellspacing=&quot;0&quot; style=&quot;border-collapse:collapse;font-family:Arial;font-size:12px&quot;&gt;&lt;tr&gt;&lt;th align=&quot;left&quot;&gt;Parameter&lt;/th&gt;&lt;th align=&quot;left&quot;&gt;Value&lt;/th&gt;&lt;/tr&gt;&lt;tr&gt;&lt;td&gt;Pillar&lt;/td&gt;&lt;td&gt;BD122&lt;/td&gt;&lt;/tr&gt;&lt;tr&gt;&lt;td&gt;Lease&lt;/td&gt;&lt;td&gt;Pakhar 109.507 Ha&lt;/td&gt;&lt;/tr&gt;&lt;tr&gt;&lt;td&gt;Latitude&lt;/td&gt;&lt;td&gt;23.55380478&lt;/td&gt;&lt;/tr&gt;&lt;tr&gt;&lt;td&gt;Longitude&lt;/td&gt;&lt;td&gt;84.62097599&lt;/td&gt;&lt;/tr&gt;&lt;tr&gt;&lt;td&gt;Easting (m)&lt;/td&gt;&lt;td&gt;257152.128&lt;/td&gt;&lt;/tr&gt;&lt;tr&gt;&lt;td&gt;Northing (m)&lt;/td&gt;&lt;td&gt;2606843.465&lt;/td&gt;&lt;/tr&gt;&lt;tr&gt;&lt;td&gt;Zone / Datum&lt;/td&gt;&lt;td&gt;UTM 45N / WGS84&lt;/td&gt;&lt;/tr&gt;&lt;/table&gt;</desc></wpt>
<wpt lat="0.00021244" lon="82.51201422"><ele>0.000</ele><name>BD123</name><desc>&lt;table border=&quot;1&quot; cellpadding=&quot;4&quot; cellspacing=&quot;0&quot; style=&quot;border-collapse:collapse;font-family:Arial;font-size:12px&quot;&gt;&lt;tr&gt;&lt;th align=&quot;left&quot;&gt;Parameter&lt;/th&gt;&lt;th align=&quot;left&quot;&gt;Value&lt;/th&gt;&lt;/tr&gt;&lt;tr&gt;&lt;td&gt;Pillar&lt;/td&gt;&lt;td&gt;BD123&lt;/td&gt;&lt;/tr&gt;&lt;tr&gt;&lt;td&gt;Lease&lt;/td&gt;&lt;td&gt;Pakhar 109.507 Ha&lt;/td&gt;&lt;/tr&gt;&lt;tr&gt;&lt;td&gt;Latitude&lt;/td&gt;&lt;td&gt;23.55422217&lt;/td&gt;&lt;/tr&gt;&lt;tr&gt;&lt;td&gt;Longitude&lt;/td&gt;&lt;td&gt;84.62078978&lt;/td&gt;&lt;/tr&gt;&lt;tr&gt;&lt;td&gt;Easting (m)&lt;/td&gt;&lt;td&gt;257133.880&lt;/td&gt;&lt;/tr&gt;&lt;tr&gt;&lt;td&gt;Northing (m)&lt;/td&gt;&lt;td&gt;2606890.016&lt;/td&gt;&lt;/tr&gt;&lt;tr&gt;&lt;td&gt;Zone / Datum&lt;/td&gt;&lt;td&gt;UTM 45N / WGS84&lt;/td&gt;&lt;/tr&gt;&lt;/table&gt;</desc></wpt>
<wpt lat="0.00021245" lon="82.51201422"><ele>0.000</ele><name>BD124</name><desc>&lt;table border=&quot;1&quot; cellpadding=&quot;4&quot; cellspacing=&quot;0&quot; style=&quot;border-collapse:collapse;font-family:Arial;font-size:12px&quot;&gt;&lt;tr&gt;&lt;th align=&quot;left&quot;&gt;Parameter&lt;/th&gt;&lt;th align=&quot;left&quot;&gt;Value&lt;/th&gt;&lt;/tr&gt;&lt;tr&gt;&lt;td&gt;Pillar&lt;/td&gt;&lt;td&gt;BD124&lt;/td&gt;&lt;/tr&gt;&lt;tr&gt;&lt;td&gt;Lease&lt;/td&gt;&lt;td&gt;Pakhar 109.507 Ha&lt;/td&gt;&lt;/tr&gt;&lt;tr&gt;&lt;td&gt;Latitude&lt;/td&gt;&lt;td&gt;23.55463956&lt;/td&gt;&lt;/tr&gt;&lt;tr&gt;&lt;td&gt;Longitude&lt;/td&gt;&lt;td&gt;84.62060356&lt;/td&gt;&lt;/tr&gt;&lt;tr&gt;&lt;td&gt;Easting (m)&lt;/td&gt;&lt;td&gt;257115.631&lt;/td&gt;&lt;/tr&gt;&lt;tr&gt;&lt;td&gt;Northing (m)&lt;/td&gt;&lt;td&gt;2606936.567&lt;/td&gt;&lt;/tr&gt;&lt;tr&gt;&lt;td&gt;Zone / Datum&lt;/td&gt;&lt;td&gt;UTM 45N / WGS84&lt;/td&gt;&lt;/tr&gt;&lt;/table&gt;</desc></wpt>
<wpt lat="0.00021245" lon="82.51201422"><ele>0.000</ele><name>BD125</name><desc>&lt;table border=&quot;1&quot; cellpadding=&quot;4&quot; cellspacing=&quot;0&quot; style=&quot;border-collapse:collapse;font-family:Arial;font-size:12px&quot;&gt;&lt;tr&gt;&lt;th align=&quot;left&quot;&gt;Parameter&lt;/th&gt;&lt;th align=&quot;left&quot;&gt;Value&lt;/th&gt;&lt;/tr&gt;&lt;tr&gt;&lt;td&gt;Pillar&lt;/td&gt;&lt;td&gt;BD125&lt;/td&gt;&lt;/tr&gt;&lt;tr&gt;&lt;td&gt;Lease&lt;/td&gt;&lt;td&gt;Pakhar 109.507 Ha&lt;/td&gt;&lt;/tr&gt;&lt;tr&gt;&lt;td&gt;Latitude&lt;/td&gt;&lt;td&gt;23.55505694&lt;/td&gt;&lt;/tr&gt;&lt;tr&gt;&lt;td&gt;Longitude&lt;/td&gt;&lt;td&gt;84.62041735&lt;/td&gt;&lt;/tr&gt;&lt;tr&gt;&lt;td&gt;Easting (m)&lt;/td&gt;&lt;td&gt;257097.383&lt;/td&gt;&lt;/tr&gt;&lt;tr&gt;&lt;td&gt;Northing (m)&lt;/td&gt;&lt;td&gt;2606983.118&lt;/td&gt;&lt;/tr&gt;&lt;tr&gt;&lt;td&gt;Zone / Datum&lt;/td&gt;&lt;td&gt;UTM 45N / WGS84&lt;/td&gt;&lt;/tr&gt;&lt;/table&gt;</desc></wpt>
<wpt lat="0.00021246" lon="82.51201422"><ele>0.000</ele><name>BD126</name><desc>&lt;table border=&quot;1&quot; cellpadding=&quot;4&quot; cellspacing=&quot;0&quot; style=&quot;border-collapse:collapse;font-family:Arial;font-size:12px&quot;&gt;&lt;tr&gt;&lt;th align=&quot;left&quot;&gt;Parameter&lt;/th&gt;&lt;th align=&quot;left&quot;&gt;Value&lt;/th&gt;&lt;/tr&gt;&lt;tr&gt;&lt;td&gt;Pillar&lt;/td&gt;&lt;td&gt;BD126&lt;/td&gt;&lt;/tr&gt;&lt;tr&gt;&lt;td&gt;Lease&lt;/td&gt;&lt;td&gt;Pakhar 109.507 Ha&lt;/td&gt;&lt;/tr&gt;&lt;tr&gt;&lt;td&gt;Latitude&lt;/td&gt;&lt;td&gt;23.55547433&lt;/td&gt;&lt;/tr&gt;&lt;tr&gt;&lt;td&gt;Longitude&lt;/td&gt;&lt;td&gt;84.62023112&lt;/td&gt;&lt;/tr&gt;&lt;tr&gt;&lt;td&gt;Easting (m)&lt;/td&gt;&lt;td&gt;257079.134&lt;/td&gt;&lt;/tr&gt;&lt;tr&gt;&lt;td&gt;Northing (m)&lt;/td&gt;&lt;td&gt;2607029.669&lt;/td&gt;&lt;/tr&gt;&lt;tr&gt;&lt;td&gt;Zone / Datum&lt;/td&gt;&lt;td&gt;UTM 45N / WGS84&lt;/td&gt;&lt;/tr&gt;&lt;/table&gt;</desc></wpt>
<wpt lat="0.00021246" lon="82.51201421"><ele>0.000</ele><name>BD127</name><desc>&lt;table border=&quot;1&quot; cellpadding=&quot;4&quot; cellspacing=&quot;0&quot; style=&quot;border-collapse:collapse;font-family:Arial;font-size:12px&quot;&gt;&lt;tr&gt;&lt;th align=&quot;left&quot;&gt;Parameter&lt;/th&gt;&lt;th align=&quot;left&quot;&gt;Value&lt;/th&gt;&lt;/tr&gt;&lt;tr&gt;&lt;td&gt;Pillar&lt;/td&gt;&lt;td&gt;BD127&lt;/td&gt;&lt;/tr&gt;&lt;tr&gt;&lt;td&gt;Lease&lt;/td&gt;&lt;td&gt;Pakhar 109.507 Ha&lt;/td&gt;&lt;/tr&gt;&lt;tr&gt;&lt;td&gt;Latitude&lt;/td&gt;&lt;td&gt;23.55589172&lt;/td&gt;&lt;/tr&gt;&lt;tr&gt;&lt;td&gt;Longitude&lt;/td&gt;&lt;td&gt;84.62004491&lt;/td&gt;&lt;/tr&gt;&lt;tr&gt;&lt;td&gt;Easting (m)&lt;/td&gt;&lt;td&gt;257060.886&lt;/td&gt;&lt;/tr&gt;&lt;tr&gt;&lt;td&gt;Northing (m)&lt;/td&gt;&lt;td&gt;2607076.220&lt;/td&gt;&lt;/tr&gt;&lt;tr&gt;&lt;td&gt;Zone / Datum&lt;/td&gt;&lt;td&gt;UTM 45N / WGS84&lt;/td&gt;&lt;/tr&gt;&lt;/table&gt;</desc></wpt>
<wpt lat="0.00021246" lon="82.51201421"><ele>0.000</ele><name>BD128</name><desc>&lt;table border=&quot;1&quot; cellpadding=&quot;4&quot; cellspacing=&quot;0&quot; style=&quot;border-collapse:collapse;font-family:Arial;font-size:12px&quot;&gt;&lt;tr&gt;&lt;th align=&quot;left&quot;&gt;Parameter&lt;/th&gt;&lt;th align=&quot;left&quot;&gt;Value&lt;/th&gt;&lt;/tr&gt;&lt;tr&gt;&lt;td&gt;Pillar&lt;/td&gt;&lt;td&gt;BD128&lt;/td&gt;&lt;/tr&gt;&lt;tr&gt;&lt;td&gt;Lease&lt;/td&gt;&lt;td&gt;Pakhar 109.507 Ha&lt;/td&gt;&lt;/tr&gt;&lt;tr&gt;&lt;td&gt;Latitude&lt;/td&gt;&lt;td&gt;23.55630910&lt;/td&gt;&lt;/tr&gt;&lt;tr&gt;&lt;td&gt;Longitude&lt;/td&gt;&lt;td&gt;84.61985868&lt;/td&gt;&lt;/tr&gt;&lt;tr&gt;&lt;td&gt;Easting (m)&lt;/td&gt;&lt;td&gt;257042.637&lt;/td&gt;&lt;/tr&gt;&lt;tr&gt;&lt;td&gt;Northing (m)&lt;/td&gt;&lt;td&gt;2607122.771&lt;/td&gt;&lt;/tr&gt;&lt;tr&gt;&lt;td&gt;Zone / Datum&lt;/td&gt;&lt;td&gt;UTM 45N / WGS84&lt;/td&gt;&lt;/tr&gt;&lt;/table&gt;</desc></wpt>
<wpt lat="0.00021247" lon="82.51201421"><ele>0.000</ele><name>BD129</name><desc>&lt;table border=&quot;1&quot; cellpadding=&quot;4&quot; cellspacing=&quot;0&quot; style=&quot;border-collapse:collapse;font-family:Arial;font-size:12px&quot;&gt;&lt;tr&gt;&lt;th align=&quot;left&quot;&gt;Parameter&lt;/th&gt;&lt;th align=&quot;left&quot;&gt;Value&lt;/th&gt;&lt;/tr&gt;&lt;tr&gt;&lt;td&gt;Pillar&lt;/td&gt;&lt;td&gt;BD129&lt;/td&gt;&lt;/tr&gt;&lt;tr&gt;&lt;td&gt;Lease&lt;/td&gt;&lt;td&gt;Pakhar 109.507 Ha&lt;/td&gt;&lt;/tr&gt;&lt;tr&gt;&lt;td&gt;Latitude&lt;/td&gt;&lt;td&gt;23.55672649&lt;/td&gt;&lt;/tr&gt;&lt;tr&gt;&lt;td&gt;Longitude&lt;/td&gt;&lt;td&gt;84.61967245&lt;/td&gt;&lt;/tr&gt;&lt;tr&gt;&lt;td&gt;Easting (m)&lt;/td&gt;&lt;td&gt;257024.388&lt;/td&gt;&lt;/tr&gt;&lt;tr&gt;&lt;td&gt;Northing (m)&lt;/td&gt;&lt;td&gt;2607169.322&lt;/td&gt;&lt;/tr&gt;&lt;tr&gt;&lt;td&gt;Zone / Datum&lt;/td&gt;&lt;td&gt;UTM 45N / WGS84&lt;/td&gt;&lt;/tr&gt;&lt;/table&gt;</desc></wpt>
<wpt lat="0.00021247" lon="82.51201421"><ele>0.000</ele><name>BD130</name><desc>&lt;table border=&quot;1&quot; cellpadding=&quot;4&quot; cellspacing=&quot;0&quot; style=&quot;border-collapse:collapse;font-family:Arial;font-size:12px&quot;&gt;&lt;tr&gt;&lt;th align=&quot;left&quot;&gt;Parameter&lt;/th&gt;&lt;th align=&quot;left&quot;&gt;Value&lt;/th&gt;&lt;/tr&gt;&lt;tr&gt;&lt;td&gt;Pillar&lt;/td&gt;&lt;td&gt;BD130&lt;/td&gt;&lt;/tr&gt;&lt;tr&gt;&lt;td&gt;Lease&lt;/td&gt;&lt;td&gt;Pakhar 109.507 Ha&lt;/td&gt;&lt;/tr&gt;&lt;tr&gt;&lt;td&gt;Latitude&lt;/td&gt;&lt;td&gt;23.55714387&lt;/td&gt;&lt;/tr&gt;&lt;tr&gt;&lt;td&gt;Longitude&lt;/td&gt;&lt;td&gt;84.61948623&lt;/td&gt;&lt;/tr&gt;&lt;tr&gt;&lt;td&gt;Easting (m)&lt;/td&gt;&lt;td&gt;257006.140&lt;/td&gt;&lt;/tr&gt;&lt;tr&gt;&lt;td&gt;Northing (m)&lt;/td&gt;&lt;td&gt;2607215.873&lt;/td&gt;&lt;/tr&gt;&lt;tr&gt;&lt;td&gt;Zone / Datum&lt;/td&gt;&lt;td&gt;UTM 45N / WGS84&lt;/td&gt;&lt;/tr&gt;&lt;/table&gt;</desc></wpt>
<wpt lat="0.00021247" lon="82.51201421"><ele>0.000</ele><name>BD131</name><desc>&lt;table border=&quot;1&quot; cellpadding=&quot;4&quot; cellspacing=&quot;0&quot; style=&quot;border-collapse:collapse;font-family:Arial;font-size:12px&quot;&gt;&lt;tr&gt;&lt;th align=&quot;left&quot;&gt;Parameter&lt;/th&gt;&lt;th align=&quot;left&quot;&gt;Value&lt;/th&gt;&lt;/tr&gt;&lt;tr&gt;&lt;td&gt;Pillar&lt;/td&gt;&lt;td&gt;BD131&lt;/td&gt;&lt;/tr&gt;&lt;tr&gt;&lt;td&gt;Lease&lt;/td&gt;&lt;td&gt;Pakhar 109.507 Ha&lt;/td&gt;&lt;/tr&gt;&lt;tr&gt;&lt;td&gt;Latitude&lt;/td&gt;&lt;td&gt;23.55719856&lt;/td&gt;&lt;/tr&gt;&lt;tr&gt;&lt;td&gt;Longitude&lt;/td&gt;&lt;td&gt;84.61942554&lt;/td&gt;&lt;/tr&gt;&lt;tr&gt;&lt;td&gt;Easting (m)&lt;/td&gt;&lt;td&gt;257000.043&lt;/td&gt;&lt;/tr&gt;&lt;tr&gt;&lt;td&gt;Northing (m)&lt;/td&gt;&lt;td&gt;2607222.034&lt;/td&gt;&lt;/tr&gt;&lt;tr&gt;&lt;td&gt;Zone / Datum&lt;/td&gt;&lt;td&gt;UTM 45N / WGS84&lt;/td&gt;&lt;/tr&gt;&lt;/table&gt;</desc></wpt>
<wpt lat="0.00021247" lon="82.51201421"><ele>0.000</ele><name>BD132</name><desc>&lt;table border=&quot;1&quot; cellpadding=&quot;4&quot; cellspacing=&quot;0&quot; style=&quot;border-collapse:collapse;font-family:Arial;font-size:12px&quot;&gt;&lt;tr&gt;&lt;th align=&quot;left&quot;&gt;Parameter&lt;/th&gt;&lt;th align=&quot;left&quot;&gt;Value&lt;/th&gt;&lt;/tr&gt;&lt;tr&gt;&lt;td&gt;Pillar&lt;/td&gt;&lt;td&gt;BD132&lt;/td&gt;&lt;/tr&gt;&lt;tr&gt;&lt;td&gt;Lease&lt;/td&gt;&lt;td&gt;Pakhar 109.507 Ha&lt;/td&gt;&lt;/tr&gt;&lt;tr&gt;&lt;td&gt;Latitude&lt;/td&gt;&lt;td&gt;23.55751404&lt;/td&gt;&lt;/tr&gt;&lt;tr&gt;&lt;td&gt;Longitude&lt;/td&gt;&lt;td&gt;84.61907545&lt;/td&gt;&lt;/tr&gt;&lt;tr&gt;&lt;td&gt;Easting (m)&lt;/td&gt;&lt;td&gt;256964.874&lt;/td&gt;&lt;/tr&gt;&lt;tr&gt;&lt;td&gt;Northing (m)&lt;/td&gt;&lt;td&gt;2607257.575&lt;/td&gt;&lt;/tr&gt;&lt;tr&gt;&lt;td&gt;Zone / Datum&lt;/td&gt;&lt;td&gt;UTM 45N / WGS84&lt;/td&gt;&lt;/tr&gt;&lt;/table&gt;</desc></wpt>
<wpt lat="0.00021248" lon="82.51201420"><ele>0.000</ele><name>BD133</name><desc>&lt;table border=&quot;1&quot; cellpadding=&quot;4&quot; cellspacing=&quot;0&quot; style=&quot;border-collapse:collapse;font-family:Arial;font-size:12px&quot;&gt;&lt;tr&gt;&lt;th align=&quot;left&quot;&gt;Parameter&lt;/th&gt;&lt;th align=&quot;left&quot;&gt;Value&lt;/th&gt;&lt;/tr&gt;&lt;tr&gt;&lt;td&gt;Pillar&lt;/td&gt;&lt;td&gt;BD133&lt;/td&gt;&lt;/tr&gt;&lt;tr&gt;&lt;td&gt;Lease&lt;/td&gt;&lt;td&gt;Pakhar 109.507 Ha&lt;/td&gt;&lt;/tr&gt;&lt;tr&gt;&lt;td&gt;Latitude&lt;/td&gt;&lt;td&gt;23.55782953&lt;/td&gt;&lt;/tr&gt;&lt;tr&gt;&lt;td&gt;Longitude&lt;/td&gt;&lt;td&gt;84.61872536&lt;/td&gt;&lt;/tr&gt;&lt;tr&gt;&lt;td&gt;Easting (m)&lt;/td&gt;&lt;td&gt;256929.705&lt;/td&gt;&lt;/tr&gt;&lt;tr&gt;&lt;td&gt;Northing (m)&lt;/td&gt;&lt;td&gt;2607293.116&lt;/td&gt;&lt;/tr&gt;&lt;tr&gt;&lt;td&gt;Zone / Datum&lt;/td&gt;&lt;td&gt;UTM 45N / WGS84&lt;/td&gt;&lt;/tr&gt;&lt;/table&gt;</desc></wpt>
<wpt lat="0.00021248" lon="82.51201420"><ele>0.000</ele><name>BD134</name><desc>&lt;table border=&quot;1&quot; cellpadding=&quot;4&quot; cellspacing=&quot;0&quot; style=&quot;border-collapse:collapse;font-family:Arial;font-size:12px&quot;&gt;&lt;tr&gt;&lt;th align=&quot;left&quot;&gt;Parameter&lt;/th&gt;&lt;th align=&quot;left&quot;&gt;Value&lt;/th&gt;&lt;/tr&gt;&lt;tr&gt;&lt;td&gt;Pillar&lt;/td&gt;&lt;td&gt;BD134&lt;/td&gt;&lt;/tr&gt;&lt;tr&gt;&lt;td&gt;Lease&lt;/td&gt;&lt;td&gt;Pakhar 109.507 Ha&lt;/td&gt;&lt;/tr&gt;&lt;tr&gt;&lt;td&gt;Latitude&lt;/td&gt;&lt;td&gt;23.55814501&lt;/td&gt;&lt;/tr&gt;&lt;tr&gt;&lt;td&gt;Longitude&lt;/td&gt;&lt;td&gt;84.61837527&lt;/td&gt;&lt;/tr&gt;&lt;tr&gt;&lt;td&gt;Easting (m)&lt;/td&gt;&lt;td&gt;256894.536&lt;/td&gt;&lt;/tr&gt;&lt;tr&gt;&lt;td&gt;Northing (m)&lt;/td&gt;&lt;td&gt;2607328.657&lt;/td&gt;&lt;/tr&gt;&lt;tr&gt;&lt;td&gt;Zone / Datum&lt;/td&gt;&lt;td&gt;UTM 45N / WGS84&lt;/td&gt;&lt;/tr&gt;&lt;/table&gt;</desc></wpt>
<wpt lat="0.00021248" lon="82.51201420"><ele>0.000</ele><name>BD135</name><desc>&lt;table border=&quot;1&quot; cellpadding=&quot;4&quot; cellspacing=&quot;0&quot; style=&quot;border-collapse:collapse;font-family:Arial;font-size:12px&quot;&gt;&lt;tr&gt;&lt;th align=&quot;left&quot;&gt;Parameter&lt;/th&gt;&lt;th align=&quot;left&quot;&gt;Value&lt;/th&gt;&lt;/tr&gt;&lt;tr&gt;&lt;td&gt;Pillar&lt;/td&gt;&lt;td&gt;BD135&lt;/td&gt;&lt;/tr&gt;&lt;tr&gt;&lt;td&gt;Lease&lt;/td&gt;&lt;td&gt;Pakhar 109.507 Ha&lt;/td&gt;&lt;/tr&gt;&lt;tr&gt;&lt;td&gt;Latitude&lt;/td&gt;&lt;td&gt;23.55764898&lt;/td&gt;&lt;/tr&gt;&lt;tr&gt;&lt;td&gt;Longitude&lt;/td&gt;&lt;td&gt;84.61820559&lt;/td&gt;&lt;/tr&gt;&lt;tr&gt;&lt;td&gt;Easting (m)&lt;/td&gt;&lt;td&gt;256876.296&lt;/td&gt;&lt;/tr&gt;&lt;tr&gt;&lt;td&gt;Northing (m)&lt;/td&gt;&lt;td&gt;2607273.999&lt;/td&gt;&lt;/tr&gt;&lt;tr&gt;&lt;td&gt;Zone / Datum&lt;/td&gt;&lt;td&gt;UTM 45N / WGS84&lt;/td&gt;&lt;/tr&gt;&lt;/table&gt;</desc></wpt>
<wpt lat="0.00021247" lon="82.51201420"><ele>0.000</ele><name>BD136</name><desc>&lt;table border=&quot;1&quot; cellpadding=&quot;4&quot; cellspacing=&quot;0&quot; style=&quot;border-collapse:collapse;font-family:Arial;font-size:12px&quot;&gt;&lt;tr&gt;&lt;th align=&quot;left&quot;&gt;Parameter&lt;/th&gt;&lt;th align=&quot;left&quot;&gt;Value&lt;/th&gt;&lt;/tr&gt;&lt;tr&gt;&lt;td&gt;Pillar&lt;/td&gt;&lt;td&gt;BD136&lt;/td&gt;&lt;/tr&gt;&lt;tr&gt;&lt;td&gt;Lease&lt;/td&gt;&lt;td&gt;Pakhar 109.507 Ha&lt;/td&gt;&lt;/tr&gt;&lt;tr&gt;&lt;td&gt;Latitude&lt;/td&gt;&lt;td&gt;23.55721856&lt;/td&gt;&lt;/tr&gt;&lt;tr&gt;&lt;td&gt;Longitude&lt;/td&gt;&lt;td&gt;84.61805836&lt;/td&gt;&lt;/tr&gt;&lt;tr&gt;&lt;td&gt;Easting (m)&lt;/td&gt;&lt;td&gt;256860.468&lt;/td&gt;&lt;/tr&gt;&lt;tr&gt;&lt;td&gt;Northing (m)&lt;/td&gt;&lt;td&gt;2607226.570&lt;/td&gt;&lt;/tr&gt;&lt;tr&gt;&lt;td&gt;Zone / Datum&lt;/td&gt;&lt;td&gt;UTM 45N / WGS84&lt;/td&gt;&lt;/tr&gt;&lt;/table&gt;</desc></wpt>
<wpt lat="0.00021247" lon="82.51201419"><ele>0.000</ele><name>BD137</name><desc>&lt;table border=&quot;1&quot; cellpadding=&quot;4&quot; cellspacing=&quot;0&quot; style=&quot;border-collapse:collapse;font-family:Arial;font-size:12px&quot;&gt;&lt;tr&gt;&lt;th align=&quot;left&quot;&gt;Parameter&lt;/th&gt;&lt;th align=&quot;left&quot;&gt;Value&lt;/th&gt;&lt;/tr&gt;&lt;tr&gt;&lt;td&gt;Pillar&lt;/td&gt;&lt;td&gt;BD137&lt;/td&gt;&lt;/tr&gt;&lt;tr&gt;&lt;td&gt;Lease&lt;/td&gt;&lt;td&gt;Pakhar 109.507 Ha&lt;/td&gt;&lt;/tr&gt;&lt;tr&gt;&lt;td&gt;Latitude&lt;/td&gt;&lt;td&gt;23.55678815&lt;/td&gt;&lt;/tr&gt;&lt;tr&gt;&lt;td&gt;Longitude&lt;/td&gt;&lt;td&gt;84.61791112&lt;/td&gt;&lt;/tr&gt;&lt;tr&gt;&lt;td&gt;Easting (m)&lt;/td&gt;&lt;td&gt;256844.640&lt;/td&gt;&lt;/tr&gt;&lt;tr&gt;&lt;td&gt;Northing (m)&lt;/td&gt;&lt;td&gt;2607179.142&lt;/td&gt;&lt;/tr&gt;&lt;tr&gt;&lt;td&gt;Zone / Datum&lt;/td&gt;&lt;td&gt;UTM 45N / WGS84&lt;/td&gt;&lt;/tr&gt;&lt;/table&gt;</desc></wpt>
<wpt lat="0.00021246" lon="82.51201419"><ele>0.000</ele><name>BD138</name><desc>&lt;table border=&quot;1&quot; cellpadding=&quot;4&quot; cellspacing=&quot;0&quot; style=&quot;border-collapse:collapse;font-family:Arial;font-size:12px&quot;&gt;&lt;tr&gt;&lt;th align=&quot;left&quot;&gt;Parameter&lt;/th&gt;&lt;th align=&quot;left&quot;&gt;Value&lt;/th&gt;&lt;/tr&gt;&lt;tr&gt;&lt;td&gt;Pillar&lt;/td&gt;&lt;td&gt;BD138&lt;/td&gt;&lt;/tr&gt;&lt;tr&gt;&lt;td&gt;Lease&lt;/td&gt;&lt;td&gt;Pakhar 109.507 Ha&lt;/td&gt;&lt;/tr&gt;&lt;tr&gt;&lt;td&gt;Latitude&lt;/td&gt;&lt;td&gt;23.55635773&lt;/td&gt;&lt;/tr&gt;&lt;tr&gt;&lt;td&gt;Longitude&lt;/td&gt;&lt;td&gt;84.61776388&lt;/td&gt;&lt;/tr&gt;&lt;tr&gt;&lt;td&gt;Easting (m)&lt;/td&gt;&lt;td&gt;256828.812&lt;/td&gt;&lt;/tr&gt;&lt;tr&gt;&lt;td&gt;Northing (m)&lt;/td&gt;&lt;td&gt;2607131.713&lt;/td&gt;&lt;/tr&gt;&lt;tr&gt;&lt;td&gt;Zone / Datum&lt;/td&gt;&lt;td&gt;UTM 45N / WGS84&lt;/td&gt;&lt;/tr&gt;&lt;/table&gt;</desc></wpt>
<wpt lat="0.00021246" lon="82.51201419"><ele>0.000</ele><name>BD139</name><desc>&lt;table border=&quot;1&quot; cellpadding=&quot;4&quot; cellspacing=&quot;0&quot; style=&quot;border-collapse:collapse;font-family:Arial;font-size:12px&quot;&gt;&lt;tr&gt;&lt;th align=&quot;left&quot;&gt;Parameter&lt;/th&gt;&lt;th align=&quot;left&quot;&gt;Value&lt;/th&gt;&lt;/tr&gt;&lt;tr&gt;&lt;td&gt;Pillar&lt;/td&gt;&lt;td&gt;BD139&lt;/td&gt;&lt;/tr&gt;&lt;tr&gt;&lt;td&gt;Lease&lt;/td&gt;&lt;td&gt;Pakhar 109.507 Ha&lt;/td&gt;&lt;/tr&gt;&lt;tr&gt;&lt;td&gt;Latitude&lt;/td&gt;&lt;td&gt;23.55592731&lt;/td&gt;&lt;/tr&gt;&lt;tr&gt;&lt;td&gt;Longitude&lt;/td&gt;&lt;td&gt;84.61761665&lt;/td&gt;&lt;/tr&gt;&lt;tr&gt;&lt;td&gt;Easting (m)&lt;/td&gt;&lt;td&gt;256812.984&lt;/td&gt;&lt;/tr&gt;&lt;tr&gt;&lt;td&gt;Northing (m)&lt;/td&gt;&lt;td&gt;2607084.284&lt;/td&gt;&lt;/tr&gt;&lt;tr&gt;&lt;td&gt;Zone / Datum&lt;/td&gt;&lt;td&gt;UTM 45N / WGS84&lt;/td&gt;&lt;/tr&gt;&lt;/table&gt;</desc></wpt>
<wpt lat="0.00021246" lon="82.51201419"><ele>0.000</ele><name>BD140</name><desc>&lt;table border=&quot;1&quot; cellpadding=&quot;4&quot; cellspacing=&quot;0&quot; style=&quot;border-collapse:collapse;font-family:Arial;font-size:12px&quot;&gt;&lt;tr&gt;&lt;th align=&quot;left&quot;&gt;Parameter&lt;/th&gt;&lt;th align=&quot;left&quot;&gt;Value&lt;/th&gt;&lt;/tr&gt;&lt;tr&gt;&lt;td&gt;Pillar&lt;/td&gt;&lt;td&gt;BD140&lt;/td&gt;&lt;/tr&gt;&lt;tr&gt;&lt;td&gt;Lease&lt;/td&gt;&lt;td&gt;Pakhar 109.507 Ha&lt;/td&gt;&lt;/tr&gt;&lt;tr&gt;&lt;td&gt;Latitude&lt;/td&gt;&lt;td&gt;23.55549690&lt;/td&gt;&lt;/tr&gt;&lt;tr&gt;&lt;td&gt;Longitude&lt;/td&gt;&lt;td&gt;84.61746941&lt;/td&gt;&lt;/tr&gt;&lt;tr&gt;&lt;td&gt;Easting (m)&lt;/td&gt;&lt;td&gt;256797.156&lt;/td&gt;&lt;/tr&gt;&lt;tr&gt;&lt;td&gt;Northing (m)&lt;/td&gt;&lt;td&gt;2607036.856&lt;/td&gt;&lt;/tr&gt;&lt;tr&gt;&lt;td&gt;Zone / Datum&lt;/td&gt;&lt;td&gt;UTM 45N / WGS84&lt;/td&gt;&lt;/tr&gt;&lt;/table&gt;</desc></wpt>
<wpt lat="0.00021245" lon="82.51201419"><ele>0.000</ele><name>BD141</name><desc>&lt;table border=&quot;1&quot; cellpadding=&quot;4&quot; cellspacing=&quot;0&quot; style=&quot;border-collapse:collapse;font-family:Arial;font-size:12px&quot;&gt;&lt;tr&gt;&lt;th align=&quot;left&quot;&gt;Parameter&lt;/th&gt;&lt;th align=&quot;left&quot;&gt;Value&lt;/th&gt;&lt;/tr&gt;&lt;tr&gt;&lt;td&gt;Pillar&lt;/td&gt;&lt;td&gt;BD141&lt;/td&gt;&lt;/tr&gt;&lt;tr&gt;&lt;td&gt;Lease&lt;/td&gt;&lt;td&gt;Pakhar 109.507 Ha&lt;/td&gt;&lt;/tr&gt;&lt;tr&gt;&lt;td&gt;Latitude&lt;/td&gt;&lt;td&gt;23.55506648&lt;/td&gt;&lt;/tr&gt;&lt;tr&gt;&lt;td&gt;Longitude&lt;/td&gt;&lt;td&gt;84.61732218&lt;/td&gt;&lt;/tr&gt;&lt;tr&gt;&lt;td&gt;Easting (m)&lt;/td&gt;&lt;td&gt;256781.328&lt;/td&gt;&lt;/tr&gt;&lt;tr&gt;&lt;td&gt;Northing (m)&lt;/td&gt;&lt;td&gt;2606989.427&lt;/td&gt;&lt;/tr&gt;&lt;tr&gt;&lt;td&gt;Zone / Datum&lt;/td&gt;&lt;td&gt;UTM 45N / WGS84&lt;/td&gt;&lt;/tr&gt;&lt;/table&gt;</desc></wpt>
<wpt lat="0.00021245" lon="82.51201419"><ele>0.000</ele><name>BD142</name><desc>&lt;table border=&quot;1&quot; cellpadding=&quot;4&quot; cellspacing=&quot;0&quot; style=&quot;border-collapse:collapse;font-family:Arial;font-size:12px&quot;&gt;&lt;tr&gt;&lt;th align=&quot;left&quot;&gt;Parameter&lt;/th&gt;&lt;th align=&quot;left&quot;&gt;Value&lt;/th&gt;&lt;/tr&gt;&lt;tr&gt;&lt;td&gt;Pillar&lt;/td&gt;&lt;td&gt;BD142&lt;/td&gt;&lt;/tr&gt;&lt;tr&gt;&lt;td&gt;Lease&lt;/td&gt;&lt;td&gt;Pakhar 109.507 Ha&lt;/td&gt;&lt;/tr&gt;&lt;tr&gt;&lt;td&gt;Latitude&lt;/td&gt;&lt;td&gt;23.55463607&lt;/td&gt;&lt;/tr&gt;&lt;tr&gt;&lt;td&gt;Longitude&lt;/td&gt;&lt;td&gt;84.61717495&lt;/td&gt;&lt;/tr&gt;&lt;tr&gt;&lt;td&gt;Easting (m)&lt;/td&gt;&lt;td&gt;256765.500&lt;/td&gt;&lt;/tr&gt;&lt;tr&gt;&lt;td&gt;Northing (m)&lt;/td&gt;&lt;td&gt;2606941.999&lt;/td&gt;&lt;/tr&gt;&lt;tr&gt;&lt;td&gt;Zone / Datum&lt;/td&gt;&lt;td&gt;UTM 45N / WGS84&lt;/td&gt;&lt;/tr&gt;&lt;/table&gt;</desc></wpt>
<wpt lat="0.00021244" lon="82.51201419"><ele>0.000</ele><name>BD143</name><desc>&lt;table border=&quot;1&quot; cellpadding=&quot;4&quot; cellspacing=&quot;0&quot; style=&quot;border-collapse:collapse;font-family:Arial;font-size:12px&quot;&gt;&lt;tr&gt;&lt;th align=&quot;left&quot;&gt;Parameter&lt;/th&gt;&lt;th align=&quot;left&quot;&gt;Value&lt;/th&gt;&lt;/tr&gt;&lt;tr&gt;&lt;td&gt;Pillar&lt;/td&gt;&lt;td&gt;BD143&lt;/td&gt;&lt;/tr&gt;&lt;tr&gt;&lt;td&gt;Lease&lt;/td&gt;&lt;td&gt;Pakhar 109.507 Ha&lt;/td&gt;&lt;/tr&gt;&lt;tr&gt;&lt;td&gt;Latitude&lt;/td&gt;&lt;td&gt;23.55420565&lt;/td&gt;&lt;/tr&gt;&lt;tr&gt;&lt;td&gt;Longitude&lt;/td&gt;&lt;td&gt;84.61702772&lt;/td&gt;&lt;/tr&gt;&lt;tr&gt;&lt;td&gt;Easting (m)&lt;/td&gt;&lt;td&gt;256749.672&lt;/td&gt;&lt;/tr&gt;&lt;tr&gt;&lt;td&gt;Northing (m)&lt;/td&gt;&lt;td&gt;2606894.570&lt;/td&gt;&lt;/tr&gt;&lt;tr&gt;&lt;td&gt;Zone / Datum&lt;/td&gt;&lt;td&gt;UTM 45N / WGS84&lt;/td&gt;&lt;/tr&gt;&lt;/table&gt;</desc></wpt>
<wpt lat="0.00021244" lon="82.51201419"><ele>0.000</ele><name>BD144</name><desc>&lt;table border=&quot;1&quot; cellpadding=&quot;4&quot; cellspacing=&quot;0&quot; style=&quot;border-collapse:collapse;font-family:Arial;font-size:12px&quot;&gt;&lt;tr&gt;&lt;th align=&quot;left&quot;&gt;Parameter&lt;/th&gt;&lt;th align=&quot;left&quot;&gt;Value&lt;/th&gt;&lt;/tr&gt;&lt;tr&gt;&lt;td&gt;Pillar&lt;/td&gt;&lt;td&gt;BD144&lt;/td&gt;&lt;/tr&gt;&lt;tr&gt;&lt;td&gt;Lease&lt;/td&gt;&lt;td&gt;Pakhar 109.507 Ha&lt;/td&gt;&lt;/tr&gt;&lt;tr&gt;&lt;td&gt;Latitude&lt;/td&gt;&lt;td&gt;23.55377523&lt;/td&gt;&lt;/tr&gt;&lt;tr&gt;&lt;td&gt;Longitude&lt;/td&gt;&lt;td&gt;84.61688048&lt;/td&gt;&lt;/tr&gt;&lt;tr&gt;&lt;td&gt;Easting (m)&lt;/td&gt;&lt;td&gt;256733.844&lt;/td&gt;&lt;/tr&gt;&lt;tr&gt;&lt;td&gt;Northing (m)&lt;/td&gt;&lt;td&gt;2606847.141&lt;/td&gt;&lt;/tr&gt;&lt;tr&gt;&lt;td&gt;Zone / Datum&lt;/td&gt;&lt;td&gt;UTM 45N / WGS84&lt;/td&gt;&lt;/tr&gt;&lt;/table&gt;</desc></wpt>
<wpt lat="0.00021244" lon="82.51201418"><ele>0.000</ele><name>BD145</name><desc>&lt;table border=&quot;1&quot; cellpadding=&quot;4&quot; cellspacing=&quot;0&quot; style=&quot;border-collapse:collapse;font-family:Arial;font-size:12px&quot;&gt;&lt;tr&gt;&lt;th align=&quot;left&quot;&gt;Parameter&lt;/th&gt;&lt;th align=&quot;left&quot;&gt;Value&lt;/th&gt;&lt;/tr&gt;&lt;tr&gt;&lt;td&gt;Pillar&lt;/td&gt;&lt;td&gt;BD145&lt;/td&gt;&lt;/tr&gt;&lt;tr&gt;&lt;td&gt;Lease&lt;/td&gt;&lt;td&gt;Pakhar 109.507 Ha&lt;/td&gt;&lt;/tr&gt;&lt;tr&gt;&lt;td&gt;Latitude&lt;/td&gt;&lt;td&gt;23.55334482&lt;/td&gt;&lt;/tr&gt;&lt;tr&gt;&lt;td&gt;Longitude&lt;/td&gt;&lt;td&gt;84.61673325&lt;/td&gt;&lt;/tr&gt;&lt;tr&gt;&lt;td&gt;Easting (m)&lt;/td&gt;&lt;td&gt;256718.016&lt;/td&gt;&lt;/tr&gt;&lt;tr&gt;&lt;td&gt;Northing (m)&lt;/td&gt;&lt;td&gt;2606799.713&lt;/td&gt;&lt;/tr&gt;&lt;tr&gt;&lt;td&gt;Zone / Datum&lt;/td&gt;&lt;td&gt;UTM 45N / WGS84&lt;/td&gt;&lt;/tr&gt;&lt;/table&gt;</desc></wpt>
<wpt lat="0.00021243" lon="82.51201418"><ele>0.000</ele><name>BD146</name><desc>&lt;table border=&quot;1&quot; cellpadding=&quot;4&quot; cellspacing=&quot;0&quot; style=&quot;border-collapse:collapse;font-family:Arial;font-size:12px&quot;&gt;&lt;tr&gt;&lt;th align=&quot;left&quot;&gt;Parameter&lt;/th&gt;&lt;th align=&quot;left&quot;&gt;Value&lt;/th&gt;&lt;/tr&gt;&lt;tr&gt;&lt;td&gt;Pillar&lt;/td&gt;&lt;td&gt;BD146&lt;/td&gt;&lt;/tr&gt;&lt;tr&gt;&lt;td&gt;Lease&lt;/td&gt;&lt;td&gt;Pakhar 109.507 Ha&lt;/td&gt;&lt;/tr&gt;&lt;tr&gt;&lt;td&gt;Latitude&lt;/td&gt;&lt;td&gt;23.55291440&lt;/td&gt;&lt;/tr&gt;&lt;tr&gt;&lt;td&gt;Longitude&lt;/td&gt;&lt;td&gt;84.61658603&lt;/td&gt;&lt;/tr&gt;&lt;tr&gt;&lt;td&gt;Easting (m)&lt;/td&gt;&lt;td&gt;256702.188&lt;/td&gt;&lt;/tr&gt;&lt;tr&gt;&lt;td&gt;Northing (m)&lt;/td&gt;&lt;td&gt;2606752.284&lt;/td&gt;&lt;/tr&gt;&lt;tr&gt;&lt;td&gt;Zone / Datum&lt;/td&gt;&lt;td&gt;UTM 45N / WGS84&lt;/td&gt;&lt;/tr&gt;&lt;/table&gt;</desc></wpt>
<wpt lat="0.00021243" lon="82.51201418"><ele>0.000</ele><name>BD147</name><desc>&lt;table border=&quot;1&quot; cellpadding=&quot;4&quot; cellspacing=&quot;0&quot; style=&quot;border-collapse:collapse;font-family:Arial;font-size:12px&quot;&gt;&lt;tr&gt;&lt;th align=&quot;left&quot;&gt;Parameter&lt;/th&gt;&lt;th align=&quot;left&quot;&gt;Value&lt;/th&gt;&lt;/tr&gt;&lt;tr&gt;&lt;td&gt;Pillar&lt;/td&gt;&lt;td&gt;BD147&lt;/td&gt;&lt;/tr&gt;&lt;tr&gt;&lt;td&gt;Lease&lt;/td&gt;&lt;td&gt;Pakhar 109.507 Ha&lt;/td&gt;&lt;/tr&gt;&lt;tr&gt;&lt;td&gt;Latitude&lt;/td&gt;&lt;td&gt;23.55279216&lt;/td&gt;&lt;/tr&gt;&lt;tr&gt;&lt;td&gt;Longitude&lt;/td&gt;&lt;td&gt;84.61654422&lt;/td&gt;&lt;/tr&gt;&lt;tr&gt;&lt;td&gt;Easting (m)&lt;/td&gt;&lt;td&gt;256697.694&lt;/td&gt;&lt;/tr&gt;&lt;tr&gt;&lt;td&gt;Northing (m)&lt;/td&gt;&lt;td&gt;2606738.815&lt;/td&gt;&lt;/tr&gt;&lt;tr&gt;&lt;td&gt;Zone / Datum&lt;/td&gt;&lt;td&gt;UTM 45N / WGS84&lt;/td&gt;&lt;/tr&gt;&lt;/table&gt;</desc></wpt>
<wpt lat="0.00021243" lon="82.51201418"><ele>0.000</ele><name>BD148</name><desc>&lt;table border=&quot;1&quot; cellpadding=&quot;4&quot; cellspacing=&quot;0&quot; style=&quot;border-collapse:collapse;font-family:Arial;font-size:12px&quot;&gt;&lt;tr&gt;&lt;th align=&quot;left&quot;&gt;Parameter&lt;/th&gt;&lt;th align=&quot;left&quot;&gt;Value&lt;/th&gt;&lt;/tr&gt;&lt;tr&gt;&lt;td&gt;Pillar&lt;/td&gt;&lt;td&gt;BD148&lt;/td&gt;&lt;/tr&gt;&lt;tr&gt;&lt;td&gt;Lease&lt;/td&gt;&lt;td&gt;Pakhar 109.507 Ha&lt;/td&gt;&lt;/tr&gt;&lt;tr&gt;&lt;td&gt;Latitude&lt;/td&gt;&lt;td&gt;23.55289620&lt;/td&gt;&lt;/tr&gt;&lt;tr&gt;&lt;td&gt;Longitude&lt;/td&gt;&lt;td&gt;84.61606786&lt;/td&gt;&lt;/tr&gt;&lt;tr&gt;&lt;td&gt;Easting (m)&lt;/td&gt;&lt;td&gt;256649.239&lt;/td&gt;&lt;/tr&gt;&lt;tr&gt;&lt;td&gt;Northing (m)&lt;/td&gt;&lt;td&gt;2606751.148&lt;/td&gt;&lt;/tr&gt;&lt;tr&gt;&lt;td&gt;Zone / Datum&lt;/td&gt;&lt;td&gt;UTM 45N / WGS84&lt;/td&gt;&lt;/tr&gt;&lt;/table&gt;</desc></wpt>
<wpt lat="0.00021243" lon="82.51201417"><ele>0.000</ele><name>BD149</name><desc>&lt;table border=&quot;1&quot; cellpadding=&quot;4&quot; cellspacing=&quot;0&quot; style=&quot;border-collapse:collapse;font-family:Arial;font-size:12px&quot;&gt;&lt;tr&gt;&lt;th align=&quot;left&quot;&gt;Parameter&lt;/th&gt;&lt;th align=&quot;left&quot;&gt;Value&lt;/th&gt;&lt;/tr&gt;&lt;tr&gt;&lt;td&gt;Pillar&lt;/td&gt;&lt;td&gt;BD149&lt;/td&gt;&lt;/tr&gt;&lt;tr&gt;&lt;td&gt;Lease&lt;/td&gt;&lt;td&gt;Pakhar 109.507 Ha&lt;/td&gt;&lt;/tr&gt;&lt;tr&gt;&lt;td&gt;Latitude&lt;/td&gt;&lt;td&gt;23.55299856&lt;/td&gt;&lt;/tr&gt;&lt;tr&gt;&lt;td&gt;Longitude&lt;/td&gt;&lt;td&gt;84.61559849&lt;/td&gt;&lt;/tr&gt;&lt;tr&gt;&lt;td&gt;Easting (m)&lt;/td&gt;&lt;td&gt;256601.496&lt;/td&gt;&lt;/tr&gt;&lt;tr&gt;&lt;td&gt;Northing (m)&lt;/td&gt;&lt;td&gt;2606763.285&lt;/td&gt;&lt;/tr&gt;&lt;tr&gt;&lt;td&gt;Zone / Datum&lt;/td&gt;&lt;td&gt;UTM 45N / WGS84&lt;/td&gt;&lt;/tr&gt;&lt;/table&gt;</desc></wpt>
<wpt lat="0.00021244" lon="82.51201417"><ele>0.000</ele><name>BD150</name><desc>&lt;table border=&quot;1&quot; cellpadding=&quot;4&quot; cellspacing=&quot;0&quot; style=&quot;border-collapse:collapse;font-family:Arial;font-size:12px&quot;&gt;&lt;tr&gt;&lt;th align=&quot;left&quot;&gt;Parameter&lt;/th&gt;&lt;th align=&quot;left&quot;&gt;Value&lt;/th&gt;&lt;/tr&gt;&lt;tr&gt;&lt;td&gt;Pillar&lt;/td&gt;&lt;td&gt;BD150&lt;/td&gt;&lt;/tr&gt;&lt;tr&gt;&lt;td&gt;Lease&lt;/td&gt;&lt;td&gt;Pakhar 109.507 Ha&lt;/td&gt;&lt;/tr&gt;&lt;tr&gt;&lt;td&gt;Latitude&lt;/td&gt;&lt;td&gt;23.55323949&lt;/td&gt;&lt;/tr&gt;&lt;tr&gt;&lt;td&gt;Longitude&lt;/td&gt;&lt;td&gt;84.61520886&lt;/td&gt;&lt;/tr&gt;&lt;tr&gt;&lt;td&gt;Easting (m)&lt;/td&gt;&lt;td&gt;256562.151&lt;/td&gt;&lt;/tr&gt;&lt;tr&gt;&lt;td&gt;Northing (m)&lt;/td&gt;&lt;td&gt;2606790.635&lt;/td&gt;&lt;/tr&gt;&lt;tr&gt;&lt;td&gt;Zone / Datum&lt;/td&gt;&lt;td&gt;UTM 45N / WGS84&lt;/td&gt;&lt;/tr&gt;&lt;/table&gt;</desc></wpt>
<wpt lat="0.00021244" lon="82.51201417"><ele>0.000</ele><name>BD151</name><desc>&lt;table border=&quot;1&quot; cellpadding=&quot;4&quot; cellspacing=&quot;0&quot; style=&quot;border-collapse:collapse;font-family:Arial;font-size:12px&quot;&gt;&lt;tr&gt;&lt;th align=&quot;left&quot;&gt;Parameter&lt;/th&gt;&lt;th align=&quot;left&quot;&gt;Value&lt;/th&gt;&lt;/tr&gt;&lt;tr&gt;&lt;td&gt;Pillar&lt;/td&gt;&lt;td&gt;BD151&lt;/td&gt;&lt;/tr&gt;&lt;tr&gt;&lt;td&gt;Lease&lt;/td&gt;&lt;td&gt;Pakhar 109.507 Ha&lt;/td&gt;&lt;/tr&gt;&lt;tr&gt;&lt;td&gt;Latitude&lt;/td&gt;&lt;td&gt;23.55365697&lt;/td&gt;&lt;/tr&gt;&lt;tr&gt;&lt;td&gt;Longitude&lt;/td&gt;&lt;td&gt;84.61539481&lt;/td&gt;&lt;/tr&gt;&lt;tr&gt;&lt;td&gt;Easting (m)&lt;/td&gt;&lt;td&gt;256581.910&lt;/td&gt;&lt;/tr&gt;&lt;tr&gt;&lt;td&gt;Northing (m)&lt;/td&gt;&lt;td&gt;2606836.565&lt;/td&gt;&lt;/tr&gt;&lt;tr&gt;&lt;td&gt;Zone / Datum&lt;/td&gt;&lt;td&gt;UTM 45N / WGS84&lt;/td&gt;&lt;/tr&gt;&lt;/table&gt;</desc></wpt>
<wpt lat="0.00021244" lon="82.51201417"><ele>0.000</ele><name>BD152</name><desc>&lt;table border=&quot;1&quot; cellpadding=&quot;4&quot; cellspacing=&quot;0&quot; style=&quot;border-collapse:collapse;font-family:Arial;font-size:12px&quot;&gt;&lt;tr&gt;&lt;th align=&quot;left&quot;&gt;Parameter&lt;/th&gt;&lt;th align=&quot;left&quot;&gt;Value&lt;/th&gt;&lt;/tr&gt;&lt;tr&gt;&lt;td&gt;Pillar&lt;/td&gt;&lt;td&gt;BD152&lt;/td&gt;&lt;/tr&gt;&lt;tr&gt;&lt;td&gt;Lease&lt;/td&gt;&lt;td&gt;Pakhar 109.507 Ha&lt;/td&gt;&lt;/tr&gt;&lt;tr&gt;&lt;td&gt;Latitude&lt;/td&gt;&lt;td&gt;23.55387599&lt;/td&gt;&lt;/tr&gt;&lt;tr&gt;&lt;td&gt;Longitude&lt;/td&gt;&lt;td&gt;84.61545870&lt;/td&gt;&lt;/tr&gt;&lt;tr&gt;&lt;td&gt;Easting (m)&lt;/td&gt;&lt;td&gt;256588.838&lt;/td&gt;&lt;/tr&gt;&lt;tr&gt;&lt;td&gt;Northing (m)&lt;/td&gt;&lt;td&gt;2606860.718&lt;/td&gt;&lt;/tr&gt;&lt;tr&gt;&lt;td&gt;Zone / Datum&lt;/td&gt;&lt;td&gt;UTM 45N / WGS84&lt;/td&gt;&lt;/tr&gt;&lt;/table&gt;</desc></wpt>
<wpt lat="0.00021244" lon="82.51201418"><ele>0.000</ele><name>BD153</name><desc>&lt;table border=&quot;1&quot; cellpadding=&quot;4&quot; cellspacing=&quot;0&quot; style=&quot;border-collapse:collapse;font-family:Arial;font-size:12px&quot;&gt;&lt;tr&gt;&lt;th align=&quot;left&quot;&gt;Parameter&lt;/th&gt;&lt;th align=&quot;left&quot;&gt;Value&lt;/th&gt;&lt;/tr&gt;&lt;tr&gt;&lt;td&gt;Pillar&lt;/td&gt;&lt;td&gt;BD153&lt;/td&gt;&lt;/tr&gt;&lt;tr&gt;&lt;td&gt;Lease&lt;/td&gt;&lt;td&gt;Pakhar 109.507 Ha&lt;/td&gt;&lt;/tr&gt;&lt;tr&gt;&lt;td&gt;Latitude&lt;/td&gt;&lt;td&gt;23.55410859&lt;/td&gt;&lt;/tr&gt;&lt;tr&gt;&lt;td&gt;Longitude&lt;/td&gt;&lt;td&gt;84.61587823&lt;/td&gt;&lt;/tr&gt;&lt;tr&gt;&lt;td&gt;Easting (m)&lt;/td&gt;&lt;td&gt;256632.109&lt;/td&gt;&lt;/tr&gt;&lt;tr&gt;&lt;td&gt;Northing (m)&lt;/td&gt;&lt;td&gt;2606885.771&lt;/td&gt;&lt;/tr&gt;&lt;tr&gt;&lt;td&gt;Zone / Datum&lt;/td&gt;&lt;td&gt;UTM 45N / WGS84&lt;/td&gt;&lt;/tr&gt;&lt;/table&gt;</desc></wpt>
<wpt lat="0.00021245" lon="82.51201418"><ele>0.000</ele><name>BD154</name><desc>&lt;table border=&quot;1&quot; cellpadding=&quot;4&quot; cellspacing=&quot;0&quot; style=&quot;border-collapse:collapse;font-family:Arial;font-size:12px&quot;&gt;&lt;tr&gt;&lt;th align=&quot;left&quot;&gt;Parameter&lt;/th&gt;&lt;th align=&quot;left&quot;&gt;Value&lt;/th&gt;&lt;/tr&gt;&lt;tr&gt;&lt;td&gt;Pillar&lt;/td&gt;&lt;td&gt;BD154&lt;/td&gt;&lt;/tr&gt;&lt;tr&gt;&lt;td&gt;Lease&lt;/td&gt;&lt;td&gt;Pakhar 109.507 Ha&lt;/td&gt;&lt;/tr&gt;&lt;tr&gt;&lt;td&gt;Latitude&lt;/td&gt;&lt;td&gt;23.55443388&lt;/td&gt;&lt;/tr&gt;&lt;tr&gt;&lt;td&gt;Longitude&lt;/td&gt;&lt;td&gt;84.61621757&lt;/td&gt;&lt;/tr&gt;&lt;tr&gt;&lt;td&gt;Easting (m)&lt;/td&gt;&lt;td&gt;256667.361&lt;/td&gt;&lt;/tr&gt;&lt;tr&gt;&lt;td&gt;Northing (m)&lt;/td&gt;&lt;td&gt;2606921.228&lt;/td&gt;&lt;/tr&gt;&lt;tr&gt;&lt;td&gt;Zone / Datum&lt;/td&gt;&lt;td&gt;UTM 45N / WGS84&lt;/td&gt;&lt;/tr&gt;&lt;/table&gt;</desc></wpt>
<wpt lat="0.00021245" lon="82.51201418"><ele>0.000</ele><name>BD155</name><desc>&lt;table border=&quot;1&quot; cellpadding=&quot;4&quot; cellspacing=&quot;0&quot; style=&quot;border-collapse:collapse;font-family:Arial;font-size:12px&quot;&gt;&lt;tr&gt;&lt;th align=&quot;left&quot;&gt;Parameter&lt;/th&gt;&lt;th align=&quot;left&quot;&gt;Value&lt;/th&gt;&lt;/tr&gt;&lt;tr&gt;&lt;td&gt;Pillar&lt;/td&gt;&lt;td&gt;BD155&lt;/td&gt;&lt;/tr&gt;&lt;tr&gt;&lt;td&gt;Lease&lt;/td&gt;&lt;td&gt;Pakhar 109.507 Ha&lt;/td&gt;&lt;/tr&gt;&lt;tr&gt;&lt;td&gt;Latitude&lt;/td&gt;&lt;td&gt;23.55449703&lt;/td&gt;&lt;/tr&gt;&lt;tr&gt;&lt;td&gt;Longitude&lt;/td&gt;&lt;td&gt;84.61628318&lt;/td&gt;&lt;/tr&gt;&lt;tr&gt;&lt;td&gt;Easting (m)&lt;/td&gt;&lt;td&gt;256674.178&lt;/td&gt;&lt;/tr&gt;&lt;tr&gt;&lt;td&gt;Northing (m)&lt;/td&gt;&lt;td&gt;2606928.112&lt;/td&gt;&lt;/tr&gt;&lt;tr&gt;&lt;td&gt;Zone / Datum&lt;/td&gt;&lt;td&gt;UTM 45N / WGS84&lt;/td&gt;&lt;/tr&gt;&lt;/table&gt;</desc></wpt>
<wpt lat="0.00021245" lon="82.51201418"><ele>0.000</ele><name>BD156</name><desc>&lt;table border=&quot;1&quot; cellpadding=&quot;4&quot; cellspacing=&quot;0&quot; style=&quot;border-collapse:collapse;font-family:Arial;font-size:12px&quot;&gt;&lt;tr&gt;&lt;th align=&quot;left&quot;&gt;Parameter&lt;/th&gt;&lt;th align=&quot;left&quot;&gt;Value&lt;/th&gt;&lt;/tr&gt;&lt;tr&gt;&lt;td&gt;Pillar&lt;/td&gt;&lt;td&gt;BD156&lt;/td&gt;&lt;/tr&gt;&lt;tr&gt;&lt;td&gt;Lease&lt;/td&gt;&lt;td&gt;Pakhar 109.507 Ha&lt;/td&gt;&lt;/tr&gt;&lt;tr&gt;&lt;td&gt;Latitude&lt;/td&gt;&lt;td&gt;23.55441970&lt;/td&gt;&lt;/tr&gt;&lt;tr&gt;&lt;td&gt;Longitude&lt;/td&gt;&lt;td&gt;84.61638074&lt;/td&gt;&lt;/tr&gt;&lt;tr&gt;&lt;td&gt;Easting (m)&lt;/td&gt;&lt;td&gt;256683.998&lt;/td&gt;&lt;/tr&gt;&lt;tr&gt;&lt;td&gt;Northing (m)&lt;/td&gt;&lt;td&gt;2606919.380&lt;/td&gt;&lt;/tr&gt;&lt;tr&gt;&lt;td&gt;Zone / Datum&lt;/td&gt;&lt;td&gt;UTM 45N / WGS84&lt;/td&gt;&lt;/tr&gt;&lt;/table&gt;</desc></wpt>
<wpt lat="0.00021245" lon="82.51201418"><ele>0.000</ele><name>BD157</name><desc>&lt;table border=&quot;1&quot; cellpadding=&quot;4&quot; cellspacing=&quot;0&quot; style=&quot;border-collapse:collapse;font-family:Arial;font-size:12px&quot;&gt;&lt;tr&gt;&lt;th align=&quot;left&quot;&gt;Parameter&lt;/th&gt;&lt;th align=&quot;left&quot;&gt;Value&lt;/th&gt;&lt;/tr&gt;&lt;tr&gt;&lt;td&gt;Pillar&lt;/td&gt;&lt;td&gt;BD157&lt;/td&gt;&lt;/tr&gt;&lt;tr&gt;&lt;td&gt;Lease&lt;/td&gt;&lt;td&gt;Pakhar 109.507 Ha&lt;/td&gt;&lt;/tr&gt;&lt;tr&gt;&lt;td&gt;Latitude&lt;/td&gt;&lt;td&gt;23.55474806&lt;/td&gt;&lt;/tr&gt;&lt;tr&gt;&lt;td&gt;Longitude&lt;/td&gt;&lt;td&gt;84.61671386&lt;/td&gt;&lt;/tr&gt;&lt;tr&gt;&lt;td&gt;Easting (m)&lt;/td&gt;&lt;td&gt;256718.621&lt;/td&gt;&lt;/tr&gt;&lt;tr&gt;&lt;td&gt;Northing (m)&lt;/td&gt;&lt;td&gt;2606955.188&lt;/td&gt;&lt;/tr&gt;&lt;tr&gt;&lt;td&gt;Zone / Datum&lt;/td&gt;&lt;td&gt;UTM 45N / WGS84&lt;/td&gt;&lt;/tr&gt;&lt;/table&gt;</desc></wpt>
<wpt lat="0.00021245" lon="82.51201419"><ele>0.000</ele><name>BD158</name><desc>&lt;table border=&quot;1&quot; cellpadding=&quot;4&quot; cellspacing=&quot;0&quot; style=&quot;border-collapse:collapse;font-family:Arial;font-size:12px&quot;&gt;&lt;tr&gt;&lt;th align=&quot;left&quot;&gt;Parameter&lt;/th&gt;&lt;th align=&quot;left&quot;&gt;Value&lt;/th&gt;&lt;/tr&gt;&lt;tr&gt;&lt;td&gt;Pillar&lt;/td&gt;&lt;td&gt;BD158&lt;/td&gt;&lt;/tr&gt;&lt;tr&gt;&lt;td&gt;Lease&lt;/td&gt;&lt;td&gt;Pakhar 109.507 Ha&lt;/td&gt;&lt;/tr&gt;&lt;tr&gt;&lt;td&gt;Latitude&lt;/td&gt;&lt;td&gt;23.55467192&lt;/td&gt;&lt;/tr&gt;&lt;tr&gt;&lt;td&gt;Longitude&lt;/td&gt;&lt;td&gt;84.61684473&lt;/td&gt;&lt;/tr&gt;&lt;tr&gt;&lt;td&gt;Easting (m)&lt;/td&gt;&lt;td&gt;256731.845&lt;/td&gt;&lt;/tr&gt;&lt;tr&gt;&lt;td&gt;Northing (m)&lt;/td&gt;&lt;td&gt;2606946.531&lt;/td&gt;&lt;/tr&gt;&lt;tr&gt;&lt;td&gt;Zone / Datum&lt;/td&gt;&lt;td&gt;UTM 45N / WGS84&lt;/td&gt;&lt;/tr&gt;&lt;/table&gt;</desc></wpt>
<wpt lat="0.00021245" lon="82.51201419"><ele>0.000</ele><name>BD159</name><desc>&lt;table border=&quot;1&quot; cellpadding=&quot;4&quot; cellspacing=&quot;0&quot; style=&quot;border-collapse:collapse;font-family:Arial;font-size:12px&quot;&gt;&lt;tr&gt;&lt;th align=&quot;left&quot;&gt;Parameter&lt;/th&gt;&lt;th align=&quot;left&quot;&gt;Value&lt;/th&gt;&lt;/tr&gt;&lt;tr&gt;&lt;td&gt;Pillar&lt;/td&gt;&lt;td&gt;BD159&lt;/td&gt;&lt;/tr&gt;&lt;tr&gt;&lt;td&gt;Lease&lt;/td&gt;&lt;td&gt;Pakhar 109.507 Ha&lt;/td&gt;&lt;/tr&gt;&lt;tr&gt;&lt;td&gt;Latitude&lt;/td&gt;&lt;td&gt;23.55473617&lt;/td&gt;&lt;/tr&gt;&lt;tr&gt;&lt;td&gt;Longitude&lt;/td&gt;&lt;td&gt;84.61695775&lt;/td&gt;&lt;/tr&gt;&lt;tr&gt;&lt;td&gt;Easting (m)&lt;/td&gt;&lt;td&gt;256743.505&lt;/td&gt;&lt;/tr&gt;&lt;tr&gt;&lt;td&gt;Northing (m)&lt;/td&gt;&lt;td&gt;2606953.456&lt;/td&gt;&lt;/tr&gt;&lt;tr&gt;&lt;td&gt;Zone / Datum&lt;/td&gt;&lt;td&gt;UTM 45N / WGS84&lt;/td&gt;&lt;/tr&gt;&lt;/table&gt;</desc></wpt>
<wpt lat="0.00021245" lon="82.51201419"><ele>0.000</ele><name>BD160</name><desc>&lt;table border=&quot;1&quot; cellpadding=&quot;4&quot; cellspacing=&quot;0&quot; style=&quot;border-collapse:collapse;font-family:Arial;font-size:12px&quot;&gt;&lt;tr&gt;&lt;th align=&quot;left&quot;&gt;Parameter&lt;/th&gt;&lt;th align=&quot;left&quot;&gt;Value&lt;/th&gt;&lt;/tr&gt;&lt;tr&gt;&lt;td&gt;Pillar&lt;/td&gt;&lt;td&gt;BD160&lt;/td&gt;&lt;/tr&gt;&lt;tr&gt;&lt;td&gt;Lease&lt;/td&gt;&lt;td&gt;Pakhar 109.507 Ha&lt;/td&gt;&lt;/tr&gt;&lt;tr&gt;&lt;td&gt;Latitude&lt;/td&gt;&lt;td&gt;23.55488489&lt;/td&gt;&lt;/tr&gt;&lt;tr&gt;&lt;td&gt;Longitude&lt;/td&gt;&lt;td&gt;84.61689708&lt;/td&gt;&lt;/tr&gt;&lt;tr&gt;&lt;td&gt;Easting (m)&lt;/td&gt;&lt;td&gt;256737.583&lt;/td&gt;&lt;/tr&gt;&lt;tr&gt;&lt;td&gt;Northing (m)&lt;/td&gt;&lt;td&gt;2606970.033&lt;/td&gt;&lt;/tr&gt;&lt;tr&gt;&lt;td&gt;Zone / Datum&lt;/td&gt;&lt;td&gt;UTM 45N / WGS84&lt;/td&gt;&lt;/tr&gt;&lt;/table&gt;</desc></wpt>
<wpt lat="0.00021245" lon="82.51201418"><ele>0.000</ele><name>BD161</name><desc>&lt;table border=&quot;1&quot; cellpadding=&quot;4&quot; cellspacing=&quot;0&quot; style=&quot;border-collapse:collapse;font-family:Arial;font-size:12px&quot;&gt;&lt;tr&gt;&lt;th align=&quot;left&quot;&gt;Parameter&lt;/th&gt;&lt;th align=&quot;left&quot;&gt;Value&lt;/th&gt;&lt;/tr&gt;&lt;tr&gt;&lt;td&gt;Pillar&lt;/td&gt;&lt;td&gt;BD161&lt;/td&gt;&lt;/tr&gt;&lt;tr&gt;&lt;td&gt;Lease&lt;/td&gt;&lt;td&gt;Pakhar 109.507 Ha&lt;/td&gt;&lt;/tr&gt;&lt;tr&gt;&lt;td&gt;Latitude&lt;/td&gt;&lt;td&gt;23.55483610&lt;/td&gt;&lt;/tr&gt;&lt;tr&gt;&lt;td&gt;Longitude&lt;/td&gt;&lt;td&gt;84.61672695&lt;/td&gt;&lt;/tr&gt;&lt;tr&gt;&lt;td&gt;Easting (m)&lt;/td&gt;&lt;td&gt;256720.120&lt;/td&gt;&lt;/tr&gt;&lt;tr&gt;&lt;td&gt;Northing (m)&lt;/td&gt;&lt;td&gt;2606964.918&lt;/td&gt;&lt;/tr&gt;&lt;tr&gt;&lt;td&gt;Zone / Datum&lt;/td&gt;&lt;td&gt;UTM 45N / WGS84&lt;/td&gt;&lt;/tr&gt;&lt;/table&gt;</desc></wpt>
<wpt lat="0.00021245" lon="82.51201418"><ele>0.000</ele><name>BD162</name><desc>&lt;table border=&quot;1&quot; cellpadding=&quot;4&quot; cellspacing=&quot;0&quot; style=&quot;border-collapse:collapse;font-family:Arial;font-size:12px&quot;&gt;&lt;tr&gt;&lt;th align=&quot;left&quot;&gt;Parameter&lt;/th&gt;&lt;th align=&quot;left&quot;&gt;Value&lt;/th&gt;&lt;/tr&gt;&lt;tr&gt;&lt;td&gt;Pillar&lt;/td&gt;&lt;td&gt;BD162&lt;/td&gt;&lt;/tr&gt;&lt;tr&gt;&lt;td&gt;Lease&lt;/td&gt;&lt;td&gt;Pakhar 109.507 Ha&lt;/td&gt;&lt;/tr&gt;&lt;tr&gt;&lt;td&gt;Latitude&lt;/td&gt;&lt;td&gt;23.55491701&lt;/td&gt;&lt;/tr&gt;&lt;tr&gt;&lt;td&gt;Longitude&lt;/td&gt;&lt;td&gt;84.61667460&lt;/td&gt;&lt;/tr&gt;&lt;tr&gt;&lt;td&gt;Easting (m)&lt;/td&gt;&lt;td&gt;256714.923&lt;/td&gt;&lt;/tr&gt;&lt;tr&gt;&lt;td&gt;Northing (m)&lt;/td&gt;&lt;td&gt;2606973.969&lt;/td&gt;&lt;/tr&gt;&lt;tr&gt;&lt;td&gt;Zone / Datum&lt;/td&gt;&lt;td&gt;UTM 45N / WGS84&lt;/td&gt;&lt;/tr&gt;&lt;/table&gt;</desc></wpt>
<wpt lat="0.00021245" lon="82.51201418"><ele>0.000</ele><name>BD163</name><desc>&lt;table border=&quot;1&quot; cellpadding=&quot;4&quot; cellspacing=&quot;0&quot; style=&quot;border-collapse:collapse;font-family:Arial;font-size:12px&quot;&gt;&lt;tr&gt;&lt;th align=&quot;left&quot;&gt;Parameter&lt;/th&gt;&lt;th align=&quot;left&quot;&gt;Value&lt;/th&gt;&lt;/tr&gt;&lt;tr&gt;&lt;td&gt;Pillar&lt;/td&gt;&lt;td&gt;BD163&lt;/td&gt;&lt;/tr&gt;&lt;tr&gt;&lt;td&gt;Lease&lt;/td&gt;&lt;td&gt;Pakhar 109.507 Ha&lt;/td&gt;&lt;/tr&gt;&lt;tr&gt;&lt;td&gt;Latitude&lt;/td&gt;&lt;td&gt;23.55470523&lt;/td&gt;&lt;/tr&gt;&lt;tr&gt;&lt;td&gt;Longitude&lt;/td&gt;&lt;td&gt;84.61649614&lt;/td&gt;&lt;/tr&gt;&lt;tr&gt;&lt;td&gt;Easting (m)&lt;/td&gt;&lt;td&gt;256696.309&lt;/td&gt;&lt;/tr&gt;&lt;tr&gt;&lt;td&gt;Northing (m)&lt;/td&gt;&lt;td&gt;2606950.813&lt;/td&gt;&lt;/tr&gt;&lt;tr&gt;&lt;td&gt;Zone / Datum&lt;/td&gt;&lt;td&gt;UTM 45N / WGS84&lt;/td&gt;&lt;/tr&gt;&lt;/table&gt;</desc></wpt>
<wpt lat="0.00021245" lon="82.51201418"><ele>0.000</ele><name>BD164</name><desc>&lt;table border=&quot;1&quot; cellpadding=&quot;4&quot; cellspacing=&quot;0&quot; style=&quot;border-collapse:collapse;font-family:Arial;font-size:12px&quot;&gt;&lt;tr&gt;&lt;th align=&quot;left&quot;&gt;Parameter&lt;/th&gt;&lt;th align=&quot;left&quot;&gt;Value&lt;/th&gt;&lt;/tr&gt;&lt;tr&gt;&lt;td&gt;Pillar&lt;/td&gt;&lt;td&gt;BD164&lt;/td&gt;&lt;/tr&gt;&lt;tr&gt;&lt;td&gt;Lease&lt;/td&gt;&lt;td&gt;Pakhar 109.507 Ha&lt;/td&gt;&lt;/tr&gt;&lt;tr&gt;&lt;td&gt;Latitude&lt;/td&gt;&lt;td&gt;23.55463266&lt;/td&gt;&lt;/tr&gt;&lt;tr&gt;&lt;td&gt;Longitude&lt;/td&gt;&lt;td&gt;84.61628794&lt;/td&gt;&lt;/tr&gt;&lt;tr&gt;&lt;td&gt;Easting (m)&lt;/td&gt;&lt;td&gt;256674.914&lt;/td&gt;&lt;/tr&gt;&lt;tr&gt;&lt;td&gt;Northing (m)&lt;/td&gt;&lt;td&gt;2606943.128&lt;/td&gt;&lt;/tr&gt;&lt;tr&gt;&lt;td&gt;Zone / Datum&lt;/td&gt;&lt;td&gt;UTM 45N / WGS84&lt;/td&gt;&lt;/tr&gt;&lt;/table&gt;</desc></wpt>
<wpt lat="0.00021245" lon="82.51201418"><ele>0.000</ele><name>BD165</name><desc>&lt;table border=&quot;1&quot; cellpadding=&quot;4&quot; cellspacing=&quot;0&quot; style=&quot;border-collapse:collapse;font-family:Arial;font-size:12px&quot;&gt;&lt;tr&gt;&lt;th align=&quot;left&quot;&gt;Parameter&lt;/th&gt;&lt;th align=&quot;left&quot;&gt;Value&lt;/th&gt;&lt;/tr&gt;&lt;tr&gt;&lt;td&gt;Pillar&lt;/td&gt;&lt;td&gt;BD165&lt;/td&gt;&lt;/tr&gt;&lt;tr&gt;&lt;td&gt;Lease&lt;/td&gt;&lt;td&gt;Pakhar 109.507 Ha&lt;/td&gt;&lt;/tr&gt;&lt;tr&gt;&lt;td&gt;Latitude&lt;/td&gt;&lt;td&gt;23.55429077&lt;/td&gt;&lt;/tr&gt;&lt;tr&gt;&lt;td&gt;Longitude&lt;/td&gt;&lt;td&gt;84.61596837&lt;/td&gt;&lt;/tr&gt;&lt;tr&gt;&lt;td&gt;Easting (m)&lt;/td&gt;&lt;td&gt;256641.650&lt;/td&gt;&lt;/tr&gt;&lt;tr&gt;&lt;td&gt;Northing (m)&lt;/td&gt;&lt;td&gt;2606905.798&lt;/td&gt;&lt;/tr&gt;&lt;tr&gt;&lt;td&gt;Zone / Datum&lt;/td&gt;&lt;td&gt;UTM 45N / WGS84&lt;/td&gt;&lt;/tr&gt;&lt;/table&gt;</desc></wpt>
<wpt lat="0.00021244" lon="82.51201418"><ele>0.000</ele><name>BD166</name><desc>&lt;table border=&quot;1&quot; cellpadding=&quot;4&quot; cellspacing=&quot;0&quot; style=&quot;border-collapse:collapse;font-family:Arial;font-size:12px&quot;&gt;&lt;tr&gt;&lt;th align=&quot;left&quot;&gt;Parameter&lt;/th&gt;&lt;th align=&quot;left&quot;&gt;Value&lt;/th&gt;&lt;/tr&gt;&lt;tr&gt;&lt;td&gt;Pillar&lt;/td&gt;&lt;td&gt;BD166&lt;/td&gt;&lt;/tr&gt;&lt;tr&gt;&lt;td&gt;Lease&lt;/td&gt;&lt;td&gt;Pakhar 109.507 Ha&lt;/td&gt;&lt;/tr&gt;&lt;tr&gt;&lt;td&gt;Latitude&lt;/td&gt;&lt;td&gt;23.55403541&lt;/td&gt;&lt;/tr&gt;&lt;tr&gt;&lt;td&gt;Longitude&lt;/td&gt;&lt;td&gt;84.61572757&lt;/td&gt;&lt;/tr&gt;&lt;tr&gt;&lt;td&gt;Easting (m)&lt;/td&gt;&lt;td&gt;256616.589&lt;/td&gt;&lt;/tr&gt;&lt;tr&gt;&lt;td&gt;Northing (m)&lt;/td&gt;&lt;td&gt;2606877.921&lt;/td&gt;&lt;/tr&gt;&lt;tr&gt;&lt;td&gt;Zone / Datum&lt;/td&gt;&lt;td&gt;UTM 45N / WGS84&lt;/td&gt;&lt;/tr&gt;&lt;/table&gt;</desc></wpt>
<wpt lat="0.00021244" lon="82.51201417"><ele>0.000</ele><name>BD167</name><desc>&lt;table border=&quot;1&quot; cellpadding=&quot;4&quot; cellspacing=&quot;0&quot; style=&quot;border-collapse:collapse;font-family:Arial;font-size:12px&quot;&gt;&lt;tr&gt;&lt;th align=&quot;left&quot;&gt;Parameter&lt;/th&gt;&lt;th align=&quot;left&quot;&gt;Value&lt;/th&gt;&lt;/tr&gt;&lt;tr&gt;&lt;td&gt;Pillar&lt;/td&gt;&lt;td&gt;BD167&lt;/td&gt;&lt;/tr&gt;&lt;tr&gt;&lt;td&gt;Lease&lt;/td&gt;&lt;td&gt;Pakhar 109.507 Ha&lt;/td&gt;&lt;/tr&gt;&lt;tr&gt;&lt;td&gt;Latitude&lt;/td&gt;&lt;td&gt;23.55399615&lt;/td&gt;&lt;/tr&gt;&lt;tr&gt;&lt;td&gt;Longitude&lt;/td&gt;&lt;td&gt;84.61538374&lt;/td&gt;&lt;/tr&gt;&lt;tr&gt;&lt;td&gt;Easting (m)&lt;/td&gt;&lt;td&gt;256581.405&lt;/td&gt;&lt;/tr&gt;&lt;tr&gt;&lt;td&gt;Northing (m)&lt;/td&gt;&lt;td&gt;2606874.156&lt;/td&gt;&lt;/tr&gt;&lt;tr&gt;&lt;td&gt;Zone / Datum&lt;/td&gt;&lt;td&gt;UTM 45N / WGS84&lt;/td&gt;&lt;/tr&gt;&lt;/table&gt;</desc></wpt>
<wpt lat="0.00021244" lon="82.51201417"><ele>0.000</ele><name>BD168</name><desc>&lt;table border=&quot;1&quot; cellpadding=&quot;4&quot; cellspacing=&quot;0&quot; style=&quot;border-collapse:collapse;font-family:Arial;font-size:12px&quot;&gt;&lt;tr&gt;&lt;th align=&quot;left&quot;&gt;Parameter&lt;/th&gt;&lt;th align=&quot;left&quot;&gt;Value&lt;/th&gt;&lt;/tr&gt;&lt;tr&gt;&lt;td&gt;Pillar&lt;/td&gt;&lt;td&gt;BD168&lt;/td&gt;&lt;/tr&gt;&lt;tr&gt;&lt;td&gt;Lease&lt;/td&gt;&lt;td&gt;Pakhar 109.507 Ha&lt;/td&gt;&lt;/tr&gt;&lt;tr&gt;&lt;td&gt;Latitude&lt;/td&gt;&lt;td&gt;23.55408776&lt;/td&gt;&lt;/tr&gt;&lt;tr&gt;&lt;td&gt;Longitude&lt;/td&gt;&lt;td&gt;84.61537780&lt;/td&gt;&lt;/tr&gt;&lt;tr&gt;&lt;td&gt;Easting (m)&lt;/td&gt;&lt;td&gt;256580.967&lt;/td&gt;&lt;/tr&gt;&lt;tr&gt;&lt;td&gt;Northing (m)&lt;/td&gt;&lt;td&gt;2606884.314&lt;/td&gt;&lt;/tr&gt;&lt;tr&gt;&lt;td&gt;Zone / Datum&lt;/td&gt;&lt;td&gt;UTM 45N / WGS84&lt;/td&gt;&lt;/tr&gt;&lt;/table&gt;</desc></wpt>
<wpt lat="0.00021244" lon="82.51201418"><ele>0.000</ele><name>BD169</name><desc>&lt;table border=&quot;1&quot; cellpadding=&quot;4&quot; cellspacing=&quot;0&quot; style=&quot;border-collapse:collapse;font-family:Arial;font-size:12px&quot;&gt;&lt;tr&gt;&lt;th align=&quot;left&quot;&gt;Parameter&lt;/th&gt;&lt;th align=&quot;left&quot;&gt;Value&lt;/th&gt;&lt;/tr&gt;&lt;tr&gt;&lt;td&gt;Pillar&lt;/td&gt;&lt;td&gt;BD169&lt;/td&gt;&lt;/tr&gt;&lt;tr&gt;&lt;td&gt;Lease&lt;/td&gt;&lt;td&gt;Pakhar 109.507 Ha&lt;/td&gt;&lt;/tr&gt;&lt;tr&gt;&lt;td&gt;Latitude&lt;/td&gt;&lt;td&gt;23.55419365&lt;/td&gt;&lt;/tr&gt;&lt;tr&gt;&lt;td&gt;Longitude&lt;/td&gt;&lt;td&gt;84.61571806&lt;/td&gt;&lt;/tr&gt;&lt;tr&gt;&lt;td&gt;Easting (m)&lt;/td&gt;&lt;td&gt;256615.909&lt;/td&gt;&lt;/tr&gt;&lt;tr&gt;&lt;td&gt;Northing (m)&lt;/td&gt;&lt;td&gt;2606895.465&lt;/td&gt;&lt;/tr&gt;&lt;tr&gt;&lt;td&gt;Zone / Datum&lt;/td&gt;&lt;td&gt;UTM 45N / WGS84&lt;/td&gt;&lt;/tr&gt;&lt;/table&gt;</desc></wpt>
<wpt lat="0.00021245" lon="82.51201418"><ele>0.000</ele><name>BD170</name><desc>&lt;table border=&quot;1&quot; cellpadding=&quot;4&quot; cellspacing=&quot;0&quot; style=&quot;border-collapse:collapse;font-family:Arial;font-size:12px&quot;&gt;&lt;tr&gt;&lt;th align=&quot;left&quot;&gt;Parameter&lt;/th&gt;&lt;th align=&quot;left&quot;&gt;Value&lt;/th&gt;&lt;/tr&gt;&lt;tr&gt;&lt;td&gt;Pillar&lt;/td&gt;&lt;td&gt;BD170&lt;/td&gt;&lt;/tr&gt;&lt;tr&gt;&lt;td&gt;Lease&lt;/td&gt;&lt;td&gt;Pakhar 109.507 Ha&lt;/td&gt;&lt;/tr&gt;&lt;tr&gt;&lt;td&gt;Latitude&lt;/td&gt;&lt;td&gt;23.55450756&lt;/td&gt;&lt;/tr&gt;&lt;tr&gt;&lt;td&gt;Longitude&lt;/td&gt;&lt;td&gt;84.61606979&lt;/td&gt;&lt;/tr&gt;&lt;tr&gt;&lt;td&gt;Easting (m)&lt;/td&gt;&lt;td&gt;256652.406&lt;/td&gt;&lt;/tr&gt;&lt;tr&gt;&lt;td&gt;Northing (m)&lt;/td&gt;&lt;td&gt;2606929.641&lt;/td&gt;&lt;/tr&gt;&lt;tr&gt;&lt;td&gt;Zone / Datum&lt;/td&gt;&lt;td&gt;UTM 45N / WGS84&lt;/td&gt;&lt;/tr&gt;&lt;/table&gt;</desc></wpt>
<wpt lat="0.00021245" lon="82.51201418"><ele>0.000</ele><name>BD171</name><desc>&lt;table border=&quot;1&quot; cellpadding=&quot;4&quot; cellspacing=&quot;0&quot; style=&quot;border-collapse:collapse;font-family:Arial;font-size:12px&quot;&gt;&lt;tr&gt;&lt;th align=&quot;left&quot;&gt;Parameter&lt;/th&gt;&lt;th align=&quot;left&quot;&gt;Value&lt;/th&gt;&lt;/tr&gt;&lt;tr&gt;&lt;td&gt;Pillar&lt;/td&gt;&lt;td&gt;BD171&lt;/td&gt;&lt;/tr&gt;&lt;tr&gt;&lt;td&gt;Lease&lt;/td&gt;&lt;td&gt;Pakhar 109.507 Ha&lt;/td&gt;&lt;/tr&gt;&lt;tr&gt;&lt;td&gt;Latitude&lt;/td&gt;&lt;td&gt;23.55462790&lt;/td&gt;&lt;/tr&gt;&lt;tr&gt;&lt;td&gt;Longitude&lt;/td&gt;&lt;td&gt;84.61617611&lt;/td&gt;&lt;/tr&gt;&lt;tr&gt;&lt;td&gt;Easting (m)&lt;/td&gt;&lt;td&gt;256663.485&lt;/td&gt;&lt;/tr&gt;&lt;tr&gt;&lt;td&gt;Northing (m)&lt;/td&gt;&lt;td&gt;2606942.791&lt;/td&gt;&lt;/tr&gt;&lt;tr&gt;&lt;td&gt;Zone / Datum&lt;/td&gt;&lt;td&gt;UTM 45N / WGS84&lt;/td&gt;&lt;/tr&gt;&lt;/table&gt;</desc></wpt>
<wpt lat="0.00021245" lon="82.51201418"><ele>0.000</ele><name>BD172</name><desc>&lt;table border=&quot;1&quot; cellpadding=&quot;4&quot; cellspacing=&quot;0&quot; style=&quot;border-collapse:collapse;font-family:Arial;font-size:12px&quot;&gt;&lt;tr&gt;&lt;th align=&quot;left&quot;&gt;Parameter&lt;/th&gt;&lt;th align=&quot;left&quot;&gt;Value&lt;/th&gt;&lt;/tr&gt;&lt;tr&gt;&lt;td&gt;Pillar&lt;/td&gt;&lt;td&gt;BD172&lt;/td&gt;&lt;/tr&gt;&lt;tr&gt;&lt;td&gt;Lease&lt;/td&gt;&lt;td&gt;Pakhar 109.507 Ha&lt;/td&gt;&lt;/tr&gt;&lt;tr&gt;&lt;td&gt;Latitude&lt;/td&gt;&lt;td&gt;23.55480398&lt;/td&gt;&lt;/tr&gt;&lt;tr&gt;&lt;td&gt;Longitude&lt;/td&gt;&lt;td&gt;84.61628437&lt;/td&gt;&lt;/tr&gt;&lt;tr&gt;&lt;td&gt;Easting (m)&lt;/td&gt;&lt;td&gt;256674.865&lt;/td&gt;&lt;/tr&gt;&lt;tr&gt;&lt;td&gt;Northing (m)&lt;/td&gt;&lt;td&gt;2606962.112&lt;/td&gt;&lt;/tr&gt;&lt;tr&gt;&lt;td&gt;Zone / Datum&lt;/td&gt;&lt;td&gt;UTM 45N / WGS84&lt;/td&gt;&lt;/tr&gt;&lt;/table&gt;</desc></wpt>
<wpt lat="0.00021245" lon="82.51201418"><ele>0.000</ele><name>BD173</name><desc>&lt;table border=&quot;1&quot; cellpadding=&quot;4&quot; cellspacing=&quot;0&quot; style=&quot;border-collapse:collapse;font-family:Arial;font-size:12px&quot;&gt;&lt;tr&gt;&lt;th align=&quot;left&quot;&gt;Parameter&lt;/th&gt;&lt;th align=&quot;left&quot;&gt;Value&lt;/th&gt;&lt;/tr&gt;&lt;tr&gt;&lt;td&gt;Pillar&lt;/td&gt;&lt;td&gt;BD173&lt;/td&gt;&lt;/tr&gt;&lt;tr&gt;&lt;td&gt;Lease&lt;/td&gt;&lt;td&gt;Pakhar 109.507 Ha&lt;/td&gt;&lt;/tr&gt;&lt;tr&gt;&lt;td&gt;Latitude&lt;/td&gt;&lt;td&gt;23.55487418&lt;/td&gt;&lt;/tr&gt;&lt;tr&gt;&lt;td&gt;Longitude&lt;/td&gt;&lt;td&gt;84.61653540&lt;/td&gt;&lt;/tr&gt;&lt;tr&gt;&lt;td&gt;Easting (m)&lt;/td&gt;&lt;td&gt;256700.629&lt;/td&gt;&lt;/tr&gt;&lt;tr&gt;&lt;td&gt;Northing (m)&lt;/td&gt;&lt;td&gt;2606969.461&lt;/td&gt;&lt;/tr&gt;&lt;tr&gt;&lt;td&gt;Zone / Datum&lt;/td&gt;&lt;td&gt;UTM 45N / WGS84&lt;/td&gt;&lt;/tr&gt;&lt;/table&gt;</desc></wpt>
<wpt lat="0.00021245" lon="82.51201418"><ele>0.000</ele><name>BD174</name><desc>&lt;table border=&quot;1&quot; cellpadding=&quot;4&quot; cellspacing=&quot;0&quot; style=&quot;border-collapse:collapse;font-family:Arial;font-size:12px&quot;&gt;&lt;tr&gt;&lt;th align=&quot;left&quot;&gt;Parameter&lt;/th&gt;&lt;th align=&quot;left&quot;&gt;Value&lt;/th&gt;&lt;/tr&gt;&lt;tr&gt;&lt;td&gt;Pillar&lt;/td&gt;&lt;td&gt;BD174&lt;/td&gt;&lt;/tr&gt;&lt;tr&gt;&lt;td&gt;Lease&lt;/td&gt;&lt;td&gt;Pakhar 109.507 Ha&lt;/td&gt;&lt;/tr&gt;&lt;tr&gt;&lt;td&gt;Latitude&lt;/td&gt;&lt;td&gt;23.55506691&lt;/td&gt;&lt;/tr&gt;&lt;tr&gt;&lt;td&gt;Longitude&lt;/td&gt;&lt;td&gt;84.61659489&lt;/td&gt;&lt;/tr&gt;&lt;tr&gt;&lt;td&gt;Easting (m)&lt;/td&gt;&lt;td&gt;256707.059&lt;/td&gt;&lt;/tr&gt;&lt;tr&gt;&lt;td&gt;Northing (m)&lt;/td&gt;&lt;td&gt;2606990.710&lt;/td&gt;&lt;/tr&gt;&lt;tr&gt;&lt;td&gt;Zone / Datum&lt;/td&gt;&lt;td&gt;UTM 45N / WGS84&lt;/td&gt;&lt;/tr&gt;&lt;/table&gt;</desc></wpt>
<wpt lat="0.00021245" lon="82.51201418"><ele>0.000</ele><name>BD175</name><desc>&lt;table border=&quot;1&quot; cellpadding=&quot;4&quot; cellspacing=&quot;0&quot; style=&quot;border-collapse:collapse;font-family:Arial;font-size:12px&quot;&gt;&lt;tr&gt;&lt;th align=&quot;left&quot;&gt;Parameter&lt;/th&gt;&lt;th align=&quot;left&quot;&gt;Value&lt;/th&gt;&lt;/tr&gt;&lt;tr&gt;&lt;td&gt;Pillar&lt;/td&gt;&lt;td&gt;BD175&lt;/td&gt;&lt;/tr&gt;&lt;tr&gt;&lt;td&gt;Lease&lt;/td&gt;&lt;td&gt;Pakhar 109.507 Ha&lt;/td&gt;&lt;/tr&gt;&lt;tr&gt;&lt;td&gt;Latitude&lt;/td&gt;&lt;td&gt;23.55493129&lt;/td&gt;&lt;/tr&gt;&lt;tr&gt;&lt;td&gt;Longitude&lt;/td&gt;&lt;td&gt;84.61620941&lt;/td&gt;&lt;/tr&gt;&lt;tr&gt;&lt;td&gt;Easting (m)&lt;/td&gt;&lt;td&gt;256667.445&lt;/td&gt;&lt;/tr&gt;&lt;tr&gt;&lt;td&gt;Northing (m)&lt;/td&gt;&lt;td&gt;2606976.341&lt;/td&gt;&lt;/tr&gt;&lt;tr&gt;&lt;td&gt;Zone / Datum&lt;/td&gt;&lt;td&gt;UTM 45N / WGS84&lt;/td&gt;&lt;/tr&gt;&lt;/table&gt;</desc></wpt>
<wpt lat="0.00021245" lon="82.51201418"><ele>0.000</ele><name>BD176</name><desc>&lt;table border=&quot;1&quot; cellpadding=&quot;4&quot; cellspacing=&quot;0&quot; style=&quot;border-collapse:collapse;font-family:Arial;font-size:12px&quot;&gt;&lt;tr&gt;&lt;th align=&quot;left&quot;&gt;Parameter&lt;/th&gt;&lt;th align=&quot;left&quot;&gt;Value&lt;/th&gt;&lt;/tr&gt;&lt;tr&gt;&lt;td&gt;Pillar&lt;/td&gt;&lt;td&gt;BD176&lt;/td&gt;&lt;/tr&gt;&lt;tr&gt;&lt;td&gt;Lease&lt;/td&gt;&lt;td&gt;Pakhar 109.507 Ha&lt;/td&gt;&lt;/tr&gt;&lt;tr&gt;&lt;td&gt;Latitude&lt;/td&gt;&lt;td&gt;23.55471000&lt;/td&gt;&lt;/tr&gt;&lt;tr&gt;&lt;td&gt;Longitude&lt;/td&gt;&lt;td&gt;84.61604524&lt;/td&gt;&lt;/tr&gt;&lt;tr&gt;&lt;td&gt;Easting (m)&lt;/td&gt;&lt;td&gt;256650.272&lt;/td&gt;&lt;/tr&gt;&lt;tr&gt;&lt;td&gt;Northing (m)&lt;/td&gt;&lt;td&gt;2606952.107&lt;/td&gt;&lt;/tr&gt;&lt;tr&gt;&lt;td&gt;Zone / Datum&lt;/td&gt;&lt;td&gt;UTM 45N / WGS84&lt;/td&gt;&lt;/tr&gt;&lt;/table&gt;</desc></wpt>
<wpt lat="0.00021245" lon="82.51201418"><ele>0.000</ele><name>BD177</name><desc>&lt;table border=&quot;1&quot; cellpadding=&quot;4&quot; cellspacing=&quot;0&quot; style=&quot;border-collapse:collapse;font-family:Arial;font-size:12px&quot;&gt;&lt;tr&gt;&lt;th align=&quot;left&quot;&gt;Parameter&lt;/th&gt;&lt;th align=&quot;left&quot;&gt;Value&lt;/th&gt;&lt;/tr&gt;&lt;tr&gt;&lt;td&gt;Pillar&lt;/td&gt;&lt;td&gt;BD177&lt;/td&gt;&lt;/tr&gt;&lt;tr&gt;&lt;td&gt;Lease&lt;/td&gt;&lt;td&gt;Pakhar 109.507 Ha&lt;/td&gt;&lt;/tr&gt;&lt;tr&gt;&lt;td&gt;Latitude&lt;/td&gt;&lt;td&gt;23.55465288&lt;/td&gt;&lt;/tr&gt;&lt;tr&gt;&lt;td&gt;Longitude&lt;/td&gt;&lt;td&gt;84.61607141&lt;/td&gt;&lt;/tr&gt;&lt;tr&gt;&lt;td&gt;Easting (m)&lt;/td&gt;&lt;td&gt;256652.839&lt;/td&gt;&lt;/tr&gt;&lt;tr&gt;&lt;td&gt;Northing (m)&lt;/td&gt;&lt;td&gt;2606945.736&lt;/td&gt;&lt;/tr&gt;&lt;tr&gt;&lt;td&gt;Zone / Datum&lt;/td&gt;&lt;td&gt;UTM 45N / WGS84&lt;/td&gt;&lt;/tr&gt;&lt;/table&gt;</desc></wpt>
<wpt lat="0.00021245" lon="82.51201418"><ele>0.000</ele><name>BD178</name><desc>&lt;table border=&quot;1&quot; cellpadding=&quot;4&quot; cellspacing=&quot;0&quot; style=&quot;border-collapse:collapse;font-family:Arial;font-size:12px&quot;&gt;&lt;tr&gt;&lt;th align=&quot;left&quot;&gt;Parameter&lt;/th&gt;&lt;th align=&quot;left&quot;&gt;Value&lt;/th&gt;&lt;/tr&gt;&lt;tr&gt;&lt;td&gt;Pillar&lt;/td&gt;&lt;td&gt;BD178&lt;/td&gt;&lt;/tr&gt;&lt;tr&gt;&lt;td&gt;Lease&lt;/td&gt;&lt;td&gt;Pakhar 109.507 Ha&lt;/td&gt;&lt;/tr&gt;&lt;tr&gt;&lt;td&gt;Latitude&lt;/td&gt;&lt;td&gt;23.55440542&lt;/td&gt;&lt;/tr&gt;&lt;tr&gt;&lt;td&gt;Longitude&lt;/td&gt;&lt;td&gt;84.61574066&lt;/td&gt;&lt;/tr&gt;&lt;tr&gt;&lt;td&gt;Easting (m)&lt;/td&gt;&lt;td&gt;256618.608&lt;/td&gt;&lt;/tr&gt;&lt;tr&gt;&lt;td&gt;Northing (m)&lt;/td&gt;&lt;td&gt;2606918.886&lt;/td&gt;&lt;/tr&gt;&lt;tr&gt;&lt;td&gt;Zone / Datum&lt;/td&gt;&lt;td&gt;UTM 45N / WGS84&lt;/td&gt;&lt;/tr&gt;&lt;/table&gt;</desc></wpt>
<wpt lat="0.00021245" lon="82.51201417"><ele>0.000</ele><name>BD179</name><desc>&lt;table border=&quot;1&quot; cellpadding=&quot;4&quot; cellspacing=&quot;0&quot; style=&quot;border-collapse:collapse;font-family:Arial;font-size:12px&quot;&gt;&lt;tr&gt;&lt;th align=&quot;left&quot;&gt;Parameter&lt;/th&gt;&lt;th align=&quot;left&quot;&gt;Value&lt;/th&gt;&lt;/tr&gt;&lt;tr&gt;&lt;td&gt;Pillar&lt;/td&gt;&lt;td&gt;BD179&lt;/td&gt;&lt;/tr&gt;&lt;tr&gt;&lt;td&gt;Lease&lt;/td&gt;&lt;td&gt;Pakhar 109.507 Ha&lt;/td&gt;&lt;/tr&gt;&lt;tr&gt;&lt;td&gt;Latitude&lt;/td&gt;&lt;td&gt;23.55442683&lt;/td&gt;&lt;/tr&gt;&lt;tr&gt;&lt;td&gt;Longitude&lt;/td&gt;&lt;td&gt;84.61566095&lt;/td&gt;&lt;/tr&gt;&lt;tr&gt;&lt;td&gt;Easting (m)&lt;/td&gt;&lt;td&gt;256610.507&lt;/td&gt;&lt;/tr&gt;&lt;tr&gt;&lt;td&gt;Northing (m)&lt;/td&gt;&lt;td&gt;2606921.393&lt;/td&gt;&lt;/tr&gt;&lt;tr&gt;&lt;td&gt;Zone / Datum&lt;/td&gt;&lt;td&gt;UTM 45N / WGS84&lt;/td&gt;&lt;/tr&gt;&lt;/table&gt;</desc></wpt>
<wpt lat="0.00021245" lon="82.51201417"><ele>0.000</ele><name>BD180</name><desc>&lt;table border=&quot;1&quot; cellpadding=&quot;4&quot; cellspacing=&quot;0&quot; style=&quot;border-collapse:collapse;font-family:Arial;font-size:12px&quot;&gt;&lt;tr&gt;&lt;th align=&quot;left&quot;&gt;Parameter&lt;/th&gt;&lt;th align=&quot;left&quot;&gt;Value&lt;/th&gt;&lt;/tr&gt;&lt;tr&gt;&lt;td&gt;Pillar&lt;/td&gt;&lt;td&gt;BD180&lt;/td&gt;&lt;/tr&gt;&lt;tr&gt;&lt;td&gt;Lease&lt;/td&gt;&lt;td&gt;Pakhar 109.507 Ha&lt;/td&gt;&lt;/tr&gt;&lt;tr&gt;&lt;td&gt;Latitude&lt;/td&gt;&lt;td&gt;23.55430191&lt;/td&gt;&lt;/tr&gt;&lt;tr&gt;&lt;td&gt;Longitude&lt;/td&gt;&lt;td&gt;84.61544561&lt;/td&gt;&lt;/tr&gt;&lt;tr&gt;&lt;td&gt;Easting (m)&lt;/td&gt;&lt;td&gt;256588.287&lt;/td&gt;&lt;/tr&gt;&lt;tr&gt;&lt;td&gt;Northing (m)&lt;/td&gt;&lt;td&gt;2606907.921&lt;/td&gt;&lt;/tr&gt;&lt;tr&gt;&lt;td&gt;Zone / Datum&lt;/td&gt;&lt;td&gt;UTM 45N / WGS84&lt;/td&gt;&lt;/tr&gt;&lt;/table&gt;</desc></wpt>
<wpt lat="0.00021244" lon="82.51201417"><ele>0.000</ele><name>BD181</name><desc>&lt;table border=&quot;1&quot; cellpadding=&quot;4&quot; cellspacing=&quot;0&quot; style=&quot;border-collapse:collapse;font-family:Arial;font-size:12px&quot;&gt;&lt;tr&gt;&lt;th align=&quot;left&quot;&gt;Parameter&lt;/th&gt;&lt;th align=&quot;left&quot;&gt;Value&lt;/th&gt;&lt;/tr&gt;&lt;tr&gt;&lt;td&gt;Pillar&lt;/td&gt;&lt;td&gt;BD181&lt;/td&gt;&lt;/tr&gt;&lt;tr&gt;&lt;td&gt;Lease&lt;/td&gt;&lt;td&gt;Pakhar 109.507 Ha&lt;/td&gt;&lt;/tr&gt;&lt;tr&gt;&lt;td&gt;Latitude&lt;/td&gt;&lt;td&gt;23.55425671&lt;/td&gt;&lt;/tr&gt;&lt;tr&gt;&lt;td&gt;Longitude&lt;/td&gt;&lt;td&gt;84.61521123&lt;/td&gt;&lt;/tr&gt;&lt;tr&gt;&lt;td&gt;Easting (m)&lt;/td&gt;&lt;td&gt;256564.269&lt;/td&gt;&lt;/tr&gt;&lt;tr&gt;&lt;td&gt;Northing (m)&lt;/td&gt;&lt;td&gt;2606903.312&lt;/td&gt;&lt;/tr&gt;&lt;tr&gt;&lt;td&gt;Zone / Datum&lt;/td&gt;&lt;td&gt;UTM 45N / WGS84&lt;/td&gt;&lt;/tr&gt;&lt;/table&gt;</desc></wpt>
<wpt lat="0.00021244" lon="82.51201417"><ele>0.000</ele><name>BD182</name><desc>&lt;table border=&quot;1&quot; cellpadding=&quot;4&quot; cellspacing=&quot;0&quot; style=&quot;border-collapse:collapse;font-family:Arial;font-size:12px&quot;&gt;&lt;tr&gt;&lt;th align=&quot;left&quot;&gt;Parameter&lt;/th&gt;&lt;th align=&quot;left&quot;&gt;Value&lt;/th&gt;&lt;/tr&gt;&lt;tr&gt;&lt;td&gt;Pillar&lt;/td&gt;&lt;td&gt;BD182&lt;/td&gt;&lt;/tr&gt;&lt;tr&gt;&lt;td&gt;Lease&lt;/td&gt;&lt;td&gt;Pakhar 109.507 Ha&lt;/td&gt;&lt;/tr&gt;&lt;tr&gt;&lt;td&gt;Latitude&lt;/td&gt;&lt;td&gt;23.55409490&lt;/td&gt;&lt;/tr&gt;&lt;tr&gt;&lt;td&gt;Longitude&lt;/td&gt;&lt;td&gt;84.61496496&lt;/td&gt;&lt;/tr&gt;&lt;tr&gt;&lt;td&gt;Easting (m)&lt;/td&gt;&lt;td&gt;256538.821&lt;/td&gt;&lt;/tr&gt;&lt;tr&gt;&lt;td&gt;Northing (m)&lt;/td&gt;&lt;td&gt;2606885.807&lt;/td&gt;&lt;/tr&gt;&lt;tr&gt;&lt;td&gt;Zone / Datum&lt;/td&gt;&lt;td&gt;UTM 45N / WGS84&lt;/td&gt;&lt;/tr&gt;&lt;/table&gt;</desc></wpt>
<wpt lat="0.00021244" lon="82.51201417"><ele>0.000</ele><name>BD183</name><desc>&lt;table border=&quot;1&quot; cellpadding=&quot;4&quot; cellspacing=&quot;0&quot; style=&quot;border-collapse:collapse;font-family:Arial;font-size:12px&quot;&gt;&lt;tr&gt;&lt;th align=&quot;left&quot;&gt;Parameter&lt;/th&gt;&lt;th align=&quot;left&quot;&gt;Value&lt;/th&gt;&lt;/tr&gt;&lt;tr&gt;&lt;td&gt;Pillar&lt;/td&gt;&lt;td&gt;BD183&lt;/td&gt;&lt;/tr&gt;&lt;tr&gt;&lt;td&gt;Lease&lt;/td&gt;&lt;td&gt;Pakhar 109.507 Ha&lt;/td&gt;&lt;/tr&gt;&lt;tr&gt;&lt;td&gt;Latitude&lt;/td&gt;&lt;td&gt;23.55406635&lt;/td&gt;&lt;/tr&gt;&lt;tr&gt;&lt;td&gt;Longitude&lt;/td&gt;&lt;td&gt;84.61483647&lt;/td&gt;&lt;/tr&gt;&lt;tr&gt;&lt;td&gt;Easting (m)&lt;/td&gt;&lt;td&gt;256525.647&lt;/td&gt;&lt;/tr&gt;&lt;tr&gt;&lt;td&gt;Northing (m)&lt;/td&gt;&lt;td&gt;2606882.862&lt;/td&gt;&lt;/tr&gt;&lt;tr&gt;&lt;td&gt;Zone / Datum&lt;/td&gt;&lt;td&gt;UTM 45N / WGS84&lt;/td&gt;&lt;/tr&gt;&lt;/table&gt;</desc></wpt>
<wpt lat="0.00021244" lon="82.51201416"><ele>0.000</ele><name>BD184</name><desc>&lt;table border=&quot;1&quot; cellpadding=&quot;4&quot; cellspacing=&quot;0&quot; style=&quot;border-collapse:collapse;font-family:Arial;font-size:12px&quot;&gt;&lt;tr&gt;&lt;th align=&quot;left&quot;&gt;Parameter&lt;/th&gt;&lt;th align=&quot;left&quot;&gt;Value&lt;/th&gt;&lt;/tr&gt;&lt;tr&gt;&lt;td&gt;Pillar&lt;/td&gt;&lt;td&gt;BD184&lt;/td&gt;&lt;/tr&gt;&lt;tr&gt;&lt;td&gt;Lease&lt;/td&gt;&lt;td&gt;Pakhar 109.507 Ha&lt;/td&gt;&lt;/tr&gt;&lt;tr&gt;&lt;td&gt;Latitude&lt;/td&gt;&lt;td&gt;23.55414011&lt;/td&gt;&lt;/tr&gt;&lt;tr&gt;&lt;td&gt;Longitude&lt;/td&gt;&lt;td&gt;84.61444147&lt;/td&gt;&lt;/tr&gt;&lt;tr&gt;&lt;td&gt;Easting (m)&lt;/td&gt;&lt;td&gt;256485.447&lt;/td&gt;&lt;/tr&gt;&lt;tr&gt;&lt;td&gt;Northing (m)&lt;/td&gt;&lt;td&gt;2606891.705&lt;/td&gt;&lt;/tr&gt;&lt;tr&gt;&lt;td&gt;Zone / Datum&lt;/td&gt;&lt;td&gt;UTM 45N / WGS84&lt;/td&gt;&lt;/tr&gt;&lt;/table&gt;</desc></wpt>
<wpt lat="0.00021245" lon="82.51201416"><ele>0.000</ele><name>BD185</name><desc>&lt;table border=&quot;1&quot; cellpadding=&quot;4&quot; cellspacing=&quot;0&quot; style=&quot;border-collapse:collapse;font-family:Arial;font-size:12px&quot;&gt;&lt;tr&gt;&lt;th align=&quot;left&quot;&gt;Parameter&lt;/th&gt;&lt;th align=&quot;left&quot;&gt;Value&lt;/th&gt;&lt;/tr&gt;&lt;tr&gt;&lt;td&gt;Pillar&lt;/td&gt;&lt;td&gt;BD185&lt;/td&gt;&lt;/tr&gt;&lt;tr&gt;&lt;td&gt;Lease&lt;/td&gt;&lt;td&gt;Pakhar 109.507 Ha&lt;/td&gt;&lt;/tr&gt;&lt;tr&gt;&lt;td&gt;Latitude&lt;/td&gt;&lt;td&gt;23.55446527&lt;/td&gt;&lt;/tr&gt;&lt;tr&gt;&lt;td&gt;Longitude&lt;/td&gt;&lt;td&gt;84.61410198&lt;/td&gt;&lt;/tr&gt;&lt;tr&gt;&lt;td&gt;Easting (m)&lt;/td&gt;&lt;td&gt;256451.378&lt;/td&gt;&lt;/tr&gt;&lt;tr&gt;&lt;td&gt;Northing (m)&lt;/td&gt;&lt;td&gt;2606928.301&lt;/td&gt;&lt;/tr&gt;&lt;tr&gt;&lt;td&gt;Zone / Datum&lt;/td&gt;&lt;td&gt;UTM 45N / WGS84&lt;/td&gt;&lt;/tr&gt;&lt;/table&gt;</desc></wpt>
<wpt lat="0.00021245" lon="82.51201416"><ele>0.000</ele><name>BD186</name><desc>&lt;table border=&quot;1&quot; cellpadding=&quot;4&quot; cellspacing=&quot;0&quot; style=&quot;border-collapse:collapse;font-family:Arial;font-size:12px&quot;&gt;&lt;tr&gt;&lt;th align=&quot;left&quot;&gt;Parameter&lt;/th&gt;&lt;th align=&quot;left&quot;&gt;Value&lt;/th&gt;&lt;/tr&gt;&lt;tr&gt;&lt;td&gt;Pillar&lt;/td&gt;&lt;td&gt;BD186&lt;/td&gt;&lt;/tr&gt;&lt;tr&gt;&lt;td&gt;Lease&lt;/td&gt;&lt;td&gt;Pakhar 109.507 Ha&lt;/td&gt;&lt;/tr&gt;&lt;tr&gt;&lt;td&gt;Latitude&lt;/td&gt;&lt;td&gt;23.55463623&lt;/td&gt;&lt;/tr&gt;&lt;tr&gt;&lt;td&gt;Longitude&lt;/td&gt;&lt;td&gt;84.61394655&lt;/td&gt;&lt;/tr&gt;&lt;tr&gt;&lt;td&gt;Easting (m)&lt;/td&gt;&lt;td&gt;256435.821&lt;/td&gt;&lt;/tr&gt;&lt;tr&gt;&lt;td&gt;Northing (m)&lt;/td&gt;&lt;td&gt;2606947.503&lt;/td&gt;&lt;/tr&gt;&lt;tr&gt;&lt;td&gt;Zone / Datum&lt;/td&gt;&lt;td&gt;UTM 45N / WGS84&lt;/td&gt;&lt;/tr&gt;&lt;/table&gt;</desc></wpt>
<wpt lat="0.00021245" lon="82.51201416"><ele>0.000</ele><name>BD187</name><desc>&lt;table border=&quot;1&quot; cellpadding=&quot;4&quot; cellspacing=&quot;0&quot; style=&quot;border-collapse:collapse;font-family:Arial;font-size:12px&quot;&gt;&lt;tr&gt;&lt;th align=&quot;left&quot;&gt;Parameter&lt;/th&gt;&lt;th align=&quot;left&quot;&gt;Value&lt;/th&gt;&lt;/tr&gt;&lt;tr&gt;&lt;td&gt;Pillar&lt;/td&gt;&lt;td&gt;BD187&lt;/td&gt;&lt;/tr&gt;&lt;tr&gt;&lt;td&gt;Lease&lt;/td&gt;&lt;td&gt;Pakhar 109.507 Ha&lt;/td&gt;&lt;/tr&gt;&lt;tr&gt;&lt;td&gt;Latitude&lt;/td&gt;&lt;td&gt;23.55460529&lt;/td&gt;&lt;/tr&gt;&lt;tr&gt;&lt;td&gt;Longitude&lt;/td&gt;&lt;td&gt;84.61388588&lt;/td&gt;&lt;/tr&gt;&lt;tr&gt;&lt;td&gt;Easting (m)&lt;/td&gt;&lt;td&gt;256429.568&lt;/td&gt;&lt;/tr&gt;&lt;tr&gt;&lt;td&gt;Northing (m)&lt;/td&gt;&lt;td&gt;2606944.179&lt;/td&gt;&lt;/tr&gt;&lt;tr&gt;&lt;td&gt;Zone / Datum&lt;/td&gt;&lt;td&gt;UTM 45N / WGS84&lt;/td&gt;&lt;/tr&gt;&lt;/table&gt;</desc></wpt>
<wpt lat="0.00021245" lon="82.51201416"><ele>0.000</ele><name>BD188</name><desc>&lt;table border=&quot;1&quot; cellpadding=&quot;4&quot; cellspacing=&quot;0&quot; style=&quot;border-collapse:collapse;font-family:Arial;font-size:12px&quot;&gt;&lt;tr&gt;&lt;th align=&quot;left&quot;&gt;Parameter&lt;/th&gt;&lt;th align=&quot;left&quot;&gt;Value&lt;/th&gt;&lt;/tr&gt;&lt;tr&gt;&lt;td&gt;Pillar&lt;/td&gt;&lt;td&gt;BD188&lt;/td&gt;&lt;/tr&gt;&lt;tr&gt;&lt;td&gt;Lease&lt;/td&gt;&lt;td&gt;Pakhar 109.507 Ha&lt;/td&gt;&lt;/tr&gt;&lt;tr&gt;&lt;td&gt;Latitude&lt;/td&gt;&lt;td&gt;23.55487793&lt;/td&gt;&lt;/tr&gt;&lt;tr&gt;&lt;td&gt;Longitude&lt;/td&gt;&lt;td&gt;84.61349573&lt;/td&gt;&lt;/tr&gt;&lt;tr&gt;&lt;td&gt;Easting (m)&lt;/td&gt;&lt;td&gt;256390.230&lt;/td&gt;&lt;/tr&gt;&lt;tr&gt;&lt;td&gt;Northing (m)&lt;/td&gt;&lt;td&gt;2606975.043&lt;/td&gt;&lt;/tr&gt;&lt;tr&gt;&lt;td&gt;Zone / Datum&lt;/td&gt;&lt;td&gt;UTM 45N / WGS84&lt;/td&gt;&lt;/tr&gt;&lt;/table&gt;</desc></wpt>
<wpt lat="0.00021245" lon="82.51201415"><ele>0.000</ele><name>BD189</name><desc>&lt;table border=&quot;1&quot; cellpadding=&quot;4&quot; cellspacing=&quot;0&quot; style=&quot;border-collapse:collapse;font-family:Arial;font-size:12px&quot;&gt;&lt;tr&gt;&lt;th align=&quot;left&quot;&gt;Parameter&lt;/th&gt;&lt;th align=&quot;left&quot;&gt;Value&lt;/th&gt;&lt;/tr&gt;&lt;tr&gt;&lt;td&gt;Pillar&lt;/td&gt;&lt;td&gt;BD189&lt;/td&gt;&lt;/tr&gt;&lt;tr&gt;&lt;td&gt;Lease&lt;/td&gt;&lt;td&gt;Pakhar 109.507 Ha&lt;/td&gt;&lt;/tr&gt;&lt;tr&gt;&lt;td&gt;Latitude&lt;/td&gt;&lt;td&gt;23.55501932&lt;/td&gt;&lt;/tr&gt;&lt;tr&gt;&lt;td&gt;Longitude&lt;/td&gt;&lt;td&gt;84.61329339&lt;/td&gt;&lt;/tr&gt;&lt;tr&gt;&lt;td&gt;Easting (m)&lt;/td&gt;&lt;td&gt;256369.828&lt;/td&gt;&lt;/tr&gt;&lt;tr&gt;&lt;td&gt;Northing (m)&lt;/td&gt;&lt;td&gt;2606991.050&lt;/td&gt;&lt;/tr&gt;&lt;tr&gt;&lt;td&gt;Zone / Datum&lt;/td&gt;&lt;td&gt;UTM 45N / WGS84&lt;/td&gt;&lt;/tr&gt;&lt;/table&gt;</desc></wpt>
<wpt lat="0.00021245" lon="82.51201415"><ele>0.000</ele><name>BD190</name><desc>&lt;table border=&quot;1&quot; cellpadding=&quot;4&quot; cellspacing=&quot;0&quot; style=&quot;border-collapse:collapse;font-family:Arial;font-size:12px&quot;&gt;&lt;tr&gt;&lt;th align=&quot;left&quot;&gt;Parameter&lt;/th&gt;&lt;th align=&quot;left&quot;&gt;Value&lt;/th&gt;&lt;/tr&gt;&lt;tr&gt;&lt;td&gt;Pillar&lt;/td&gt;&lt;td&gt;BD190&lt;/td&gt;&lt;/tr&gt;&lt;tr&gt;&lt;td&gt;Lease&lt;/td&gt;&lt;td&gt;Pakhar 109.507 Ha&lt;/td&gt;&lt;/tr&gt;&lt;tr&gt;&lt;td&gt;Latitude&lt;/td&gt;&lt;td&gt;23.55532032&lt;/td&gt;&lt;/tr&gt;&lt;tr&gt;&lt;td&gt;Longitude&lt;/td&gt;&lt;td&gt;84.61334574&lt;/td&gt;&lt;/tr&gt;&lt;tr&gt;&lt;td&gt;Easting (m)&lt;/td&gt;&lt;td&gt;256375.729&lt;/td&gt;&lt;/tr&gt;&lt;tr&gt;&lt;td&gt;Northing (m)&lt;/td&gt;&lt;td&gt;2607024.304&lt;/td&gt;&lt;/tr&gt;&lt;tr&gt;&lt;td&gt;Zone / Datum&lt;/td&gt;&lt;td&gt;UTM 45N / WGS84&lt;/td&gt;&lt;/tr&gt;&lt;/table&gt;</desc></wpt>
<wpt lat="0.00021245" lon="82.51201415"><ele>0.000</ele><name>BD191</name><desc>&lt;table border=&quot;1&quot; cellpadding=&quot;4&quot; cellspacing=&quot;0&quot; style=&quot;border-collapse:collapse;font-family:Arial;font-size:12px&quot;&gt;&lt;tr&gt;&lt;th align=&quot;left&quot;&gt;Parameter&lt;/th&gt;&lt;th align=&quot;left&quot;&gt;Value&lt;/th&gt;&lt;/tr&gt;&lt;tr&gt;&lt;td&gt;Pillar&lt;/td&gt;&lt;td&gt;BD191&lt;/td&gt;&lt;/tr&gt;&lt;tr&gt;&lt;td&gt;Lease&lt;/td&gt;&lt;td&gt;Pakhar 109.507 Ha&lt;/td&gt;&lt;/tr&gt;&lt;tr&gt;&lt;td&gt;Latitude&lt;/td&gt;&lt;td&gt;23.55535363&lt;/td&gt;&lt;/tr&gt;&lt;tr&gt;&lt;td&gt;Longitude&lt;/td&gt;&lt;td&gt;84.61343021&lt;/td&gt;&lt;/tr&gt;&lt;tr&gt;&lt;td&gt;Easting (m)&lt;/td&gt;&lt;td&gt;256384.416&lt;/td&gt;&lt;/tr&gt;&lt;tr&gt;&lt;td&gt;Northing (m)&lt;/td&gt;&lt;td&gt;2607027.850&lt;/td&gt;&lt;/tr&gt;&lt;tr&gt;&lt;td&gt;Zone / Datum&lt;/td&gt;&lt;td&gt;UTM 45N / WGS84&lt;/td&gt;&lt;/tr&gt;&lt;/table&gt;</desc></wpt>
<wpt lat="0.00021246" lon="82.51201416"><ele>0.000</ele><name>BD192</name><desc>&lt;table border=&quot;1&quot; cellpadding=&quot;4&quot; cellspacing=&quot;0&quot; style=&quot;border-collapse:collapse;font-family:Arial;font-size:12px&quot;&gt;&lt;tr&gt;&lt;th align=&quot;left&quot;&gt;Parameter&lt;/th&gt;&lt;th align=&quot;left&quot;&gt;Value&lt;/th&gt;&lt;/tr&gt;&lt;tr&gt;&lt;td&gt;Pillar&lt;/td&gt;&lt;td&gt;BD192&lt;/td&gt;&lt;/tr&gt;&lt;tr&gt;&lt;td&gt;Lease&lt;/td&gt;&lt;td&gt;Pakhar 109.507 Ha&lt;/td&gt;&lt;/tr&gt;&lt;tr&gt;&lt;td&gt;Latitude&lt;/td&gt;&lt;td&gt;23.55577138&lt;/td&gt;&lt;/tr&gt;&lt;tr&gt;&lt;td&gt;Longitude&lt;/td&gt;&lt;td&gt;84.61361548&lt;/td&gt;&lt;/tr&gt;&lt;tr&gt;&lt;td&gt;Easting (m)&lt;/td&gt;&lt;td&gt;256404.107&lt;/td&gt;&lt;/tr&gt;&lt;tr&gt;&lt;td&gt;Northing (m)&lt;/td&gt;&lt;td&gt;2607073.810&lt;/td&gt;&lt;/tr&gt;&lt;tr&gt;&lt;td&gt;Zone / Datum&lt;/td&gt;&lt;td&gt;UTM 45N / WGS84&lt;/td&gt;&lt;/tr&gt;&lt;/table&gt;</desc></wpt>
<wpt lat="0.00021246" lon="82.51201416"><ele>0.000</ele><name>BD193</name><desc>&lt;table border=&quot;1&quot; cellpadding=&quot;4&quot; cellspacing=&quot;0&quot; style=&quot;border-collapse:collapse;font-family:Arial;font-size:12px&quot;&gt;&lt;tr&gt;&lt;th align=&quot;left&quot;&gt;Parameter&lt;/th&gt;&lt;th align=&quot;left&quot;&gt;Value&lt;/th&gt;&lt;/tr&gt;&lt;tr&gt;&lt;td&gt;Pillar&lt;/td&gt;&lt;td&gt;BD193&lt;/td&gt;&lt;/tr&gt;&lt;tr&gt;&lt;td&gt;Lease&lt;/td&gt;&lt;td&gt;Pakhar 109.507 Ha&lt;/td&gt;&lt;/tr&gt;&lt;tr&gt;&lt;td&gt;Latitude&lt;/td&gt;&lt;td&gt;23.55607937&lt;/td&gt;&lt;/tr&gt;&lt;tr&gt;&lt;td&gt;Longitude&lt;/td&gt;&lt;td&gt;84.61383114&lt;/td&gt;&lt;/tr&gt;&lt;tr&gt;&lt;td&gt;Easting (m)&lt;/td&gt;&lt;td&gt;256426.698&lt;/td&gt;&lt;/tr&gt;&lt;tr&gt;&lt;td&gt;Northing (m)&lt;/td&gt;&lt;td&gt;2607107.561&lt;/td&gt;&lt;/tr&gt;&lt;tr&gt;&lt;td&gt;Zone / Datum&lt;/td&gt;&lt;td&gt;UTM 45N / WGS84&lt;/td&gt;&lt;/tr&gt;&lt;/table&gt;</desc></wpt>
<wpt lat="0.00021246" lon="82.51201416"><ele>0.000</ele><name>BD194</name><desc>&lt;table border=&quot;1&quot; cellpadding=&quot;4&quot; cellspacing=&quot;0&quot; style=&quot;border-collapse:collapse;font-family:Arial;font-size:12px&quot;&gt;&lt;tr&gt;&lt;th align=&quot;left&quot;&gt;Parameter&lt;/th&gt;&lt;th align=&quot;left&quot;&gt;Value&lt;/th&gt;&lt;/tr&gt;&lt;tr&gt;&lt;td&gt;Pillar&lt;/td&gt;&lt;td&gt;BD194&lt;/td&gt;&lt;/tr&gt;&lt;tr&gt;&lt;td&gt;Lease&lt;/td&gt;&lt;td&gt;Pakhar 109.507 Ha&lt;/td&gt;&lt;/tr&gt;&lt;tr&gt;&lt;td&gt;Latitude&lt;/td&gt;&lt;td&gt;23.55640123&lt;/td&gt;&lt;/tr&gt;&lt;tr&gt;&lt;td&gt;Longitude&lt;/td&gt;&lt;td&gt;84.61348796&lt;/td&gt;&lt;/tr&gt;&lt;tr&gt;&lt;td&gt;Easting (m)&lt;/td&gt;&lt;td&gt;256392.247&lt;/td&gt;&lt;/tr&gt;&lt;tr&gt;&lt;td&gt;Northing (m)&lt;/td&gt;&lt;td&gt;2607143.798&lt;/td&gt;&lt;/tr&gt;&lt;tr&gt;&lt;td&gt;Zone / Datum&lt;/td&gt;&lt;td&gt;UTM 45N / WGS84&lt;/td&gt;&lt;/tr&gt;&lt;/table&gt;</desc></wpt>
<wpt lat="0.00021247" lon="82.51201415"><ele>0.000</ele><name>BD195</name><desc>&lt;table border=&quot;1&quot; cellpadding=&quot;4&quot; cellspacing=&quot;0&quot; style=&quot;border-collapse:collapse;font-family:Arial;font-size:12px&quot;&gt;&lt;tr&gt;&lt;th align=&quot;left&quot;&gt;Parameter&lt;/th&gt;&lt;th align=&quot;left&quot;&gt;Value&lt;/th&gt;&lt;/tr&gt;&lt;tr&gt;&lt;td&gt;Pillar&lt;/td&gt;&lt;td&gt;BD195&lt;/td&gt;&lt;/tr&gt;&lt;tr&gt;&lt;td&gt;Lease&lt;/td&gt;&lt;td&gt;Pakhar 109.507 Ha&lt;/td&gt;&lt;/tr&gt;&lt;tr&gt;&lt;td&gt;Latitude&lt;/td&gt;&lt;td&gt;23.55672322&lt;/td&gt;&lt;/tr&gt;&lt;tr&gt;&lt;td&gt;Longitude&lt;/td&gt;&lt;td&gt;84.61314493&lt;/td&gt;&lt;/tr&gt;&lt;tr&gt;&lt;td&gt;Easting (m)&lt;/td&gt;&lt;td&gt;256357.811&lt;/td&gt;&lt;/tr&gt;&lt;tr&gt;&lt;td&gt;Northing (m)&lt;/td&gt;&lt;td&gt;2607180.049&lt;/td&gt;&lt;/tr&gt;&lt;tr&gt;&lt;td&gt;Zone / Datum&lt;/td&gt;&lt;td&gt;UTM 45N / WGS84&lt;/td&gt;&lt;/tr&gt;&lt;/table&gt;</desc></wpt>
<wpt lat="0.00021247" lon="82.51201415"><ele>0.000</ele><name>BD196</name><desc>&lt;table border=&quot;1&quot; cellpadding=&quot;4&quot; cellspacing=&quot;0&quot; style=&quot;border-collapse:collapse;font-family:Arial;font-size:12px&quot;&gt;&lt;tr&gt;&lt;th align=&quot;left&quot;&gt;Parameter&lt;/th&gt;&lt;th align=&quot;left&quot;&gt;Value&lt;/th&gt;&lt;/tr&gt;&lt;tr&gt;&lt;td&gt;Pillar&lt;/td&gt;&lt;td&gt;BD196&lt;/td&gt;&lt;/tr&gt;&lt;tr&gt;&lt;td&gt;Lease&lt;/td&gt;&lt;td&gt;Pakhar 109.507 Ha&lt;/td&gt;&lt;/tr&gt;&lt;tr&gt;&lt;td&gt;Latitude&lt;/td&gt;&lt;td&gt;23.55716295&lt;/td&gt;&lt;/tr&gt;&lt;tr&gt;&lt;td&gt;Longitude&lt;/td&gt;&lt;td&gt;84.61267642&lt;/td&gt;&lt;/tr&gt;&lt;tr&gt;&lt;td&gt;Easting (m)&lt;/td&gt;&lt;td&gt;256310.780&lt;/td&gt;&lt;/tr&gt;&lt;tr&gt;&lt;td&gt;Northing (m)&lt;/td&gt;&lt;td&gt;2607229.557&lt;/td&gt;&lt;/tr&gt;&lt;tr&gt;&lt;td&gt;Zone / Datum&lt;/td&gt;&lt;td&gt;UTM 45N / WGS84&lt;/td&gt;&lt;/tr&gt;&lt;/table&gt;</desc></wpt>
<wpt lat="0.00021248" lon="82.51201415"><ele>0.000</ele><name>BD197</name><desc>&lt;table border=&quot;1&quot; cellpadding=&quot;4&quot; cellspacing=&quot;0&quot; style=&quot;border-collapse:collapse;font-family:Arial;font-size:12px&quot;&gt;&lt;tr&gt;&lt;th align=&quot;left&quot;&gt;Parameter&lt;/th&gt;&lt;th align=&quot;left&quot;&gt;Value&lt;/th&gt;&lt;/tr&gt;&lt;tr&gt;&lt;td&gt;Pillar&lt;/td&gt;&lt;td&gt;BD197&lt;/td&gt;&lt;/tr&gt;&lt;tr&gt;&lt;td&gt;Lease&lt;/td&gt;&lt;td&gt;Pakhar 109.507 Ha&lt;/td&gt;&lt;/tr&gt;&lt;tr&gt;&lt;td&gt;Latitude&lt;/td&gt;&lt;td&gt;23.55759368&lt;/td&gt;&lt;/tr&gt;&lt;tr&gt;&lt;td&gt;Longitude&lt;/td&gt;&lt;td&gt;84.61253027&lt;/td&gt;&lt;/tr&gt;&lt;tr&gt;&lt;td&gt;Easting (m)&lt;/td&gt;&lt;td&gt;256296.651&lt;/td&gt;&lt;/tr&gt;&lt;tr&gt;&lt;td&gt;Northing (m)&lt;/td&gt;&lt;td&gt;2607277.519&lt;/td&gt;&lt;/tr&gt;&lt;tr&gt;&lt;td&gt;Zone / Datum&lt;/td&gt;&lt;td&gt;UTM 45N / WGS84&lt;/td&gt;&lt;/tr&gt;&lt;/table&gt;</desc></wpt>
<wpt lat="0.00021248" lon="82.51201415"><ele>0.000</ele><name>BD198</name><desc>&lt;table border=&quot;1&quot; cellpadding=&quot;4&quot; cellspacing=&quot;0&quot; style=&quot;border-collapse:collapse;font-family:Arial;font-size:12px&quot;&gt;&lt;tr&gt;&lt;th align=&quot;left&quot;&gt;Parameter&lt;/th&gt;&lt;th align=&quot;left&quot;&gt;Value&lt;/th&gt;&lt;/tr&gt;&lt;tr&gt;&lt;td&gt;Pillar&lt;/td&gt;&lt;td&gt;BD198&lt;/td&gt;&lt;/tr&gt;&lt;tr&gt;&lt;td&gt;Lease&lt;/td&gt;&lt;td&gt;Pakhar 109.507 Ha&lt;/td&gt;&lt;/tr&gt;&lt;tr&gt;&lt;td&gt;Latitude&lt;/td&gt;&lt;td&gt;23.55802655&lt;/td&gt;&lt;/tr&gt;&lt;tr&gt;&lt;td&gt;Longitude&lt;/td&gt;&lt;td&gt;84.61239174&lt;/td&gt;&lt;/tr&gt;&lt;tr&gt;&lt;td&gt;Easting (m)&lt;/td&gt;&lt;td&gt;256283.304&lt;/td&gt;&lt;/tr&gt;&lt;tr&gt;&lt;td&gt;Northing (m)&lt;/td&gt;&lt;td&gt;2607325.705&lt;/td&gt;&lt;/tr&gt;&lt;tr&gt;&lt;td&gt;Zone / Datum&lt;/td&gt;&lt;td&gt;UTM 45N / WGS84&lt;/td&gt;&lt;/tr&gt;&lt;/table&gt;</desc></wpt>
<wpt lat="0.00021248" lon="82.51201414"><ele>0.000</ele><name>BD199</name><desc>&lt;table border=&quot;1&quot; cellpadding=&quot;4&quot; cellspacing=&quot;0&quot; style=&quot;border-collapse:collapse;font-family:Arial;font-size:12px&quot;&gt;&lt;tr&gt;&lt;th align=&quot;left&quot;&gt;Parameter&lt;/th&gt;&lt;th align=&quot;left&quot;&gt;Value&lt;/th&gt;&lt;/tr&gt;&lt;tr&gt;&lt;td&gt;Pillar&lt;/td&gt;&lt;td&gt;BD199&lt;/td&gt;&lt;/tr&gt;&lt;tr&gt;&lt;td&gt;Lease&lt;/td&gt;&lt;td&gt;Pakhar 109.507 Ha&lt;/td&gt;&lt;/tr&gt;&lt;tr&gt;&lt;td&gt;Latitude&lt;/td&gt;&lt;td&gt;23.55846074&lt;/td&gt;&lt;/tr&gt;&lt;tr&gt;&lt;td&gt;Longitude&lt;/td&gt;&lt;td&gt;84.61225821&lt;/td&gt;&lt;/tr&gt;&lt;tr&gt;&lt;td&gt;Easting (m)&lt;/td&gt;&lt;td&gt;256270.470&lt;/td&gt;&lt;/tr&gt;&lt;tr&gt;&lt;td&gt;Northing (m)&lt;/td&gt;&lt;td&gt;2607374.029&lt;/td&gt;&lt;/tr&gt;&lt;tr&gt;&lt;td&gt;Zone / Datum&lt;/td&gt;&lt;td&gt;UTM 45N / WGS84&lt;/td&gt;&lt;/tr&gt;&lt;/table&gt;</desc></wpt>
<wpt lat="0.00021249" lon="82.51201414"><ele>0.000</ele><name>BD200</name><desc>&lt;table border=&quot;1&quot; cellpadding=&quot;4&quot; cellspacing=&quot;0&quot; style=&quot;border-collapse:collapse;font-family:Arial;font-size:12px&quot;&gt;&lt;tr&gt;&lt;th align=&quot;left&quot;&gt;Parameter&lt;/th&gt;&lt;th align=&quot;left&quot;&gt;Value&lt;/th&gt;&lt;/tr&gt;&lt;tr&gt;&lt;td&gt;Pillar&lt;/td&gt;&lt;td&gt;BD200&lt;/td&gt;&lt;/tr&gt;&lt;tr&gt;&lt;td&gt;Lease&lt;/td&gt;&lt;td&gt;Pakhar 109.507 Ha&lt;/td&gt;&lt;/tr&gt;&lt;tr&gt;&lt;td&gt;Latitude&lt;/td&gt;&lt;td&gt;23.55889494&lt;/td&gt;&lt;/tr&gt;&lt;tr&gt;&lt;td&gt;Longitude&lt;/td&gt;&lt;td&gt;84.61212468&lt;/td&gt;&lt;/tr&gt;&lt;tr&gt;&lt;td&gt;Easting (m)&lt;/td&gt;&lt;td&gt;256257.636&lt;/td&gt;&lt;/tr&gt;&lt;tr&gt;&lt;td&gt;Northing (m)&lt;/td&gt;&lt;td&gt;2607422.354&lt;/td&gt;&lt;/tr&gt;&lt;tr&gt;&lt;td&gt;Zone / Datum&lt;/td&gt;&lt;td&gt;UTM 45N / WGS84&lt;/td&gt;&lt;/tr&gt;&lt;/table&gt;</desc></wpt>
<wpt lat="0.00021249" lon="82.51201414"><ele>0.000</ele><name>BD201</name><desc>&lt;table border=&quot;1&quot; cellpadding=&quot;4&quot; cellspacing=&quot;0&quot; style=&quot;border-collapse:collapse;font-family:Arial;font-size:12px&quot;&gt;&lt;tr&gt;&lt;th align=&quot;left&quot;&gt;Parameter&lt;/th&gt;&lt;th align=&quot;left&quot;&gt;Value&lt;/th&gt;&lt;/tr&gt;&lt;tr&gt;&lt;td&gt;Pillar&lt;/td&gt;&lt;td&gt;BD201&lt;/td&gt;&lt;/tr&gt;&lt;tr&gt;&lt;td&gt;Lease&lt;/td&gt;&lt;td&gt;Pakhar 109.507 Ha&lt;/td&gt;&lt;/tr&gt;&lt;tr&gt;&lt;td&gt;Latitude&lt;/td&gt;&lt;td&gt;23.55932914&lt;/td&gt;&lt;/tr&gt;&lt;tr&gt;&lt;td&gt;Longitude&lt;/td&gt;&lt;td&gt;84.61199114&lt;/td&gt;&lt;/tr&gt;&lt;tr&gt;&lt;td&gt;Easting (m)&lt;/td&gt;&lt;td&gt;256244.801&lt;/td&gt;&lt;/tr&gt;&lt;tr&gt;&lt;td&gt;Northing (m)&lt;/td&gt;&lt;td&gt;2607470.679&lt;/td&gt;&lt;/tr&gt;&lt;tr&gt;&lt;td&gt;Zone / Datum&lt;/td&gt;&lt;td&gt;UTM 45N / WGS84&lt;/td&gt;&lt;/tr&gt;&lt;/table&gt;</desc></wpt>
<wpt lat="0.00021249" lon="82.51201414"><ele>0.000</ele><name>BD202</name><desc>&lt;table border=&quot;1&quot; cellpadding=&quot;4&quot; cellspacing=&quot;0&quot; style=&quot;border-collapse:collapse;font-family:Arial;font-size:12px&quot;&gt;&lt;tr&gt;&lt;th align=&quot;left&quot;&gt;Parameter&lt;/th&gt;&lt;th align=&quot;left&quot;&gt;Value&lt;/th&gt;&lt;/tr&gt;&lt;tr&gt;&lt;td&gt;Pillar&lt;/td&gt;&lt;td&gt;BD202&lt;/td&gt;&lt;/tr&gt;&lt;tr&gt;&lt;td&gt;Lease&lt;/td&gt;&lt;td&gt;Pakhar 109.507 Ha&lt;/td&gt;&lt;/tr&gt;&lt;tr&gt;&lt;td&gt;Latitude&lt;/td&gt;&lt;td&gt;23.55944242&lt;/td&gt;&lt;/tr&gt;&lt;tr&gt;&lt;td&gt;Longitude&lt;/td&gt;&lt;td&gt;84.61195630&lt;/td&gt;&lt;/tr&gt;&lt;tr&gt;&lt;td&gt;Easting (m)&lt;/td&gt;&lt;td&gt;256241.453&lt;/td&gt;&lt;/tr&gt;&lt;tr&gt;&lt;td&gt;Northing (m)&lt;/td&gt;&lt;td&gt;2607483.287&lt;/td&gt;&lt;/tr&gt;&lt;tr&gt;&lt;td&gt;Zone / Datum&lt;/td&gt;&lt;td&gt;UTM 45N / WGS84&lt;/td&gt;&lt;/tr&gt;&lt;/table&gt;</desc></wpt>
<wpt lat="0.00021249" lon="82.51201415"><ele>0.000</ele><name>BD203</name><desc>&lt;table border=&quot;1&quot; cellpadding=&quot;4&quot; cellspacing=&quot;0&quot; style=&quot;border-collapse:collapse;font-family:Arial;font-size:12px&quot;&gt;&lt;tr&gt;&lt;th align=&quot;left&quot;&gt;Parameter&lt;/th&gt;&lt;th align=&quot;left&quot;&gt;Value&lt;/th&gt;&lt;/tr&gt;&lt;tr&gt;&lt;td&gt;Pillar&lt;/td&gt;&lt;td&gt;BD203&lt;/td&gt;&lt;/tr&gt;&lt;tr&gt;&lt;td&gt;Lease&lt;/td&gt;&lt;td&gt;Pakhar 109.507 Ha&lt;/td&gt;&lt;/tr&gt;&lt;tr&gt;&lt;td&gt;Latitude&lt;/td&gt;&lt;td&gt;23.55970293&lt;/td&gt;&lt;/tr&gt;&lt;tr&gt;&lt;td&gt;Longitude&lt;/td&gt;&lt;td&gt;84.61235608&lt;/td&gt;&lt;/tr&gt;&lt;tr&gt;&lt;td&gt;Easting (m)&lt;/td&gt;&lt;td&gt;256282.757&lt;/td&gt;&lt;/tr&gt;&lt;tr&gt;&lt;td&gt;Northing (m)&lt;/td&gt;&lt;td&gt;2607511.464&lt;/td&gt;&lt;/tr&gt;&lt;tr&gt;&lt;td&gt;Zone / Datum&lt;/td&gt;&lt;td&gt;UTM 45N / WGS84&lt;/td&gt;&lt;/tr&gt;&lt;/table&gt;</desc></wpt>
<wpt lat="0.00021250" lon="82.51201415"><ele>0.000</ele><name>BD204</name><desc>&lt;table border=&quot;1&quot; cellpadding=&quot;4&quot; cellspacing=&quot;0&quot; style=&quot;border-collapse:collapse;font-family:Arial;font-size:12px&quot;&gt;&lt;tr&gt;&lt;th align=&quot;left&quot;&gt;Parameter&lt;/th&gt;&lt;th align=&quot;left&quot;&gt;Value&lt;/th&gt;&lt;/tr&gt;&lt;tr&gt;&lt;td&gt;Pillar&lt;/td&gt;&lt;td&gt;BD204&lt;/td&gt;&lt;/tr&gt;&lt;tr&gt;&lt;td&gt;Lease&lt;/td&gt;&lt;td&gt;Pakhar 109.507 Ha&lt;/td&gt;&lt;/tr&gt;&lt;tr&gt;&lt;td&gt;Latitude&lt;/td&gt;&lt;td&gt;23.55996344&lt;/td&gt;&lt;/tr&gt;&lt;tr&gt;&lt;td&gt;Longitude&lt;/td&gt;&lt;td&gt;84.61275585&lt;/td&gt;&lt;/tr&gt;&lt;tr&gt;&lt;td&gt;Easting (m)&lt;/td&gt;&lt;td&gt;256324.061&lt;/td&gt;&lt;/tr&gt;&lt;tr&gt;&lt;td&gt;Northing (m)&lt;/td&gt;&lt;td&gt;2607539.642&lt;/td&gt;&lt;/tr&gt;&lt;tr&gt;&lt;td&gt;Zone / Datum&lt;/td&gt;&lt;td&gt;UTM 45N / WGS84&lt;/td&gt;&lt;/tr&gt;&lt;/table&gt;</desc></wpt>
<wpt lat="0.00021250" lon="82.51201415"><ele>0.000</ele><name>BD205</name><desc>&lt;table border=&quot;1&quot; cellpadding=&quot;4&quot; cellspacing=&quot;0&quot; style=&quot;border-collapse:collapse;font-family:Arial;font-size:12px&quot;&gt;&lt;tr&gt;&lt;th align=&quot;left&quot;&gt;Parameter&lt;/th&gt;&lt;th align=&quot;left&quot;&gt;Value&lt;/th&gt;&lt;/tr&gt;&lt;tr&gt;&lt;td&gt;Pillar&lt;/td&gt;&lt;td&gt;BD205&lt;/td&gt;&lt;/tr&gt;&lt;tr&gt;&lt;td&gt;Lease&lt;/td&gt;&lt;td&gt;Pakhar 109.507 Ha&lt;/td&gt;&lt;/tr&gt;&lt;tr&gt;&lt;td&gt;Latitude&lt;/td&gt;&lt;td&gt;23.56022395&lt;/td&gt;&lt;/tr&gt;&lt;tr&gt;&lt;td&gt;Longitude&lt;/td&gt;&lt;td&gt;84.61315563&lt;/td&gt;&lt;/tr&gt;&lt;tr&gt;&lt;td&gt;Easting (m)&lt;/td&gt;&lt;td&gt;256365.365&lt;/td&gt;&lt;/tr&gt;&lt;tr&gt;&lt;td&gt;Northing (m)&lt;/td&gt;&lt;td&gt;2607567.819&lt;/td&gt;&lt;/tr&gt;&lt;tr&gt;&lt;td&gt;Zone / Datum&lt;/td&gt;&lt;td&gt;UTM 45N / WGS84&lt;/td&gt;&lt;/tr&gt;&lt;/table&gt;</desc></wpt>
<wpt lat="0.00021250" lon="82.51201416"><ele>0.000</ele><name>BD206</name><desc>&lt;table border=&quot;1&quot; cellpadding=&quot;4&quot; cellspacing=&quot;0&quot; style=&quot;border-collapse:collapse;font-family:Arial;font-size:12px&quot;&gt;&lt;tr&gt;&lt;th align=&quot;left&quot;&gt;Parameter&lt;/th&gt;&lt;th align=&quot;left&quot;&gt;Value&lt;/th&gt;&lt;/tr&gt;&lt;tr&gt;&lt;td&gt;Pillar&lt;/td&gt;&lt;td&gt;BD206&lt;/td&gt;&lt;/tr&gt;&lt;tr&gt;&lt;td&gt;Lease&lt;/td&gt;&lt;td&gt;Pakhar 109.507 Ha&lt;/td&gt;&lt;/tr&gt;&lt;tr&gt;&lt;td&gt;Latitude&lt;/td&gt;&lt;td&gt;23.56049808&lt;/td&gt;&lt;/tr&gt;&lt;tr&gt;&lt;td&gt;Longitude&lt;/td&gt;&lt;td&gt;84.61354456&lt;/td&gt;&lt;/tr&gt;&lt;tr&gt;&lt;td&gt;Easting (m)&lt;/td&gt;&lt;td&gt;256405.586&lt;/td&gt;&lt;/tr&gt;&lt;tr&gt;&lt;td&gt;Northing (m)&lt;/td&gt;&lt;td&gt;2607597.523&lt;/td&gt;&lt;/tr&gt;&lt;tr&gt;&lt;td&gt;Zone / Datum&lt;/td&gt;&lt;td&gt;UTM 45N / WGS84&lt;/td&gt;&lt;/tr&gt;&lt;/table&gt;</desc></wpt>
<wpt lat="0.00021250" lon="82.51201416"><ele>0.000</ele><name>BD207</name><desc>&lt;table border=&quot;1&quot; cellpadding=&quot;4&quot; cellspacing=&quot;0&quot; style=&quot;border-collapse:collapse;font-family:Arial;font-size:12px&quot;&gt;&lt;tr&gt;&lt;th align=&quot;left&quot;&gt;Parameter&lt;/th&gt;&lt;th align=&quot;left&quot;&gt;Value&lt;/th&gt;&lt;/tr&gt;&lt;tr&gt;&lt;td&gt;Pillar&lt;/td&gt;&lt;td&gt;BD207&lt;/td&gt;&lt;/tr&gt;&lt;tr&gt;&lt;td&gt;Lease&lt;/td&gt;&lt;td&gt;Pakhar 109.507 Ha&lt;/td&gt;&lt;/tr&gt;&lt;tr&gt;&lt;td&gt;Latitude&lt;/td&gt;&lt;td&gt;23.56065458&lt;/td&gt;&lt;/tr&gt;&lt;tr&gt;&lt;td&gt;Longitude&lt;/td&gt;&lt;td&gt;84.61379040&lt;/td&gt;&lt;/tr&gt;&lt;tr&gt;&lt;td&gt;Easting (m)&lt;/td&gt;&lt;td&gt;256430.978&lt;/td&gt;&lt;/tr&gt;&lt;tr&gt;&lt;td&gt;Northing (m)&lt;/td&gt;&lt;td&gt;2607614.441&lt;/td&gt;&lt;/tr&gt;&lt;tr&gt;&lt;td&gt;Zone / Datum&lt;/td&gt;&lt;td&gt;UTM 45N / WGS84&lt;/td&gt;&lt;/tr&gt;&lt;/table&gt;</desc></wpt>
<wpt lat="0.00021250" lon="82.51201416"><ele>0.000</ele><name>BD208</name><desc>&lt;table border=&quot;1&quot; cellpadding=&quot;4&quot; cellspacing=&quot;0&quot; style=&quot;border-collapse:collapse;font-family:Arial;font-size:12px&quot;&gt;&lt;tr&gt;&lt;th align=&quot;left&quot;&gt;Parameter&lt;/th&gt;&lt;th align=&quot;left&quot;&gt;Value&lt;/th&gt;&lt;/tr&gt;&lt;tr&gt;&lt;td&gt;Pillar&lt;/td&gt;&lt;td&gt;BD208&lt;/td&gt;&lt;/tr&gt;&lt;tr&gt;&lt;td&gt;Lease&lt;/td&gt;&lt;td&gt;Pakhar 109.507 Ha&lt;/td&gt;&lt;/tr&gt;&lt;tr&gt;&lt;td&gt;Latitude&lt;/td&gt;&lt;td&gt;23.56053269&lt;/td&gt;&lt;/tr&gt;&lt;tr&gt;&lt;td&gt;Longitude&lt;/td&gt;&lt;td&gt;84.61426178&lt;/td&gt;&lt;/tr&gt;&lt;tr&gt;&lt;td&gt;Easting (m)&lt;/td&gt;&lt;td&gt;256478.888&lt;/td&gt;&lt;/tr&gt;&lt;tr&gt;&lt;td&gt;Northing (m)&lt;/td&gt;&lt;td&gt;2607600.137&lt;/td&gt;&lt;/tr&gt;&lt;tr&gt;&lt;td&gt;Zone / Datum&lt;/td&gt;&lt;td&gt;UTM 45N / WGS84&lt;/td&gt;&lt;/tr&gt;&lt;/table&gt;</desc></wpt>
<wpt lat="0.00021250" lon="82.51201417"><ele>0.000</ele><name>BD209</name><desc>&lt;table border=&quot;1&quot; cellpadding=&quot;4&quot; cellspacing=&quot;0&quot; style=&quot;border-collapse:collapse;font-family:Arial;font-size:12px&quot;&gt;&lt;tr&gt;&lt;th align=&quot;left&quot;&gt;Parameter&lt;/th&gt;&lt;th align=&quot;left&quot;&gt;Value&lt;/th&gt;&lt;/tr&gt;&lt;tr&gt;&lt;td&gt;Pillar&lt;/td&gt;&lt;td&gt;BD209&lt;/td&gt;&lt;/tr&gt;&lt;tr&gt;&lt;td&gt;Lease&lt;/td&gt;&lt;td&gt;Pakhar 109.507 Ha&lt;/td&gt;&lt;/tr&gt;&lt;tr&gt;&lt;td&gt;Latitude&lt;/td&gt;&lt;td&gt;23.56037398&lt;/td&gt;&lt;/tr&gt;&lt;tr&gt;&lt;td&gt;Longitude&lt;/td&gt;&lt;td&gt;84.61472009&lt;/td&gt;&lt;/tr&gt;&lt;tr&gt;&lt;td&gt;Easting (m)&lt;/td&gt;&lt;td&gt;256525.395&lt;/td&gt;&lt;/tr&gt;&lt;tr&gt;&lt;td&gt;Northing (m)&lt;/td&gt;&lt;td&gt;2607581.777&lt;/td&gt;&lt;/tr&gt;&lt;tr&gt;&lt;td&gt;Zone / Datum&lt;/td&gt;&lt;td&gt;UTM 45N / WGS84&lt;/td&gt;&lt;/tr&gt;&lt;/table&gt;</desc></wpt>
<wpt lat="0.00021231" lon="82.51201415"><ele>0.000</ele><name>A-BP1</name><desc>&lt;table border=&quot;1&quot; cellpadding=&quot;4&quot; cellspacing=&quot;0&quot; style=&quot;border-collapse:collapse;font-family:Arial;font-size:12px&quot;&gt;&lt;tr&gt;&lt;th align=&quot;left&quot;&gt;Parameter&lt;/th&gt;&lt;th align=&quot;left&quot;&gt;Value&lt;/th&gt;&lt;/tr&gt;&lt;tr&gt;&lt;td&gt;Pillar&lt;/td&gt;&lt;td&gt;A-BP1&lt;/td&gt;&lt;/tr&gt;&lt;tr&gt;&lt;td&gt;Lease&lt;/td&gt;&lt;td&gt;Pakhar 115.13 Ha - Block A&lt;/td&gt;&lt;/tr&gt;&lt;tr&gt;&lt;td&gt;Latitude&lt;/td&gt;&lt;td&gt;23.53886156&lt;/td&gt;&lt;/tr&gt;&lt;tr&gt;&lt;td&gt;Longitude&lt;/td&gt;&lt;td&gt;84.61309974&lt;/td&gt;&lt;/tr&gt;&lt;tr&gt;&lt;td&gt;Easting (m)&lt;/td&gt;&lt;td&gt;256320.247&lt;/td&gt;&lt;/tr&gt;&lt;tr&gt;&lt;td&gt;Northing (m)&lt;/td&gt;&lt;td&gt;2605201.531&lt;/td&gt;&lt;/tr&gt;&lt;tr&gt;&lt;td&gt;Zone / Datum&lt;/td&gt;&lt;td&gt;UTM 45N / WGS84&lt;/td&gt;&lt;/tr&gt;&lt;/table&gt;</desc></wpt>
<wpt lat="0.00021231" lon="82.51201415"><ele>0.000</ele><name>A-BP2</name><desc>&lt;table border=&quot;1&quot; cellpadding=&quot;4&quot; cellspacing=&quot;0&quot; style=&quot;border-collapse:collapse;font-family:Arial;font-size:12px&quot;&gt;&lt;tr&gt;&lt;th align=&quot;left&quot;&gt;Parameter&lt;/th&gt;&lt;th align=&quot;left&quot;&gt;Value&lt;/th&gt;&lt;/tr&gt;&lt;tr&gt;&lt;td&gt;Pillar&lt;/td&gt;&lt;td&gt;A-BP2&lt;/td&gt;&lt;/tr&gt;&lt;tr&gt;&lt;td&gt;Lease&lt;/td&gt;&lt;td&gt;Pakhar 115.13 Ha - Block A&lt;/td&gt;&lt;/tr&gt;&lt;tr&gt;&lt;td&gt;Latitude&lt;/td&gt;&lt;td&gt;23.53930634&lt;/td&gt;&lt;/tr&gt;&lt;tr&gt;&lt;td&gt;Longitude&lt;/td&gt;&lt;td&gt;84.61318269&lt;/td&gt;&lt;/tr&gt;&lt;tr&gt;&lt;td&gt;Easting (m)&lt;/td&gt;&lt;td&gt;256329.539&lt;/td&gt;&lt;/tr&gt;&lt;tr&gt;&lt;td&gt;Northing (m)&lt;/td&gt;&lt;td&gt;2605250.660&lt;/td&gt;&lt;/tr&gt;&lt;tr&gt;&lt;td&gt;Zone / Datum&lt;/td&gt;&lt;td&gt;UTM 45N / WGS84&lt;/td&gt;&lt;/tr&gt;&lt;/table&gt;</desc></wpt>
<wpt lat="0.00021231" lon="82.51201415"><ele>0.000</ele><name>A-BP3</name><desc>&lt;table border=&quot;1&quot; cellpadding=&quot;4&quot; cellspacing=&quot;0&quot; style=&quot;border-collapse:collapse;font-family:Arial;font-size:12px&quot;&gt;&lt;tr&gt;&lt;th align=&quot;left&quot;&gt;Parameter&lt;/th&gt;&lt;th align=&quot;left&quot;&gt;Value&lt;/th&gt;&lt;/tr&gt;&lt;tr&gt;&lt;td&gt;Pillar&lt;/td&gt;&lt;td&gt;A-BP3&lt;/td&gt;&lt;/tr&gt;&lt;tr&gt;&lt;td&gt;Lease&lt;/td&gt;&lt;td&gt;Pakhar 115.13 Ha - Block A&lt;/td&gt;&lt;/tr&gt;&lt;tr&gt;&lt;td&gt;Latitude&lt;/td&gt;&lt;td&gt;23.53957187&lt;/td&gt;&lt;/tr&gt;&lt;tr&gt;&lt;td&gt;Longitude&lt;/td&gt;&lt;td&gt;84.61323222&lt;/td&gt;&lt;/tr&gt;&lt;tr&gt;&lt;td&gt;Easting (m)&lt;/td&gt;&lt;td&gt;256335.087&lt;/td&gt;&lt;/tr&gt;&lt;tr&gt;&lt;td&gt;Northing (m)&lt;/td&gt;&lt;td&gt;2605279.989&lt;/td&gt;&lt;/tr&gt;&lt;tr&gt;&lt;td&gt;Zone / Datum&lt;/td&gt;&lt;td&gt;UTM 45N / WGS84&lt;/td&gt;&lt;/tr&gt;&lt;/table&gt;</desc></wpt>
<wpt lat="0.00021232" lon="82.51201415"><ele>0.000</ele><name>A-BP4</name><desc>&lt;table border=&quot;1&quot; cellpadding=&quot;4&quot; cellspacing=&quot;0&quot; style=&quot;border-collapse:collapse;font-family:Arial;font-size:12px&quot;&gt;&lt;tr&gt;&lt;th align=&quot;left&quot;&gt;Parameter&lt;/th&gt;&lt;th align=&quot;left&quot;&gt;Value&lt;/th&gt;&lt;/tr&gt;&lt;tr&gt;&lt;td&gt;Pillar&lt;/td&gt;&lt;td&gt;A-BP4&lt;/td&gt;&lt;/tr&gt;&lt;tr&gt;&lt;td&gt;Lease&lt;/td&gt;&lt;td&gt;Pakhar 115.13 Ha - Block A&lt;/td&gt;&lt;/tr&gt;&lt;tr&gt;&lt;td&gt;Latitude&lt;/td&gt;&lt;td&gt;23.53998914&lt;/td&gt;&lt;/tr&gt;&lt;tr&gt;&lt;td&gt;Longitude&lt;/td&gt;&lt;td&gt;84.61304572&lt;/td&gt;&lt;/tr&gt;&lt;tr&gt;&lt;td&gt;Easting (m)&lt;/td&gt;&lt;td&gt;256316.809&lt;/td&gt;&lt;/tr&gt;&lt;tr&gt;&lt;td&gt;Northing (m)&lt;/td&gt;&lt;td&gt;2605326.528&lt;/td&gt;&lt;/tr&gt;&lt;tr&gt;&lt;td&gt;Zone / Datum&lt;/td&gt;&lt;td&gt;UTM 45N / WGS84&lt;/td&gt;&lt;/tr&gt;&lt;/table&gt;</desc></wpt>
<wpt lat="0.00021232" lon="82.51201415"><ele>0.000</ele><name>A-BP5</name><desc>&lt;table border=&quot;1&quot; cellpadding=&quot;4&quot; cellspacing=&quot;0&quot; style=&quot;border-collapse:collapse;font-family:Arial;font-size:12px&quot;&gt;&lt;tr&gt;&lt;th align=&quot;left&quot;&gt;Parameter&lt;/th&gt;&lt;th align=&quot;left&quot;&gt;Value&lt;/th&gt;&lt;/tr&gt;&lt;tr&gt;&lt;td&gt;Pillar&lt;/td&gt;&lt;td&gt;A-BP5&lt;/td&gt;&lt;/tr&gt;&lt;tr&gt;&lt;td&gt;Lease&lt;/td&gt;&lt;td&gt;Pakhar 115.13 Ha - Block A&lt;/td&gt;&lt;/tr&gt;&lt;tr&gt;&lt;td&gt;Latitude&lt;/td&gt;&lt;td&gt;23.54040641&lt;/td&gt;&lt;/tr&gt;&lt;tr&gt;&lt;td&gt;Longitude&lt;/td&gt;&lt;td&gt;84.61285922&lt;/td&gt;&lt;/tr&gt;&lt;tr&gt;&lt;td&gt;Easting (m)&lt;/td&gt;&lt;td&gt;256298.532&lt;/td&gt;&lt;/tr&gt;&lt;tr&gt;&lt;td&gt;Northing (m)&lt;/td&gt;&lt;td&gt;2605373.068&lt;/td&gt;&lt;/tr&gt;&lt;tr&gt;&lt;td&gt;Zone / Datum&lt;/td&gt;&lt;td&gt;UTM 45N / WGS84&lt;/td&gt;&lt;/tr&gt;&lt;/table&gt;</desc></wpt>
<wpt lat="0.00021232" lon="82.51201415"><ele>0.000</ele><name>A-BP6</name><desc>&lt;table border=&quot;1&quot; cellpadding=&quot;4&quot; cellspacing=&quot;0&quot; style=&quot;border-collapse:collapse;font-family:Arial;font-size:12px&quot;&gt;&lt;tr&gt;&lt;th align=&quot;left&quot;&gt;Parameter&lt;/th&gt;&lt;th align=&quot;left&quot;&gt;Value&lt;/th&gt;&lt;/tr&gt;&lt;tr&gt;&lt;td&gt;Pillar&lt;/td&gt;&lt;td&gt;A-BP6&lt;/td&gt;&lt;/tr&gt;&lt;tr&gt;&lt;td&gt;Lease&lt;/td&gt;&lt;td&gt;Pakhar 115.13 Ha - Block A&lt;/td&gt;&lt;/tr&gt;&lt;tr&gt;&lt;td&gt;Latitude&lt;/td&gt;&lt;td&gt;23.54082369&lt;/td&gt;&lt;/tr&gt;&lt;tr&gt;&lt;td&gt;Longitude&lt;/td&gt;&lt;td&gt;84.61267272&lt;/td&gt;&lt;/tr&gt;&lt;tr&gt;&lt;td&gt;Easting (m)&lt;/td&gt;&lt;td&gt;256280.254&lt;/td&gt;&lt;/tr&gt;&lt;tr&gt;&lt;td&gt;Northing (m)&lt;/td&gt;&lt;td&gt;2605419.608&lt;/td&gt;&lt;/tr&gt;&lt;tr&gt;&lt;td&gt;Zone / Datum&lt;/td&gt;&lt;td&gt;UTM 45N / WGS84&lt;/td&gt;&lt;/tr&gt;&lt;/table&gt;</desc></wpt>
<wpt lat="0.00021233" lon="82.51201415"><ele>0.000</ele><name>A-BP7</name><desc>&lt;table border=&quot;1&quot; cellpadding=&quot;4&quot; cellspacing=&quot;0&quot; style=&quot;border-collapse:collapse;font-family:Arial;font-size:12px&quot;&gt;&lt;tr&gt;&lt;th align=&quot;left&quot;&gt;Parameter&lt;/th&gt;&lt;th align=&quot;left&quot;&gt;Value&lt;/th&gt;&lt;/tr&gt;&lt;tr&gt;&lt;td&gt;Pillar&lt;/td&gt;&lt;td&gt;A-BP7&lt;/td&gt;&lt;/tr&gt;&lt;tr&gt;&lt;td&gt;Lease&lt;/td&gt;&lt;td&gt;Pakhar 115.13 Ha - Block A&lt;/td&gt;&lt;/tr&gt;&lt;tr&gt;&lt;td&gt;Latitude&lt;/td&gt;&lt;td&gt;23.54124095&lt;/td&gt;&lt;/tr&gt;&lt;tr&gt;&lt;td&gt;Longitude&lt;/td&gt;&lt;td&gt;84.61248621&lt;/td&gt;&lt;/tr&gt;&lt;tr&gt;&lt;td&gt;Easting (m)&lt;/td&gt;&lt;td&gt;256261.976&lt;/td&gt;&lt;/tr&gt;&lt;tr&gt;&lt;td&gt;Northing (m)&lt;/td&gt;&lt;td&gt;2605466.147&lt;/td&gt;&lt;/tr&gt;&lt;tr&gt;&lt;td&gt;Zone / Datum&lt;/td&gt;&lt;td&gt;UTM 45N / WGS84&lt;/td&gt;&lt;/tr&gt;&lt;/table&gt;</desc></wpt>
<wpt lat="0.00021233" lon="82.51201414"><ele>0.000</ele><name>A-BP8</name><desc>&lt;table border=&quot;1&quot; cellpadding=&quot;4&quot; cellspacing=&quot;0&quot; style=&quot;border-collapse:collapse;font-family:Arial;font-size:12px&quot;&gt;&lt;tr&gt;&lt;th align=&quot;left&quot;&gt;Parameter&lt;/th&gt;&lt;th align=&quot;left&quot;&gt;Value&lt;/th&gt;&lt;/tr&gt;&lt;tr&gt;&lt;td&gt;Pillar&lt;/td&gt;&lt;td&gt;A-BP8&lt;/td&gt;&lt;/tr&gt;&lt;tr&gt;&lt;td&gt;Lease&lt;/td&gt;&lt;td&gt;Pakhar 115.13 Ha - Block A&lt;/td&gt;&lt;/tr&gt;&lt;tr&gt;&lt;td&gt;Latitude&lt;/td&gt;&lt;td&gt;23.54165822&lt;/td&gt;&lt;/tr&gt;&lt;tr&gt;&lt;td&gt;Longitude&lt;/td&gt;&lt;td&gt;84.61229972&lt;/td&gt;&lt;/tr&gt;&lt;tr&gt;&lt;td&gt;Easting (m)&lt;/td&gt;&lt;td&gt;256243.699&lt;/td&gt;&lt;/tr&gt;&lt;tr&gt;&lt;td&gt;Northing (m)&lt;/td&gt;&lt;td&gt;2605512.687&lt;/td&gt;&lt;/tr&gt;&lt;tr&gt;&lt;td&gt;Zone / Datum&lt;/td&gt;&lt;td&gt;UTM 45N / WGS84&lt;/td&gt;&lt;/tr&gt;&lt;/table&gt;</desc></wpt>
<wpt lat="0.00021234" lon="82.51201414"><ele>0.000</ele><name>A-BP9</name><desc>&lt;table border=&quot;1&quot; cellpadding=&quot;4&quot; cellspacing=&quot;0&quot; style=&quot;border-collapse:collapse;font-family:Arial;font-size:12px&quot;&gt;&lt;tr&gt;&lt;th align=&quot;left&quot;&gt;Parameter&lt;/th&gt;&lt;th align=&quot;left&quot;&gt;Value&lt;/th&gt;&lt;/tr&gt;&lt;tr&gt;&lt;td&gt;Pillar&lt;/td&gt;&lt;td&gt;A-BP9&lt;/td&gt;&lt;/tr&gt;&lt;tr&gt;&lt;td&gt;Lease&lt;/td&gt;&lt;td&gt;Pakhar 115.13 Ha - Block A&lt;/td&gt;&lt;/tr&gt;&lt;tr&gt;&lt;td&gt;Latitude&lt;/td&gt;&lt;td&gt;23.54207549&lt;/td&gt;&lt;/tr&gt;&lt;tr&gt;&lt;td&gt;Longitude&lt;/td&gt;&lt;td&gt;84.61211321&lt;/td&gt;&lt;/tr&gt;&lt;tr&gt;&lt;td&gt;Easting (m)&lt;/td&gt;&lt;td&gt;256225.421&lt;/td&gt;&lt;/tr&gt;&lt;tr&gt;&lt;td&gt;Northing (m)&lt;/td&gt;&lt;td&gt;2605559.226&lt;/td&gt;&lt;/tr&gt;&lt;tr&gt;&lt;td&gt;Zone / Datum&lt;/td&gt;&lt;td&gt;UTM 45N / WGS84&lt;/td&gt;&lt;/tr&gt;&lt;/table&gt;</desc></wpt>
<wpt lat="0.00021234" lon="82.51201414"><ele>0.000</ele><name>A-BP10</name><desc>&lt;table border=&quot;1&quot; cellpadding=&quot;4&quot; cellspacing=&quot;0&quot; style=&quot;border-collapse:collapse;font-family:Arial;font-size:12px&quot;&gt;&lt;tr&gt;&lt;th align=&quot;left&quot;&gt;Parameter&lt;/th&gt;&lt;th align=&quot;left&quot;&gt;Value&lt;/th&gt;&lt;/tr&gt;&lt;tr&gt;&lt;td&gt;Pillar&lt;/td&gt;&lt;td&gt;A-BP10&lt;/td&gt;&lt;/tr&gt;&lt;tr&gt;&lt;td&gt;Lease&lt;/td&gt;&lt;td&gt;Pakhar 115.13 Ha - Block A&lt;/td&gt;&lt;/tr&gt;&lt;tr&gt;&lt;td&gt;Latitude&lt;/td&gt;&lt;td&gt;23.54249276&lt;/td&gt;&lt;/tr&gt;&lt;tr&gt;&lt;td&gt;Longitude&lt;/td&gt;&lt;td&gt;84.61192670&lt;/td&gt;&lt;/tr&gt;&lt;tr&gt;&lt;td&gt;Easting (m)&lt;/td&gt;&lt;td&gt;256207.143&lt;/td&gt;&lt;/tr&gt;&lt;tr&gt;&lt;td&gt;Northing (m)&lt;/td&gt;&lt;td&gt;2605605.766&lt;/td&gt;&lt;/tr&gt;&lt;tr&gt;&lt;td&gt;Zone / Datum&lt;/td&gt;&lt;td&gt;UTM 45N / WGS84&lt;/td&gt;&lt;/tr&gt;&lt;/table&gt;</desc></wpt>
<wpt lat="0.00021234" lon="82.51201414"><ele>0.000</ele><name>A-BP11</name><desc>&lt;table border=&quot;1&quot; cellpadding=&quot;4&quot; cellspacing=&quot;0&quot; style=&quot;border-collapse:collapse;font-family:Arial;font-size:12px&quot;&gt;&lt;tr&gt;&lt;th align=&quot;left&quot;&gt;Parameter&lt;/th&gt;&lt;th align=&quot;left&quot;&gt;Value&lt;/th&gt;&lt;/tr&gt;&lt;tr&gt;&lt;td&gt;Pillar&lt;/td&gt;&lt;td&gt;A-BP11&lt;/td&gt;&lt;/tr&gt;&lt;tr&gt;&lt;td&gt;Lease&lt;/td&gt;&lt;td&gt;Pakhar 115.13 Ha - Block A&lt;/td&gt;&lt;/tr&gt;&lt;tr&gt;&lt;td&gt;Latitude&lt;/td&gt;&lt;td&gt;23.54291003&lt;/td&gt;&lt;/tr&gt;&lt;tr&gt;&lt;td&gt;Longitude&lt;/td&gt;&lt;td&gt;84.61174020&lt;/td&gt;&lt;/tr&gt;&lt;tr&gt;&lt;td&gt;Easting (m)&lt;/td&gt;&lt;td&gt;256188.866&lt;/td&gt;&lt;/tr&gt;&lt;tr&gt;&lt;td&gt;Northing (m)&lt;/td&gt;&lt;td&gt;2605652.305&lt;/td&gt;&lt;/tr&gt;&lt;tr&gt;&lt;td&gt;Zone / Datum&lt;/td&gt;&lt;td&gt;UTM 45N / WGS84&lt;/td&gt;&lt;/tr&gt;&lt;/table&gt;</desc></wpt>
<wpt lat="0.00021235" lon="82.51201414"><ele>0.000</ele><name>A-BP12</name><desc>&lt;table border=&quot;1&quot; cellpadding=&quot;4&quot; cellspacing=&quot;0&quot; style=&quot;border-collapse:collapse;font-family:Arial;font-size:12px&quot;&gt;&lt;tr&gt;&lt;th align=&quot;left&quot;&gt;Parameter&lt;/th&gt;&lt;th align=&quot;left&quot;&gt;Value&lt;/th&gt;&lt;/tr&gt;&lt;tr&gt;&lt;td&gt;Pillar&lt;/td&gt;&lt;td&gt;A-BP12&lt;/td&gt;&lt;/tr&gt;&lt;tr&gt;&lt;td&gt;Lease&lt;/td&gt;&lt;td&gt;Pakhar 115.13 Ha - Block A&lt;/td&gt;&lt;/tr&gt;&lt;tr&gt;&lt;td&gt;Latitude&lt;/td&gt;&lt;td&gt;23.54332755&lt;/td&gt;&lt;/tr&gt;&lt;tr&gt;&lt;td&gt;Longitude&lt;/td&gt;&lt;td&gt;84.61155437&lt;/td&gt;&lt;/tr&gt;&lt;tr&gt;&lt;td&gt;Easting (m)&lt;/td&gt;&lt;td&gt;256170.658&lt;/td&gt;&lt;/tr&gt;&lt;tr&gt;&lt;td&gt;Northing (m)&lt;/td&gt;&lt;td&gt;2605698.872&lt;/td&gt;&lt;/tr&gt;&lt;tr&gt;&lt;td&gt;Zone / Datum&lt;/td&gt;&lt;td&gt;UTM 45N / WGS84&lt;/td&gt;&lt;/tr&gt;&lt;/table&gt;</desc></wpt>
<wpt lat="0.00021235" lon="82.51201414"><ele>0.000</ele><name>A-BP13</name><desc>&lt;table border=&quot;1&quot; cellpadding=&quot;4&quot; cellspacing=&quot;0&quot; style=&quot;border-collapse:collapse;font-family:Arial;font-size:12px&quot;&gt;&lt;tr&gt;&lt;th align=&quot;left&quot;&gt;Parameter&lt;/th&gt;&lt;th align=&quot;left&quot;&gt;Value&lt;/th&gt;&lt;/tr&gt;&lt;tr&gt;&lt;td&gt;Pillar&lt;/td&gt;&lt;td&gt;A-BP13&lt;/td&gt;&lt;/tr&gt;&lt;tr&gt;&lt;td&gt;Lease&lt;/td&gt;&lt;td&gt;Pakhar 115.13 Ha - Block A&lt;/td&gt;&lt;/tr&gt;&lt;tr&gt;&lt;td&gt;Latitude&lt;/td&gt;&lt;td&gt;23.54374847&lt;/td&gt;&lt;/tr&gt;&lt;tr&gt;&lt;td&gt;Longitude&lt;/td&gt;&lt;td&gt;84.61137776&lt;/td&gt;&lt;/tr&gt;&lt;tr&gt;&lt;td&gt;Easting (m)&lt;/td&gt;&lt;td&gt;256153.398&lt;/td&gt;&lt;/tr&gt;&lt;tr&gt;&lt;td&gt;Northing (m)&lt;/td&gt;&lt;td&gt;2605745.799&lt;/td&gt;&lt;/tr&gt;&lt;tr&gt;&lt;td&gt;Zone / Datum&lt;/td&gt;&lt;td&gt;UTM 45N / WGS84&lt;/td&gt;&lt;/tr&gt;&lt;/table&gt;</desc></wpt>
<wpt lat="0.00021235" lon="82.51201413"><ele>0.000</ele><name>A-BP14</name><desc>&lt;table border=&quot;1&quot; cellpadding=&quot;4&quot; cellspacing=&quot;0&quot; style=&quot;border-collapse:collapse;font-family:Arial;font-size:12px&quot;&gt;&lt;tr&gt;&lt;th align=&quot;left&quot;&gt;Parameter&lt;/th&gt;&lt;th align=&quot;left&quot;&gt;Value&lt;/th&gt;&lt;/tr&gt;&lt;tr&gt;&lt;td&gt;Pillar&lt;/td&gt;&lt;td&gt;A-BP14&lt;/td&gt;&lt;/tr&gt;&lt;tr&gt;&lt;td&gt;Lease&lt;/td&gt;&lt;td&gt;Pakhar 115.13 Ha - Block A&lt;/td&gt;&lt;/tr&gt;&lt;tr&gt;&lt;td&gt;Latitude&lt;/td&gt;&lt;td&gt;23.54416938&lt;/td&gt;&lt;/tr&gt;&lt;tr&gt;&lt;td&gt;Longitude&lt;/td&gt;&lt;td&gt;84.61120114&lt;/td&gt;&lt;/tr&gt;&lt;tr&gt;&lt;td&gt;Easting (m)&lt;/td&gt;&lt;td&gt;256136.138&lt;/td&gt;&lt;/tr&gt;&lt;tr&gt;&lt;td&gt;Northing (m)&lt;/td&gt;&lt;td&gt;2605792.725&lt;/td&gt;&lt;/tr&gt;&lt;tr&gt;&lt;td&gt;Zone / Datum&lt;/td&gt;&lt;td&gt;UTM 45N / WGS84&lt;/td&gt;&lt;/tr&gt;&lt;/table&gt;</desc></wpt>
<wpt lat="0.00021236" lon="82.51201413"><ele>0.000</ele><name>A-BP15</name><desc>&lt;table border=&quot;1&quot; cellpadding=&quot;4&quot; cellspacing=&quot;0&quot; style=&quot;border-collapse:collapse;font-family:Arial;font-size:12px&quot;&gt;&lt;tr&gt;&lt;th align=&quot;left&quot;&gt;Parameter&lt;/th&gt;&lt;th align=&quot;left&quot;&gt;Value&lt;/th&gt;&lt;/tr&gt;&lt;tr&gt;&lt;td&gt;Pillar&lt;/td&gt;&lt;td&gt;A-BP15&lt;/td&gt;&lt;/tr&gt;&lt;tr&gt;&lt;td&gt;Lease&lt;/td&gt;&lt;td&gt;Pakhar 115.13 Ha - Block A&lt;/td&gt;&lt;/tr&gt;&lt;tr&gt;&lt;td&gt;Latitude&lt;/td&gt;&lt;td&gt;23.54453127&lt;/td&gt;&lt;/tr&gt;&lt;tr&gt;&lt;td&gt;Longitude&lt;/td&gt;&lt;td&gt;84.61104930&lt;/td&gt;&lt;/tr&gt;&lt;tr&gt;&lt;td&gt;Easting (m)&lt;/td&gt;&lt;td&gt;256121.299&lt;/td&gt;&lt;/tr&gt;&lt;tr&gt;&lt;td&gt;Northing (m)&lt;/td&gt;&lt;td&gt;2605833.071&lt;/td&gt;&lt;/tr&gt;&lt;tr&gt;&lt;td&gt;Zone / Datum&lt;/td&gt;&lt;td&gt;UTM 45N / WGS84&lt;/td&gt;&lt;/tr&gt;&lt;/table&gt;</desc></wpt>
<wpt lat="0.00021236" lon="82.51201414"><ele>0.000</ele><name>A-BP16</name><desc>&lt;table border=&quot;1&quot; cellpadding=&quot;4&quot; cellspacing=&quot;0&quot; style=&quot;border-collapse:collapse;font-family:Arial;font-size:12px&quot;&gt;&lt;tr&gt;&lt;th align=&quot;left&quot;&gt;Parameter&lt;/th&gt;&lt;th align=&quot;left&quot;&gt;Value&lt;/th&gt;&lt;/tr&gt;&lt;tr&gt;&lt;td&gt;Pillar&lt;/td&gt;&lt;td&gt;A-BP16&lt;/td&gt;&lt;/tr&gt;&lt;tr&gt;&lt;td&gt;Lease&lt;/td&gt;&lt;td&gt;Pakhar 115.13 Ha - Block A&lt;/td&gt;&lt;/tr&gt;&lt;tr&gt;&lt;td&gt;Latitude&lt;/td&gt;&lt;td&gt;23.54490615&lt;/td&gt;&lt;/tr&gt;&lt;tr&gt;&lt;td&gt;Longitude&lt;/td&gt;&lt;td&gt;84.61132187&lt;/td&gt;&lt;/tr&gt;&lt;tr&gt;&lt;td&gt;Easting (m)&lt;/td&gt;&lt;td&gt;256149.827&lt;/td&gt;&lt;/tr&gt;&lt;tr&gt;&lt;td&gt;Northing (m)&lt;/td&gt;&lt;td&gt;2605874.134&lt;/td&gt;&lt;/tr&gt;&lt;tr&gt;&lt;td&gt;Zone / Datum&lt;/td&gt;&lt;td&gt;UTM 45N / WGS84&lt;/td&gt;&lt;/tr&gt;&lt;/table&gt;</desc></wpt>
<wpt lat="0.00021236" lon="82.51201414"><ele>0.000</ele><name>A-BP17</name><desc>&lt;table border=&quot;1&quot; cellpadding=&quot;4&quot; cellspacing=&quot;0&quot; style=&quot;border-collapse:collapse;font-family:Arial;font-size:12px&quot;&gt;&lt;tr&gt;&lt;th align=&quot;left&quot;&gt;Parameter&lt;/th&gt;&lt;th align=&quot;left&quot;&gt;Value&lt;/th&gt;&lt;/tr&gt;&lt;tr&gt;&lt;td&gt;Pillar&lt;/td&gt;&lt;td&gt;A-BP17&lt;/td&gt;&lt;/tr&gt;&lt;tr&gt;&lt;td&gt;Lease&lt;/td&gt;&lt;td&gt;Pakhar 115.13 Ha - Block A&lt;/td&gt;&lt;/tr&gt;&lt;tr&gt;&lt;td&gt;Latitude&lt;/td&gt;&lt;td&gt;23.54528103&lt;/td&gt;&lt;/tr&gt;&lt;tr&gt;&lt;td&gt;Longitude&lt;/td&gt;&lt;td&gt;84.61159443&lt;/td&gt;&lt;/tr&gt;&lt;tr&gt;&lt;td&gt;Easting (m)&lt;/td&gt;&lt;td&gt;256178.355&lt;/td&gt;&lt;/tr&gt;&lt;tr&gt;&lt;td&gt;Northing (m)&lt;/td&gt;&lt;td&gt;2605915.197&lt;/td&gt;&lt;/tr&gt;&lt;tr&gt;&lt;td&gt;Zone / Datum&lt;/td&gt;&lt;td&gt;UTM 45N / WGS84&lt;/td&gt;&lt;/tr&gt;&lt;/table&gt;</desc></wpt>
<wpt lat="0.00021237" lon="82.51201414"><ele>0.000</ele><name>A-BP18</name><desc>&lt;table border=&quot;1&quot; cellpadding=&quot;4&quot; cellspacing=&quot;0&quot; style=&quot;border-collapse:collapse;font-family:Arial;font-size:12px&quot;&gt;&lt;tr&gt;&lt;th align=&quot;left&quot;&gt;Parameter&lt;/th&gt;&lt;th align=&quot;left&quot;&gt;Value&lt;/th&gt;&lt;/tr&gt;&lt;tr&gt;&lt;td&gt;Pillar&lt;/td&gt;&lt;td&gt;A-BP18&lt;/td&gt;&lt;/tr&gt;&lt;tr&gt;&lt;td&gt;Lease&lt;/td&gt;&lt;td&gt;Pakhar 115.13 Ha - Block A&lt;/td&gt;&lt;/tr&gt;&lt;tr&gt;&lt;td&gt;Latitude&lt;/td&gt;&lt;td&gt;23.54565590&lt;/td&gt;&lt;/tr&gt;&lt;tr&gt;&lt;td&gt;Longitude&lt;/td&gt;&lt;td&gt;84.61186700&lt;/td&gt;&lt;/tr&gt;&lt;tr&gt;&lt;td&gt;Easting (m)&lt;/td&gt;&lt;td&gt;256206.883&lt;/td&gt;&lt;/tr&gt;&lt;tr&gt;&lt;td&gt;Northing (m)&lt;/td&gt;&lt;td&gt;2605956.259&lt;/td&gt;&lt;/tr&gt;&lt;tr&gt;&lt;td&gt;Zone / Datum&lt;/td&gt;&lt;td&gt;UTM 45N / WGS84&lt;/td&gt;&lt;/tr&gt;&lt;/table&gt;</desc></wpt>
<wpt lat="0.00021237" lon="82.51201414"><ele>0.000</ele><name>A-BP19</name><desc>&lt;table border=&quot;1&quot; cellpadding=&quot;4&quot; cellspacing=&quot;0&quot; style=&quot;border-collapse:collapse;font-family:Arial;font-size:12px&quot;&gt;&lt;tr&gt;&lt;th align=&quot;left&quot;&gt;Parameter&lt;/th&gt;&lt;th align=&quot;left&quot;&gt;Value&lt;/th&gt;&lt;/tr&gt;&lt;tr&gt;&lt;td&gt;Pillar&lt;/td&gt;&lt;td&gt;A-BP19&lt;/td&gt;&lt;/tr&gt;&lt;tr&gt;&lt;td&gt;Lease&lt;/td&gt;&lt;td&gt;Pakhar 115.13 Ha - Block A&lt;/td&gt;&lt;/tr&gt;&lt;tr&gt;&lt;td&gt;Latitude&lt;/td&gt;&lt;td&gt;23.54602823&lt;/td&gt;&lt;/tr&gt;&lt;tr&gt;&lt;td&gt;Longitude&lt;/td&gt;&lt;td&gt;84.61214366&lt;/td&gt;&lt;/tr&gt;&lt;tr&gt;&lt;td&gt;Easting (m)&lt;/td&gt;&lt;td&gt;256235.825&lt;/td&gt;&lt;/tr&gt;&lt;tr&gt;&lt;td&gt;Northing (m)&lt;/td&gt;&lt;td&gt;2605997.032&lt;/td&gt;&lt;/tr&gt;&lt;tr&gt;&lt;td&gt;Zone / Datum&lt;/td&gt;&lt;td&gt;UTM 45N / WGS84&lt;/td&gt;&lt;/tr&gt;&lt;/table&gt;</desc></wpt>
<wpt lat="0.00021237" lon="82.51201415"><ele>0.000</ele><name>A-BP20</name><desc>&lt;table border=&quot;1&quot; cellpadding=&quot;4&quot; cellspacing=&quot;0&quot; style=&quot;border-collapse:collapse;font-family:Arial;font-size:12px&quot;&gt;&lt;tr&gt;&lt;th align=&quot;left&quot;&gt;Parameter&lt;/th&gt;&lt;th align=&quot;left&quot;&gt;Value&lt;/th&gt;&lt;/tr&gt;&lt;tr&gt;&lt;td&gt;Pillar&lt;/td&gt;&lt;td&gt;A-BP20&lt;/td&gt;&lt;/tr&gt;&lt;tr&gt;&lt;td&gt;Lease&lt;/td&gt;&lt;td&gt;Pakhar 115.13 Ha - Block A&lt;/td&gt;&lt;/tr&gt;&lt;tr&gt;&lt;td&gt;Latitude&lt;/td&gt;&lt;td&gt;23.54639375&lt;/td&gt;&lt;/tr&gt;&lt;tr&gt;&lt;td&gt;Longitude&lt;/td&gt;&lt;td&gt;84.61243079&lt;/td&gt;&lt;/tr&gt;&lt;tr&gt;&lt;td&gt;Easting (m)&lt;/td&gt;&lt;td&gt;256265.822&lt;/td&gt;&lt;/tr&gt;&lt;tr&gt;&lt;td&gt;Northing (m)&lt;/td&gt;&lt;td&gt;2606037.034&lt;/td&gt;&lt;/tr&gt;&lt;tr&gt;&lt;td&gt;Zone / Datum&lt;/td&gt;&lt;td&gt;UTM 45N / WGS84&lt;/td&gt;&lt;/tr&gt;&lt;/table&gt;</desc></wpt>
<wpt lat="0.00021238" lon="82.51201415"><ele>0.000</ele><name>A-BP21</name><desc>&lt;table border=&quot;1&quot; cellpadding=&quot;4&quot; cellspacing=&quot;0&quot; style=&quot;border-collapse:collapse;font-family:Arial;font-size:12px&quot;&gt;&lt;tr&gt;&lt;th align=&quot;left&quot;&gt;Parameter&lt;/th&gt;&lt;th align=&quot;left&quot;&gt;Value&lt;/th&gt;&lt;/tr&gt;&lt;tr&gt;&lt;td&gt;Pillar&lt;/td&gt;&lt;td&gt;A-BP21&lt;/td&gt;&lt;/tr&gt;&lt;tr&gt;&lt;td&gt;Lease&lt;/td&gt;&lt;td&gt;Pakhar 115.13 Ha - Block A&lt;/td&gt;&lt;/tr&gt;&lt;tr&gt;&lt;td&gt;Latitude&lt;/td&gt;&lt;td&gt;23.54675927&lt;/td&gt;&lt;/tr&gt;&lt;tr&gt;&lt;td&gt;Longitude&lt;/td&gt;&lt;td&gt;84.61271792&lt;/td&gt;&lt;/tr&gt;&lt;tr&gt;&lt;td&gt;Easting (m)&lt;/td&gt;&lt;td&gt;256295.820&lt;/td&gt;&lt;/tr&gt;&lt;tr&gt;&lt;td&gt;Northing (m)&lt;/td&gt;&lt;td&gt;2606077.035&lt;/td&gt;&lt;/tr&gt;&lt;tr&gt;&lt;td&gt;Zone / Datum&lt;/td&gt;&lt;td&gt;UTM 45N / WGS84&lt;/td&gt;&lt;/tr&gt;&lt;/table&gt;</desc></wpt>
<wpt lat="0.00021238" lon="82.51201415"><ele>0.000</ele><name>A-BP22</name><desc>&lt;table border=&quot;1&quot; cellpadding=&quot;4&quot; cellspacing=&quot;0&quot; style=&quot;border-collapse:collapse;font-family:Arial;font-size:12px&quot;&gt;&lt;tr&gt;&lt;th align=&quot;left&quot;&gt;Parameter&lt;/th&gt;&lt;th align=&quot;left&quot;&gt;Value&lt;/th&gt;&lt;/tr&gt;&lt;tr&gt;&lt;td&gt;Pillar&lt;/td&gt;&lt;td&gt;A-BP22&lt;/td&gt;&lt;/tr&gt;&lt;tr&gt;&lt;td&gt;Lease&lt;/td&gt;&lt;td&gt;Pakhar 115.13 Ha - Block A&lt;/td&gt;&lt;/tr&gt;&lt;tr&gt;&lt;td&gt;Latitude&lt;/td&gt;&lt;td&gt;23.54712479&lt;/td&gt;&lt;/tr&gt;&lt;tr&gt;&lt;td&gt;Longitude&lt;/td&gt;&lt;td&gt;84.61300505&lt;/td&gt;&lt;/tr&gt;&lt;tr&gt;&lt;td&gt;Easting (m)&lt;/td&gt;&lt;td&gt;256325.817&lt;/td&gt;&lt;/tr&gt;&lt;tr&gt;&lt;td&gt;Northing (m)&lt;/td&gt;&lt;td&gt;2606117.037&lt;/td&gt;&lt;/tr&gt;&lt;tr&gt;&lt;td&gt;Zone / Datum&lt;/td&gt;&lt;td&gt;UTM 45N / WGS84&lt;/td&gt;&lt;/tr&gt;&lt;/table&gt;</desc></wpt>
<wpt lat="0.00021238" lon="82.51201415"><ele>0.000</ele><name>A-BP23</name><desc>&lt;table border=&quot;1&quot; cellpadding=&quot;4&quot; cellspacing=&quot;0&quot; style=&quot;border-collapse:collapse;font-family:Arial;font-size:12px&quot;&gt;&lt;tr&gt;&lt;th align=&quot;left&quot;&gt;Parameter&lt;/th&gt;&lt;th align=&quot;left&quot;&gt;Value&lt;/th&gt;&lt;/tr&gt;&lt;tr&gt;&lt;td&gt;Pillar&lt;/td&gt;&lt;td&gt;A-BP23&lt;/td&gt;&lt;/tr&gt;&lt;tr&gt;&lt;td&gt;Lease&lt;/td&gt;&lt;td&gt;Pakhar 115.13 Ha - Block A&lt;/td&gt;&lt;/tr&gt;&lt;tr&gt;&lt;td&gt;Latitude&lt;/td&gt;&lt;td&gt;23.54749032&lt;/td&gt;&lt;/tr&gt;&lt;tr&gt;&lt;td&gt;Longitude&lt;/td&gt;&lt;td&gt;84.61329218&lt;/td&gt;&lt;/tr&gt;&lt;tr&gt;&lt;td&gt;Easting (m)&lt;/td&gt;&lt;td&gt;256355.814&lt;/td&gt;&lt;/tr&gt;&lt;tr&gt;&lt;td&gt;Northing (m)&lt;/td&gt;&lt;td&gt;2606157.039&lt;/td&gt;&lt;/tr&gt;&lt;tr&gt;&lt;td&gt;Zone / Datum&lt;/td&gt;&lt;td&gt;UTM 45N / WGS84&lt;/td&gt;&lt;/tr&gt;&lt;/table&gt;</desc></wpt>
<wpt lat="0.00021239" lon="82.51201416"><ele>0.000</ele><name>A-BP24</name><desc>&lt;table border=&quot;1&quot; cellpadding=&quot;4&quot; cellspacing=&quot;0&quot; style=&quot;border-collapse:collapse;font-family:Arial;font-size:12px&quot;&gt;&lt;tr&gt;&lt;th align=&quot;left&quot;&gt;Parameter&lt;/th&gt;&lt;th align=&quot;left&quot;&gt;Value&lt;/th&gt;&lt;/tr&gt;&lt;tr&gt;&lt;td&gt;Pillar&lt;/td&gt;&lt;td&gt;A-BP24&lt;/td&gt;&lt;/tr&gt;&lt;tr&gt;&lt;td&gt;Lease&lt;/td&gt;&lt;td&gt;Pakhar 115.13 Ha - Block A&lt;/td&gt;&lt;/tr&gt;&lt;tr&gt;&lt;td&gt;Latitude&lt;/td&gt;&lt;td&gt;23.54785584&lt;/td&gt;&lt;/tr&gt;&lt;tr&gt;&lt;td&gt;Longitude&lt;/td&gt;&lt;td&gt;84.61357931&lt;/td&gt;&lt;/tr&gt;&lt;tr&gt;&lt;td&gt;Easting (m)&lt;/td&gt;&lt;td&gt;256385.812&lt;/td&gt;&lt;/tr&gt;&lt;tr&gt;&lt;td&gt;Northing (m)&lt;/td&gt;&lt;td&gt;2606197.041&lt;/td&gt;&lt;/tr&gt;&lt;tr&gt;&lt;td&gt;Zone / Datum&lt;/td&gt;&lt;td&gt;UTM 45N / WGS84&lt;/td&gt;&lt;/tr&gt;&lt;/table&gt;</desc></wpt>
<wpt lat="0.00021239" lon="82.51201416"><ele>0.000</ele><name>A-BP25</name><desc>&lt;table border=&quot;1&quot; cellpadding=&quot;4&quot; cellspacing=&quot;0&quot; style=&quot;border-collapse:collapse;font-family:Arial;font-size:12px&quot;&gt;&lt;tr&gt;&lt;th align=&quot;left&quot;&gt;Parameter&lt;/th&gt;&lt;th align=&quot;left&quot;&gt;Value&lt;/th&gt;&lt;/tr&gt;&lt;tr&gt;&lt;td&gt;Pillar&lt;/td&gt;&lt;td&gt;A-BP25&lt;/td&gt;&lt;/tr&gt;&lt;tr&gt;&lt;td&gt;Lease&lt;/td&gt;&lt;td&gt;Pakhar 115.13 Ha - Block A&lt;/td&gt;&lt;/tr&gt;&lt;tr&gt;&lt;td&gt;Latitude&lt;/td&gt;&lt;td&gt;23.54822136&lt;/td&gt;&lt;/tr&gt;&lt;tr&gt;&lt;td&gt;Longitude&lt;/td&gt;&lt;td&gt;84.61386645&lt;/td&gt;&lt;/tr&gt;&lt;tr&gt;&lt;td&gt;Easting (m)&lt;/td&gt;&lt;td&gt;256415.809&lt;/td&gt;&lt;/tr&gt;&lt;tr&gt;&lt;td&gt;Northing (m)&lt;/td&gt;&lt;td&gt;2606237.043&lt;/td&gt;&lt;/tr&gt;&lt;tr&gt;&lt;td&gt;Zone / Datum&lt;/td&gt;&lt;td&gt;UTM 45N / WGS84&lt;/td&gt;&lt;/tr&gt;&lt;/table&gt;</desc></wpt>
<wpt lat="0.00021239" lon="82.51201416"><ele>0.000</ele><name>A-BP26</name><desc>&lt;table border=&quot;1&quot; cellpadding=&quot;4&quot; cellspacing=&quot;0&quot; style=&quot;border-collapse:collapse;font-family:Arial;font-size:12px&quot;&gt;&lt;tr&gt;&lt;th align=&quot;left&quot;&gt;Parameter&lt;/th&gt;&lt;th align=&quot;left&quot;&gt;Value&lt;/th&gt;&lt;/tr&gt;&lt;tr&gt;&lt;td&gt;Pillar&lt;/td&gt;&lt;td&gt;A-BP26&lt;/td&gt;&lt;/tr&gt;&lt;tr&gt;&lt;td&gt;Lease&lt;/td&gt;&lt;td&gt;Pakhar 115.13 Ha - Block A&lt;/td&gt;&lt;/tr&gt;&lt;tr&gt;&lt;td&gt;Latitude&lt;/td&gt;&lt;td&gt;23.54858689&lt;/td&gt;&lt;/tr&gt;&lt;tr&gt;&lt;td&gt;Longitude&lt;/td&gt;&lt;td&gt;84.61415359&lt;/td&gt;&lt;/tr&gt;&lt;tr&gt;&lt;td&gt;Easting (m)&lt;/td&gt;&lt;td&gt;256445.807&lt;/td&gt;&lt;/tr&gt;&lt;tr&gt;&lt;td&gt;Northing (m)&lt;/td&gt;&lt;td&gt;2606277.045&lt;/td&gt;&lt;/tr&gt;&lt;tr&gt;&lt;td&gt;Zone / Datum&lt;/td&gt;&lt;td&gt;UTM 45N / WGS84&lt;/td&gt;&lt;/tr&gt;&lt;/table&gt;</desc></wpt>
<wpt lat="0.00021239" lon="82.51201416"><ele>0.000</ele><name>A-BP27</name><desc>&lt;table border=&quot;1&quot; cellpadding=&quot;4&quot; cellspacing=&quot;0&quot; style=&quot;border-collapse:collapse;font-family:Arial;font-size:12px&quot;&gt;&lt;tr&gt;&lt;th align=&quot;left&quot;&gt;Parameter&lt;/th&gt;&lt;th align=&quot;left&quot;&gt;Value&lt;/th&gt;&lt;/tr&gt;&lt;tr&gt;&lt;td&gt;Pillar&lt;/td&gt;&lt;td&gt;A-BP27&lt;/td&gt;&lt;/tr&gt;&lt;tr&gt;&lt;td&gt;Lease&lt;/td&gt;&lt;td&gt;Pakhar 115.13 Ha - Block A&lt;/td&gt;&lt;/tr&gt;&lt;tr&gt;&lt;td&gt;Latitude&lt;/td&gt;&lt;td&gt;23.54867258&lt;/td&gt;&lt;/tr&gt;&lt;tr&gt;&lt;td&gt;Longitude&lt;/td&gt;&lt;td&gt;84.61422090&lt;/td&gt;&lt;/tr&gt;&lt;tr&gt;&lt;td&gt;Easting (m)&lt;/td&gt;&lt;td&gt;256452.839&lt;/td&gt;&lt;/tr&gt;&lt;tr&gt;&lt;td&gt;Northing (m)&lt;/td&gt;&lt;td&gt;2606286.423&lt;/td&gt;&lt;/tr&gt;&lt;tr&gt;&lt;td&gt;Zone / Datum&lt;/td&gt;&lt;td&gt;UTM 45N / WGS84&lt;/td&gt;&lt;/tr&gt;&lt;/table&gt;</desc></wpt>
<wpt lat="0.00021239" lon="82.51201416"><ele>0.000</ele><name>A-BP28</name><desc>&lt;table border=&quot;1&quot; cellpadding=&quot;4&quot; cellspacing=&quot;0&quot; style=&quot;border-collapse:collapse;font-family:Arial;font-size:12px&quot;&gt;&lt;tr&gt;&lt;th align=&quot;left&quot;&gt;Parameter&lt;/th&gt;&lt;th align=&quot;left&quot;&gt;Value&lt;/th&gt;&lt;/tr&gt;&lt;tr&gt;&lt;td&gt;Pillar&lt;/td&gt;&lt;td&gt;A-BP28&lt;/td&gt;&lt;/tr&gt;&lt;tr&gt;&lt;td&gt;Lease&lt;/td&gt;&lt;td&gt;Pakhar 115.13 Ha - Block A&lt;/td&gt;&lt;/tr&gt;&lt;tr&gt;&lt;td&gt;Latitude&lt;/td&gt;&lt;td&gt;23.54856139&lt;/td&gt;&lt;/tr&gt;&lt;tr&gt;&lt;td&gt;Longitude&lt;/td&gt;&lt;td&gt;84.61419847&lt;/td&gt;&lt;/tr&gt;&lt;tr&gt;&lt;td&gt;Easting (m)&lt;/td&gt;&lt;td&gt;256450.344&lt;/td&gt;&lt;/tr&gt;&lt;tr&gt;&lt;td&gt;Northing (m)&lt;/td&gt;&lt;td&gt;2606274.145&lt;/td&gt;&lt;/tr&gt;&lt;tr&gt;&lt;td&gt;Zone / Datum&lt;/td&gt;&lt;td&gt;UTM 45N / WGS84&lt;/td&gt;&lt;/tr&gt;&lt;/table&gt;</desc></wpt>
<wpt lat="0.00021239" lon="82.51201416"><ele>0.000</ele><name>A-BP29</name><desc>&lt;table border=&quot;1&quot; cellpadding=&quot;4&quot; cellspacing=&quot;0&quot; style=&quot;border-collapse:collapse;font-family:Arial;font-size:12px&quot;&gt;&lt;tr&gt;&lt;th align=&quot;left&quot;&gt;Parameter&lt;/th&gt;&lt;th align=&quot;left&quot;&gt;Value&lt;/th&gt;&lt;/tr&gt;&lt;tr&gt;&lt;td&gt;Pillar&lt;/td&gt;&lt;td&gt;A-BP29&lt;/td&gt;&lt;/tr&gt;&lt;tr&gt;&lt;td&gt;Lease&lt;/td&gt;&lt;td&gt;Pakhar 115.13 Ha - Block A&lt;/td&gt;&lt;/tr&gt;&lt;tr&gt;&lt;td&gt;Latitude&lt;/td&gt;&lt;td&gt;23.54856188&lt;/td&gt;&lt;/tr&gt;&lt;tr&gt;&lt;td&gt;Longitude&lt;/td&gt;&lt;td&gt;84.61427462&lt;/td&gt;&lt;/tr&gt;&lt;tr&gt;&lt;td&gt;Easting (m)&lt;/td&gt;&lt;td&gt;256458.121&lt;/td&gt;&lt;/tr&gt;&lt;tr&gt;&lt;td&gt;Northing (m)&lt;/td&gt;&lt;td&gt;2606274.069&lt;/td&gt;&lt;/tr&gt;&lt;tr&gt;&lt;td&gt;Zone / Datum&lt;/td&gt;&lt;td&gt;UTM 45N / WGS84&lt;/td&gt;&lt;/tr&gt;&lt;/table&gt;</desc></wpt>
<wpt lat="0.00021239" lon="82.51201416"><ele>0.000</ele><name>A-BP30</name><desc>&lt;table border=&quot;1&quot; cellpadding=&quot;4&quot; cellspacing=&quot;0&quot; style=&quot;border-collapse:collapse;font-family:Arial;font-size:12px&quot;&gt;&lt;tr&gt;&lt;th align=&quot;left&quot;&gt;Parameter&lt;/th&gt;&lt;th align=&quot;left&quot;&gt;Value&lt;/th&gt;&lt;/tr&gt;&lt;tr&gt;&lt;td&gt;Pillar&lt;/td&gt;&lt;td&gt;A-BP30&lt;/td&gt;&lt;/tr&gt;&lt;tr&gt;&lt;td&gt;Lease&lt;/td&gt;&lt;td&gt;Pakhar 115.13 Ha - Block A&lt;/td&gt;&lt;/tr&gt;&lt;tr&gt;&lt;td&gt;Latitude&lt;/td&gt;&lt;td&gt;23.54864659&lt;/td&gt;&lt;/tr&gt;&lt;tr&gt;&lt;td&gt;Longitude&lt;/td&gt;&lt;td&gt;84.61426367&lt;/td&gt;&lt;/tr&gt;&lt;tr&gt;&lt;td&gt;Easting (m)&lt;/td&gt;&lt;td&gt;256457.159&lt;/td&gt;&lt;/tr&gt;&lt;tr&gt;&lt;td&gt;Northing (m)&lt;/td&gt;&lt;td&gt;2606283.471&lt;/td&gt;&lt;/tr&gt;&lt;tr&gt;&lt;td&gt;Zone / Datum&lt;/td&gt;&lt;td&gt;UTM 45N / WGS84&lt;/td&gt;&lt;/tr&gt;&lt;/table&gt;</desc></wpt>
<wpt lat="0.00021239" lon="82.51201416"><ele>0.000</ele><name>A-BP31</name><desc>&lt;table border=&quot;1&quot; cellpadding=&quot;4&quot; cellspacing=&quot;0&quot; style=&quot;border-collapse:collapse;font-family:Arial;font-size:12px&quot;&gt;&lt;tr&gt;&lt;th align=&quot;left&quot;&gt;Parameter&lt;/th&gt;&lt;th align=&quot;left&quot;&gt;Value&lt;/th&gt;&lt;/tr&gt;&lt;tr&gt;&lt;td&gt;Pillar&lt;/td&gt;&lt;td&gt;A-BP31&lt;/td&gt;&lt;/tr&gt;&lt;tr&gt;&lt;td&gt;Lease&lt;/td&gt;&lt;td&gt;Pakhar 115.13 Ha - Block A&lt;/td&gt;&lt;/tr&gt;&lt;tr&gt;&lt;td&gt;Latitude&lt;/td&gt;&lt;td&gt;23.54867799&lt;/td&gt;&lt;/tr&gt;&lt;tr&gt;&lt;td&gt;Longitude&lt;/td&gt;&lt;td&gt;84.61434647&lt;/td&gt;&lt;/tr&gt;&lt;tr&gt;&lt;td&gt;Easting (m)&lt;/td&gt;&lt;td&gt;256465.673&lt;/td&gt;&lt;/tr&gt;&lt;tr&gt;&lt;td&gt;Northing (m)&lt;/td&gt;&lt;td&gt;2606286.809&lt;/td&gt;&lt;/tr&gt;&lt;tr&gt;&lt;td&gt;Zone / Datum&lt;/td&gt;&lt;td&gt;UTM 45N / WGS84&lt;/td&gt;&lt;/tr&gt;&lt;/table&gt;</desc></wpt>
<wpt lat="0.00021239" lon="82.51201416"><ele>0.000</ele><name>A-BP32</name><desc>&lt;table border=&quot;1&quot; cellpadding=&quot;4&quot; cellspacing=&quot;0&quot; style=&quot;border-collapse:collapse;font-family:Arial;font-size:12px&quot;&gt;&lt;tr&gt;&lt;th align=&quot;left&quot;&gt;Parameter&lt;/th&gt;&lt;th align=&quot;left&quot;&gt;Value&lt;/th&gt;&lt;/tr&gt;&lt;tr&gt;&lt;td&gt;Pillar&lt;/td&gt;&lt;td&gt;A-BP32&lt;/td&gt;&lt;/tr&gt;&lt;tr&gt;&lt;td&gt;Lease&lt;/td&gt;&lt;td&gt;Pakhar 115.13 Ha - Block A&lt;/td&gt;&lt;/tr&gt;&lt;tr&gt;&lt;td&gt;Latitude&lt;/td&gt;&lt;td&gt;23.54854760&lt;/td&gt;&lt;/tr&gt;&lt;tr&gt;&lt;td&gt;Longitude&lt;/td&gt;&lt;td&gt;84.61439312&lt;/td&gt;&lt;/tr&gt;&lt;tr&gt;&lt;td&gt;Easting (m)&lt;/td&gt;&lt;td&gt;256470.196&lt;/td&gt;&lt;/tr&gt;&lt;tr&gt;&lt;td&gt;Northing (m)&lt;/td&gt;&lt;td&gt;2606272.286&lt;/td&gt;&lt;/tr&gt;&lt;tr&gt;&lt;td&gt;Zone / Datum&lt;/td&gt;&lt;td&gt;UTM 45N / WGS84&lt;/td&gt;&lt;/tr&gt;&lt;/table&gt;</desc></wpt>
<wpt lat="0.00021239" lon="82.51201416"><ele>0.000</ele><name>A-BP33</name><desc>&lt;table border=&quot;1&quot; cellpadding=&quot;4&quot; cellspacing=&quot;0&quot; style=&quot;border-collapse:collapse;font-family:Arial;font-size:12px&quot;&gt;&lt;tr&gt;&lt;th align=&quot;left&quot;&gt;Parameter&lt;/th&gt;&lt;th align=&quot;left&quot;&gt;Value&lt;/th&gt;&lt;/tr&gt;&lt;tr&gt;&lt;td&gt;Pillar&lt;/td&gt;&lt;td&gt;A-BP33&lt;/td&gt;&lt;/tr&gt;&lt;tr&gt;&lt;td&gt;Lease&lt;/td&gt;&lt;td&gt;Pakhar 115.13 Ha - Block A&lt;/td&gt;&lt;/tr&gt;&lt;tr&gt;&lt;td&gt;Latitude&lt;/td&gt;&lt;td&gt;23.54856473&lt;/td&gt;&lt;/tr&gt;&lt;tr&gt;&lt;td&gt;Longitude&lt;/td&gt;&lt;td&gt;84.61447211&lt;/td&gt;&lt;/tr&gt;&lt;tr&gt;&lt;td&gt;Easting (m)&lt;/td&gt;&lt;td&gt;256478.295&lt;/td&gt;&lt;/tr&gt;&lt;tr&gt;&lt;td&gt;Northing (m)&lt;/td&gt;&lt;td&gt;2606274.049&lt;/td&gt;&lt;/tr&gt;&lt;tr&gt;&lt;td&gt;Zone / Datum&lt;/td&gt;&lt;td&gt;UTM 45N / WGS84&lt;/td&gt;&lt;/tr&gt;&lt;/table&gt;</desc></wpt>
<wpt lat="0.00021239" lon="82.51201416"><ele>0.000</ele><name>A-BP34</name><desc>&lt;table border=&quot;1&quot; cellpadding=&quot;4&quot; cellspacing=&quot;0&quot; style=&quot;border-collapse:collapse;font-family:Arial;font-size:12px&quot;&gt;&lt;tr&gt;&lt;th align=&quot;left&quot;&gt;Parameter&lt;/th&gt;&lt;th align=&quot;left&quot;&gt;Value&lt;/th&gt;&lt;/tr&gt;&lt;tr&gt;&lt;td&gt;Pillar&lt;/td&gt;&lt;td&gt;A-BP34&lt;/td&gt;&lt;/tr&gt;&lt;tr&gt;&lt;td&gt;Lease&lt;/td&gt;&lt;td&gt;Pakhar 115.13 Ha - Block A&lt;/td&gt;&lt;/tr&gt;&lt;tr&gt;&lt;td&gt;Latitude&lt;/td&gt;&lt;td&gt;23.54832107&lt;/td&gt;&lt;/tr&gt;&lt;tr&gt;&lt;td&gt;Longitude&lt;/td&gt;&lt;td&gt;84.61454350&lt;/td&gt;&lt;/tr&gt;&lt;tr&gt;&lt;td&gt;Easting (m)&lt;/td&gt;&lt;td&gt;256485.136&lt;/td&gt;&lt;/tr&gt;&lt;tr&gt;&lt;td&gt;Northing (m)&lt;/td&gt;&lt;td&gt;2606246.937&lt;/td&gt;&lt;/tr&gt;&lt;tr&gt;&lt;td&gt;Zone / Datum&lt;/td&gt;&lt;td&gt;UTM 45N / WGS84&lt;/td&gt;&lt;/tr&gt;&lt;/table&gt;</desc></wpt>
<wpt lat="0.00021239" lon="82.51201416"><ele>0.000</ele><name>A-BP35</name><desc>&lt;table border=&quot;1&quot; cellpadding=&quot;4&quot; cellspacing=&quot;0&quot; style=&quot;border-collapse:collapse;font-family:Arial;font-size:12px&quot;&gt;&lt;tr&gt;&lt;th align=&quot;left&quot;&gt;Parameter&lt;/th&gt;&lt;th align=&quot;left&quot;&gt;Value&lt;/th&gt;&lt;/tr&gt;&lt;tr&gt;&lt;td&gt;Pillar&lt;/td&gt;&lt;td&gt;A-BP35&lt;/td&gt;&lt;/tr&gt;&lt;tr&gt;&lt;td&gt;Lease&lt;/td&gt;&lt;td&gt;Pakhar 115.13 Ha - Block A&lt;/td&gt;&lt;/tr&gt;&lt;tr&gt;&lt;td&gt;Latitude&lt;/td&gt;&lt;td&gt;23.54803601&lt;/td&gt;&lt;/tr&gt;&lt;tr&gt;&lt;td&gt;Longitude&lt;/td&gt;&lt;td&gt;84.61448020&lt;/td&gt;&lt;/tr&gt;&lt;tr&gt;&lt;td&gt;Easting (m)&lt;/td&gt;&lt;td&gt;256478.146&lt;/td&gt;&lt;/tr&gt;&lt;tr&gt;&lt;td&gt;Northing (m)&lt;/td&gt;&lt;td&gt;2606215.468&lt;/td&gt;&lt;/tr&gt;&lt;tr&gt;&lt;td&gt;Zone / Datum&lt;/td&gt;&lt;td&gt;UTM 45N / WGS84&lt;/td&gt;&lt;/tr&gt;&lt;/table&gt;</desc></wpt>
<wpt lat="0.00021239" lon="82.51201417"><ele>0.000</ele><name>A-BP36</name><desc>&lt;table border=&quot;1&quot; cellpadding=&quot;4&quot; cellspacing=&quot;0&quot; style=&quot;border-collapse:collapse;font-family:Arial;font-size:12px&quot;&gt;&lt;tr&gt;&lt;th align=&quot;left&quot;&gt;Parameter&lt;/th&gt;&lt;th align=&quot;left&quot;&gt;Value&lt;/th&gt;&lt;/tr&gt;&lt;tr&gt;&lt;td&gt;Pillar&lt;/td&gt;&lt;td&gt;A-BP36&lt;/td&gt;&lt;/tr&gt;&lt;tr&gt;&lt;td&gt;Lease&lt;/td&gt;&lt;td&gt;Pakhar 115.13 Ha - Block A&lt;/td&gt;&lt;/tr&gt;&lt;tr&gt;&lt;td&gt;Latitude&lt;/td&gt;&lt;td&gt;23.54802887&lt;/td&gt;&lt;/tr&gt;&lt;tr&gt;&lt;td&gt;Longitude&lt;/td&gt;&lt;td&gt;84.61458538&lt;/td&gt;&lt;/tr&gt;&lt;tr&gt;&lt;td&gt;Easting (m)&lt;/td&gt;&lt;td&gt;256488.874&lt;/td&gt;&lt;/tr&gt;&lt;tr&gt;&lt;td&gt;Northing (m)&lt;/td&gt;&lt;td&gt;2606214.498&lt;/td&gt;&lt;/tr&gt;&lt;tr&gt;&lt;td&gt;Zone / Datum&lt;/td&gt;&lt;td&gt;UTM 45N / WGS84&lt;/td&gt;&lt;/tr&gt;&lt;/table&gt;</desc></wpt>
<wpt lat="0.00021239" lon="82.51201417"><ele>0.000</ele><name>A-BP37</name><desc>&lt;table border=&quot;1&quot; cellpadding=&quot;4&quot; cellspacing=&quot;0&quot; style=&quot;border-collapse:collapse;font-family:Arial;font-size:12px&quot;&gt;&lt;tr&gt;&lt;th align=&quot;left&quot;&gt;Parameter&lt;/th&gt;&lt;th align=&quot;left&quot;&gt;Value&lt;/th&gt;&lt;/tr&gt;&lt;tr&gt;&lt;td&gt;Pillar&lt;/td&gt;&lt;td&gt;A-BP37&lt;/td&gt;&lt;/tr&gt;&lt;tr&gt;&lt;td&gt;Lease&lt;/td&gt;&lt;td&gt;Pakhar 115.13 Ha - Block A&lt;/td&gt;&lt;/tr&gt;&lt;tr&gt;&lt;td&gt;Latitude&lt;/td&gt;&lt;td&gt;23.54794417&lt;/td&gt;&lt;/tr&gt;&lt;tr&gt;&lt;td&gt;Longitude&lt;/td&gt;&lt;td&gt;84.61459537&lt;/td&gt;&lt;/tr&gt;&lt;tr&gt;&lt;td&gt;Easting (m)&lt;/td&gt;&lt;td&gt;256489.738&lt;/td&gt;&lt;/tr&gt;&lt;tr&gt;&lt;td&gt;Northing (m)&lt;/td&gt;&lt;td&gt;2606205.098&lt;/td&gt;&lt;/tr&gt;&lt;tr&gt;&lt;td&gt;Zone / Datum&lt;/td&gt;&lt;td&gt;UTM 45N / WGS84&lt;/td&gt;&lt;/tr&gt;&lt;/table&gt;</desc></wpt>
<wpt lat="0.00021239" lon="82.51201416"><ele>0.000</ele><name>A-BP38</name><desc>&lt;table border=&quot;1&quot; cellpadding=&quot;4&quot; cellspacing=&quot;0&quot; style=&quot;border-collapse:collapse;font-family:Arial;font-size:12px&quot;&gt;&lt;tr&gt;&lt;th align=&quot;left&quot;&gt;Parameter&lt;/th&gt;&lt;th align=&quot;left&quot;&gt;Value&lt;/th&gt;&lt;/tr&gt;&lt;tr&gt;&lt;td&gt;Pillar&lt;/td&gt;&lt;td&gt;A-BP38&lt;/td&gt;&lt;/tr&gt;&lt;tr&gt;&lt;td&gt;Lease&lt;/td&gt;&lt;td&gt;Pakhar 115.13 Ha - Block A&lt;/td&gt;&lt;/tr&gt;&lt;tr&gt;&lt;td&gt;Latitude&lt;/td&gt;&lt;td&gt;23.54778950&lt;/td&gt;&lt;/tr&gt;&lt;tr&gt;&lt;td&gt;Longitude&lt;/td&gt;&lt;td&gt;84.61453445&lt;/td&gt;&lt;/tr&gt;&lt;tr&gt;&lt;td&gt;Easting (m)&lt;/td&gt;&lt;td&gt;256483.232&lt;/td&gt;&lt;/tr&gt;&lt;tr&gt;&lt;td&gt;Northing (m)&lt;/td&gt;&lt;td&gt;2606188.069&lt;/td&gt;&lt;/tr&gt;&lt;tr&gt;&lt;td&gt;Zone / Datum&lt;/td&gt;&lt;td&gt;UTM 45N / WGS84&lt;/td&gt;&lt;/tr&gt;&lt;/table&gt;</desc></wpt>
<wpt lat="0.00021239" lon="82.51201416"><ele>0.000</ele><name>A-BP39</name><desc>&lt;table border=&quot;1&quot; cellpadding=&quot;4&quot; cellspacing=&quot;0&quot; style=&quot;border-collapse:collapse;font-family:Arial;font-size:12px&quot;&gt;&lt;tr&gt;&lt;th align=&quot;left&quot;&gt;Parameter&lt;/th&gt;&lt;th align=&quot;left&quot;&gt;Value&lt;/th&gt;&lt;/tr&gt;&lt;tr&gt;&lt;td&gt;Pillar&lt;/td&gt;&lt;td&gt;A-BP39&lt;/td&gt;&lt;/tr&gt;&lt;tr&gt;&lt;td&gt;Lease&lt;/td&gt;&lt;td&gt;Pakhar 115.13 Ha - Block A&lt;/td&gt;&lt;/tr&gt;&lt;tr&gt;&lt;td&gt;Latitude&lt;/td&gt;&lt;td&gt;23.54777855&lt;/td&gt;&lt;/tr&gt;&lt;tr&gt;&lt;td&gt;Longitude&lt;/td&gt;&lt;td&gt;84.61456253&lt;/td&gt;&lt;/tr&gt;&lt;tr&gt;&lt;td&gt;Easting (m)&lt;/td&gt;&lt;td&gt;256486.079&lt;/td&gt;&lt;/tr&gt;&lt;tr&gt;&lt;td&gt;Northing (m)&lt;/td&gt;&lt;td&gt;2606186.808&lt;/td&gt;&lt;/tr&gt;&lt;tr&gt;&lt;td&gt;Zone / Datum&lt;/td&gt;&lt;td&gt;UTM 45N / WGS84&lt;/td&gt;&lt;/tr&gt;&lt;/table&gt;</desc></wpt>
<wpt lat="0.00021239" lon="82.51201417"><ele>0.000</ele><name>A-BP40</name><desc>&lt;table border=&quot;1&quot; cellpadding=&quot;4&quot; cellspacing=&quot;0&quot; style=&quot;border-collapse:collapse;font-family:Arial;font-size:12px&quot;&gt;&lt;tr&gt;&lt;th align=&quot;left&quot;&gt;Parameter&lt;/th&gt;&lt;th align=&quot;left&quot;&gt;Value&lt;/th&gt;&lt;/tr&gt;&lt;tr&gt;&lt;td&gt;Pillar&lt;/td&gt;&lt;td&gt;A-BP40&lt;/td&gt;&lt;/tr&gt;&lt;tr&gt;&lt;td&gt;Lease&lt;/td&gt;&lt;td&gt;Pakhar 115.13 Ha - Block A&lt;/td&gt;&lt;/tr&gt;&lt;tr&gt;&lt;td&gt;Latitude&lt;/td&gt;&lt;td&gt;23.54792349&lt;/td&gt;&lt;/tr&gt;&lt;tr&gt;&lt;td&gt;Longitude&lt;/td&gt;&lt;td&gt;84.61463029&lt;/td&gt;&lt;/tr&gt;&lt;tr&gt;&lt;td&gt;Easting (m)&lt;/td&gt;&lt;td&gt;256493.266&lt;/td&gt;&lt;/tr&gt;&lt;tr&gt;&lt;td&gt;Northing (m)&lt;/td&gt;&lt;td&gt;2606202.748&lt;/td&gt;&lt;/tr&gt;&lt;tr&gt;&lt;td&gt;Zone / Datum&lt;/td&gt;&lt;td&gt;UTM 45N / WGS84&lt;/td&gt;&lt;/tr&gt;&lt;/table&gt;</desc></wpt>
<wpt lat="0.00021239" lon="82.51201417"><ele>0.000</ele><name>A-BP41</name><desc>&lt;table border=&quot;1&quot; cellpadding=&quot;4&quot; cellspacing=&quot;0&quot; style=&quot;border-collapse:collapse;font-family:Arial;font-size:12px&quot;&gt;&lt;tr&gt;&lt;th align=&quot;left&quot;&gt;Parameter&lt;/th&gt;&lt;th align=&quot;left&quot;&gt;Value&lt;/th&gt;&lt;/tr&gt;&lt;tr&gt;&lt;td&gt;Pillar&lt;/td&gt;&lt;td&gt;A-BP41&lt;/td&gt;&lt;/tr&gt;&lt;tr&gt;&lt;td&gt;Lease&lt;/td&gt;&lt;td&gt;Pakhar 115.13 Ha - Block A&lt;/td&gt;&lt;/tr&gt;&lt;tr&gt;&lt;td&gt;Latitude&lt;/td&gt;&lt;td&gt;23.54797795&lt;/td&gt;&lt;/tr&gt;&lt;tr&gt;&lt;td&gt;Longitude&lt;/td&gt;&lt;td&gt;84.61464581&lt;/td&gt;&lt;/tr&gt;&lt;tr&gt;&lt;td&gt;Easting (m)&lt;/td&gt;&lt;td&gt;256494.952&lt;/td&gt;&lt;/tr&gt;&lt;tr&gt;&lt;td&gt;Northing (m)&lt;/td&gt;&lt;td&gt;2606208.755&lt;/td&gt;&lt;/tr&gt;&lt;tr&gt;&lt;td&gt;Zone / Datum&lt;/td&gt;&lt;td&gt;UTM 45N / WGS84&lt;/td&gt;&lt;/tr&gt;&lt;/table&gt;</desc></wpt>
<wpt lat="0.00021239" lon="82.51201417"><ele>0.000</ele><name>A-BP42</name><desc>&lt;table border=&quot;1&quot; cellpadding=&quot;4&quot; cellspacing=&quot;0&quot; style=&quot;border-collapse:collapse;font-family:Arial;font-size:12px&quot;&gt;&lt;tr&gt;&lt;th align=&quot;left&quot;&gt;Parameter&lt;/th&gt;&lt;th align=&quot;left&quot;&gt;Value&lt;/th&gt;&lt;/tr&gt;&lt;tr&gt;&lt;td&gt;Pillar&lt;/td&gt;&lt;td&gt;A-BP42&lt;/td&gt;&lt;/tr&gt;&lt;tr&gt;&lt;td&gt;Lease&lt;/td&gt;&lt;td&gt;Pakhar 115.13 Ha - Block A&lt;/td&gt;&lt;/tr&gt;&lt;tr&gt;&lt;td&gt;Latitude&lt;/td&gt;&lt;td&gt;23.54834393&lt;/td&gt;&lt;/tr&gt;&lt;tr&gt;&lt;td&gt;Longitude&lt;/td&gt;&lt;td&gt;84.61463920&lt;/td&gt;&lt;/tr&gt;&lt;tr&gt;&lt;td&gt;Easting (m)&lt;/td&gt;&lt;td&gt;256494.952&lt;/td&gt;&lt;/tr&gt;&lt;tr&gt;&lt;td&gt;Northing (m)&lt;/td&gt;&lt;td&gt;2606249.307&lt;/td&gt;&lt;/tr&gt;&lt;tr&gt;&lt;td&gt;Zone / Datum&lt;/td&gt;&lt;td&gt;UTM 45N / WGS84&lt;/td&gt;&lt;/tr&gt;&lt;/table&gt;</desc></wpt>
<wpt lat="0.00021239" lon="82.51201417"><ele>0.000</ele><name>A-BP43</name><desc>&lt;table border=&quot;1&quot; cellpadding=&quot;4&quot; cellspacing=&quot;0&quot; style=&quot;border-collapse:collapse;font-family:Arial;font-size:12px&quot;&gt;&lt;tr&gt;&lt;th align=&quot;left&quot;&gt;Parameter&lt;/th&gt;&lt;th align=&quot;left&quot;&gt;Value&lt;/th&gt;&lt;/tr&gt;&lt;tr&gt;&lt;td&gt;Pillar&lt;/td&gt;&lt;td&gt;A-BP43&lt;/td&gt;&lt;/tr&gt;&lt;tr&gt;&lt;td&gt;Lease&lt;/td&gt;&lt;td&gt;Pakhar 115.13 Ha - Block A&lt;/td&gt;&lt;/tr&gt;&lt;tr&gt;&lt;td&gt;Latitude&lt;/td&gt;&lt;td&gt;23.54853047&lt;/td&gt;&lt;/tr&gt;&lt;tr&gt;&lt;td&gt;Longitude&lt;/td&gt;&lt;td&gt;84.61458728&lt;/td&gt;&lt;/tr&gt;&lt;tr&gt;&lt;td&gt;Easting (m)&lt;/td&gt;&lt;td&gt;256489.993&lt;/td&gt;&lt;/tr&gt;&lt;tr&gt;&lt;td&gt;Northing (m)&lt;/td&gt;&lt;td&gt;2606270.058&lt;/td&gt;&lt;/tr&gt;&lt;tr&gt;&lt;td&gt;Zone / Datum&lt;/td&gt;&lt;td&gt;UTM 45N / WGS84&lt;/td&gt;&lt;/tr&gt;&lt;/table&gt;</desc></wpt>
<wpt lat="0.00021239" lon="82.51201417"><ele>0.000</ele><name>A-BP44</name><desc>&lt;table border=&quot;1&quot; cellpadding=&quot;4&quot; cellspacing=&quot;0&quot; style=&quot;border-collapse:collapse;font-family:Arial;font-size:12px&quot;&gt;&lt;tr&gt;&lt;th align=&quot;left&quot;&gt;Parameter&lt;/th&gt;&lt;th align=&quot;left&quot;&gt;Value&lt;/th&gt;&lt;/tr&gt;&lt;tr&gt;&lt;td&gt;Pillar&lt;/td&gt;&lt;td&gt;A-BP44&lt;/td&gt;&lt;/tr&gt;&lt;tr&gt;&lt;td&gt;Lease&lt;/td&gt;&lt;td&gt;Pakhar 115.13 Ha - Block A&lt;/td&gt;&lt;/tr&gt;&lt;tr&gt;&lt;td&gt;Latitude&lt;/td&gt;&lt;td&gt;23.54870988&lt;/td&gt;&lt;/tr&gt;&lt;tr&gt;&lt;td&gt;Longitude&lt;/td&gt;&lt;td&gt;84.61461773&lt;/td&gt;&lt;/tr&gt;&lt;tr&gt;&lt;td&gt;Easting (m)&lt;/td&gt;&lt;td&gt;256493.434&lt;/td&gt;&lt;/tr&gt;&lt;tr&gt;&lt;td&gt;Northing (m)&lt;/td&gt;&lt;td&gt;2606289.880&lt;/td&gt;&lt;/tr&gt;&lt;tr&gt;&lt;td&gt;Zone / Datum&lt;/td&gt;&lt;td&gt;UTM 45N / WGS84&lt;/td&gt;&lt;/tr&gt;&lt;/table&gt;</desc></wpt>
<wpt lat="0.00021240" lon="82.51201416"><ele>0.000</ele><name>A-BP45</name><desc>&lt;table border=&quot;1&quot; cellpadding=&quot;4&quot; cellspacing=&quot;0&quot; style=&quot;border-collapse:collapse;font-family:Arial;font-size:12px&quot;&gt;&lt;tr&gt;&lt;th align=&quot;left&quot;&gt;Parameter&lt;/th&gt;&lt;th align=&quot;left&quot;&gt;Value&lt;/th&gt;&lt;/tr&gt;&lt;tr&gt;&lt;td&gt;Pillar&lt;/td&gt;&lt;td&gt;A-BP45&lt;/td&gt;&lt;/tr&gt;&lt;tr&gt;&lt;td&gt;Lease&lt;/td&gt;&lt;td&gt;Pakhar 115.13 Ha - Block A&lt;/td&gt;&lt;/tr&gt;&lt;tr&gt;&lt;td&gt;Latitude&lt;/td&gt;&lt;td&gt;23.54873843&lt;/td&gt;&lt;/tr&gt;&lt;tr&gt;&lt;td&gt;Longitude&lt;/td&gt;&lt;td&gt;84.61452494&lt;/td&gt;&lt;/tr&gt;&lt;tr&gt;&lt;td&gt;Easting (m)&lt;/td&gt;&lt;td&gt;256484.010&lt;/td&gt;&lt;/tr&gt;&lt;tr&gt;&lt;td&gt;Northing (m)&lt;/td&gt;&lt;td&gt;2606293.201&lt;/td&gt;&lt;/tr&gt;&lt;tr&gt;&lt;td&gt;Zone / Datum&lt;/td&gt;&lt;td&gt;UTM 45N / WGS84&lt;/td&gt;&lt;/tr&gt;&lt;/table&gt;</desc></wpt>
<wpt lat="0.00021240" lon="82.51201416"><ele>0.000</ele><name>A-BP46</name><desc>&lt;table border=&quot;1&quot; cellpadding=&quot;4&quot; cellspacing=&quot;0&quot; style=&quot;border-collapse:collapse;font-family:Arial;font-size:12px&quot;&gt;&lt;tr&gt;&lt;th align=&quot;left&quot;&gt;Parameter&lt;/th&gt;&lt;th align=&quot;left&quot;&gt;Value&lt;/th&gt;&lt;/tr&gt;&lt;tr&gt;&lt;td&gt;Pillar&lt;/td&gt;&lt;td&gt;A-BP46&lt;/td&gt;&lt;/tr&gt;&lt;tr&gt;&lt;td&gt;Lease&lt;/td&gt;&lt;td&gt;Pakhar 115.13 Ha - Block A&lt;/td&gt;&lt;/tr&gt;&lt;tr&gt;&lt;td&gt;Latitude&lt;/td&gt;&lt;td&gt;23.54875842&lt;/td&gt;&lt;/tr&gt;&lt;tr&gt;&lt;td&gt;Longitude&lt;/td&gt;&lt;td&gt;84.61451542&lt;/td&gt;&lt;/tr&gt;&lt;tr&gt;&lt;td&gt;Easting (m)&lt;/td&gt;&lt;td&gt;256483.075&lt;/td&gt;&lt;/tr&gt;&lt;tr&gt;&lt;td&gt;Northing (m)&lt;/td&gt;&lt;td&gt;2606295.431&lt;/td&gt;&lt;/tr&gt;&lt;tr&gt;&lt;td&gt;Zone / Datum&lt;/td&gt;&lt;td&gt;UTM 45N / WGS84&lt;/td&gt;&lt;/tr&gt;&lt;/table&gt;</desc></wpt>
<wpt lat="0.00021240" lon="82.51201416"><ele>0.000</ele><name>A-BP47</name><desc>&lt;table border=&quot;1&quot; cellpadding=&quot;4&quot; cellspacing=&quot;0&quot; style=&quot;border-collapse:collapse;font-family:Arial;font-size:12px&quot;&gt;&lt;tr&gt;&lt;th align=&quot;left&quot;&gt;Parameter&lt;/th&gt;&lt;th align=&quot;left&quot;&gt;Value&lt;/th&gt;&lt;/tr&gt;&lt;tr&gt;&lt;td&gt;Pillar&lt;/td&gt;&lt;td&gt;A-BP47&lt;/td&gt;&lt;/tr&gt;&lt;tr&gt;&lt;td&gt;Lease&lt;/td&gt;&lt;td&gt;Pakhar 115.13 Ha - Block A&lt;/td&gt;&lt;/tr&gt;&lt;tr&gt;&lt;td&gt;Latitude&lt;/td&gt;&lt;td&gt;23.54920620&lt;/td&gt;&lt;/tr&gt;&lt;tr&gt;&lt;td&gt;Longitude&lt;/td&gt;&lt;td&gt;84.61457655&lt;/td&gt;&lt;/tr&gt;&lt;tr&gt;&lt;td&gt;Easting (m)&lt;/td&gt;&lt;td&gt;256490.143&lt;/td&gt;&lt;/tr&gt;&lt;tr&gt;&lt;td&gt;Northing (m)&lt;/td&gt;&lt;td&gt;2606344.929&lt;/td&gt;&lt;/tr&gt;&lt;tr&gt;&lt;td&gt;Zone / Datum&lt;/td&gt;&lt;td&gt;UTM 45N / WGS84&lt;/td&gt;&lt;/tr&gt;&lt;/table&gt;</desc></wpt>
<wpt lat="0.00021240" lon="82.51201416"><ele>0.000</ele><name>A-BP48</name><desc>&lt;table border=&quot;1&quot; cellpadding=&quot;4&quot; cellspacing=&quot;0&quot; style=&quot;border-collapse:collapse;font-family:Arial;font-size:12px&quot;&gt;&lt;tr&gt;&lt;th align=&quot;left&quot;&gt;Parameter&lt;/th&gt;&lt;th align=&quot;left&quot;&gt;Value&lt;/th&gt;&lt;/tr&gt;&lt;tr&gt;&lt;td&gt;Pillar&lt;/td&gt;&lt;td&gt;A-BP48&lt;/td&gt;&lt;/tr&gt;&lt;tr&gt;&lt;td&gt;Lease&lt;/td&gt;&lt;td&gt;Pakhar 115.13 Ha - Block A&lt;/td&gt;&lt;/tr&gt;&lt;tr&gt;&lt;td&gt;Latitude&lt;/td&gt;&lt;td&gt;23.54923672&lt;/td&gt;&lt;/tr&gt;&lt;tr&gt;&lt;td&gt;Longitude&lt;/td&gt;&lt;td&gt;84.61458150&lt;/td&gt;&lt;/tr&gt;&lt;tr&gt;&lt;td&gt;Easting (m)&lt;/td&gt;&lt;td&gt;256490.705&lt;/td&gt;&lt;/tr&gt;&lt;tr&gt;&lt;td&gt;Northing (m)&lt;/td&gt;&lt;td&gt;2606348.302&lt;/td&gt;&lt;/tr&gt;&lt;tr&gt;&lt;td&gt;Zone / Datum&lt;/td&gt;&lt;td&gt;UTM 45N / WGS84&lt;/td&gt;&lt;/tr&gt;&lt;/table&gt;</desc></wpt>
<wpt lat="0.00021240" lon="82.51201417"><ele>0.000</ele><name>A-BP49</name><desc>&lt;table border=&quot;1&quot; cellpadding=&quot;4&quot; cellspacing=&quot;0&quot; style=&quot;border-collapse:collapse;font-family:Arial;font-size:12px&quot;&gt;&lt;tr&gt;&lt;th align=&quot;left&quot;&gt;Parameter&lt;/th&gt;&lt;th align=&quot;left&quot;&gt;Value&lt;/th&gt;&lt;/tr&gt;&lt;tr&gt;&lt;td&gt;Pillar&lt;/td&gt;&lt;td&gt;A-BP49&lt;/td&gt;&lt;/tr&gt;&lt;tr&gt;&lt;td&gt;Lease&lt;/td&gt;&lt;td&gt;Pakhar 115.13 Ha - Block A&lt;/td&gt;&lt;/tr&gt;&lt;tr&gt;&lt;td&gt;Latitude&lt;/td&gt;&lt;td&gt;23.54959407&lt;/td&gt;&lt;/tr&gt;&lt;tr&gt;&lt;td&gt;Longitude&lt;/td&gt;&lt;td&gt;84.61488050&lt;/td&gt;&lt;/tr&gt;&lt;tr&gt;&lt;td&gt;Easting (m)&lt;/td&gt;&lt;td&gt;256521.898&lt;/td&gt;&lt;/tr&gt;&lt;tr&gt;&lt;td&gt;Northing (m)&lt;/td&gt;&lt;td&gt;2606387.379&lt;/td&gt;&lt;/tr&gt;&lt;tr&gt;&lt;td&gt;Zone / Datum&lt;/td&gt;&lt;td&gt;UTM 45N / WGS84&lt;/td&gt;&lt;/tr&gt;&lt;/table&gt;</desc></wpt>
<wpt lat="0.00021241" lon="82.51201417"><ele>0.000</ele><name>A-BP50</name><desc>&lt;table border=&quot;1&quot; cellpadding=&quot;4&quot; cellspacing=&quot;0&quot; style=&quot;border-collapse:collapse;font-family:Arial;font-size:12px&quot;&gt;&lt;tr&gt;&lt;th align=&quot;left&quot;&gt;Parameter&lt;/th&gt;&lt;th align=&quot;left&quot;&gt;Value&lt;/th&gt;&lt;/tr&gt;&lt;tr&gt;&lt;td&gt;Pillar&lt;/td&gt;&lt;td&gt;A-BP50&lt;/td&gt;&lt;/tr&gt;&lt;tr&gt;&lt;td&gt;Lease&lt;/td&gt;&lt;td&gt;Pakhar 115.13 Ha - Block A&lt;/td&gt;&lt;/tr&gt;&lt;tr&gt;&lt;td&gt;Latitude&lt;/td&gt;&lt;td&gt;23.54995143&lt;/td&gt;&lt;/tr&gt;&lt;tr&gt;&lt;td&gt;Longitude&lt;/td&gt;&lt;td&gt;84.61517949&lt;/td&gt;&lt;/tr&gt;&lt;tr&gt;&lt;td&gt;Easting (m)&lt;/td&gt;&lt;td&gt;256553.091&lt;/td&gt;&lt;/tr&gt;&lt;tr&gt;&lt;td&gt;Northing (m)&lt;/td&gt;&lt;td&gt;2606426.456&lt;/td&gt;&lt;/tr&gt;&lt;tr&gt;&lt;td&gt;Zone / Datum&lt;/td&gt;&lt;td&gt;UTM 45N / WGS84&lt;/td&gt;&lt;/tr&gt;&lt;/table&gt;</desc></wpt>
<wpt lat="0.00021241" lon="82.51201417"><ele>0.000</ele><name>A-BP51</name><desc>&lt;table border=&quot;1&quot; cellpadding=&quot;4&quot; cellspacing=&quot;0&quot; style=&quot;border-collapse:collapse;font-family:Arial;font-size:12px&quot;&gt;&lt;tr&gt;&lt;th align=&quot;left&quot;&gt;Parameter&lt;/th&gt;&lt;th align=&quot;left&quot;&gt;Value&lt;/th&gt;&lt;/tr&gt;&lt;tr&gt;&lt;td&gt;Pillar&lt;/td&gt;&lt;td&gt;A-BP51&lt;/td&gt;&lt;/tr&gt;&lt;tr&gt;&lt;td&gt;Lease&lt;/td&gt;&lt;td&gt;Pakhar 115.13 Ha - Block A&lt;/td&gt;&lt;/tr&gt;&lt;tr&gt;&lt;td&gt;Latitude&lt;/td&gt;&lt;td&gt;23.55030877&lt;/td&gt;&lt;/tr&gt;&lt;tr&gt;&lt;td&gt;Longitude&lt;/td&gt;&lt;td&gt;84.61547849&lt;/td&gt;&lt;/tr&gt;&lt;tr&gt;&lt;td&gt;Easting (m)&lt;/td&gt;&lt;td&gt;256584.284&lt;/td&gt;&lt;/tr&gt;&lt;tr&gt;&lt;td&gt;Northing (m)&lt;/td&gt;&lt;td&gt;2606465.532&lt;/td&gt;&lt;/tr&gt;&lt;tr&gt;&lt;td&gt;Zone / Datum&lt;/td&gt;&lt;td&gt;UTM 45N / WGS84&lt;/td&gt;&lt;/tr&gt;&lt;/table&gt;</desc></wpt>
<wpt lat="0.00021241" lon="82.51201418"><ele>0.000</ele><name>A-BP52</name><desc>&lt;table border=&quot;1&quot; cellpadding=&quot;4&quot; cellspacing=&quot;0&quot; style=&quot;border-collapse:collapse;font-family:Arial;font-size:12px&quot;&gt;&lt;tr&gt;&lt;th align=&quot;left&quot;&gt;Parameter&lt;/th&gt;&lt;th align=&quot;left&quot;&gt;Value&lt;/th&gt;&lt;/tr&gt;&lt;tr&gt;&lt;td&gt;Pillar&lt;/td&gt;&lt;td&gt;A-BP52&lt;/td&gt;&lt;/tr&gt;&lt;tr&gt;&lt;td&gt;Lease&lt;/td&gt;&lt;td&gt;Pakhar 115.13 Ha - Block A&lt;/td&gt;&lt;/tr&gt;&lt;tr&gt;&lt;td&gt;Latitude&lt;/td&gt;&lt;td&gt;23.55066612&lt;/td&gt;&lt;/tr&gt;&lt;tr&gt;&lt;td&gt;Longitude&lt;/td&gt;&lt;td&gt;84.61577750&lt;/td&gt;&lt;/tr&gt;&lt;tr&gt;&lt;td&gt;Easting (m)&lt;/td&gt;&lt;td&gt;256615.478&lt;/td&gt;&lt;/tr&gt;&lt;tr&gt;&lt;td&gt;Northing (m)&lt;/td&gt;&lt;td&gt;2606504.609&lt;/td&gt;&lt;/tr&gt;&lt;tr&gt;&lt;td&gt;Zone / Datum&lt;/td&gt;&lt;td&gt;UTM 45N / WGS84&lt;/td&gt;&lt;/tr&gt;&lt;/table&gt;</desc></wpt>
<wpt lat="0.00021241" lon="82.51201418"><ele>0.000</ele><name>A-BP53</name><desc>&lt;table border=&quot;1&quot; cellpadding=&quot;4&quot; cellspacing=&quot;0&quot; style=&quot;border-collapse:collapse;font-family:Arial;font-size:12px&quot;&gt;&lt;tr&gt;&lt;th align=&quot;left&quot;&gt;Parameter&lt;/th&gt;&lt;th align=&quot;left&quot;&gt;Value&lt;/th&gt;&lt;/tr&gt;&lt;tr&gt;&lt;td&gt;Pillar&lt;/td&gt;&lt;td&gt;A-BP53&lt;/td&gt;&lt;/tr&gt;&lt;tr&gt;&lt;td&gt;Lease&lt;/td&gt;&lt;td&gt;Pakhar 115.13 Ha - Block A&lt;/td&gt;&lt;/tr&gt;&lt;tr&gt;&lt;td&gt;Latitude&lt;/td&gt;&lt;td&gt;23.55081262&lt;/td&gt;&lt;/tr&gt;&lt;tr&gt;&lt;td&gt;Longitude&lt;/td&gt;&lt;td&gt;84.61590008&lt;/td&gt;&lt;/tr&gt;&lt;tr&gt;&lt;td&gt;Easting (m)&lt;/td&gt;&lt;td&gt;256628.266&lt;/td&gt;&lt;/tr&gt;&lt;tr&gt;&lt;td&gt;Northing (m)&lt;/td&gt;&lt;td&gt;2606520.629&lt;/td&gt;&lt;/tr&gt;&lt;tr&gt;&lt;td&gt;Zone / Datum&lt;/td&gt;&lt;td&gt;UTM 45N / WGS84&lt;/td&gt;&lt;/tr&gt;&lt;/table&gt;</desc></wpt>
<wpt lat="0.00021241" lon="82.51201418"><ele>0.000</ele><name>A-BP54</name><desc>&lt;table border=&quot;1&quot; cellpadding=&quot;4&quot; cellspacing=&quot;0&quot; style=&quot;border-collapse:collapse;font-family:Arial;font-size:12px&quot;&gt;&lt;tr&gt;&lt;th align=&quot;left&quot;&gt;Parameter&lt;/th&gt;&lt;th align=&quot;left&quot;&gt;Value&lt;/th&gt;&lt;/tr&gt;&lt;tr&gt;&lt;td&gt;Pillar&lt;/td&gt;&lt;td&gt;A-BP54&lt;/td&gt;&lt;/tr&gt;&lt;tr&gt;&lt;td&gt;Lease&lt;/td&gt;&lt;td&gt;Pakhar 115.13 Ha - Block A&lt;/td&gt;&lt;/tr&gt;&lt;tr&gt;&lt;td&gt;Latitude&lt;/td&gt;&lt;td&gt;23.55069482&lt;/td&gt;&lt;/tr&gt;&lt;tr&gt;&lt;td&gt;Longitude&lt;/td&gt;&lt;td&gt;84.61610702&lt;/td&gt;&lt;/tr&gt;&lt;tr&gt;&lt;td&gt;Easting (m)&lt;/td&gt;&lt;td&gt;256649.182&lt;/td&gt;&lt;/tr&gt;&lt;tr&gt;&lt;td&gt;Northing (m)&lt;/td&gt;&lt;td&gt;2606507.228&lt;/td&gt;&lt;/tr&gt;&lt;tr&gt;&lt;td&gt;Zone / Datum&lt;/td&gt;&lt;td&gt;UTM 45N / WGS84&lt;/td&gt;&lt;/tr&gt;&lt;/table&gt;</desc></wpt>
<wpt lat="0.00021241" lon="82.51201418"><ele>0.000</ele><name>A-BP55</name><desc>&lt;table border=&quot;1&quot; cellpadding=&quot;4&quot; cellspacing=&quot;0&quot; style=&quot;border-collapse:collapse;font-family:Arial;font-size:12px&quot;&gt;&lt;tr&gt;&lt;th align=&quot;left&quot;&gt;Parameter&lt;/th&gt;&lt;th align=&quot;left&quot;&gt;Value&lt;/th&gt;&lt;/tr&gt;&lt;tr&gt;&lt;td&gt;Pillar&lt;/td&gt;&lt;td&gt;A-BP55&lt;/td&gt;&lt;/tr&gt;&lt;tr&gt;&lt;td&gt;Lease&lt;/td&gt;&lt;td&gt;Pakhar 115.13 Ha - Block A&lt;/td&gt;&lt;/tr&gt;&lt;tr&gt;&lt;td&gt;Latitude&lt;/td&gt;&lt;td&gt;23.55058589&lt;/td&gt;&lt;/tr&gt;&lt;tr&gt;&lt;td&gt;Longitude&lt;/td&gt;&lt;td&gt;84.61606642&lt;/td&gt;&lt;/tr&gt;&lt;tr&gt;&lt;td&gt;Easting (m)&lt;/td&gt;&lt;td&gt;256644.835&lt;/td&gt;&lt;/tr&gt;&lt;tr&gt;&lt;td&gt;Northing (m)&lt;/td&gt;&lt;td&gt;2606495.230&lt;/td&gt;&lt;/tr&gt;&lt;tr&gt;&lt;td&gt;Zone / Datum&lt;/td&gt;&lt;td&gt;UTM 45N / WGS84&lt;/td&gt;&lt;/tr&gt;&lt;/table&gt;</desc></wpt>
<wpt lat="0.00021241" lon="82.51201418"><ele>0.000</ele><name>A-BP56</name><desc>&lt;table border=&quot;1&quot; cellpadding=&quot;4&quot; cellspacing=&quot;0&quot; style=&quot;border-collapse:collapse;font-family:Arial;font-size:12px&quot;&gt;&lt;tr&gt;&lt;th align=&quot;left&quot;&gt;Parameter&lt;/th&gt;&lt;th align=&quot;left&quot;&gt;Value&lt;/th&gt;&lt;/tr&gt;&lt;tr&gt;&lt;td&gt;Pillar&lt;/td&gt;&lt;td&gt;A-BP56&lt;/td&gt;&lt;/tr&gt;&lt;tr&gt;&lt;td&gt;Lease&lt;/td&gt;&lt;td&gt;Pakhar 115.13 Ha - Block A&lt;/td&gt;&lt;/tr&gt;&lt;tr&gt;&lt;td&gt;Latitude&lt;/td&gt;&lt;td&gt;23.55055805&lt;/td&gt;&lt;/tr&gt;&lt;tr&gt;&lt;td&gt;Longitude&lt;/td&gt;&lt;td&gt;84.61616659&lt;/td&gt;&lt;/tr&gt;&lt;tr&gt;&lt;td&gt;Easting (m)&lt;/td&gt;&lt;td&gt;256655.013&lt;/td&gt;&lt;/tr&gt;&lt;tr&gt;&lt;td&gt;Northing (m)&lt;/td&gt;&lt;td&gt;2606491.976&lt;/td&gt;&lt;/tr&gt;&lt;tr&gt;&lt;td&gt;Zone / Datum&lt;/td&gt;&lt;td&gt;UTM 45N / WGS84&lt;/td&gt;&lt;/tr&gt;&lt;/table&gt;</desc></wpt>
<wpt lat="0.00021241" lon="82.51201418"><ele>0.000</ele><name>A-BP57</name><desc>&lt;table border=&quot;1&quot; cellpadding=&quot;4&quot; cellspacing=&quot;0&quot; style=&quot;border-collapse:collapse;font-family:Arial;font-size:12px&quot;&gt;&lt;tr&gt;&lt;th align=&quot;left&quot;&gt;Parameter&lt;/th&gt;&lt;th align=&quot;left&quot;&gt;Value&lt;/th&gt;&lt;/tr&gt;&lt;tr&gt;&lt;td&gt;Pillar&lt;/td&gt;&lt;td&gt;A-BP57&lt;/td&gt;&lt;/tr&gt;&lt;tr&gt;&lt;td&gt;Lease&lt;/td&gt;&lt;td&gt;Pakhar 115.13 Ha - Block A&lt;/td&gt;&lt;/tr&gt;&lt;tr&gt;&lt;td&gt;Latitude&lt;/td&gt;&lt;td&gt;23.55062182&lt;/td&gt;&lt;/tr&gt;&lt;tr&gt;&lt;td&gt;Longitude&lt;/td&gt;&lt;td&gt;84.61631078&lt;/td&gt;&lt;/tr&gt;&lt;tr&gt;&lt;td&gt;Easting (m)&lt;/td&gt;&lt;td&gt;256669.856&lt;/td&gt;&lt;/tr&gt;&lt;tr&gt;&lt;td&gt;Northing (m)&lt;/td&gt;&lt;td&gt;2606498.795&lt;/td&gt;&lt;/tr&gt;&lt;tr&gt;&lt;td&gt;Zone / Datum&lt;/td&gt;&lt;td&gt;UTM 45N / WGS84&lt;/td&gt;&lt;/tr&gt;&lt;/table&gt;</desc></wpt>
<wpt lat="0.00021241" lon="82.51201418"><ele>0.000</ele><name>A-BP58</name><desc>&lt;table border=&quot;1&quot; cellpadding=&quot;4&quot; cellspacing=&quot;0&quot; style=&quot;border-collapse:collapse;font-family:Arial;font-size:12px&quot;&gt;&lt;tr&gt;&lt;th align=&quot;left&quot;&gt;Parameter&lt;/th&gt;&lt;th align=&quot;left&quot;&gt;Value&lt;/th&gt;&lt;/tr&gt;&lt;tr&gt;&lt;td&gt;Pillar&lt;/td&gt;&lt;td&gt;A-BP58&lt;/td&gt;&lt;/tr&gt;&lt;tr&gt;&lt;td&gt;Lease&lt;/td&gt;&lt;td&gt;Pakhar 115.13 Ha - Block A&lt;/td&gt;&lt;/tr&gt;&lt;tr&gt;&lt;td&gt;Latitude&lt;/td&gt;&lt;td&gt;23.55087879&lt;/td&gt;&lt;/tr&gt;&lt;tr&gt;&lt;td&gt;Longitude&lt;/td&gt;&lt;td&gt;84.61619419&lt;/td&gt;&lt;/tr&gt;&lt;tr&gt;&lt;td&gt;Easting (m)&lt;/td&gt;&lt;td&gt;256658.423&lt;/td&gt;&lt;/tr&gt;&lt;tr&gt;&lt;td&gt;Northing (m)&lt;/td&gt;&lt;td&gt;2606527.459&lt;/td&gt;&lt;/tr&gt;&lt;tr&gt;&lt;td&gt;Zone / Datum&lt;/td&gt;&lt;td&gt;UTM 45N / WGS84&lt;/td&gt;&lt;/tr&gt;&lt;/table&gt;</desc></wpt>
<wpt lat="0.00021242" lon="82.51201418"><ele>0.000</ele><name>A-BP59</name><desc>&lt;table border=&quot;1&quot; cellpadding=&quot;4&quot; cellspacing=&quot;0&quot; style=&quot;border-collapse:collapse;font-family:Arial;font-size:12px&quot;&gt;&lt;tr&gt;&lt;th align=&quot;left&quot;&gt;Parameter&lt;/th&gt;&lt;th align=&quot;left&quot;&gt;Value&lt;/th&gt;&lt;/tr&gt;&lt;tr&gt;&lt;td&gt;Pillar&lt;/td&gt;&lt;td&gt;A-BP59&lt;/td&gt;&lt;/tr&gt;&lt;tr&gt;&lt;td&gt;Lease&lt;/td&gt;&lt;td&gt;Pakhar 115.13 Ha - Block A&lt;/td&gt;&lt;/tr&gt;&lt;tr&gt;&lt;td&gt;Latitude&lt;/td&gt;&lt;td&gt;23.55098206&lt;/td&gt;&lt;/tr&gt;&lt;tr&gt;&lt;td&gt;Longitude&lt;/td&gt;&lt;td&gt;84.61622274&lt;/td&gt;&lt;/tr&gt;&lt;tr&gt;&lt;td&gt;Easting (m)&lt;/td&gt;&lt;td&gt;256661.529&lt;/td&gt;&lt;/tr&gt;&lt;tr&gt;&lt;td&gt;Northing (m)&lt;/td&gt;&lt;td&gt;2606538.850&lt;/td&gt;&lt;/tr&gt;&lt;tr&gt;&lt;td&gt;Zone / Datum&lt;/td&gt;&lt;td&gt;UTM 45N / WGS84&lt;/td&gt;&lt;/tr&gt;&lt;/table&gt;</desc></wpt>
<wpt lat="0.00021241" lon="82.51201418"><ele>0.000</ele><name>A-BP60</name><desc>&lt;table border=&quot;1&quot; cellpadding=&quot;4&quot; cellspacing=&quot;0&quot; style=&quot;border-collapse:collapse;font-family:Arial;font-size:12px&quot;&gt;&lt;tr&gt;&lt;th align=&quot;left&quot;&gt;Parameter&lt;/th&gt;&lt;th align=&quot;left&quot;&gt;Value&lt;/th&gt;&lt;/tr&gt;&lt;tr&gt;&lt;td&gt;Pillar&lt;/td&gt;&lt;td&gt;A-BP60&lt;/td&gt;&lt;/tr&gt;&lt;tr&gt;&lt;td&gt;Lease&lt;/td&gt;&lt;td&gt;Pakhar 115.13 Ha - Block A&lt;/td&gt;&lt;/tr&gt;&lt;tr&gt;&lt;td&gt;Latitude&lt;/td&gt;&lt;td&gt;23.55092162&lt;/td&gt;&lt;/tr&gt;&lt;tr&gt;&lt;td&gt;Longitude&lt;/td&gt;&lt;td&gt;84.61640834&lt;/td&gt;&lt;/tr&gt;&lt;tr&gt;&lt;td&gt;Easting (m)&lt;/td&gt;&lt;td&gt;256680.371&lt;/td&gt;&lt;/tr&gt;&lt;tr&gt;&lt;td&gt;Northing (m)&lt;/td&gt;&lt;td&gt;2606531.840&lt;/td&gt;&lt;/tr&gt;&lt;tr&gt;&lt;td&gt;Zone / Datum&lt;/td&gt;&lt;td&gt;UTM 45N / WGS84&lt;/td&gt;&lt;/tr&gt;&lt;/table&gt;</desc></wpt>
<wpt lat="0.00021241" lon="82.51201418"><ele>0.000</ele><name>A-BP61</name><desc>&lt;table border=&quot;1&quot; cellpadding=&quot;4&quot; cellspacing=&quot;0&quot; style=&quot;border-collapse:collapse;font-family:Arial;font-size:12px&quot;&gt;&lt;tr&gt;&lt;th align=&quot;left&quot;&gt;Parameter&lt;/th&gt;&lt;th align=&quot;left&quot;&gt;Value&lt;/th&gt;&lt;/tr&gt;&lt;tr&gt;&lt;td&gt;Pillar&lt;/td&gt;&lt;td&gt;A-BP61&lt;/td&gt;&lt;/tr&gt;&lt;tr&gt;&lt;td&gt;Lease&lt;/td&gt;&lt;td&gt;Pakhar 115.13 Ha - Block A&lt;/td&gt;&lt;/tr&gt;&lt;tr&gt;&lt;td&gt;Latitude&lt;/td&gt;&lt;td&gt;23.55081129&lt;/td&gt;&lt;/tr&gt;&lt;tr&gt;&lt;td&gt;Longitude&lt;/td&gt;&lt;td&gt;84.61653532&lt;/td&gt;&lt;/tr&gt;&lt;tr&gt;&lt;td&gt;Easting (m)&lt;/td&gt;&lt;td&gt;256693.135&lt;/td&gt;&lt;/tr&gt;&lt;tr&gt;&lt;td&gt;Northing (m)&lt;/td&gt;&lt;td&gt;2606519.402&lt;/td&gt;&lt;/tr&gt;&lt;tr&gt;&lt;td&gt;Zone / Datum&lt;/td&gt;&lt;td&gt;UTM 45N / WGS84&lt;/td&gt;&lt;/tr&gt;&lt;/table&gt;</desc></wpt>
<wpt lat="0.00021241" lon="82.51201418"><ele>0.000</ele><name>A-BP62</name><desc>&lt;table border=&quot;1&quot; cellpadding=&quot;4&quot; cellspacing=&quot;0&quot; style=&quot;border-collapse:collapse;font-family:Arial;font-size:12px&quot;&gt;&lt;tr&gt;&lt;th align=&quot;left&quot;&gt;Parameter&lt;/th&gt;&lt;th align=&quot;left&quot;&gt;Value&lt;/th&gt;&lt;/tr&gt;&lt;tr&gt;&lt;td&gt;Pillar&lt;/td&gt;&lt;td&gt;A-BP62&lt;/td&gt;&lt;/tr&gt;&lt;tr&gt;&lt;td&gt;Lease&lt;/td&gt;&lt;td&gt;Pakhar 115.13 Ha - Block A&lt;/td&gt;&lt;/tr&gt;&lt;tr&gt;&lt;td&gt;Latitude&lt;/td&gt;&lt;td&gt;23.55067702&lt;/td&gt;&lt;/tr&gt;&lt;tr&gt;&lt;td&gt;Longitude&lt;/td&gt;&lt;td&gt;84.61680285&lt;/td&gt;&lt;/tr&gt;&lt;tr&gt;&lt;td&gt;Easting (m)&lt;/td&gt;&lt;td&gt;256720.209&lt;/td&gt;&lt;/tr&gt;&lt;tr&gt;&lt;td&gt;Northing (m)&lt;/td&gt;&lt;td&gt;2606504.074&lt;/td&gt;&lt;/tr&gt;&lt;tr&gt;&lt;td&gt;Zone / Datum&lt;/td&gt;&lt;td&gt;UTM 45N / WGS84&lt;/td&gt;&lt;/tr&gt;&lt;/table&gt;</desc></wpt>
<wpt lat="0.00021241" lon="82.51201419"><ele>0.000</ele><name>A-BP63</name><desc>&lt;table border=&quot;1&quot; cellpadding=&quot;4&quot; cellspacing=&quot;0&quot; style=&quot;border-collapse:collapse;font-family:Arial;font-size:12px&quot;&gt;&lt;tr&gt;&lt;th align=&quot;left&quot;&gt;Parameter&lt;/th&gt;&lt;th align=&quot;left&quot;&gt;Value&lt;/th&gt;&lt;/tr&gt;&lt;tr&gt;&lt;td&gt;Pillar&lt;/td&gt;&lt;td&gt;A-BP63&lt;/td&gt;&lt;/tr&gt;&lt;tr&gt;&lt;td&gt;Lease&lt;/td&gt;&lt;td&gt;Pakhar 115.13 Ha - Block A&lt;/td&gt;&lt;/tr&gt;&lt;tr&gt;&lt;td&gt;Latitude&lt;/td&gt;&lt;td&gt;23.55076981&lt;/td&gt;&lt;/tr&gt;&lt;tr&gt;&lt;td&gt;Longitude&lt;/td&gt;&lt;td&gt;84.61682713&lt;/td&gt;&lt;/tr&gt;&lt;tr&gt;&lt;td&gt;Easting (m)&lt;/td&gt;&lt;td&gt;256722.859&lt;/td&gt;&lt;/tr&gt;&lt;tr&gt;&lt;td&gt;Northing (m)&lt;/td&gt;&lt;td&gt;2606514.312&lt;/td&gt;&lt;/tr&gt;&lt;tr&gt;&lt;td&gt;Zone / Datum&lt;/td&gt;&lt;td&gt;UTM 45N / WGS84&lt;/td&gt;&lt;/tr&gt;&lt;/table&gt;</desc></wpt>
<wpt lat="0.00021241" lon="82.51201418"><ele>0.000</ele><name>A-BP64</name><desc>&lt;table border=&quot;1&quot; cellpadding=&quot;4&quot; cellspacing=&quot;0&quot; style=&quot;border-collapse:collapse;font-family:Arial;font-size:12px&quot;&gt;&lt;tr&gt;&lt;th align=&quot;left&quot;&gt;Parameter&lt;/th&gt;&lt;th align=&quot;left&quot;&gt;Value&lt;/th&gt;&lt;/tr&gt;&lt;tr&gt;&lt;td&gt;Pillar&lt;/td&gt;&lt;td&gt;A-BP64&lt;/td&gt;&lt;/tr&gt;&lt;tr&gt;&lt;td&gt;Lease&lt;/td&gt;&lt;td&gt;Pakhar 115.13 Ha - Block A&lt;/td&gt;&lt;/tr&gt;&lt;tr&gt;&lt;td&gt;Latitude&lt;/td&gt;&lt;td&gt;23.55087225&lt;/td&gt;&lt;/tr&gt;&lt;tr&gt;&lt;td&gt;Longitude&lt;/td&gt;&lt;td&gt;84.61661619&lt;/td&gt;&lt;/tr&gt;&lt;tr&gt;&lt;td&gt;Easting (m)&lt;/td&gt;&lt;td&gt;256701.506&lt;/td&gt;&lt;/tr&gt;&lt;tr&gt;&lt;td&gt;Northing (m)&lt;/td&gt;&lt;td&gt;2606526.018&lt;/td&gt;&lt;/tr&gt;&lt;tr&gt;&lt;td&gt;Zone / Datum&lt;/td&gt;&lt;td&gt;UTM 45N / WGS84&lt;/td&gt;&lt;/tr&gt;&lt;/table&gt;</desc></wpt>
<wpt lat="0.00021242" lon="82.51201418"><ele>0.000</ele><name>A-BP65</name><desc>&lt;table border=&quot;1&quot; cellpadding=&quot;4&quot; cellspacing=&quot;0&quot; style=&quot;border-collapse:collapse;font-family:Arial;font-size:12px&quot;&gt;&lt;tr&gt;&lt;th align=&quot;left&quot;&gt;Parameter&lt;/th&gt;&lt;th align=&quot;left&quot;&gt;Value&lt;/th&gt;&lt;/tr&gt;&lt;tr&gt;&lt;td&gt;Pillar&lt;/td&gt;&lt;td&gt;A-BP65&lt;/td&gt;&lt;/tr&gt;&lt;tr&gt;&lt;td&gt;Lease&lt;/td&gt;&lt;td&gt;Pakhar 115.13 Ha - Block A&lt;/td&gt;&lt;/tr&gt;&lt;tr&gt;&lt;td&gt;Latitude&lt;/td&gt;&lt;td&gt;23.55120193&lt;/td&gt;&lt;/tr&gt;&lt;tr&gt;&lt;td&gt;Longitude&lt;/td&gt;&lt;td&gt;84.61620466&lt;/td&gt;&lt;/tr&gt;&lt;tr&gt;&lt;td&gt;Easting (m)&lt;/td&gt;&lt;td&gt;256660.088&lt;/td&gt;&lt;/tr&gt;&lt;tr&gt;&lt;td&gt;Northing (m)&lt;/td&gt;&lt;td&gt;2606563.236&lt;/td&gt;&lt;/tr&gt;&lt;tr&gt;&lt;td&gt;Zone / Datum&lt;/td&gt;&lt;td&gt;UTM 45N / WGS84&lt;/td&gt;&lt;/tr&gt;&lt;/table&gt;</desc></wpt>
<wpt lat="0.00021242" lon="82.51201418"><ele>0.000</ele><name>A-BP66</name><desc>&lt;table border=&quot;1&quot; cellpadding=&quot;4&quot; cellspacing=&quot;0&quot; style=&quot;border-collapse:collapse;font-family:Arial;font-size:12px&quot;&gt;&lt;tr&gt;&lt;th align=&quot;left&quot;&gt;Parameter&lt;/th&gt;&lt;th align=&quot;left&quot;&gt;Value&lt;/th&gt;&lt;/tr&gt;&lt;tr&gt;&lt;td&gt;Pillar&lt;/td&gt;&lt;td&gt;A-BP66&lt;/td&gt;&lt;/tr&gt;&lt;tr&gt;&lt;td&gt;Lease&lt;/td&gt;&lt;td&gt;Pakhar 115.13 Ha - Block A&lt;/td&gt;&lt;/tr&gt;&lt;tr&gt;&lt;td&gt;Latitude&lt;/td&gt;&lt;td&gt;23.55141845&lt;/td&gt;&lt;/tr&gt;&lt;tr&gt;&lt;td&gt;Longitude&lt;/td&gt;&lt;td&gt;84.61644451&lt;/td&gt;&lt;/tr&gt;&lt;tr&gt;&lt;td&gt;Easting (m)&lt;/td&gt;&lt;td&gt;256684.980&lt;/td&gt;&lt;/tr&gt;&lt;tr&gt;&lt;td&gt;Northing (m)&lt;/td&gt;&lt;td&gt;2606586.814&lt;/td&gt;&lt;/tr&gt;&lt;tr&gt;&lt;td&gt;Zone / Datum&lt;/td&gt;&lt;td&gt;UTM 45N / WGS84&lt;/td&gt;&lt;/tr&gt;&lt;/table&gt;</desc></wpt>
<wpt lat="0.00021242" lon="82.51201418"><ele>0.000</ele><name>A-BP67</name><desc>&lt;table border=&quot;1&quot; cellpadding=&quot;4&quot; cellspacing=&quot;0&quot; style=&quot;border-collapse:collapse;font-family:Arial;font-size:12px&quot;&gt;&lt;tr&gt;&lt;th align=&quot;left&quot;&gt;Parameter&lt;/th&gt;&lt;th align=&quot;left&quot;&gt;Value&lt;/th&gt;&lt;/tr&gt;&lt;tr&gt;&lt;td&gt;Pillar&lt;/td&gt;&lt;td&gt;A-BP67&lt;/td&gt;&lt;/tr&gt;&lt;tr&gt;&lt;td&gt;Lease&lt;/td&gt;&lt;td&gt;Pakhar 115.13 Ha - Block A&lt;/td&gt;&lt;/tr&gt;&lt;tr&gt;&lt;td&gt;Latitude&lt;/td&gt;&lt;td&gt;23.55109525&lt;/td&gt;&lt;/tr&gt;&lt;tr&gt;&lt;td&gt;Longitude&lt;/td&gt;&lt;td&gt;84.61678618&lt;/td&gt;&lt;/tr&gt;&lt;tr&gt;&lt;td&gt;Easting (m)&lt;/td&gt;&lt;td&gt;256719.277&lt;/td&gt;&lt;/tr&gt;&lt;tr&gt;&lt;td&gt;Northing (m)&lt;/td&gt;&lt;td&gt;2606550.431&lt;/td&gt;&lt;/tr&gt;&lt;tr&gt;&lt;td&gt;Zone / Datum&lt;/td&gt;&lt;td&gt;UTM 45N / WGS84&lt;/td&gt;&lt;/tr&gt;&lt;/table&gt;</desc></wpt>
<wpt lat="0.00021242" lon="82.51201419"><ele>0.000</ele><name>A-BP68</name><desc>&lt;table border=&quot;1&quot; cellpadding=&quot;4&quot; cellspacing=&quot;0&quot; style=&quot;border-collapse:collapse;font-family:Arial;font-size:12px&quot;&gt;&lt;tr&gt;&lt;th align=&quot;left&quot;&gt;Parameter&lt;/th&gt;&lt;th align=&quot;left&quot;&gt;Value&lt;/th&gt;&lt;/tr&gt;&lt;tr&gt;&lt;td&gt;Pillar&lt;/td&gt;&lt;td&gt;A-BP68&lt;/td&gt;&lt;/tr&gt;&lt;tr&gt;&lt;td&gt;Lease&lt;/td&gt;&lt;td&gt;Pakhar 115.13 Ha - Block A&lt;/td&gt;&lt;/tr&gt;&lt;tr&gt;&lt;td&gt;Latitude&lt;/td&gt;&lt;td&gt;23.55102442&lt;/td&gt;&lt;/tr&gt;&lt;tr&gt;&lt;td&gt;Longitude&lt;/td&gt;&lt;td&gt;84.61686996&lt;/td&gt;&lt;/tr&gt;&lt;tr&gt;&lt;td&gt;Easting (m)&lt;/td&gt;&lt;td&gt;256727.702&lt;/td&gt;&lt;/tr&gt;&lt;tr&gt;&lt;td&gt;Northing (m)&lt;/td&gt;&lt;td&gt;2606542.443&lt;/td&gt;&lt;/tr&gt;&lt;tr&gt;&lt;td&gt;Zone / Datum&lt;/td&gt;&lt;td&gt;UTM 45N / WGS84&lt;/td&gt;&lt;/tr&gt;&lt;/table&gt;</desc></wpt>
<wpt lat="0.00021242" lon="82.51201419"><ele>0.000</ele><name>A-BP69</name><desc>&lt;table border=&quot;1&quot; cellpadding=&quot;4&quot; cellspacing=&quot;0&quot; style=&quot;border-collapse:collapse;font-family:Arial;font-size:12px&quot;&gt;&lt;tr&gt;&lt;th align=&quot;left&quot;&gt;Parameter&lt;/th&gt;&lt;th align=&quot;left&quot;&gt;Value&lt;/th&gt;&lt;/tr&gt;&lt;tr&gt;&lt;td&gt;Pillar&lt;/td&gt;&lt;td&gt;A-BP69&lt;/td&gt;&lt;/tr&gt;&lt;tr&gt;&lt;td&gt;Lease&lt;/td&gt;&lt;td&gt;Pakhar 115.13 Ha - Block A&lt;/td&gt;&lt;/tr&gt;&lt;tr&gt;&lt;td&gt;Latitude&lt;/td&gt;&lt;td&gt;23.55111389&lt;/td&gt;&lt;/tr&gt;&lt;tr&gt;&lt;td&gt;Longitude&lt;/td&gt;&lt;td&gt;84.61706935&lt;/td&gt;&lt;/tr&gt;&lt;tr&gt;&lt;td&gt;Easting (m)&lt;/td&gt;&lt;td&gt;256748.229&lt;/td&gt;&lt;/tr&gt;&lt;tr&gt;&lt;td&gt;Northing (m)&lt;/td&gt;&lt;td&gt;2606552.015&lt;/td&gt;&lt;/tr&gt;&lt;tr&gt;&lt;td&gt;Zone / Datum&lt;/td&gt;&lt;td&gt;UTM 45N / WGS84&lt;/td&gt;&lt;/tr&gt;&lt;/table&gt;</desc></wpt>
<wpt lat="0.00021242" lon="82.51201418"><ele>0.000</ele><name>A-BP70</name><desc>&lt;table border=&quot;1&quot; cellpadding=&quot;4&quot; cellspacing=&quot;0&quot; style=&quot;border-collapse:collapse;font-family:Arial;font-size:12px&quot;&gt;&lt;tr&gt;&lt;th align=&quot;left&quot;&gt;Parameter&lt;/th&gt;&lt;th align=&quot;left&quot;&gt;Value&lt;/th&gt;&lt;/tr&gt;&lt;tr&gt;&lt;td&gt;Pillar&lt;/td&gt;&lt;td&gt;A-BP70&lt;/td&gt;&lt;/tr&gt;&lt;tr&gt;&lt;td&gt;Lease&lt;/td&gt;&lt;td&gt;Pakhar 115.13 Ha - Block A&lt;/td&gt;&lt;/tr&gt;&lt;tr&gt;&lt;td&gt;Latitude&lt;/td&gt;&lt;td&gt;23.55140941&lt;/td&gt;&lt;/tr&gt;&lt;tr&gt;&lt;td&gt;Longitude&lt;/td&gt;&lt;td&gt;84.61672053&lt;/td&gt;&lt;/tr&gt;&lt;tr&gt;&lt;td&gt;Easting (m)&lt;/td&gt;&lt;td&gt;256713.151&lt;/td&gt;&lt;/tr&gt;&lt;tr&gt;&lt;td&gt;Northing (m)&lt;/td&gt;&lt;td&gt;2606585.344&lt;/td&gt;&lt;/tr&gt;&lt;tr&gt;&lt;td&gt;Zone / Datum&lt;/td&gt;&lt;td&gt;UTM 45N / WGS84&lt;/td&gt;&lt;/tr&gt;&lt;/table&gt;</desc></wpt>
<wpt lat="0.00021242" lon="82.51201418"><ele>0.000</ele><name>A-BP71</name><desc>&lt;table border=&quot;1&quot; cellpadding=&quot;4&quot; cellspacing=&quot;0&quot; style=&quot;border-collapse:collapse;font-family:Arial;font-size:12px&quot;&gt;&lt;tr&gt;&lt;th align=&quot;left&quot;&gt;Parameter&lt;/th&gt;&lt;th align=&quot;left&quot;&gt;Value&lt;/th&gt;&lt;/tr&gt;&lt;tr&gt;&lt;td&gt;Pillar&lt;/td&gt;&lt;td&gt;A-BP71&lt;/td&gt;&lt;/tr&gt;&lt;tr&gt;&lt;td&gt;Lease&lt;/td&gt;&lt;td&gt;Pakhar 115.13 Ha - Block A&lt;/td&gt;&lt;/tr&gt;&lt;tr&gt;&lt;td&gt;Latitude&lt;/td&gt;&lt;td&gt;23.55181983&lt;/td&gt;&lt;/tr&gt;&lt;tr&gt;&lt;td&gt;Longitude&lt;/td&gt;&lt;td&gt;84.61651692&lt;/td&gt;&lt;/tr&gt;&lt;tr&gt;&lt;td&gt;Easting (m)&lt;/td&gt;&lt;td&gt;256693.114&lt;/td&gt;&lt;/tr&gt;&lt;tr&gt;&lt;td&gt;Northing (m)&lt;/td&gt;&lt;td&gt;2606631.153&lt;/td&gt;&lt;/tr&gt;&lt;tr&gt;&lt;td&gt;Zone / Datum&lt;/td&gt;&lt;td&gt;UTM 45N / WGS84&lt;/td&gt;&lt;/tr&gt;&lt;/table&gt;</desc></wpt>
<wpt lat="0.00021242" lon="82.51201418"><ele>0.000</ele><name>A-BP72</name><desc>&lt;table border=&quot;1&quot; cellpadding=&quot;4&quot; cellspacing=&quot;0&quot; style=&quot;border-collapse:collapse;font-family:Arial;font-size:12px&quot;&gt;&lt;tr&gt;&lt;th align=&quot;left&quot;&gt;Parameter&lt;/th&gt;&lt;th align=&quot;left&quot;&gt;Value&lt;/th&gt;&lt;/tr&gt;&lt;tr&gt;&lt;td&gt;Pillar&lt;/td&gt;&lt;td&gt;A-BP72&lt;/td&gt;&lt;/tr&gt;&lt;tr&gt;&lt;td&gt;Lease&lt;/td&gt;&lt;td&gt;Pakhar 115.13 Ha - Block A&lt;/td&gt;&lt;/tr&gt;&lt;tr&gt;&lt;td&gt;Latitude&lt;/td&gt;&lt;td&gt;23.55194051&lt;/td&gt;&lt;/tr&gt;&lt;tr&gt;&lt;td&gt;Longitude&lt;/td&gt;&lt;td&gt;84.61643737&lt;/td&gt;&lt;/tr&gt;&lt;tr&gt;&lt;td&gt;Easting (m)&lt;/td&gt;&lt;td&gt;256685.213&lt;/td&gt;&lt;/tr&gt;&lt;tr&gt;&lt;td&gt;Northing (m)&lt;/td&gt;&lt;td&gt;2606644.656&lt;/td&gt;&lt;/tr&gt;&lt;tr&gt;&lt;td&gt;Zone / Datum&lt;/td&gt;&lt;td&gt;UTM 45N / WGS84&lt;/td&gt;&lt;/tr&gt;&lt;/table&gt;</desc></wpt>
<wpt lat="0.00021243" lon="82.51201418"><ele>0.000</ele><name>A-BP73</name><desc>&lt;table border=&quot;1&quot; cellpadding=&quot;4&quot; cellspacing=&quot;0&quot; style=&quot;border-collapse:collapse;font-family:Arial;font-size:12px&quot;&gt;&lt;tr&gt;&lt;th align=&quot;left&quot;&gt;Parameter&lt;/th&gt;&lt;th align=&quot;left&quot;&gt;Value&lt;/th&gt;&lt;/tr&gt;&lt;tr&gt;&lt;td&gt;Pillar&lt;/td&gt;&lt;td&gt;A-BP73&lt;/td&gt;&lt;/tr&gt;&lt;tr&gt;&lt;td&gt;Lease&lt;/td&gt;&lt;td&gt;Pakhar 115.13 Ha - Block A&lt;/td&gt;&lt;/tr&gt;&lt;tr&gt;&lt;td&gt;Latitude&lt;/td&gt;&lt;td&gt;23.55229029&lt;/td&gt;&lt;/tr&gt;&lt;tr&gt;&lt;td&gt;Longitude&lt;/td&gt;&lt;td&gt;84.61644023&lt;/td&gt;&lt;/tr&gt;&lt;tr&gt;&lt;td&gt;Easting (m)&lt;/td&gt;&lt;td&gt;256686.149&lt;/td&gt;&lt;/tr&gt;&lt;tr&gt;&lt;td&gt;Northing (m)&lt;/td&gt;&lt;td&gt;2606683.397&lt;/td&gt;&lt;/tr&gt;&lt;tr&gt;&lt;td&gt;Zone / Datum&lt;/td&gt;&lt;td&gt;UTM 45N / WGS84&lt;/td&gt;&lt;/tr&gt;&lt;/table&gt;</desc></wpt>
<wpt lat="0.00021243" lon="82.51201418"><ele>0.000</ele><name>A-BP74</name><desc>&lt;table border=&quot;1&quot; cellpadding=&quot;4&quot; cellspacing=&quot;0&quot; style=&quot;border-collapse:collapse;font-family:Arial;font-size:12px&quot;&gt;&lt;tr&gt;&lt;th align=&quot;left&quot;&gt;Parameter&lt;/th&gt;&lt;th align=&quot;left&quot;&gt;Value&lt;/th&gt;&lt;/tr&gt;&lt;tr&gt;&lt;td&gt;Pillar&lt;/td&gt;&lt;td&gt;A-BP74&lt;/td&gt;&lt;/tr&gt;&lt;tr&gt;&lt;td&gt;Lease&lt;/td&gt;&lt;td&gt;Pakhar 115.13 Ha - Block A&lt;/td&gt;&lt;/tr&gt;&lt;tr&gt;&lt;td&gt;Latitude&lt;/td&gt;&lt;td&gt;23.55240356&lt;/td&gt;&lt;/tr&gt;&lt;tr&gt;&lt;td&gt;Longitude&lt;/td&gt;&lt;td&gt;84.61649448&lt;/td&gt;&lt;/tr&gt;&lt;tr&gt;&lt;td&gt;Easting (m)&lt;/td&gt;&lt;td&gt;256691.898&lt;/td&gt;&lt;/tr&gt;&lt;tr&gt;&lt;td&gt;Northing (m)&lt;/td&gt;&lt;td&gt;2606695.852&lt;/td&gt;&lt;/tr&gt;&lt;tr&gt;&lt;td&gt;Zone / Datum&lt;/td&gt;&lt;td&gt;UTM 45N / WGS84&lt;/td&gt;&lt;/tr&gt;&lt;/table&gt;</desc></wpt>
<wpt lat="0.00021243" lon="82.51201418"><ele>0.000</ele><name>A-BP75</name><desc>&lt;table border=&quot;1&quot; cellpadding=&quot;4&quot; cellspacing=&quot;0&quot; style=&quot;border-collapse:collapse;font-family:Arial;font-size:12px&quot;&gt;&lt;tr&gt;&lt;th align=&quot;left&quot;&gt;Parameter&lt;/th&gt;&lt;th align=&quot;left&quot;&gt;Value&lt;/th&gt;&lt;/tr&gt;&lt;tr&gt;&lt;td&gt;Pillar&lt;/td&gt;&lt;td&gt;A-BP75&lt;/td&gt;&lt;/tr&gt;&lt;tr&gt;&lt;td&gt;Lease&lt;/td&gt;&lt;td&gt;Pakhar 115.13 Ha - Block A&lt;/td&gt;&lt;/tr&gt;&lt;tr&gt;&lt;td&gt;Latitude&lt;/td&gt;&lt;td&gt;23.55248398&lt;/td&gt;&lt;/tr&gt;&lt;tr&gt;&lt;td&gt;Longitude&lt;/td&gt;&lt;td&gt;84.61643880&lt;/td&gt;&lt;/tr&gt;&lt;tr&gt;&lt;td&gt;Easting (m)&lt;/td&gt;&lt;td&gt;256686.360&lt;/td&gt;&lt;/tr&gt;&lt;tr&gt;&lt;td&gt;Northing (m)&lt;/td&gt;&lt;td&gt;2606704.855&lt;/td&gt;&lt;/tr&gt;&lt;tr&gt;&lt;td&gt;Zone / Datum&lt;/td&gt;&lt;td&gt;UTM 45N / WGS84&lt;/td&gt;&lt;/tr&gt;&lt;/table&gt;</desc></wpt>
<wpt lat="0.00021243" lon="82.51201418"><ele>0.000</ele><name>A-BP76</name><desc>&lt;table border=&quot;1&quot; cellpadding=&quot;4&quot; cellspacing=&quot;0&quot; style=&quot;border-collapse:collapse;font-family:Arial;font-size:12px&quot;&gt;&lt;tr&gt;&lt;th align=&quot;left&quot;&gt;Parameter&lt;/th&gt;&lt;th align=&quot;left&quot;&gt;Value&lt;/th&gt;&lt;/tr&gt;&lt;tr&gt;&lt;td&gt;Pillar&lt;/td&gt;&lt;td&gt;A-BP76&lt;/td&gt;&lt;/tr&gt;&lt;tr&gt;&lt;td&gt;Lease&lt;/td&gt;&lt;td&gt;Pakhar 115.13 Ha - Block A&lt;/td&gt;&lt;/tr&gt;&lt;tr&gt;&lt;td&gt;Latitude&lt;/td&gt;&lt;td&gt;23.55291440&lt;/td&gt;&lt;/tr&gt;&lt;tr&gt;&lt;td&gt;Longitude&lt;/td&gt;&lt;td&gt;84.61658603&lt;/td&gt;&lt;/tr&gt;&lt;tr&gt;&lt;td&gt;Easting (m)&lt;/td&gt;&lt;td&gt;256702.188&lt;/td&gt;&lt;/tr&gt;&lt;tr&gt;&lt;td&gt;Northing (m)&lt;/td&gt;&lt;td&gt;2606752.284&lt;/td&gt;&lt;/tr&gt;&lt;tr&gt;&lt;td&gt;Zone / Datum&lt;/td&gt;&lt;td&gt;UTM 45N / WGS84&lt;/td&gt;&lt;/tr&gt;&lt;/table&gt;</desc></wpt>
<wpt lat="0.00021244" lon="82.51201418"><ele>0.000</ele><name>A-BP77</name><desc>&lt;table border=&quot;1&quot; cellpadding=&quot;4&quot; cellspacing=&quot;0&quot; style=&quot;border-collapse:collapse;font-family:Arial;font-size:12px&quot;&gt;&lt;tr&gt;&lt;th align=&quot;left&quot;&gt;Parameter&lt;/th&gt;&lt;th align=&quot;left&quot;&gt;Value&lt;/th&gt;&lt;/tr&gt;&lt;tr&gt;&lt;td&gt;Pillar&lt;/td&gt;&lt;td&gt;A-BP77&lt;/td&gt;&lt;/tr&gt;&lt;tr&gt;&lt;td&gt;Lease&lt;/td&gt;&lt;td&gt;Pakhar 115.13 Ha - Block A&lt;/td&gt;&lt;/tr&gt;&lt;tr&gt;&lt;td&gt;Latitude&lt;/td&gt;&lt;td&gt;23.55334482&lt;/td&gt;&lt;/tr&gt;&lt;tr&gt;&lt;td&gt;Longitude&lt;/td&gt;&lt;td&gt;84.61673325&lt;/td&gt;&lt;/tr&gt;&lt;tr&gt;&lt;td&gt;Easting (m)&lt;/td&gt;&lt;td&gt;256718.016&lt;/td&gt;&lt;/tr&gt;&lt;tr&gt;&lt;td&gt;Northing (m)&lt;/td&gt;&lt;td&gt;2606799.713&lt;/td&gt;&lt;/tr&gt;&lt;tr&gt;&lt;td&gt;Zone / Datum&lt;/td&gt;&lt;td&gt;UTM 45N / WGS84&lt;/td&gt;&lt;/tr&gt;&lt;/table&gt;</desc></wpt>
<wpt lat="0.00021244" lon="82.51201419"><ele>0.000</ele><name>A-BP78</name><desc>&lt;table border=&quot;1&quot; cellpadding=&quot;4&quot; cellspacing=&quot;0&quot; style=&quot;border-collapse:collapse;font-family:Arial;font-size:12px&quot;&gt;&lt;tr&gt;&lt;th align=&quot;left&quot;&gt;Parameter&lt;/th&gt;&lt;th align=&quot;left&quot;&gt;Value&lt;/th&gt;&lt;/tr&gt;&lt;tr&gt;&lt;td&gt;Pillar&lt;/td&gt;&lt;td&gt;A-BP78&lt;/td&gt;&lt;/tr&gt;&lt;tr&gt;&lt;td&gt;Lease&lt;/td&gt;&lt;td&gt;Pakhar 115.13 Ha - Block A&lt;/td&gt;&lt;/tr&gt;&lt;tr&gt;&lt;td&gt;Latitude&lt;/td&gt;&lt;td&gt;23.55377523&lt;/td&gt;&lt;/tr&gt;&lt;tr&gt;&lt;td&gt;Longitude&lt;/td&gt;&lt;td&gt;84.61688048&lt;/td&gt;&lt;/tr&gt;&lt;tr&gt;&lt;td&gt;Easting (m)&lt;/td&gt;&lt;td&gt;256733.844&lt;/td&gt;&lt;/tr&gt;&lt;tr&gt;&lt;td&gt;Northing (m)&lt;/td&gt;&lt;td&gt;2606847.141&lt;/td&gt;&lt;/tr&gt;&lt;tr&gt;&lt;td&gt;Zone / Datum&lt;/td&gt;&lt;td&gt;UTM 45N / WGS84&lt;/td&gt;&lt;/tr&gt;&lt;/table&gt;</desc></wpt>
<wpt lat="0.00021244" lon="82.51201419"><ele>0.000</ele><name>A-BP79</name><desc>&lt;table border=&quot;1&quot; cellpadding=&quot;4&quot; cellspacing=&quot;0&quot; style=&quot;border-collapse:collapse;font-family:Arial;font-size:12px&quot;&gt;&lt;tr&gt;&lt;th align=&quot;left&quot;&gt;Parameter&lt;/th&gt;&lt;th align=&quot;left&quot;&gt;Value&lt;/th&gt;&lt;/tr&gt;&lt;tr&gt;&lt;td&gt;Pillar&lt;/td&gt;&lt;td&gt;A-BP79&lt;/td&gt;&lt;/tr&gt;&lt;tr&gt;&lt;td&gt;Lease&lt;/td&gt;&lt;td&gt;Pakhar 115.13 Ha - Block A&lt;/td&gt;&lt;/tr&gt;&lt;tr&gt;&lt;td&gt;Latitude&lt;/td&gt;&lt;td&gt;23.55420565&lt;/td&gt;&lt;/tr&gt;&lt;tr&gt;&lt;td&gt;Longitude&lt;/td&gt;&lt;td&gt;84.61702772&lt;/td&gt;&lt;/tr&gt;&lt;tr&gt;&lt;td&gt;Easting (m)&lt;/td&gt;&lt;td&gt;256749.672&lt;/td&gt;&lt;/tr&gt;&lt;tr&gt;&lt;td&gt;Northing (m)&lt;/td&gt;&lt;td&gt;2606894.570&lt;/td&gt;&lt;/tr&gt;&lt;tr&gt;&lt;td&gt;Zone / Datum&lt;/td&gt;&lt;td&gt;UTM 45N / WGS84&lt;/td&gt;&lt;/tr&gt;&lt;/table&gt;</desc></wpt>
<wpt lat="0.00021245" lon="82.51201419"><ele>0.000</ele><name>A-BP80</name><desc>&lt;table border=&quot;1&quot; cellpadding=&quot;4&quot; cellspacing=&quot;0&quot; style=&quot;border-collapse:collapse;font-family:Arial;font-size:12px&quot;&gt;&lt;tr&gt;&lt;th align=&quot;left&quot;&gt;Parameter&lt;/th&gt;&lt;th align=&quot;left&quot;&gt;Value&lt;/th&gt;&lt;/tr&gt;&lt;tr&gt;&lt;td&gt;Pillar&lt;/td&gt;&lt;td&gt;A-BP80&lt;/td&gt;&lt;/tr&gt;&lt;tr&gt;&lt;td&gt;Lease&lt;/td&gt;&lt;td&gt;Pakhar 115.13 Ha - Block A&lt;/td&gt;&lt;/tr&gt;&lt;tr&gt;&lt;td&gt;Latitude&lt;/td&gt;&lt;td&gt;23.55463607&lt;/td&gt;&lt;/tr&gt;&lt;tr&gt;&lt;td&gt;Longitude&lt;/td&gt;&lt;td&gt;84.61717495&lt;/td&gt;&lt;/tr&gt;&lt;tr&gt;&lt;td&gt;Easting (m)&lt;/td&gt;&lt;td&gt;256765.500&lt;/td&gt;&lt;/tr&gt;&lt;tr&gt;&lt;td&gt;Northing (m)&lt;/td&gt;&lt;td&gt;2606941.999&lt;/td&gt;&lt;/tr&gt;&lt;tr&gt;&lt;td&gt;Zone / Datum&lt;/td&gt;&lt;td&gt;UTM 45N / WGS84&lt;/td&gt;&lt;/tr&gt;&lt;/table&gt;</desc></wpt>
<wpt lat="0.00021245" lon="82.51201419"><ele>0.000</ele><name>A-BP81</name><desc>&lt;table border=&quot;1&quot; cellpadding=&quot;4&quot; cellspacing=&quot;0&quot; style=&quot;border-collapse:collapse;font-family:Arial;font-size:12px&quot;&gt;&lt;tr&gt;&lt;th align=&quot;left&quot;&gt;Parameter&lt;/th&gt;&lt;th align=&quot;left&quot;&gt;Value&lt;/th&gt;&lt;/tr&gt;&lt;tr&gt;&lt;td&gt;Pillar&lt;/td&gt;&lt;td&gt;A-BP81&lt;/td&gt;&lt;/tr&gt;&lt;tr&gt;&lt;td&gt;Lease&lt;/td&gt;&lt;td&gt;Pakhar 115.13 Ha - Block A&lt;/td&gt;&lt;/tr&gt;&lt;tr&gt;&lt;td&gt;Latitude&lt;/td&gt;&lt;td&gt;23.55506648&lt;/td&gt;&lt;/tr&gt;&lt;tr&gt;&lt;td&gt;Longitude&lt;/td&gt;&lt;td&gt;84.61732218&lt;/td&gt;&lt;/tr&gt;&lt;tr&gt;&lt;td&gt;Easting (m)&lt;/td&gt;&lt;td&gt;256781.328&lt;/td&gt;&lt;/tr&gt;&lt;tr&gt;&lt;td&gt;Northing (m)&lt;/td&gt;&lt;td&gt;2606989.427&lt;/td&gt;&lt;/tr&gt;&lt;tr&gt;&lt;td&gt;Zone / Datum&lt;/td&gt;&lt;td&gt;UTM 45N / WGS84&lt;/td&gt;&lt;/tr&gt;&lt;/table&gt;</desc></wpt>
<wpt lat="0.00021246" lon="82.51201419"><ele>0.000</ele><name>A-BP82</name><desc>&lt;table border=&quot;1&quot; cellpadding=&quot;4&quot; cellspacing=&quot;0&quot; style=&quot;border-collapse:collapse;font-family:Arial;font-size:12px&quot;&gt;&lt;tr&gt;&lt;th align=&quot;left&quot;&gt;Parameter&lt;/th&gt;&lt;th align=&quot;left&quot;&gt;Value&lt;/th&gt;&lt;/tr&gt;&lt;tr&gt;&lt;td&gt;Pillar&lt;/td&gt;&lt;td&gt;A-BP82&lt;/td&gt;&lt;/tr&gt;&lt;tr&gt;&lt;td&gt;Lease&lt;/td&gt;&lt;td&gt;Pakhar 115.13 Ha - Block A&lt;/td&gt;&lt;/tr&gt;&lt;tr&gt;&lt;td&gt;Latitude&lt;/td&gt;&lt;td&gt;23.55549690&lt;/td&gt;&lt;/tr&gt;&lt;tr&gt;&lt;td&gt;Longitude&lt;/td&gt;&lt;td&gt;84.61746941&lt;/td&gt;&lt;/tr&gt;&lt;tr&gt;&lt;td&gt;Easting (m)&lt;/td&gt;&lt;td&gt;256797.156&lt;/td&gt;&lt;/tr&gt;&lt;tr&gt;&lt;td&gt;Northing (m)&lt;/td&gt;&lt;td&gt;2607036.856&lt;/td&gt;&lt;/tr&gt;&lt;tr&gt;&lt;td&gt;Zone / Datum&lt;/td&gt;&lt;td&gt;UTM 45N / WGS84&lt;/td&gt;&lt;/tr&gt;&lt;/table&gt;</desc></wpt>
<wpt lat="0.00021246" lon="82.51201419"><ele>0.000</ele><name>A-BP83</name><desc>&lt;table border=&quot;1&quot; cellpadding=&quot;4&quot; cellspacing=&quot;0&quot; style=&quot;border-collapse:collapse;font-family:Arial;font-size:12px&quot;&gt;&lt;tr&gt;&lt;th align=&quot;left&quot;&gt;Parameter&lt;/th&gt;&lt;th align=&quot;left&quot;&gt;Value&lt;/th&gt;&lt;/tr&gt;&lt;tr&gt;&lt;td&gt;Pillar&lt;/td&gt;&lt;td&gt;A-BP83&lt;/td&gt;&lt;/tr&gt;&lt;tr&gt;&lt;td&gt;Lease&lt;/td&gt;&lt;td&gt;Pakhar 115.13 Ha - Block A&lt;/td&gt;&lt;/tr&gt;&lt;tr&gt;&lt;td&gt;Latitude&lt;/td&gt;&lt;td&gt;23.55592731&lt;/td&gt;&lt;/tr&gt;&lt;tr&gt;&lt;td&gt;Longitude&lt;/td&gt;&lt;td&gt;84.61761665&lt;/td&gt;&lt;/tr&gt;&lt;tr&gt;&lt;td&gt;Easting (m)&lt;/td&gt;&lt;td&gt;256812.984&lt;/td&gt;&lt;/tr&gt;&lt;tr&gt;&lt;td&gt;Northing (m)&lt;/td&gt;&lt;td&gt;2607084.284&lt;/td&gt;&lt;/tr&gt;&lt;tr&gt;&lt;td&gt;Zone / Datum&lt;/td&gt;&lt;td&gt;UTM 45N / WGS84&lt;/td&gt;&lt;/tr&gt;&lt;/table&gt;</desc></wpt>
<wpt lat="0.00021246" lon="82.51201419"><ele>0.000</ele><name>A-BP84</name><desc>&lt;table border=&quot;1&quot; cellpadding=&quot;4&quot; cellspacing=&quot;0&quot; style=&quot;border-collapse:collapse;font-family:Arial;font-size:12px&quot;&gt;&lt;tr&gt;&lt;th align=&quot;left&quot;&gt;Parameter&lt;/th&gt;&lt;th align=&quot;left&quot;&gt;Value&lt;/th&gt;&lt;/tr&gt;&lt;tr&gt;&lt;td&gt;Pillar&lt;/td&gt;&lt;td&gt;A-BP84&lt;/td&gt;&lt;/tr&gt;&lt;tr&gt;&lt;td&gt;Lease&lt;/td&gt;&lt;td&gt;Pakhar 115.13 Ha - Block A&lt;/td&gt;&lt;/tr&gt;&lt;tr&gt;&lt;td&gt;Latitude&lt;/td&gt;&lt;td&gt;23.55635773&lt;/td&gt;&lt;/tr&gt;&lt;tr&gt;&lt;td&gt;Longitude&lt;/td&gt;&lt;td&gt;84.61776388&lt;/td&gt;&lt;/tr&gt;&lt;tr&gt;&lt;td&gt;Easting (m)&lt;/td&gt;&lt;td&gt;256828.812&lt;/td&gt;&lt;/tr&gt;&lt;tr&gt;&lt;td&gt;Northing (m)&lt;/td&gt;&lt;td&gt;2607131.713&lt;/td&gt;&lt;/tr&gt;&lt;tr&gt;&lt;td&gt;Zone / Datum&lt;/td&gt;&lt;td&gt;UTM 45N / WGS84&lt;/td&gt;&lt;/tr&gt;&lt;/table&gt;</desc></wpt>
<wpt lat="0.00021247" lon="82.51201419"><ele>0.000</ele><name>A-BP85</name><desc>&lt;table border=&quot;1&quot; cellpadding=&quot;4&quot; cellspacing=&quot;0&quot; style=&quot;border-collapse:collapse;font-family:Arial;font-size:12px&quot;&gt;&lt;tr&gt;&lt;th align=&quot;left&quot;&gt;Parameter&lt;/th&gt;&lt;th align=&quot;left&quot;&gt;Value&lt;/th&gt;&lt;/tr&gt;&lt;tr&gt;&lt;td&gt;Pillar&lt;/td&gt;&lt;td&gt;A-BP85&lt;/td&gt;&lt;/tr&gt;&lt;tr&gt;&lt;td&gt;Lease&lt;/td&gt;&lt;td&gt;Pakhar 115.13 Ha - Block A&lt;/td&gt;&lt;/tr&gt;&lt;tr&gt;&lt;td&gt;Latitude&lt;/td&gt;&lt;td&gt;23.55678815&lt;/td&gt;&lt;/tr&gt;&lt;tr&gt;&lt;td&gt;Longitude&lt;/td&gt;&lt;td&gt;84.61791112&lt;/td&gt;&lt;/tr&gt;&lt;tr&gt;&lt;td&gt;Easting (m)&lt;/td&gt;&lt;td&gt;256844.640&lt;/td&gt;&lt;/tr&gt;&lt;tr&gt;&lt;td&gt;Northing (m)&lt;/td&gt;&lt;td&gt;2607179.142&lt;/td&gt;&lt;/tr&gt;&lt;tr&gt;&lt;td&gt;Zone / Datum&lt;/td&gt;&lt;td&gt;UTM 45N / WGS84&lt;/td&gt;&lt;/tr&gt;&lt;/table&gt;</desc></wpt>
<wpt lat="0.00021247" lon="82.51201420"><ele>0.000</ele><name>A-BP86</name><desc>&lt;table border=&quot;1&quot; cellpadding=&quot;4&quot; cellspacing=&quot;0&quot; style=&quot;border-collapse:collapse;font-family:Arial;font-size:12px&quot;&gt;&lt;tr&gt;&lt;th align=&quot;left&quot;&gt;Parameter&lt;/th&gt;&lt;th align=&quot;left&quot;&gt;Value&lt;/th&gt;&lt;/tr&gt;&lt;tr&gt;&lt;td&gt;Pillar&lt;/td&gt;&lt;td&gt;A-BP86&lt;/td&gt;&lt;/tr&gt;&lt;tr&gt;&lt;td&gt;Lease&lt;/td&gt;&lt;td&gt;Pakhar 115.13 Ha - Block A&lt;/td&gt;&lt;/tr&gt;&lt;tr&gt;&lt;td&gt;Latitude&lt;/td&gt;&lt;td&gt;23.55721856&lt;/td&gt;&lt;/tr&gt;&lt;tr&gt;&lt;td&gt;Longitude&lt;/td&gt;&lt;td&gt;84.61805836&lt;/td&gt;&lt;/tr&gt;&lt;tr&gt;&lt;td&gt;Easting (m)&lt;/td&gt;&lt;td&gt;256860.468&lt;/td&gt;&lt;/tr&gt;&lt;tr&gt;&lt;td&gt;Northing (m)&lt;/td&gt;&lt;td&gt;2607226.570&lt;/td&gt;&lt;/tr&gt;&lt;tr&gt;&lt;td&gt;Zone / Datum&lt;/td&gt;&lt;td&gt;UTM 45N / WGS84&lt;/td&gt;&lt;/tr&gt;&lt;/table&gt;</desc></wpt>
<wpt lat="0.00021248" lon="82.51201420"><ele>0.000</ele><name>A-BP87</name><desc>&lt;table border=&quot;1&quot; cellpadding=&quot;4&quot; cellspacing=&quot;0&quot; style=&quot;border-collapse:collapse;font-family:Arial;font-size:12px&quot;&gt;&lt;tr&gt;&lt;th align=&quot;left&quot;&gt;Parameter&lt;/th&gt;&lt;th align=&quot;left&quot;&gt;Value&lt;/th&gt;&lt;/tr&gt;&lt;tr&gt;&lt;td&gt;Pillar&lt;/td&gt;&lt;td&gt;A-BP87&lt;/td&gt;&lt;/tr&gt;&lt;tr&gt;&lt;td&gt;Lease&lt;/td&gt;&lt;td&gt;Pakhar 115.13 Ha - Block A&lt;/td&gt;&lt;/tr&gt;&lt;tr&gt;&lt;td&gt;Latitude&lt;/td&gt;&lt;td&gt;23.55764898&lt;/td&gt;&lt;/tr&gt;&lt;tr&gt;&lt;td&gt;Longitude&lt;/td&gt;&lt;td&gt;84.61820559&lt;/td&gt;&lt;/tr&gt;&lt;tr&gt;&lt;td&gt;Easting (m)&lt;/td&gt;&lt;td&gt;256876.296&lt;/td&gt;&lt;/tr&gt;&lt;tr&gt;&lt;td&gt;Northing (m)&lt;/td&gt;&lt;td&gt;2607273.999&lt;/td&gt;&lt;/tr&gt;&lt;tr&gt;&lt;td&gt;Zone / Datum&lt;/td&gt;&lt;td&gt;UTM 45N / WGS84&lt;/td&gt;&lt;/tr&gt;&lt;/table&gt;</desc></wpt>
<wpt lat="0.00021248" lon="82.51201420"><ele>0.000</ele><name>A-BP88</name><desc>&lt;table border=&quot;1&quot; cellpadding=&quot;4&quot; cellspacing=&quot;0&quot; style=&quot;border-collapse:collapse;font-family:Arial;font-size:12px&quot;&gt;&lt;tr&gt;&lt;th align=&quot;left&quot;&gt;Parameter&lt;/th&gt;&lt;th align=&quot;left&quot;&gt;Value&lt;/th&gt;&lt;/tr&gt;&lt;tr&gt;&lt;td&gt;Pillar&lt;/td&gt;&lt;td&gt;A-BP88&lt;/td&gt;&lt;/tr&gt;&lt;tr&gt;&lt;td&gt;Lease&lt;/td&gt;&lt;td&gt;Pakhar 115.13 Ha - Block A&lt;/td&gt;&lt;/tr&gt;&lt;tr&gt;&lt;td&gt;Latitude&lt;/td&gt;&lt;td&gt;23.55814501&lt;/td&gt;&lt;/tr&gt;&lt;tr&gt;&lt;td&gt;Longitude&lt;/td&gt;&lt;td&gt;84.61837527&lt;/td&gt;&lt;/tr&gt;&lt;tr&gt;&lt;td&gt;Easting (m)&lt;/td&gt;&lt;td&gt;256894.536&lt;/td&gt;&lt;/tr&gt;&lt;tr&gt;&lt;td&gt;Northing (m)&lt;/td&gt;&lt;td&gt;2607328.657&lt;/td&gt;&lt;/tr&gt;&lt;tr&gt;&lt;td&gt;Zone / Datum&lt;/td&gt;&lt;td&gt;UTM 45N / WGS84&lt;/td&gt;&lt;/tr&gt;&lt;/table&gt;</desc></wpt>
<wpt lat="0.00021248" lon="82.51201420"><ele>0.000</ele><name>A-BP89</name><desc>&lt;table border=&quot;1&quot; cellpadding=&quot;4&quot; cellspacing=&quot;0&quot; style=&quot;border-collapse:collapse;font-family:Arial;font-size:12px&quot;&gt;&lt;tr&gt;&lt;th align=&quot;left&quot;&gt;Parameter&lt;/th&gt;&lt;th align=&quot;left&quot;&gt;Value&lt;/th&gt;&lt;/tr&gt;&lt;tr&gt;&lt;td&gt;Pillar&lt;/td&gt;&lt;td&gt;A-BP89&lt;/td&gt;&lt;/tr&gt;&lt;tr&gt;&lt;td&gt;Lease&lt;/td&gt;&lt;td&gt;Pakhar 115.13 Ha - Block A&lt;/td&gt;&lt;/tr&gt;&lt;tr&gt;&lt;td&gt;Latitude&lt;/td&gt;&lt;td&gt;23.55782953&lt;/td&gt;&lt;/tr&gt;&lt;tr&gt;&lt;td&gt;Longitude&lt;/td&gt;&lt;td&gt;84.61872536&lt;/td&gt;&lt;/tr&gt;&lt;tr&gt;&lt;td&gt;Easting (m)&lt;/td&gt;&lt;td&gt;256929.705&lt;/td&gt;&lt;/tr&gt;&lt;tr&gt;&lt;td&gt;Northing (m)&lt;/td&gt;&lt;td&gt;2607293.116&lt;/td&gt;&lt;/tr&gt;&lt;tr&gt;&lt;td&gt;Zone / Datum&lt;/td&gt;&lt;td&gt;UTM 45N / WGS84&lt;/td&gt;&lt;/tr&gt;&lt;/table&gt;</desc></wpt>
<wpt lat="0.00021247" lon="82.51201421"><ele>0.000</ele><name>A-BP90</name><desc>&lt;table border=&quot;1&quot; cellpadding=&quot;4&quot; cellspacing=&quot;0&quot; style=&quot;border-collapse:collapse;font-family:Arial;font-size:12px&quot;&gt;&lt;tr&gt;&lt;th align=&quot;left&quot;&gt;Parameter&lt;/th&gt;&lt;th align=&quot;left&quot;&gt;Value&lt;/th&gt;&lt;/tr&gt;&lt;tr&gt;&lt;td&gt;Pillar&lt;/td&gt;&lt;td&gt;A-BP90&lt;/td&gt;&lt;/tr&gt;&lt;tr&gt;&lt;td&gt;Lease&lt;/td&gt;&lt;td&gt;Pakhar 115.13 Ha - Block A&lt;/td&gt;&lt;/tr&gt;&lt;tr&gt;&lt;td&gt;Latitude&lt;/td&gt;&lt;td&gt;23.55751404&lt;/td&gt;&lt;/tr&gt;&lt;tr&gt;&lt;td&gt;Longitude&lt;/td&gt;&lt;td&gt;84.61907545&lt;/td&gt;&lt;/tr&gt;&lt;tr&gt;&lt;td&gt;Easting (m)&lt;/td&gt;&lt;td&gt;256964.874&lt;/td&gt;&lt;/tr&gt;&lt;tr&gt;&lt;td&gt;Northing (m)&lt;/td&gt;&lt;td&gt;2607257.575&lt;/td&gt;&lt;/tr&gt;&lt;tr&gt;&lt;td&gt;Zone / Datum&lt;/td&gt;&lt;td&gt;UTM 45N / WGS84&lt;/td&gt;&lt;/tr&gt;&lt;/table&gt;</desc></wpt>
<wpt lat="0.00021247" lon="82.51201421"><ele>0.000</ele><name>A-BP91</name><desc>&lt;table border=&quot;1&quot; cellpadding=&quot;4&quot; cellspacing=&quot;0&quot; style=&quot;border-collapse:collapse;font-family:Arial;font-size:12px&quot;&gt;&lt;tr&gt;&lt;th align=&quot;left&quot;&gt;Parameter&lt;/th&gt;&lt;th align=&quot;left&quot;&gt;Value&lt;/th&gt;&lt;/tr&gt;&lt;tr&gt;&lt;td&gt;Pillar&lt;/td&gt;&lt;td&gt;A-BP91&lt;/td&gt;&lt;/tr&gt;&lt;tr&gt;&lt;td&gt;Lease&lt;/td&gt;&lt;td&gt;Pakhar 115.13 Ha - Block A&lt;/td&gt;&lt;/tr&gt;&lt;tr&gt;&lt;td&gt;Latitude&lt;/td&gt;&lt;td&gt;23.55719856&lt;/td&gt;&lt;/tr&gt;&lt;tr&gt;&lt;td&gt;Longitude&lt;/td&gt;&lt;td&gt;84.61942554&lt;/td&gt;&lt;/tr&gt;&lt;tr&gt;&lt;td&gt;Easting (m)&lt;/td&gt;&lt;td&gt;257000.043&lt;/td&gt;&lt;/tr&gt;&lt;tr&gt;&lt;td&gt;Northing (m)&lt;/td&gt;&lt;td&gt;2607222.034&lt;/td&gt;&lt;/tr&gt;&lt;tr&gt;&lt;td&gt;Zone / Datum&lt;/td&gt;&lt;td&gt;UTM 45N / WGS84&lt;/td&gt;&lt;/tr&gt;&lt;/table&gt;</desc></wpt>
<wpt lat="0.00021247" lon="82.51201421"><ele>0.000</ele><name>A-BP92</name><desc>&lt;table border=&quot;1&quot; cellpadding=&quot;4&quot; cellspacing=&quot;0&quot; style=&quot;border-collapse:collapse;font-family:Arial;font-size:12px&quot;&gt;&lt;tr&gt;&lt;th align=&quot;left&quot;&gt;Parameter&lt;/th&gt;&lt;th align=&quot;left&quot;&gt;Value&lt;/th&gt;&lt;/tr&gt;&lt;tr&gt;&lt;td&gt;Pillar&lt;/td&gt;&lt;td&gt;A-BP92&lt;/td&gt;&lt;/tr&gt;&lt;tr&gt;&lt;td&gt;Lease&lt;/td&gt;&lt;td&gt;Pakhar 115.13 Ha - Block A&lt;/td&gt;&lt;/tr&gt;&lt;tr&gt;&lt;td&gt;Latitude&lt;/td&gt;&lt;td&gt;23.55714387&lt;/td&gt;&lt;/tr&gt;&lt;tr&gt;&lt;td&gt;Longitude&lt;/td&gt;&lt;td&gt;84.61948623&lt;/td&gt;&lt;/tr&gt;&lt;tr&gt;&lt;td&gt;Easting (m)&lt;/td&gt;&lt;td&gt;257006.140&lt;/td&gt;&lt;/tr&gt;&lt;tr&gt;&lt;td&gt;Northing (m)&lt;/td&gt;&lt;td&gt;2607215.873&lt;/td&gt;&lt;/tr&gt;&lt;tr&gt;&lt;td&gt;Zone / Datum&lt;/td&gt;&lt;td&gt;UTM 45N / WGS84&lt;/td&gt;&lt;/tr&gt;&lt;/table&gt;</desc></wpt>
<wpt lat="0.00021247" lon="82.51201421"><ele>0.000</ele><name>A-BP93</name><desc>&lt;table border=&quot;1&quot; cellpadding=&quot;4&quot; cellspacing=&quot;0&quot; style=&quot;border-collapse:collapse;font-family:Arial;font-size:12px&quot;&gt;&lt;tr&gt;&lt;th align=&quot;left&quot;&gt;Parameter&lt;/th&gt;&lt;th align=&quot;left&quot;&gt;Value&lt;/th&gt;&lt;/tr&gt;&lt;tr&gt;&lt;td&gt;Pillar&lt;/td&gt;&lt;td&gt;A-BP93&lt;/td&gt;&lt;/tr&gt;&lt;tr&gt;&lt;td&gt;Lease&lt;/td&gt;&lt;td&gt;Pakhar 115.13 Ha - Block A&lt;/td&gt;&lt;/tr&gt;&lt;tr&gt;&lt;td&gt;Latitude&lt;/td&gt;&lt;td&gt;23.55672649&lt;/td&gt;&lt;/tr&gt;&lt;tr&gt;&lt;td&gt;Longitude&lt;/td&gt;&lt;td&gt;84.61967245&lt;/td&gt;&lt;/tr&gt;&lt;tr&gt;&lt;td&gt;Easting (m)&lt;/td&gt;&lt;td&gt;257024.388&lt;/td&gt;&lt;/tr&gt;&lt;tr&gt;&lt;td&gt;Northing (m)&lt;/td&gt;&lt;td&gt;2607169.322&lt;/td&gt;&lt;/tr&gt;&lt;tr&gt;&lt;td&gt;Zone / Datum&lt;/td&gt;&lt;td&gt;UTM 45N / WGS84&lt;/td&gt;&lt;/tr&gt;&lt;/table&gt;</desc></wpt>
<wpt lat="0.00021246" lon="82.51201421"><ele>0.000</ele><name>A-BP94</name><desc>&lt;table border=&quot;1&quot; cellpadding=&quot;4&quot; cellspacing=&quot;0&quot; style=&quot;border-collapse:collapse;font-family:Arial;font-size:12px&quot;&gt;&lt;tr&gt;&lt;th align=&quot;left&quot;&gt;Parameter&lt;/th&gt;&lt;th align=&quot;left&quot;&gt;Value&lt;/th&gt;&lt;/tr&gt;&lt;tr&gt;&lt;td&gt;Pillar&lt;/td&gt;&lt;td&gt;A-BP94&lt;/td&gt;&lt;/tr&gt;&lt;tr&gt;&lt;td&gt;Lease&lt;/td&gt;&lt;td&gt;Pakhar 115.13 Ha - Block A&lt;/td&gt;&lt;/tr&gt;&lt;tr&gt;&lt;td&gt;Latitude&lt;/td&gt;&lt;td&gt;23.55630910&lt;/td&gt;&lt;/tr&gt;&lt;tr&gt;&lt;td&gt;Longitude&lt;/td&gt;&lt;td&gt;84.61985868&lt;/td&gt;&lt;/tr&gt;&lt;tr&gt;&lt;td&gt;Easting (m)&lt;/td&gt;&lt;td&gt;257042.637&lt;/td&gt;&lt;/tr&gt;&lt;tr&gt;&lt;td&gt;Northing (m)&lt;/td&gt;&lt;td&gt;2607122.771&lt;/td&gt;&lt;/tr&gt;&lt;tr&gt;&lt;td&gt;Zone / Datum&lt;/td&gt;&lt;td&gt;UTM 45N / WGS84&lt;/td&gt;&lt;/tr&gt;&lt;/table&gt;</desc></wpt>
<wpt lat="0.00021246" lon="82.51201421"><ele>0.000</ele><name>A-BP95</name><desc>&lt;table border=&quot;1&quot; cellpadding=&quot;4&quot; cellspacing=&quot;0&quot; style=&quot;border-collapse:collapse;font-family:Arial;font-size:12px&quot;&gt;&lt;tr&gt;&lt;th align=&quot;left&quot;&gt;Parameter&lt;/th&gt;&lt;th align=&quot;left&quot;&gt;Value&lt;/th&gt;&lt;/tr&gt;&lt;tr&gt;&lt;td&gt;Pillar&lt;/td&gt;&lt;td&gt;A-BP95&lt;/td&gt;&lt;/tr&gt;&lt;tr&gt;&lt;td&gt;Lease&lt;/td&gt;&lt;td&gt;Pakhar 115.13 Ha - Block A&lt;/td&gt;&lt;/tr&gt;&lt;tr&gt;&lt;td&gt;Latitude&lt;/td&gt;&lt;td&gt;23.55589172&lt;/td&gt;&lt;/tr&gt;&lt;tr&gt;&lt;td&gt;Longitude&lt;/td&gt;&lt;td&gt;84.62004491&lt;/td&gt;&lt;/tr&gt;&lt;tr&gt;&lt;td&gt;Easting (m)&lt;/td&gt;&lt;td&gt;257060.886&lt;/td&gt;&lt;/tr&gt;&lt;tr&gt;&lt;td&gt;Northing (m)&lt;/td&gt;&lt;td&gt;2607076.220&lt;/td&gt;&lt;/tr&gt;&lt;tr&gt;&lt;td&gt;Zone / Datum&lt;/td&gt;&lt;td&gt;UTM 45N / WGS84&lt;/td&gt;&lt;/tr&gt;&lt;/table&gt;</desc></wpt>
<wpt lat="0.00021246" lon="82.51201422"><ele>0.000</ele><name>A-BP96</name><desc>&lt;table border=&quot;1&quot; cellpadding=&quot;4&quot; cellspacing=&quot;0&quot; style=&quot;border-collapse:collapse;font-family:Arial;font-size:12px&quot;&gt;&lt;tr&gt;&lt;th align=&quot;left&quot;&gt;Parameter&lt;/th&gt;&lt;th align=&quot;left&quot;&gt;Value&lt;/th&gt;&lt;/tr&gt;&lt;tr&gt;&lt;td&gt;Pillar&lt;/td&gt;&lt;td&gt;A-BP96&lt;/td&gt;&lt;/tr&gt;&lt;tr&gt;&lt;td&gt;Lease&lt;/td&gt;&lt;td&gt;Pakhar 115.13 Ha - Block A&lt;/td&gt;&lt;/tr&gt;&lt;tr&gt;&lt;td&gt;Latitude&lt;/td&gt;&lt;td&gt;23.55547433&lt;/td&gt;&lt;/tr&gt;&lt;tr&gt;&lt;td&gt;Longitude&lt;/td&gt;&lt;td&gt;84.62023112&lt;/td&gt;&lt;/tr&gt;&lt;tr&gt;&lt;td&gt;Easting (m)&lt;/td&gt;&lt;td&gt;257079.134&lt;/td&gt;&lt;/tr&gt;&lt;tr&gt;&lt;td&gt;Northing (m)&lt;/td&gt;&lt;td&gt;2607029.669&lt;/td&gt;&lt;/tr&gt;&lt;tr&gt;&lt;td&gt;Zone / Datum&lt;/td&gt;&lt;td&gt;UTM 45N / WGS84&lt;/td&gt;&lt;/tr&gt;&lt;/table&gt;</desc></wpt>
<wpt lat="0.00021245" lon="82.51201422"><ele>0.000</ele><name>A-BP97</name><desc>&lt;table border=&quot;1&quot; cellpadding=&quot;4&quot; cellspacing=&quot;0&quot; style=&quot;border-collapse:collapse;font-family:Arial;font-size:12px&quot;&gt;&lt;tr&gt;&lt;th align=&quot;left&quot;&gt;Parameter&lt;/th&gt;&lt;th align=&quot;left&quot;&gt;Value&lt;/th&gt;&lt;/tr&gt;&lt;tr&gt;&lt;td&gt;Pillar&lt;/td&gt;&lt;td&gt;A-BP97&lt;/td&gt;&lt;/tr&gt;&lt;tr&gt;&lt;td&gt;Lease&lt;/td&gt;&lt;td&gt;Pakhar 115.13 Ha - Block A&lt;/td&gt;&lt;/tr&gt;&lt;tr&gt;&lt;td&gt;Latitude&lt;/td&gt;&lt;td&gt;23.55505694&lt;/td&gt;&lt;/tr&gt;&lt;tr&gt;&lt;td&gt;Longitude&lt;/td&gt;&lt;td&gt;84.62041735&lt;/td&gt;&lt;/tr&gt;&lt;tr&gt;&lt;td&gt;Easting (m)&lt;/td&gt;&lt;td&gt;257097.383&lt;/td&gt;&lt;/tr&gt;&lt;tr&gt;&lt;td&gt;Northing (m)&lt;/td&gt;&lt;td&gt;2606983.118&lt;/td&gt;&lt;/tr&gt;&lt;tr&gt;&lt;td&gt;Zone / Datum&lt;/td&gt;&lt;td&gt;UTM 45N / WGS84&lt;/td&gt;&lt;/tr&gt;&lt;/table&gt;</desc></wpt>
<wpt lat="0.00021245" lon="82.51201422"><ele>0.000</ele><name>A-BP98</name><desc>&lt;table border=&quot;1&quot; cellpadding=&quot;4&quot; cellspacing=&quot;0&quot; style=&quot;border-collapse:collapse;font-family:Arial;font-size:12px&quot;&gt;&lt;tr&gt;&lt;th align=&quot;left&quot;&gt;Parameter&lt;/th&gt;&lt;th align=&quot;left&quot;&gt;Value&lt;/th&gt;&lt;/tr&gt;&lt;tr&gt;&lt;td&gt;Pillar&lt;/td&gt;&lt;td&gt;A-BP98&lt;/td&gt;&lt;/tr&gt;&lt;tr&gt;&lt;td&gt;Lease&lt;/td&gt;&lt;td&gt;Pakhar 115.13 Ha - Block A&lt;/td&gt;&lt;/tr&gt;&lt;tr&gt;&lt;td&gt;Latitude&lt;/td&gt;&lt;td&gt;23.55463956&lt;/td&gt;&lt;/tr&gt;&lt;tr&gt;&lt;td&gt;Longitude&lt;/td&gt;&lt;td&gt;84.62060356&lt;/td&gt;&lt;/tr&gt;&lt;tr&gt;&lt;td&gt;Easting (m)&lt;/td&gt;&lt;td&gt;257115.631&lt;/td&gt;&lt;/tr&gt;&lt;tr&gt;&lt;td&gt;Northing (m)&lt;/td&gt;&lt;td&gt;2606936.567&lt;/td&gt;&lt;/tr&gt;&lt;tr&gt;&lt;td&gt;Zone / Datum&lt;/td&gt;&lt;td&gt;UTM 45N / WGS84&lt;/td&gt;&lt;/tr&gt;&lt;/table&gt;</desc></wpt>
<wpt lat="0.00021244" lon="82.51201422"><ele>0.000</ele><name>A-BP99</name><desc>&lt;table border=&quot;1&quot; cellpadding=&quot;4&quot; cellspacing=&quot;0&quot; style=&quot;border-collapse:collapse;font-family:Arial;font-size:12px&quot;&gt;&lt;tr&gt;&lt;th align=&quot;left&quot;&gt;Parameter&lt;/th&gt;&lt;th align=&quot;left&quot;&gt;Value&lt;/th&gt;&lt;/tr&gt;&lt;tr&gt;&lt;td&gt;Pillar&lt;/td&gt;&lt;td&gt;A-BP99&lt;/td&gt;&lt;/tr&gt;&lt;tr&gt;&lt;td&gt;Lease&lt;/td&gt;&lt;td&gt;Pakhar 115.13 Ha - Block A&lt;/td&gt;&lt;/tr&gt;&lt;tr&gt;&lt;td&gt;Latitude&lt;/td&gt;&lt;td&gt;23.55422217&lt;/td&gt;&lt;/tr&gt;&lt;tr&gt;&lt;td&gt;Longitude&lt;/td&gt;&lt;td&gt;84.62078978&lt;/td&gt;&lt;/tr&gt;&lt;tr&gt;&lt;td&gt;Easting (m)&lt;/td&gt;&lt;td&gt;257133.880&lt;/td&gt;&lt;/tr&gt;&lt;tr&gt;&lt;td&gt;Northing (m)&lt;/td&gt;&lt;td&gt;2606890.016&lt;/td&gt;&lt;/tr&gt;&lt;tr&gt;&lt;td&gt;Zone / Datum&lt;/td&gt;&lt;td&gt;UTM 45N / WGS84&lt;/td&gt;&lt;/tr&gt;&lt;/table&gt;</desc></wpt>
<wpt lat="0.00021244" lon="82.51201422"><ele>0.000</ele><name>A-BP100</name><desc>&lt;table border=&quot;1&quot; cellpadding=&quot;4&quot; cellspacing=&quot;0&quot; style=&quot;border-collapse:collapse;font-family:Arial;font-size:12px&quot;&gt;&lt;tr&gt;&lt;th align=&quot;left&quot;&gt;Parameter&lt;/th&gt;&lt;th align=&quot;left&quot;&gt;Value&lt;/th&gt;&lt;/tr&gt;&lt;tr&gt;&lt;td&gt;Pillar&lt;/td&gt;&lt;td&gt;A-BP100&lt;/td&gt;&lt;/tr&gt;&lt;tr&gt;&lt;td&gt;Lease&lt;/td&gt;&lt;td&gt;Pakhar 115.13 Ha - Block A&lt;/td&gt;&lt;/tr&gt;&lt;tr&gt;&lt;td&gt;Latitude&lt;/td&gt;&lt;td&gt;23.55380478&lt;/td&gt;&lt;/tr&gt;&lt;tr&gt;&lt;td&gt;Longitude&lt;/td&gt;&lt;td&gt;84.62097599&lt;/td&gt;&lt;/tr&gt;&lt;tr&gt;&lt;td&gt;Easting (m)&lt;/td&gt;&lt;td&gt;257152.128&lt;/td&gt;&lt;/tr&gt;&lt;tr&gt;&lt;td&gt;Northing (m)&lt;/td&gt;&lt;td&gt;2606843.465&lt;/td&gt;&lt;/tr&gt;&lt;tr&gt;&lt;td&gt;Zone / Datum&lt;/td&gt;&lt;td&gt;UTM 45N / WGS84&lt;/td&gt;&lt;/tr&gt;&lt;/table&gt;</desc></wpt>
<wpt lat="0.00021244" lon="82.51201422"><ele>0.000</ele><name>A-BP101</name><desc>&lt;table border=&quot;1&quot; cellpadding=&quot;4&quot; cellspacing=&quot;0&quot; style=&quot;border-collapse:collapse;font-family:Arial;font-size:12px&quot;&gt;&lt;tr&gt;&lt;th align=&quot;left&quot;&gt;Parameter&lt;/th&gt;&lt;th align=&quot;left&quot;&gt;Value&lt;/th&gt;&lt;/tr&gt;&lt;tr&gt;&lt;td&gt;Pillar&lt;/td&gt;&lt;td&gt;A-BP101&lt;/td&gt;&lt;/tr&gt;&lt;tr&gt;&lt;td&gt;Lease&lt;/td&gt;&lt;td&gt;Pakhar 115.13 Ha - Block A&lt;/td&gt;&lt;/tr&gt;&lt;tr&gt;&lt;td&gt;Latitude&lt;/td&gt;&lt;td&gt;23.55338739&lt;/td&gt;&lt;/tr&gt;&lt;tr&gt;&lt;td&gt;Longitude&lt;/td&gt;&lt;td&gt;84.62116221&lt;/td&gt;&lt;/tr&gt;&lt;tr&gt;&lt;td&gt;Easting (m)&lt;/td&gt;&lt;td&gt;257170.377&lt;/td&gt;&lt;/tr&gt;&lt;tr&gt;&lt;td&gt;Northing (m)&lt;/td&gt;&lt;td&gt;2606796.914&lt;/td&gt;&lt;/tr&gt;&lt;tr&gt;&lt;td&gt;Zone / Datum&lt;/td&gt;&lt;td&gt;UTM 45N / WGS84&lt;/td&gt;&lt;/tr&gt;&lt;/table&gt;</desc></wpt>
<wpt lat="0.00021243" lon="82.51201423"><ele>0.000</ele><name>A-BP102</name><desc>&lt;table border=&quot;1&quot; cellpadding=&quot;4&quot; cellspacing=&quot;0&quot; style=&quot;border-collapse:collapse;font-family:Arial;font-size:12px&quot;&gt;&lt;tr&gt;&lt;th align=&quot;left&quot;&gt;Parameter&lt;/th&gt;&lt;th align=&quot;left&quot;&gt;Value&lt;/th&gt;&lt;/tr&gt;&lt;tr&gt;&lt;td&gt;Pillar&lt;/td&gt;&lt;td&gt;A-BP102&lt;/td&gt;&lt;/tr&gt;&lt;tr&gt;&lt;td&gt;Lease&lt;/td&gt;&lt;td&gt;Pakhar 115.13 Ha - Block A&lt;/td&gt;&lt;/tr&gt;&lt;tr&gt;&lt;td&gt;Latitude&lt;/td&gt;&lt;td&gt;23.55297000&lt;/td&gt;&lt;/tr&gt;&lt;tr&gt;&lt;td&gt;Longitude&lt;/td&gt;&lt;td&gt;84.62134843&lt;/td&gt;&lt;/tr&gt;&lt;tr&gt;&lt;td&gt;Easting (m)&lt;/td&gt;&lt;td&gt;257188.626&lt;/td&gt;&lt;/tr&gt;&lt;tr&gt;&lt;td&gt;Northing (m)&lt;/td&gt;&lt;td&gt;2606750.363&lt;/td&gt;&lt;/tr&gt;&lt;tr&gt;&lt;td&gt;Zone / Datum&lt;/td&gt;&lt;td&gt;UTM 45N / WGS84&lt;/td&gt;&lt;/tr&gt;&lt;/table&gt;</desc></wpt>
<wpt lat="0.00021243" lon="82.51201423"><ele>0.000</ele><name>A-BP103</name><desc>&lt;table border=&quot;1&quot; cellpadding=&quot;4&quot; cellspacing=&quot;0&quot; style=&quot;border-collapse:collapse;font-family:Arial;font-size:12px&quot;&gt;&lt;tr&gt;&lt;th align=&quot;left&quot;&gt;Parameter&lt;/th&gt;&lt;th align=&quot;left&quot;&gt;Value&lt;/th&gt;&lt;/tr&gt;&lt;tr&gt;&lt;td&gt;Pillar&lt;/td&gt;&lt;td&gt;A-BP103&lt;/td&gt;&lt;/tr&gt;&lt;tr&gt;&lt;td&gt;Lease&lt;/td&gt;&lt;td&gt;Pakhar 115.13 Ha - Block A&lt;/td&gt;&lt;/tr&gt;&lt;tr&gt;&lt;td&gt;Latitude&lt;/td&gt;&lt;td&gt;23.55268385&lt;/td&gt;&lt;/tr&gt;&lt;tr&gt;&lt;td&gt;Longitude&lt;/td&gt;&lt;td&gt;84.62147610&lt;/td&gt;&lt;/tr&gt;&lt;tr&gt;&lt;td&gt;Easting (m)&lt;/td&gt;&lt;td&gt;257201.137&lt;/td&gt;&lt;/tr&gt;&lt;tr&gt;&lt;td&gt;Northing (m)&lt;/td&gt;&lt;td&gt;2606718.448&lt;/td&gt;&lt;/tr&gt;&lt;tr&gt;&lt;td&gt;Zone / Datum&lt;/td&gt;&lt;td&gt;UTM 45N / WGS84&lt;/td&gt;&lt;/tr&gt;&lt;/table&gt;</desc></wpt>
<wpt lat="0.00021243" lon="82.51201422"><ele>0.000</ele><name>A-BP104</name><desc>&lt;table border=&quot;1&quot; cellpadding=&quot;4&quot; cellspacing=&quot;0&quot; style=&quot;border-collapse:collapse;font-family:Arial;font-size:12px&quot;&gt;&lt;tr&gt;&lt;th align=&quot;left&quot;&gt;Parameter&lt;/th&gt;&lt;th align=&quot;left&quot;&gt;Value&lt;/th&gt;&lt;/tr&gt;&lt;tr&gt;&lt;td&gt;Pillar&lt;/td&gt;&lt;td&gt;A-BP104&lt;/td&gt;&lt;/tr&gt;&lt;tr&gt;&lt;td&gt;Lease&lt;/td&gt;&lt;td&gt;Pakhar 115.13 Ha - Block A&lt;/td&gt;&lt;/tr&gt;&lt;tr&gt;&lt;td&gt;Latitude&lt;/td&gt;&lt;td&gt;23.55239575&lt;/td&gt;&lt;/tr&gt;&lt;tr&gt;&lt;td&gt;Longitude&lt;/td&gt;&lt;td&gt;84.62109926&lt;/td&gt;&lt;/tr&gt;&lt;tr&gt;&lt;td&gt;Easting (m)&lt;/td&gt;&lt;td&gt;257162.125&lt;/td&gt;&lt;/tr&gt;&lt;tr&gt;&lt;td&gt;Northing (m)&lt;/td&gt;&lt;td&gt;2606687.174&lt;/td&gt;&lt;/tr&gt;&lt;tr&gt;&lt;td&gt;Zone / Datum&lt;/td&gt;&lt;td&gt;UTM 45N / WGS84&lt;/td&gt;&lt;/tr&gt;&lt;/table&gt;</desc></wpt>
<wpt lat="0.00021243" lon="82.51201422"><ele>0.000</ele><name>A-BP105</name><desc>&lt;table border=&quot;1&quot; cellpadding=&quot;4&quot; cellspacing=&quot;0&quot; style=&quot;border-collapse:collapse;font-family:Arial;font-size:12px&quot;&gt;&lt;tr&gt;&lt;th align=&quot;left&quot;&gt;Parameter&lt;/th&gt;&lt;th align=&quot;left&quot;&gt;Value&lt;/th&gt;&lt;/tr&gt;&lt;tr&gt;&lt;td&gt;Pillar&lt;/td&gt;&lt;td&gt;A-BP105&lt;/td&gt;&lt;/tr&gt;&lt;tr&gt;&lt;td&gt;Lease&lt;/td&gt;&lt;td&gt;Pakhar 115.13 Ha - Block A&lt;/td&gt;&lt;/tr&gt;&lt;tr&gt;&lt;td&gt;Latitude&lt;/td&gt;&lt;td&gt;23.55210765&lt;/td&gt;&lt;/tr&gt;&lt;tr&gt;&lt;td&gt;Longitude&lt;/td&gt;&lt;td&gt;84.62072244&lt;/td&gt;&lt;/tr&gt;&lt;tr&gt;&lt;td&gt;Easting (m)&lt;/td&gt;&lt;td&gt;257123.114&lt;/td&gt;&lt;/tr&gt;&lt;tr&gt;&lt;td&gt;Northing (m)&lt;/td&gt;&lt;td&gt;2606655.899&lt;/td&gt;&lt;/tr&gt;&lt;tr&gt;&lt;td&gt;Zone / Datum&lt;/td&gt;&lt;td&gt;UTM 45N / WGS84&lt;/td&gt;&lt;/tr&gt;&lt;/table&gt;</desc></wpt>
<wpt lat="0.00021242" lon="82.51201422"><ele>0.000</ele><name>A-BP106</name><desc>&lt;table border=&quot;1&quot; cellpadding=&quot;4&quot; cellspacing=&quot;0&quot; style=&quot;border-collapse:collapse;font-family:Arial;font-size:12px&quot;&gt;&lt;tr&gt;&lt;th align=&quot;left&quot;&gt;Parameter&lt;/th&gt;&lt;th align=&quot;left&quot;&gt;Value&lt;/th&gt;&lt;/tr&gt;&lt;tr&gt;&lt;td&gt;Pillar&lt;/td&gt;&lt;td&gt;A-BP106&lt;/td&gt;&lt;/tr&gt;&lt;tr&gt;&lt;td&gt;Lease&lt;/td&gt;&lt;td&gt;Pakhar 115.13 Ha - Block A&lt;/td&gt;&lt;/tr&gt;&lt;tr&gt;&lt;td&gt;Latitude&lt;/td&gt;&lt;td&gt;23.55181602&lt;/td&gt;&lt;/tr&gt;&lt;tr&gt;&lt;td&gt;Longitude&lt;/td&gt;&lt;td&gt;84.62034882&lt;/td&gt;&lt;/tr&gt;&lt;tr&gt;&lt;td&gt;Easting (m)&lt;/td&gt;&lt;td&gt;257084.423&lt;/td&gt;&lt;/tr&gt;&lt;tr&gt;&lt;td&gt;Northing (m)&lt;/td&gt;&lt;td&gt;2606624.228&lt;/td&gt;&lt;/tr&gt;&lt;tr&gt;&lt;td&gt;Zone / Datum&lt;/td&gt;&lt;td&gt;UTM 45N / WGS84&lt;/td&gt;&lt;/tr&gt;&lt;/table&gt;</desc></wpt>
<wpt lat="0.00021242" lon="82.51201421"><ele>0.000</ele><name>A-BP107</name><desc>&lt;table border=&quot;1&quot; cellpadding=&quot;4&quot; cellspacing=&quot;0&quot; style=&quot;border-collapse:collapse;font-family:Arial;font-size:12px&quot;&gt;&lt;tr&gt;&lt;th align=&quot;left&quot;&gt;Parameter&lt;/th&gt;&lt;th align=&quot;left&quot;&gt;Value&lt;/th&gt;&lt;/tr&gt;&lt;tr&gt;&lt;td&gt;Pillar&lt;/td&gt;&lt;td&gt;A-BP107&lt;/td&gt;&lt;/tr&gt;&lt;tr&gt;&lt;td&gt;Lease&lt;/td&gt;&lt;td&gt;Pakhar 115.13 Ha - Block A&lt;/td&gt;&lt;/tr&gt;&lt;tr&gt;&lt;td&gt;Latitude&lt;/td&gt;&lt;td&gt;23.55152136&lt;/td&gt;&lt;/tr&gt;&lt;tr&gt;&lt;td&gt;Longitude&lt;/td&gt;&lt;td&gt;84.61997801&lt;/td&gt;&lt;/tr&gt;&lt;tr&gt;&lt;td&gt;Easting (m)&lt;/td&gt;&lt;td&gt;257046.014&lt;/td&gt;&lt;/tr&gt;&lt;tr&gt;&lt;td&gt;Northing (m)&lt;/td&gt;&lt;td&gt;2606592.216&lt;/td&gt;&lt;/tr&gt;&lt;tr&gt;&lt;td&gt;Zone / Datum&lt;/td&gt;&lt;td&gt;UTM 45N / WGS84&lt;/td&gt;&lt;/tr&gt;&lt;/table&gt;</desc></wpt>
<wpt lat="0.00021242" lon="82.51201421"><ele>0.000</ele><name>A-BP108</name><desc>&lt;table border=&quot;1&quot; cellpadding=&quot;4&quot; cellspacing=&quot;0&quot; style=&quot;border-collapse:collapse;font-family:Arial;font-size:12px&quot;&gt;&lt;tr&gt;&lt;th align=&quot;left&quot;&gt;Parameter&lt;/th&gt;&lt;th align=&quot;left&quot;&gt;Value&lt;/th&gt;&lt;/tr&gt;&lt;tr&gt;&lt;td&gt;Pillar&lt;/td&gt;&lt;td&gt;A-BP108&lt;/td&gt;&lt;/tr&gt;&lt;tr&gt;&lt;td&gt;Lease&lt;/td&gt;&lt;td&gt;Pakhar 115.13 Ha - Block A&lt;/td&gt;&lt;/tr&gt;&lt;tr&gt;&lt;td&gt;Latitude&lt;/td&gt;&lt;td&gt;23.55122669&lt;/td&gt;&lt;/tr&gt;&lt;tr&gt;&lt;td&gt;Longitude&lt;/td&gt;&lt;td&gt;84.61960721&lt;/td&gt;&lt;/tr&gt;&lt;tr&gt;&lt;td&gt;Easting (m)&lt;/td&gt;&lt;td&gt;257007.606&lt;/td&gt;&lt;/tr&gt;&lt;tr&gt;&lt;td&gt;Northing (m)&lt;/td&gt;&lt;td&gt;2606560.204&lt;/td&gt;&lt;/tr&gt;&lt;tr&gt;&lt;td&gt;Zone / Datum&lt;/td&gt;&lt;td&gt;UTM 45N / WGS84&lt;/td&gt;&lt;/tr&gt;&lt;/table&gt;</desc></wpt>
<wpt lat="0.00021242" lon="82.51201421"><ele>0.000</ele><name>A-BP109</name><desc>&lt;table border=&quot;1&quot; cellpadding=&quot;4&quot; cellspacing=&quot;0&quot; style=&quot;border-collapse:collapse;font-family:Arial;font-size:12px&quot;&gt;&lt;tr&gt;&lt;th align=&quot;left&quot;&gt;Parameter&lt;/th&gt;&lt;th align=&quot;left&quot;&gt;Value&lt;/th&gt;&lt;/tr&gt;&lt;tr&gt;&lt;td&gt;Pillar&lt;/td&gt;&lt;td&gt;A-BP109&lt;/td&gt;&lt;/tr&gt;&lt;tr&gt;&lt;td&gt;Lease&lt;/td&gt;&lt;td&gt;Pakhar 115.13 Ha - Block A&lt;/td&gt;&lt;/tr&gt;&lt;tr&gt;&lt;td&gt;Latitude&lt;/td&gt;&lt;td&gt;23.55110826&lt;/td&gt;&lt;/tr&gt;&lt;tr&gt;&lt;td&gt;Longitude&lt;/td&gt;&lt;td&gt;84.61945818&lt;/td&gt;&lt;/tr&gt;&lt;tr&gt;&lt;td&gt;Easting (m)&lt;/td&gt;&lt;td&gt;256992.168&lt;/td&gt;&lt;/tr&gt;&lt;tr&gt;&lt;td&gt;Northing (m)&lt;/td&gt;&lt;td&gt;2606547.337&lt;/td&gt;&lt;/tr&gt;&lt;tr&gt;&lt;td&gt;Zone / Datum&lt;/td&gt;&lt;td&gt;UTM 45N / WGS84&lt;/td&gt;&lt;/tr&gt;&lt;/table&gt;</desc></wpt>
<wpt lat="0.00021241" lon="82.51201421"><ele>0.000</ele><name>A-BP110</name><desc>&lt;table border=&quot;1&quot; cellpadding=&quot;4&quot; cellspacing=&quot;0&quot; style=&quot;border-collapse:collapse;font-family:Arial;font-size:12px&quot;&gt;&lt;tr&gt;&lt;th align=&quot;left&quot;&gt;Parameter&lt;/th&gt;&lt;th align=&quot;left&quot;&gt;Value&lt;/th&gt;&lt;/tr&gt;&lt;tr&gt;&lt;td&gt;Pillar&lt;/td&gt;&lt;td&gt;A-BP110&lt;/td&gt;&lt;/tr&gt;&lt;tr&gt;&lt;td&gt;Lease&lt;/td&gt;&lt;td&gt;Pakhar 115.13 Ha - Block A&lt;/td&gt;&lt;/tr&gt;&lt;tr&gt;&lt;td&gt;Latitude&lt;/td&gt;&lt;td&gt;23.55071847&lt;/td&gt;&lt;/tr&gt;&lt;tr&gt;&lt;td&gt;Longitude&lt;/td&gt;&lt;td&gt;84.61921141&lt;/td&gt;&lt;/tr&gt;&lt;tr&gt;&lt;td&gt;Easting (m)&lt;/td&gt;&lt;td&gt;256966.251&lt;/td&gt;&lt;/tr&gt;&lt;tr&gt;&lt;td&gt;Northing (m)&lt;/td&gt;&lt;td&gt;2606504.578&lt;/td&gt;&lt;/tr&gt;&lt;tr&gt;&lt;td&gt;Zone / Datum&lt;/td&gt;&lt;td&gt;UTM 45N / WGS84&lt;/td&gt;&lt;/tr&gt;&lt;/table&gt;</desc></wpt>
<wpt lat="0.00021241" lon="82.51201420"><ele>0.000</ele><name>A-BP111</name><desc>&lt;table border=&quot;1&quot; cellpadding=&quot;4&quot; cellspacing=&quot;0&quot; style=&quot;border-collapse:collapse;font-family:Arial;font-size:12px&quot;&gt;&lt;tr&gt;&lt;th align=&quot;left&quot;&gt;Parameter&lt;/th&gt;&lt;th align=&quot;left&quot;&gt;Value&lt;/th&gt;&lt;/tr&gt;&lt;tr&gt;&lt;td&gt;Pillar&lt;/td&gt;&lt;td&gt;A-BP111&lt;/td&gt;&lt;/tr&gt;&lt;tr&gt;&lt;td&gt;Lease&lt;/td&gt;&lt;td&gt;Pakhar 115.13 Ha - Block A&lt;/td&gt;&lt;/tr&gt;&lt;tr&gt;&lt;td&gt;Latitude&lt;/td&gt;&lt;td&gt;23.55032869&lt;/td&gt;&lt;/tr&gt;&lt;tr&gt;&lt;td&gt;Longitude&lt;/td&gt;&lt;td&gt;84.61896465&lt;/td&gt;&lt;/tr&gt;&lt;tr&gt;&lt;td&gt;Easting (m)&lt;/td&gt;&lt;td&gt;256940.334&lt;/td&gt;&lt;/tr&gt;&lt;tr&gt;&lt;td&gt;Northing (m)&lt;/td&gt;&lt;td&gt;2606461.819&lt;/td&gt;&lt;/tr&gt;&lt;tr&gt;&lt;td&gt;Zone / Datum&lt;/td&gt;&lt;td&gt;UTM 45N / WGS84&lt;/td&gt;&lt;/tr&gt;&lt;/table&gt;</desc></wpt>
<wpt lat="0.00021241" lon="82.51201420"><ele>0.000</ele><name>A-BP112</name><desc>&lt;table border=&quot;1&quot; cellpadding=&quot;4&quot; cellspacing=&quot;0&quot; style=&quot;border-collapse:collapse;font-family:Arial;font-size:12px&quot;&gt;&lt;tr&gt;&lt;th align=&quot;left&quot;&gt;Parameter&lt;/th&gt;&lt;th align=&quot;left&quot;&gt;Value&lt;/th&gt;&lt;/tr&gt;&lt;tr&gt;&lt;td&gt;Pillar&lt;/td&gt;&lt;td&gt;A-BP112&lt;/td&gt;&lt;/tr&gt;&lt;tr&gt;&lt;td&gt;Lease&lt;/td&gt;&lt;td&gt;Pakhar 115.13 Ha - Block A&lt;/td&gt;&lt;/tr&gt;&lt;tr&gt;&lt;td&gt;Latitude&lt;/td&gt;&lt;td&gt;23.54993891&lt;/td&gt;&lt;/tr&gt;&lt;tr&gt;&lt;td&gt;Longitude&lt;/td&gt;&lt;td&gt;84.61871789&lt;/td&gt;&lt;/tr&gt;&lt;tr&gt;&lt;td&gt;Easting (m)&lt;/td&gt;&lt;td&gt;256914.417&lt;/td&gt;&lt;/tr&gt;&lt;tr&gt;&lt;td&gt;Northing (m)&lt;/td&gt;&lt;td&gt;2606419.061&lt;/td&gt;&lt;/tr&gt;&lt;tr&gt;&lt;td&gt;Zone / Datum&lt;/td&gt;&lt;td&gt;UTM 45N / WGS84&lt;/td&gt;&lt;/tr&gt;&lt;/table&gt;</desc></wpt>
<wpt lat="0.00021240" lon="82.51201420"><ele>0.000</ele><name>A-BP113</name><desc>&lt;table border=&quot;1&quot; cellpadding=&quot;4&quot; cellspacing=&quot;0&quot; style=&quot;border-collapse:collapse;font-family:Arial;font-size:12px&quot;&gt;&lt;tr&gt;&lt;th align=&quot;left&quot;&gt;Parameter&lt;/th&gt;&lt;th align=&quot;left&quot;&gt;Value&lt;/th&gt;&lt;/tr&gt;&lt;tr&gt;&lt;td&gt;Pillar&lt;/td&gt;&lt;td&gt;A-BP113&lt;/td&gt;&lt;/tr&gt;&lt;tr&gt;&lt;td&gt;Lease&lt;/td&gt;&lt;td&gt;Pakhar 115.13 Ha - Block A&lt;/td&gt;&lt;/tr&gt;&lt;tr&gt;&lt;td&gt;Latitude&lt;/td&gt;&lt;td&gt;23.54953983&lt;/td&gt;&lt;/tr&gt;&lt;tr&gt;&lt;td&gt;Longitude&lt;/td&gt;&lt;td&gt;84.61846526&lt;/td&gt;&lt;/tr&gt;&lt;tr&gt;&lt;td&gt;Easting (m)&lt;/td&gt;&lt;td&gt;256887.883&lt;/td&gt;&lt;/tr&gt;&lt;tr&gt;&lt;td&gt;Northing (m)&lt;/td&gt;&lt;td&gt;2606375.282&lt;/td&gt;&lt;/tr&gt;&lt;tr&gt;&lt;td&gt;Zone / Datum&lt;/td&gt;&lt;td&gt;UTM 45N / WGS84&lt;/td&gt;&lt;/tr&gt;&lt;/table&gt;</desc></wpt>
<wpt lat="0.00021240" lon="82.51201420"><ele>0.000</ele><name>A-BP114</name><desc>&lt;table border=&quot;1&quot; cellpadding=&quot;4&quot; cellspacing=&quot;0&quot; style=&quot;border-collapse:collapse;font-family:Arial;font-size:12px&quot;&gt;&lt;tr&gt;&lt;th align=&quot;left&quot;&gt;Parameter&lt;/th&gt;&lt;th align=&quot;left&quot;&gt;Value&lt;/th&gt;&lt;/tr&gt;&lt;tr&gt;&lt;td&gt;Pillar&lt;/td&gt;&lt;td&gt;A-BP114&lt;/td&gt;&lt;/tr&gt;&lt;tr&gt;&lt;td&gt;Lease&lt;/td&gt;&lt;td&gt;Pakhar 115.13 Ha - Block A&lt;/td&gt;&lt;/tr&gt;&lt;tr&gt;&lt;td&gt;Latitude&lt;/td&gt;&lt;td&gt;23.54909255&lt;/td&gt;&lt;/tr&gt;&lt;tr&gt;&lt;td&gt;Longitude&lt;/td&gt;&lt;td&gt;84.61839992&lt;/td&gt;&lt;/tr&gt;&lt;tr&gt;&lt;td&gt;Easting (m)&lt;/td&gt;&lt;td&gt;256880.387&lt;/td&gt;&lt;/tr&gt;&lt;tr&gt;&lt;td&gt;Northing (m)&lt;/td&gt;&lt;td&gt;2606325.847&lt;/td&gt;&lt;/tr&gt;&lt;tr&gt;&lt;td&gt;Zone / Datum&lt;/td&gt;&lt;td&gt;UTM 45N / WGS84&lt;/td&gt;&lt;/tr&gt;&lt;/table&gt;</desc></wpt>
<wpt lat="0.00021239" lon="82.51201420"><ele>0.000</ele><name>A-BP115</name><desc>&lt;table border=&quot;1&quot; cellpadding=&quot;4&quot; cellspacing=&quot;0&quot; style=&quot;border-collapse:collapse;font-family:Arial;font-size:12px&quot;&gt;&lt;tr&gt;&lt;th align=&quot;left&quot;&gt;Parameter&lt;/th&gt;&lt;th align=&quot;left&quot;&gt;Value&lt;/th&gt;&lt;/tr&gt;&lt;tr&gt;&lt;td&gt;Pillar&lt;/td&gt;&lt;td&gt;A-BP115&lt;/td&gt;&lt;/tr&gt;&lt;tr&gt;&lt;td&gt;Lease&lt;/td&gt;&lt;td&gt;Pakhar 115.13 Ha - Block A&lt;/td&gt;&lt;/tr&gt;&lt;tr&gt;&lt;td&gt;Latitude&lt;/td&gt;&lt;td&gt;23.54869273&lt;/td&gt;&lt;/tr&gt;&lt;tr&gt;&lt;td&gt;Longitude&lt;/td&gt;&lt;td&gt;84.61834153&lt;/td&gt;&lt;/tr&gt;&lt;tr&gt;&lt;td&gt;Easting (m)&lt;/td&gt;&lt;td&gt;256873.688&lt;/td&gt;&lt;/tr&gt;&lt;tr&gt;&lt;td&gt;Northing (m)&lt;/td&gt;&lt;td&gt;2606281.657&lt;/td&gt;&lt;/tr&gt;&lt;tr&gt;&lt;td&gt;Zone / Datum&lt;/td&gt;&lt;td&gt;UTM 45N / WGS84&lt;/td&gt;&lt;/tr&gt;&lt;/table&gt;</desc></wpt>
<wpt lat="0.00021239" lon="82.51201420"><ele>0.000</ele><name>A-BP116</name><desc>&lt;table border=&quot;1&quot; cellpadding=&quot;4&quot; cellspacing=&quot;0&quot; style=&quot;border-collapse:collapse;font-family:Arial;font-size:12px&quot;&gt;&lt;tr&gt;&lt;th align=&quot;left&quot;&gt;Parameter&lt;/th&gt;&lt;th align=&quot;left&quot;&gt;Value&lt;/th&gt;&lt;/tr&gt;&lt;tr&gt;&lt;td&gt;Pillar&lt;/td&gt;&lt;td&gt;A-BP116&lt;/td&gt;&lt;/tr&gt;&lt;tr&gt;&lt;td&gt;Lease&lt;/td&gt;&lt;td&gt;Pakhar 115.13 Ha - Block A&lt;/td&gt;&lt;/tr&gt;&lt;tr&gt;&lt;td&gt;Latitude&lt;/td&gt;&lt;td&gt;23.54842423&lt;/td&gt;&lt;/tr&gt;&lt;tr&gt;&lt;td&gt;Longitude&lt;/td&gt;&lt;td&gt;84.61876337&lt;/td&gt;&lt;/tr&gt;&lt;tr&gt;&lt;td&gt;Easting (m)&lt;/td&gt;&lt;td&gt;256916.274&lt;/td&gt;&lt;/tr&gt;&lt;tr&gt;&lt;td&gt;Northing (m)&lt;/td&gt;&lt;td&gt;2606251.198&lt;/td&gt;&lt;/tr&gt;&lt;tr&gt;&lt;td&gt;Zone / Datum&lt;/td&gt;&lt;td&gt;UTM 45N / WGS84&lt;/td&gt;&lt;/tr&gt;&lt;/table&gt;</desc></wpt>
<wpt lat="0.00021239" lon="82.51201420"><ele>0.000</ele><name>A-BP117</name><desc>&lt;table border=&quot;1&quot; cellpadding=&quot;4&quot; cellspacing=&quot;0&quot; style=&quot;border-collapse:collapse;font-family:Arial;font-size:12px&quot;&gt;&lt;tr&gt;&lt;th align=&quot;left&quot;&gt;Parameter&lt;/th&gt;&lt;th align=&quot;left&quot;&gt;Value&lt;/th&gt;&lt;/tr&gt;&lt;tr&gt;&lt;td&gt;Pillar&lt;/td&gt;&lt;td&gt;A-BP117&lt;/td&gt;&lt;/tr&gt;&lt;tr&gt;&lt;td&gt;Lease&lt;/td&gt;&lt;td&gt;Pakhar 115.13 Ha - Block A&lt;/td&gt;&lt;/tr&gt;&lt;tr&gt;&lt;td&gt;Latitude&lt;/td&gt;&lt;td&gt;23.54807374&lt;/td&gt;&lt;/tr&gt;&lt;tr&gt;&lt;td&gt;Longitude&lt;/td&gt;&lt;td&gt;84.61845496&lt;/td&gt;&lt;/tr&gt;&lt;tr&gt;&lt;td&gt;Easting (m)&lt;/td&gt;&lt;td&gt;256884.133&lt;/td&gt;&lt;/tr&gt;&lt;tr&gt;&lt;td&gt;Northing (m)&lt;/td&gt;&lt;td&gt;2606212.897&lt;/td&gt;&lt;/tr&gt;&lt;tr&gt;&lt;td&gt;Zone / Datum&lt;/td&gt;&lt;td&gt;UTM 45N / WGS84&lt;/td&gt;&lt;/tr&gt;&lt;/table&gt;</desc></wpt>
<wpt lat="0.00021239" lon="82.51201420"><ele>0.000</ele><name>A-BP118</name><desc>&lt;table border=&quot;1&quot; cellpadding=&quot;4&quot; cellspacing=&quot;0&quot; style=&quot;border-collapse:collapse;font-family:Arial;font-size:12px&quot;&gt;&lt;tr&gt;&lt;th align=&quot;left&quot;&gt;Parameter&lt;/th&gt;&lt;th align=&quot;left&quot;&gt;Value&lt;/th&gt;&lt;/tr&gt;&lt;tr&gt;&lt;td&gt;Pillar&lt;/td&gt;&lt;td&gt;A-BP118&lt;/td&gt;&lt;/tr&gt;&lt;tr&gt;&lt;td&gt;Lease&lt;/td&gt;&lt;td&gt;Pakhar 115.13 Ha - Block A&lt;/td&gt;&lt;/tr&gt;&lt;tr&gt;&lt;td&gt;Latitude&lt;/td&gt;&lt;td&gt;23.54772326&lt;/td&gt;&lt;/tr&gt;&lt;tr&gt;&lt;td&gt;Longitude&lt;/td&gt;&lt;td&gt;84.61814655&lt;/td&gt;&lt;/tr&gt;&lt;tr&gt;&lt;td&gt;Easting (m)&lt;/td&gt;&lt;td&gt;256851.992&lt;/td&gt;&lt;/tr&gt;&lt;tr&gt;&lt;td&gt;Northing (m)&lt;/td&gt;&lt;td&gt;2606174.596&lt;/td&gt;&lt;/tr&gt;&lt;tr&gt;&lt;td&gt;Zone / Datum&lt;/td&gt;&lt;td&gt;UTM 45N / WGS84&lt;/td&gt;&lt;/tr&gt;&lt;/table&gt;</desc></wpt>
<wpt lat="0.00021238" lon="82.51201419"><ele>0.000</ele><name>A-BP119</name><desc>&lt;table border=&quot;1&quot; cellpadding=&quot;4&quot; cellspacing=&quot;0&quot; style=&quot;border-collapse:collapse;font-family:Arial;font-size:12px&quot;&gt;&lt;tr&gt;&lt;th align=&quot;left&quot;&gt;Parameter&lt;/th&gt;&lt;th align=&quot;left&quot;&gt;Value&lt;/th&gt;&lt;/tr&gt;&lt;tr&gt;&lt;td&gt;Pillar&lt;/td&gt;&lt;td&gt;A-BP119&lt;/td&gt;&lt;/tr&gt;&lt;tr&gt;&lt;td&gt;Lease&lt;/td&gt;&lt;td&gt;Pakhar 115.13 Ha - Block A&lt;/td&gt;&lt;/tr&gt;&lt;tr&gt;&lt;td&gt;Latitude&lt;/td&gt;&lt;td&gt;23.54737337&lt;/td&gt;&lt;/tr&gt;&lt;tr&gt;&lt;td&gt;Longitude&lt;/td&gt;&lt;td&gt;84.61783734&lt;/td&gt;&lt;/tr&gt;&lt;tr&gt;&lt;td&gt;Easting (m)&lt;/td&gt;&lt;td&gt;256819.770&lt;/td&gt;&lt;/tr&gt;&lt;tr&gt;&lt;td&gt;Northing (m)&lt;/td&gt;&lt;td&gt;2606136.363&lt;/td&gt;&lt;/tr&gt;&lt;tr&gt;&lt;td&gt;Zone / Datum&lt;/td&gt;&lt;td&gt;UTM 45N / WGS84&lt;/td&gt;&lt;/tr&gt;&lt;/table&gt;</desc></wpt>
<wpt lat="0.00021238" lon="82.51201419"><ele>0.000</ele><name>A-BP120</name><desc>&lt;table border=&quot;1&quot; cellpadding=&quot;4&quot; cellspacing=&quot;0&quot; style=&quot;border-collapse:collapse;font-family:Arial;font-size:12px&quot;&gt;&lt;tr&gt;&lt;th align=&quot;left&quot;&gt;Parameter&lt;/th&gt;&lt;th align=&quot;left&quot;&gt;Value&lt;/th&gt;&lt;/tr&gt;&lt;tr&gt;&lt;td&gt;Pillar&lt;/td&gt;&lt;td&gt;A-BP120&lt;/td&gt;&lt;/tr&gt;&lt;tr&gt;&lt;td&gt;Lease&lt;/td&gt;&lt;td&gt;Pakhar 115.13 Ha - Block A&lt;/td&gt;&lt;/tr&gt;&lt;tr&gt;&lt;td&gt;Latitude&lt;/td&gt;&lt;td&gt;23.54702389&lt;/td&gt;&lt;/tr&gt;&lt;tr&gt;&lt;td&gt;Longitude&lt;/td&gt;&lt;td&gt;84.61752760&lt;/td&gt;&lt;/tr&gt;&lt;tr&gt;&lt;td&gt;Easting (m)&lt;/td&gt;&lt;td&gt;256787.494&lt;/td&gt;&lt;/tr&gt;&lt;tr&gt;&lt;td&gt;Northing (m)&lt;/td&gt;&lt;td&gt;2606098.176&lt;/td&gt;&lt;/tr&gt;&lt;tr&gt;&lt;td&gt;Zone / Datum&lt;/td&gt;&lt;td&gt;UTM 45N / WGS84&lt;/td&gt;&lt;/tr&gt;&lt;/table&gt;</desc></wpt>
<wpt lat="0.00021238" lon="82.51201419"><ele>0.000</ele><name>A-BP121</name><desc>&lt;table border=&quot;1&quot; cellpadding=&quot;4&quot; cellspacing=&quot;0&quot; style=&quot;border-collapse:collapse;font-family:Arial;font-size:12px&quot;&gt;&lt;tr&gt;&lt;th align=&quot;left&quot;&gt;Parameter&lt;/th&gt;&lt;th align=&quot;left&quot;&gt;Value&lt;/th&gt;&lt;/tr&gt;&lt;tr&gt;&lt;td&gt;Pillar&lt;/td&gt;&lt;td&gt;A-BP121&lt;/td&gt;&lt;/tr&gt;&lt;tr&gt;&lt;td&gt;Lease&lt;/td&gt;&lt;td&gt;Pakhar 115.13 Ha - Block A&lt;/td&gt;&lt;/tr&gt;&lt;tr&gt;&lt;td&gt;Latitude&lt;/td&gt;&lt;td&gt;23.54675162&lt;/td&gt;&lt;/tr&gt;&lt;tr&gt;&lt;td&gt;Longitude&lt;/td&gt;&lt;td&gt;84.61728629&lt;/td&gt;&lt;/tr&gt;&lt;tr&gt;&lt;td&gt;Easting (m)&lt;/td&gt;&lt;td&gt;256762.349&lt;/td&gt;&lt;/tr&gt;&lt;tr&gt;&lt;td&gt;Northing (m)&lt;/td&gt;&lt;td&gt;2606068.425&lt;/td&gt;&lt;/tr&gt;&lt;tr&gt;&lt;td&gt;Zone / Datum&lt;/td&gt;&lt;td&gt;UTM 45N / WGS84&lt;/td&gt;&lt;/tr&gt;&lt;/table&gt;</desc></wpt>
<wpt lat="0.00021238" lon="82.51201419"><ele>0.000</ele><name>A-BP122</name><desc>&lt;table border=&quot;1&quot; cellpadding=&quot;4&quot; cellspacing=&quot;0&quot; style=&quot;border-collapse:collapse;font-family:Arial;font-size:12px&quot;&gt;&lt;tr&gt;&lt;th align=&quot;left&quot;&gt;Parameter&lt;/th&gt;&lt;th align=&quot;left&quot;&gt;Value&lt;/th&gt;&lt;/tr&gt;&lt;tr&gt;&lt;td&gt;Pillar&lt;/td&gt;&lt;td&gt;A-BP122&lt;/td&gt;&lt;/tr&gt;&lt;tr&gt;&lt;td&gt;Lease&lt;/td&gt;&lt;td&gt;Pakhar 115.13 Ha - Block A&lt;/td&gt;&lt;/tr&gt;&lt;tr&gt;&lt;td&gt;Latitude&lt;/td&gt;&lt;td&gt;23.54657430&lt;/td&gt;&lt;/tr&gt;&lt;tr&gt;&lt;td&gt;Longitude&lt;/td&gt;&lt;td&gt;84.61751922&lt;/td&gt;&lt;/tr&gt;&lt;tr&gt;&lt;td&gt;Easting (m)&lt;/td&gt;&lt;td&gt;256785.811&lt;/td&gt;&lt;/tr&gt;&lt;tr&gt;&lt;td&gt;Northing (m)&lt;/td&gt;&lt;td&gt;2606048.387&lt;/td&gt;&lt;/tr&gt;&lt;tr&gt;&lt;td&gt;Zone / Datum&lt;/td&gt;&lt;td&gt;UTM 45N / WGS84&lt;/td&gt;&lt;/tr&gt;&lt;/table&gt;</desc></wpt>
<wpt lat="0.00021237" lon="82.51201419"><ele>0.000</ele><name>A-BP123</name><desc>&lt;table border=&quot;1&quot; cellpadding=&quot;4&quot; cellspacing=&quot;0&quot; style=&quot;border-collapse:collapse;font-family:Arial;font-size:12px&quot;&gt;&lt;tr&gt;&lt;th align=&quot;left&quot;&gt;Parameter&lt;/th&gt;&lt;th align=&quot;left&quot;&gt;Value&lt;/th&gt;&lt;/tr&gt;&lt;tr&gt;&lt;td&gt;Pillar&lt;/td&gt;&lt;td&gt;A-BP123&lt;/td&gt;&lt;/tr&gt;&lt;tr&gt;&lt;td&gt;Lease&lt;/td&gt;&lt;td&gt;Pakhar 115.13 Ha - Block A&lt;/td&gt;&lt;/tr&gt;&lt;tr&gt;&lt;td&gt;Latitude&lt;/td&gt;&lt;td&gt;23.54621818&lt;/td&gt;&lt;/tr&gt;&lt;tr&gt;&lt;td&gt;Longitude&lt;/td&gt;&lt;td&gt;84.61721852&lt;/td&gt;&lt;/tr&gt;&lt;tr&gt;&lt;td&gt;Easting (m)&lt;/td&gt;&lt;td&gt;256754.446&lt;/td&gt;&lt;/tr&gt;&lt;tr&gt;&lt;td&gt;Northing (m)&lt;/td&gt;&lt;td&gt;2606009.449&lt;/td&gt;&lt;/tr&gt;&lt;tr&gt;&lt;td&gt;Zone / Datum&lt;/td&gt;&lt;td&gt;UTM 45N / WGS84&lt;/td&gt;&lt;/tr&gt;&lt;/table&gt;</desc></wpt>
<wpt lat="0.00021237" lon="82.51201419"><ele>0.000</ele><name>A-BP124</name><desc>&lt;table border=&quot;1&quot; cellpadding=&quot;4&quot; cellspacing=&quot;0&quot; style=&quot;border-collapse:collapse;font-family:Arial;font-size:12px&quot;&gt;&lt;tr&gt;&lt;th align=&quot;left&quot;&gt;Parameter&lt;/th&gt;&lt;th align=&quot;left&quot;&gt;Value&lt;/th&gt;&lt;/tr&gt;&lt;tr&gt;&lt;td&gt;Pillar&lt;/td&gt;&lt;td&gt;A-BP124&lt;/td&gt;&lt;/tr&gt;&lt;tr&gt;&lt;td&gt;Lease&lt;/td&gt;&lt;td&gt;Pakhar 115.13 Ha - Block A&lt;/td&gt;&lt;/tr&gt;&lt;tr&gt;&lt;td&gt;Latitude&lt;/td&gt;&lt;td&gt;23.54586198&lt;/td&gt;&lt;/tr&gt;&lt;tr&gt;&lt;td&gt;Longitude&lt;/td&gt;&lt;td&gt;84.61691791&lt;/td&gt;&lt;/tr&gt;&lt;tr&gt;&lt;td&gt;Easting (m)&lt;/td&gt;&lt;td&gt;256723.090&lt;/td&gt;&lt;/tr&gt;&lt;tr&gt;&lt;td&gt;Northing (m)&lt;/td&gt;&lt;td&gt;2605970.502&lt;/td&gt;&lt;/tr&gt;&lt;tr&gt;&lt;td&gt;Zone / Datum&lt;/td&gt;&lt;td&gt;UTM 45N / WGS84&lt;/td&gt;&lt;/tr&gt;&lt;/table&gt;</desc></wpt>
<wpt lat="0.00021237" lon="82.51201418"><ele>0.000</ele><name>A-BP125</name><desc>&lt;table border=&quot;1&quot; cellpadding=&quot;4&quot; cellspacing=&quot;0&quot; style=&quot;border-collapse:collapse;font-family:Arial;font-size:12px&quot;&gt;&lt;tr&gt;&lt;th align=&quot;left&quot;&gt;Parameter&lt;/th&gt;&lt;th align=&quot;left&quot;&gt;Value&lt;/th&gt;&lt;/tr&gt;&lt;tr&gt;&lt;td&gt;Pillar&lt;/td&gt;&lt;td&gt;A-BP125&lt;/td&gt;&lt;/tr&gt;&lt;tr&gt;&lt;td&gt;Lease&lt;/td&gt;&lt;td&gt;Pakhar 115.13 Ha - Block A&lt;/td&gt;&lt;/tr&gt;&lt;tr&gt;&lt;td&gt;Latitude&lt;/td&gt;&lt;td&gt;23.54566201&lt;/td&gt;&lt;/tr&gt;&lt;tr&gt;&lt;td&gt;Longitude&lt;/td&gt;&lt;td&gt;84.61671901&lt;/td&gt;&lt;/tr&gt;&lt;tr&gt;&lt;td&gt;Easting (m)&lt;/td&gt;&lt;td&gt;256702.409&lt;/td&gt;&lt;/tr&gt;&lt;tr&gt;&lt;td&gt;Northing (m)&lt;/td&gt;&lt;td&gt;2605948.689&lt;/td&gt;&lt;/tr&gt;&lt;tr&gt;&lt;td&gt;Zone / Datum&lt;/td&gt;&lt;td&gt;UTM 45N / WGS84&lt;/td&gt;&lt;/tr&gt;&lt;/table&gt;</desc></wpt>
<wpt lat="0.00021237" lon="82.51201418"><ele>0.000</ele><name>A-BP126</name><desc>&lt;table border=&quot;1&quot; cellpadding=&quot;4&quot; cellspacing=&quot;0&quot; style=&quot;border-collapse:collapse;font-family:Arial;font-size:12px&quot;&gt;&lt;tr&gt;&lt;th align=&quot;left&quot;&gt;Parameter&lt;/th&gt;&lt;th align=&quot;left&quot;&gt;Value&lt;/th&gt;&lt;/tr&gt;&lt;tr&gt;&lt;td&gt;Pillar&lt;/td&gt;&lt;td&gt;A-BP126&lt;/td&gt;&lt;/tr&gt;&lt;tr&gt;&lt;td&gt;Lease&lt;/td&gt;&lt;td&gt;Pakhar 115.13 Ha - Block A&lt;/td&gt;&lt;/tr&gt;&lt;tr&gt;&lt;td&gt;Latitude&lt;/td&gt;&lt;td&gt;23.54577516&lt;/td&gt;&lt;/tr&gt;&lt;tr&gt;&lt;td&gt;Longitude&lt;/td&gt;&lt;td&gt;84.61621182&lt;/td&gt;&lt;/tr&gt;&lt;tr&gt;&lt;td&gt;Easting (m)&lt;/td&gt;&lt;td&gt;256650.821&lt;/td&gt;&lt;/tr&gt;&lt;tr&gt;&lt;td&gt;Northing (m)&lt;/td&gt;&lt;td&gt;2605962.084&lt;/td&gt;&lt;/tr&gt;&lt;tr&gt;&lt;td&gt;Zone / Datum&lt;/td&gt;&lt;td&gt;UTM 45N / WGS84&lt;/td&gt;&lt;/tr&gt;&lt;/table&gt;</desc></wpt>
<wpt lat="0.00021237" lon="82.51201418"><ele>0.000</ele><name>A-BP127</name><desc>&lt;table border=&quot;1&quot; cellpadding=&quot;4&quot; cellspacing=&quot;0&quot; style=&quot;border-collapse:collapse;font-family:Arial;font-size:12px&quot;&gt;&lt;tr&gt;&lt;th align=&quot;left&quot;&gt;Parameter&lt;/th&gt;&lt;th align=&quot;left&quot;&gt;Value&lt;/th&gt;&lt;/tr&gt;&lt;tr&gt;&lt;td&gt;Pillar&lt;/td&gt;&lt;td&gt;A-BP127&lt;/td&gt;&lt;/tr&gt;&lt;tr&gt;&lt;td&gt;Lease&lt;/td&gt;&lt;td&gt;Pakhar 115.13 Ha - Block A&lt;/td&gt;&lt;/tr&gt;&lt;tr&gt;&lt;td&gt;Latitude&lt;/td&gt;&lt;td&gt;23.54554030&lt;/td&gt;&lt;/tr&gt;&lt;tr&gt;&lt;td&gt;Longitude&lt;/td&gt;&lt;td&gt;84.61611296&lt;/td&gt;&lt;/tr&gt;&lt;tr&gt;&lt;td&gt;Easting (m)&lt;/td&gt;&lt;td&gt;256640.292&lt;/td&gt;&lt;/tr&gt;&lt;tr&gt;&lt;td&gt;Northing (m)&lt;/td&gt;&lt;td&gt;2605936.236&lt;/td&gt;&lt;/tr&gt;&lt;tr&gt;&lt;td&gt;Zone / Datum&lt;/td&gt;&lt;td&gt;UTM 45N / WGS84&lt;/td&gt;&lt;/tr&gt;&lt;/table&gt;</desc></wpt>
<wpt lat="0.00021237" lon="82.51201418"><ele>0.000</ele><name>A-BP128</name><desc>&lt;table border=&quot;1&quot; cellpadding=&quot;4&quot; cellspacing=&quot;0&quot; style=&quot;border-collapse:collapse;font-family:Arial;font-size:12px&quot;&gt;&lt;tr&gt;&lt;th align=&quot;left&quot;&gt;Parameter&lt;/th&gt;&lt;th align=&quot;left&quot;&gt;Value&lt;/th&gt;&lt;/tr&gt;&lt;tr&gt;&lt;td&gt;Pillar&lt;/td&gt;&lt;td&gt;A-BP128&lt;/td&gt;&lt;/tr&gt;&lt;tr&gt;&lt;td&gt;Lease&lt;/td&gt;&lt;td&gt;Pakhar 115.13 Ha - Block A&lt;/td&gt;&lt;/tr&gt;&lt;tr&gt;&lt;td&gt;Latitude&lt;/td&gt;&lt;td&gt;23.54554922&lt;/td&gt;&lt;/tr&gt;&lt;tr&gt;&lt;td&gt;Longitude&lt;/td&gt;&lt;td&gt;84.61602588&lt;/td&gt;&lt;/tr&gt;&lt;tr&gt;&lt;td&gt;Easting (m)&lt;/td&gt;&lt;td&gt;256631.415&lt;/td&gt;&lt;/tr&gt;&lt;tr&gt;&lt;td&gt;Northing (m)&lt;/td&gt;&lt;td&gt;2605937.372&lt;/td&gt;&lt;/tr&gt;&lt;tr&gt;&lt;td&gt;Zone / Datum&lt;/td&gt;&lt;td&gt;UTM 45N / WGS84&lt;/td&gt;&lt;/tr&gt;&lt;/table&gt;</desc></wpt>
<wpt lat="0.00021236" lon="82.51201418"><ele>0.000</ele><name>A-BP129</name><desc>&lt;table border=&quot;1&quot; cellpadding=&quot;4&quot; cellspacing=&quot;0&quot; style=&quot;border-collapse:collapse;font-family:Arial;font-size:12px&quot;&gt;&lt;tr&gt;&lt;th align=&quot;left&quot;&gt;Parameter&lt;/th&gt;&lt;th align=&quot;left&quot;&gt;Value&lt;/th&gt;&lt;/tr&gt;&lt;tr&gt;&lt;td&gt;Pillar&lt;/td&gt;&lt;td&gt;A-BP129&lt;/td&gt;&lt;/tr&gt;&lt;tr&gt;&lt;td&gt;Lease&lt;/td&gt;&lt;td&gt;Pakhar 115.13 Ha - Block A&lt;/td&gt;&lt;/tr&gt;&lt;tr&gt;&lt;td&gt;Latitude&lt;/td&gt;&lt;td&gt;23.54534114&lt;/td&gt;&lt;/tr&gt;&lt;tr&gt;&lt;td&gt;Longitude&lt;/td&gt;&lt;td&gt;84.61594021&lt;/td&gt;&lt;/tr&gt;&lt;tr&gt;&lt;td&gt;Easting (m)&lt;/td&gt;&lt;td&gt;256622.283&lt;/td&gt;&lt;/tr&gt;&lt;tr&gt;&lt;td&gt;Northing (m)&lt;/td&gt;&lt;td&gt;2605914.468&lt;/td&gt;&lt;/tr&gt;&lt;tr&gt;&lt;td&gt;Zone / Datum&lt;/td&gt;&lt;td&gt;UTM 45N / WGS84&lt;/td&gt;&lt;/tr&gt;&lt;/table&gt;</desc></wpt>
<wpt lat="0.00021237" lon="82.51201418"><ele>0.000</ele><name>A-BP130</name><desc>&lt;table border=&quot;1&quot; cellpadding=&quot;4&quot; cellspacing=&quot;0&quot; style=&quot;border-collapse:collapse;font-family:Arial;font-size:12px&quot;&gt;&lt;tr&gt;&lt;th align=&quot;left&quot;&gt;Parameter&lt;/th&gt;&lt;th align=&quot;left&quot;&gt;Value&lt;/th&gt;&lt;/tr&gt;&lt;tr&gt;&lt;td&gt;Pillar&lt;/td&gt;&lt;td&gt;A-BP130&lt;/td&gt;&lt;/tr&gt;&lt;tr&gt;&lt;td&gt;Lease&lt;/td&gt;&lt;td&gt;Pakhar 115.13 Ha - Block A&lt;/td&gt;&lt;/tr&gt;&lt;tr&gt;&lt;td&gt;Latitude&lt;/td&gt;&lt;td&gt;23.54547070&lt;/td&gt;&lt;/tr&gt;&lt;tr&gt;&lt;td&gt;Longitude&lt;/td&gt;&lt;td&gt;84.61572321&lt;/td&gt;&lt;/tr&gt;&lt;tr&gt;&lt;td&gt;Easting (m)&lt;/td&gt;&lt;td&gt;256600.360&lt;/td&gt;&lt;/tr&gt;&lt;tr&gt;&lt;td&gt;Northing (m)&lt;/td&gt;&lt;td&gt;2605929.188&lt;/td&gt;&lt;/tr&gt;&lt;tr&gt;&lt;td&gt;Zone / Datum&lt;/td&gt;&lt;td&gt;UTM 45N / WGS84&lt;/td&gt;&lt;/tr&gt;&lt;/table&gt;</desc></wpt>
<wpt lat="0.00021237" lon="82.51201418"><ele>0.000</ele><name>A-BP131</name><desc>&lt;table border=&quot;1&quot; cellpadding=&quot;4&quot; cellspacing=&quot;0&quot; style=&quot;border-collapse:collapse;font-family:Arial;font-size:12px&quot;&gt;&lt;tr&gt;&lt;th align=&quot;left&quot;&gt;Parameter&lt;/th&gt;&lt;th align=&quot;left&quot;&gt;Value&lt;/th&gt;&lt;/tr&gt;&lt;tr&gt;&lt;td&gt;Pillar&lt;/td&gt;&lt;td&gt;A-BP131&lt;/td&gt;&lt;/tr&gt;&lt;tr&gt;&lt;td&gt;Lease&lt;/td&gt;&lt;td&gt;Pakhar 115.13 Ha - Block A&lt;/td&gt;&lt;/tr&gt;&lt;tr&gt;&lt;td&gt;Latitude&lt;/td&gt;&lt;td&gt;23.54561460&lt;/td&gt;&lt;/tr&gt;&lt;tr&gt;&lt;td&gt;Longitude&lt;/td&gt;&lt;td&gt;84.61572061&lt;/td&gt;&lt;/tr&gt;&lt;tr&gt;&lt;td&gt;Easting (m)&lt;/td&gt;&lt;td&gt;256600.360&lt;/td&gt;&lt;/tr&gt;&lt;tr&gt;&lt;td&gt;Northing (m)&lt;/td&gt;&lt;td&gt;2605945.132&lt;/td&gt;&lt;/tr&gt;&lt;tr&gt;&lt;td&gt;Zone / Datum&lt;/td&gt;&lt;td&gt;UTM 45N / WGS84&lt;/td&gt;&lt;/tr&gt;&lt;/table&gt;</desc></wpt>
<wpt lat="0.00021237" lon="82.51201417"><ele>0.000</ele><name>A-BP132</name><desc>&lt;table border=&quot;1&quot; cellpadding=&quot;4&quot; cellspacing=&quot;0&quot; style=&quot;border-collapse:collapse;font-family:Arial;font-size:12px&quot;&gt;&lt;tr&gt;&lt;th align=&quot;left&quot;&gt;Parameter&lt;/th&gt;&lt;th align=&quot;left&quot;&gt;Value&lt;/th&gt;&lt;/tr&gt;&lt;tr&gt;&lt;td&gt;Pillar&lt;/td&gt;&lt;td&gt;A-BP132&lt;/td&gt;&lt;/tr&gt;&lt;tr&gt;&lt;td&gt;Lease&lt;/td&gt;&lt;td&gt;Pakhar 115.13 Ha - Block A&lt;/td&gt;&lt;/tr&gt;&lt;tr&gt;&lt;td&gt;Latitude&lt;/td&gt;&lt;td&gt;23.54573885&lt;/td&gt;&lt;/tr&gt;&lt;tr&gt;&lt;td&gt;Longitude&lt;/td&gt;&lt;td&gt;84.61524690&lt;/td&gt;&lt;/tr&gt;&lt;tr&gt;&lt;td&gt;Easting (m)&lt;/td&gt;&lt;td&gt;256552.211&lt;/td&gt;&lt;/tr&gt;&lt;tr&gt;&lt;td&gt;Northing (m)&lt;/td&gt;&lt;td&gt;2605959.701&lt;/td&gt;&lt;/tr&gt;&lt;tr&gt;&lt;td&gt;Zone / Datum&lt;/td&gt;&lt;td&gt;UTM 45N / WGS84&lt;/td&gt;&lt;/tr&gt;&lt;/table&gt;</desc></wpt>
<wpt lat="0.00021237" lon="82.51201417"><ele>0.000</ele><name>A-BP133</name><desc>&lt;table border=&quot;1&quot; cellpadding=&quot;4&quot; cellspacing=&quot;0&quot; style=&quot;border-collapse:collapse;font-family:Arial;font-size:12px&quot;&gt;&lt;tr&gt;&lt;th align=&quot;left&quot;&gt;Parameter&lt;/th&gt;&lt;th align=&quot;left&quot;&gt;Value&lt;/th&gt;&lt;/tr&gt;&lt;tr&gt;&lt;td&gt;Pillar&lt;/td&gt;&lt;td&gt;A-BP133&lt;/td&gt;&lt;/tr&gt;&lt;tr&gt;&lt;td&gt;Lease&lt;/td&gt;&lt;td&gt;Pakhar 115.13 Ha - Block A&lt;/td&gt;&lt;/tr&gt;&lt;tr&gt;&lt;td&gt;Latitude&lt;/td&gt;&lt;td&gt;23.54589772&lt;/td&gt;&lt;/tr&gt;&lt;tr&gt;&lt;td&gt;Longitude&lt;/td&gt;&lt;td&gt;84.61478871&lt;/td&gt;&lt;/tr&gt;&lt;tr&gt;&lt;td&gt;Easting (m)&lt;/td&gt;&lt;td&gt;256505.711&lt;/td&gt;&lt;/tr&gt;&lt;tr&gt;&lt;td&gt;Northing (m)&lt;/td&gt;&lt;td&gt;2605978.078&lt;/td&gt;&lt;/tr&gt;&lt;tr&gt;&lt;td&gt;Zone / Datum&lt;/td&gt;&lt;td&gt;UTM 45N / WGS84&lt;/td&gt;&lt;/tr&gt;&lt;/table&gt;</desc></wpt>
<wpt lat="0.00021237" lon="82.51201416"><ele>0.000</ele><name>A-BP134</name><desc>&lt;table border=&quot;1&quot; cellpadding=&quot;4&quot; cellspacing=&quot;0&quot; style=&quot;border-collapse:collapse;font-family:Arial;font-size:12px&quot;&gt;&lt;tr&gt;&lt;th align=&quot;left&quot;&gt;Parameter&lt;/th&gt;&lt;th align=&quot;left&quot;&gt;Value&lt;/th&gt;&lt;/tr&gt;&lt;tr&gt;&lt;td&gt;Pillar&lt;/td&gt;&lt;td&gt;A-BP134&lt;/td&gt;&lt;/tr&gt;&lt;tr&gt;&lt;td&gt;Lease&lt;/td&gt;&lt;td&gt;Pakhar 115.13 Ha - Block A&lt;/td&gt;&lt;/tr&gt;&lt;tr&gt;&lt;td&gt;Latitude&lt;/td&gt;&lt;td&gt;23.54598753&lt;/td&gt;&lt;/tr&gt;&lt;tr&gt;&lt;td&gt;Longitude&lt;/td&gt;&lt;td&gt;84.61452860&lt;/td&gt;&lt;/tr&gt;&lt;tr&gt;&lt;td&gt;Easting (m)&lt;/td&gt;&lt;td&gt;256479.312&lt;/td&gt;&lt;/tr&gt;&lt;tr&gt;&lt;td&gt;Northing (m)&lt;/td&gt;&lt;td&gt;2605988.468&lt;/td&gt;&lt;/tr&gt;&lt;tr&gt;&lt;td&gt;Zone / Datum&lt;/td&gt;&lt;td&gt;UTM 45N / WGS84&lt;/td&gt;&lt;/tr&gt;&lt;/table&gt;</desc></wpt>
<wpt lat="0.00021237" lon="82.51201416"><ele>0.000</ele><name>A-BP135</name><desc>&lt;table border=&quot;1&quot; cellpadding=&quot;4&quot; cellspacing=&quot;0&quot; style=&quot;border-collapse:collapse;font-family:Arial;font-size:12px&quot;&gt;&lt;tr&gt;&lt;th align=&quot;left&quot;&gt;Parameter&lt;/th&gt;&lt;th align=&quot;left&quot;&gt;Value&lt;/th&gt;&lt;/tr&gt;&lt;tr&gt;&lt;td&gt;Pillar&lt;/td&gt;&lt;td&gt;A-BP135&lt;/td&gt;&lt;/tr&gt;&lt;tr&gt;&lt;td&gt;Lease&lt;/td&gt;&lt;td&gt;Pakhar 115.13 Ha - Block A&lt;/td&gt;&lt;/tr&gt;&lt;tr&gt;&lt;td&gt;Latitude&lt;/td&gt;&lt;td&gt;23.54577016&lt;/td&gt;&lt;/tr&gt;&lt;tr&gt;&lt;td&gt;Longitude&lt;/td&gt;&lt;td&gt;84.61432195&lt;/td&gt;&lt;/tr&gt;&lt;tr&gt;&lt;td&gt;Easting (m)&lt;/td&gt;&lt;td&gt;256457.807&lt;/td&gt;&lt;/tr&gt;&lt;tr&gt;&lt;td&gt;Northing (m)&lt;/td&gt;&lt;td&gt;2605964.741&lt;/td&gt;&lt;/tr&gt;&lt;tr&gt;&lt;td&gt;Zone / Datum&lt;/td&gt;&lt;td&gt;UTM 45N / WGS84&lt;/td&gt;&lt;/tr&gt;&lt;/table&gt;</desc></wpt>
<wpt lat="0.00021237" lon="82.51201416"><ele>0.000</ele><name>A-BP136</name><desc>&lt;table border=&quot;1&quot; cellpadding=&quot;4&quot; cellspacing=&quot;0&quot; style=&quot;border-collapse:collapse;font-family:Arial;font-size:12px&quot;&gt;&lt;tr&gt;&lt;th align=&quot;left&quot;&gt;Parameter&lt;/th&gt;&lt;th align=&quot;left&quot;&gt;Value&lt;/th&gt;&lt;/tr&gt;&lt;tr&gt;&lt;td&gt;Pillar&lt;/td&gt;&lt;td&gt;A-BP136&lt;/td&gt;&lt;/tr&gt;&lt;tr&gt;&lt;td&gt;Lease&lt;/td&gt;&lt;td&gt;Pakhar 115.13 Ha - Block A&lt;/td&gt;&lt;/tr&gt;&lt;tr&gt;&lt;td&gt;Latitude&lt;/td&gt;&lt;td&gt;23.54571840&lt;/td&gt;&lt;/tr&gt;&lt;tr&gt;&lt;td&gt;Longitude&lt;/td&gt;&lt;td&gt;84.61439011&lt;/td&gt;&lt;/tr&gt;&lt;tr&gt;&lt;td&gt;Easting (m)&lt;/td&gt;&lt;td&gt;256464.673&lt;/td&gt;&lt;/tr&gt;&lt;tr&gt;&lt;td&gt;Northing (m)&lt;/td&gt;&lt;td&gt;2605958.892&lt;/td&gt;&lt;/tr&gt;&lt;tr&gt;&lt;td&gt;Zone / Datum&lt;/td&gt;&lt;td&gt;UTM 45N / WGS84&lt;/td&gt;&lt;/tr&gt;&lt;/table&gt;</desc></wpt>
<wpt lat="0.00021237" lon="82.51201416"><ele>0.000</ele><name>A-BP137</name><desc>&lt;table border=&quot;1&quot; cellpadding=&quot;4&quot; cellspacing=&quot;0&quot; style=&quot;border-collapse:collapse;font-family:Arial;font-size:12px&quot;&gt;&lt;tr&gt;&lt;th align=&quot;left&quot;&gt;Parameter&lt;/th&gt;&lt;th align=&quot;left&quot;&gt;Value&lt;/th&gt;&lt;/tr&gt;&lt;tr&gt;&lt;td&gt;Pillar&lt;/td&gt;&lt;td&gt;A-BP137&lt;/td&gt;&lt;/tr&gt;&lt;tr&gt;&lt;td&gt;Lease&lt;/td&gt;&lt;td&gt;Pakhar 115.13 Ha - Block A&lt;/td&gt;&lt;/tr&gt;&lt;tr&gt;&lt;td&gt;Latitude&lt;/td&gt;&lt;td&gt;23.54569557&lt;/td&gt;&lt;/tr&gt;&lt;tr&gt;&lt;td&gt;Longitude&lt;/td&gt;&lt;td&gt;84.61452788&lt;/td&gt;&lt;/tr&gt;&lt;tr&gt;&lt;td&gt;Easting (m)&lt;/td&gt;&lt;td&gt;256478.701&lt;/td&gt;&lt;/tr&gt;&lt;tr&gt;&lt;td&gt;Northing (m)&lt;/td&gt;&lt;td&gt;2605956.128&lt;/td&gt;&lt;/tr&gt;&lt;tr&gt;&lt;td&gt;Zone / Datum&lt;/td&gt;&lt;td&gt;UTM 45N / WGS84&lt;/td&gt;&lt;/tr&gt;&lt;/table&gt;</desc></wpt>
<wpt lat="0.00021237" lon="82.51201417"><ele>0.000</ele><name>A-BP138</name><desc>&lt;table border=&quot;1&quot; cellpadding=&quot;4&quot; cellspacing=&quot;0&quot; style=&quot;border-collapse:collapse;font-family:Arial;font-size:12px&quot;&gt;&lt;tr&gt;&lt;th align=&quot;left&quot;&gt;Parameter&lt;/th&gt;&lt;th align=&quot;left&quot;&gt;Value&lt;/th&gt;&lt;/tr&gt;&lt;tr&gt;&lt;td&gt;Pillar&lt;/td&gt;&lt;td&gt;A-BP138&lt;/td&gt;&lt;/tr&gt;&lt;tr&gt;&lt;td&gt;Lease&lt;/td&gt;&lt;td&gt;Pakhar 115.13 Ha - Block A&lt;/td&gt;&lt;/tr&gt;&lt;tr&gt;&lt;td&gt;Latitude&lt;/td&gt;&lt;td&gt;23.54546219&lt;/td&gt;&lt;/tr&gt;&lt;tr&gt;&lt;td&gt;Longitude&lt;/td&gt;&lt;td&gt;84.61494688&lt;/td&gt;&lt;/tr&gt;&lt;tr&gt;&lt;td&gt;Easting (m)&lt;/td&gt;&lt;td&gt;256521.061&lt;/td&gt;&lt;/tr&gt;&lt;tr&gt;&lt;td&gt;Northing (m)&lt;/td&gt;&lt;td&gt;2605929.564&lt;/td&gt;&lt;/tr&gt;&lt;tr&gt;&lt;td&gt;Zone / Datum&lt;/td&gt;&lt;td&gt;UTM 45N / WGS84&lt;/td&gt;&lt;/tr&gt;&lt;/table&gt;</desc></wpt>
<wpt lat="0.00021237" lon="82.51201417"><ele>0.000</ele><name>A-BP139</name><desc>&lt;table border=&quot;1&quot; cellpadding=&quot;4&quot; cellspacing=&quot;0&quot; style=&quot;border-collapse:collapse;font-family:Arial;font-size:12px&quot;&gt;&lt;tr&gt;&lt;th align=&quot;left&quot;&gt;Parameter&lt;/th&gt;&lt;th align=&quot;left&quot;&gt;Value&lt;/th&gt;&lt;/tr&gt;&lt;tr&gt;&lt;td&gt;Pillar&lt;/td&gt;&lt;td&gt;A-BP139&lt;/td&gt;&lt;/tr&gt;&lt;tr&gt;&lt;td&gt;Lease&lt;/td&gt;&lt;td&gt;Pakhar 115.13 Ha - Block A&lt;/td&gt;&lt;/tr&gt;&lt;tr&gt;&lt;td&gt;Latitude&lt;/td&gt;&lt;td&gt;23.54540039&lt;/td&gt;&lt;/tr&gt;&lt;tr&gt;&lt;td&gt;Longitude&lt;/td&gt;&lt;td&gt;84.61501829&lt;/td&gt;&lt;/tr&gt;&lt;tr&gt;&lt;td&gt;Easting (m)&lt;/td&gt;&lt;td&gt;256528.240&lt;/td&gt;&lt;/tr&gt;&lt;tr&gt;&lt;td&gt;Northing (m)&lt;/td&gt;&lt;td&gt;2605922.597&lt;/td&gt;&lt;/tr&gt;&lt;tr&gt;&lt;td&gt;Zone / Datum&lt;/td&gt;&lt;td&gt;UTM 45N / WGS84&lt;/td&gt;&lt;/tr&gt;&lt;/table&gt;</desc></wpt>
<wpt lat="0.00021236" lon="82.51201417"><ele>0.000</ele><name>A-BP140</name><desc>&lt;table border=&quot;1&quot; cellpadding=&quot;4&quot; cellspacing=&quot;0&quot; style=&quot;border-collapse:collapse;font-family:Arial;font-size:12px&quot;&gt;&lt;tr&gt;&lt;th align=&quot;left&quot;&gt;Parameter&lt;/th&gt;&lt;th align=&quot;left&quot;&gt;Value&lt;/th&gt;&lt;/tr&gt;&lt;tr&gt;&lt;td&gt;Pillar&lt;/td&gt;&lt;td&gt;A-BP140&lt;/td&gt;&lt;/tr&gt;&lt;tr&gt;&lt;td&gt;Lease&lt;/td&gt;&lt;td&gt;Pakhar 115.13 Ha - Block A&lt;/td&gt;&lt;/tr&gt;&lt;tr&gt;&lt;td&gt;Latitude&lt;/td&gt;&lt;td&gt;23.54535542&lt;/td&gt;&lt;/tr&gt;&lt;tr&gt;&lt;td&gt;Longitude&lt;/td&gt;&lt;td&gt;84.61499223&lt;/td&gt;&lt;/tr&gt;&lt;tr&gt;&lt;td&gt;Easting (m)&lt;/td&gt;&lt;td&gt;256525.496&lt;/td&gt;&lt;/tr&gt;&lt;tr&gt;&lt;td&gt;Northing (m)&lt;/td&gt;&lt;td&gt;2605917.660&lt;/td&gt;&lt;/tr&gt;&lt;tr&gt;&lt;td&gt;Zone / Datum&lt;/td&gt;&lt;td&gt;UTM 45N / WGS84&lt;/td&gt;&lt;/tr&gt;&lt;/table&gt;</desc></wpt>
<wpt lat="0.00021236" lon="82.51201417"><ele>0.000</ele><name>A-BP141</name><desc>&lt;table border=&quot;1&quot; cellpadding=&quot;4&quot; cellspacing=&quot;0&quot; style=&quot;border-collapse:collapse;font-family:Arial;font-size:12px&quot;&gt;&lt;tr&gt;&lt;th align=&quot;left&quot;&gt;Parameter&lt;/th&gt;&lt;th align=&quot;left&quot;&gt;Value&lt;/th&gt;&lt;/tr&gt;&lt;tr&gt;&lt;td&gt;Pillar&lt;/td&gt;&lt;td&gt;A-BP141&lt;/td&gt;&lt;/tr&gt;&lt;tr&gt;&lt;td&gt;Lease&lt;/td&gt;&lt;td&gt;Pakhar 115.13 Ha - Block A&lt;/td&gt;&lt;/tr&gt;&lt;tr&gt;&lt;td&gt;Latitude&lt;/td&gt;&lt;td&gt;23.54521087&lt;/td&gt;&lt;/tr&gt;&lt;tr&gt;&lt;td&gt;Longitude&lt;/td&gt;&lt;td&gt;84.61533666&lt;/td&gt;&lt;/tr&gt;&lt;tr&gt;&lt;td&gt;Easting (m)&lt;/td&gt;&lt;td&gt;256560.405&lt;/td&gt;&lt;/tr&gt;&lt;tr&gt;&lt;td&gt;Northing (m)&lt;/td&gt;&lt;td&gt;2605901.062&lt;/td&gt;&lt;/tr&gt;&lt;tr&gt;&lt;td&gt;Zone / Datum&lt;/td&gt;&lt;td&gt;UTM 45N / WGS84&lt;/td&gt;&lt;/tr&gt;&lt;/table&gt;</desc></wpt>
<wpt lat="0.00021236" lon="82.51201418"><ele>0.000</ele><name>A-BP142</name><desc>&lt;table border=&quot;1&quot; cellpadding=&quot;4&quot; cellspacing=&quot;0&quot; style=&quot;border-collapse:collapse;font-family:Arial;font-size:12px&quot;&gt;&lt;tr&gt;&lt;th align=&quot;left&quot;&gt;Parameter&lt;/th&gt;&lt;th align=&quot;left&quot;&gt;Value&lt;/th&gt;&lt;/tr&gt;&lt;tr&gt;&lt;td&gt;Pillar&lt;/td&gt;&lt;td&gt;A-BP142&lt;/td&gt;&lt;/tr&gt;&lt;tr&gt;&lt;td&gt;Lease&lt;/td&gt;&lt;td&gt;Pakhar 115.13 Ha - Block A&lt;/td&gt;&lt;/tr&gt;&lt;tr&gt;&lt;td&gt;Latitude&lt;/td&gt;&lt;td&gt;23.54521925&lt;/td&gt;&lt;/tr&gt;&lt;tr&gt;&lt;td&gt;Longitude&lt;/td&gt;&lt;td&gt;84.61582610&lt;/td&gt;&lt;/tr&gt;&lt;tr&gt;&lt;td&gt;Easting (m)&lt;/td&gt;&lt;td&gt;256610.405&lt;/td&gt;&lt;/tr&gt;&lt;tr&gt;&lt;td&gt;Northing (m)&lt;/td&gt;&lt;td&gt;2605901.159&lt;/td&gt;&lt;/tr&gt;&lt;tr&gt;&lt;td&gt;Zone / Datum&lt;/td&gt;&lt;td&gt;UTM 45N / WGS84&lt;/td&gt;&lt;/tr&gt;&lt;/table&gt;</desc></wpt>
<wpt lat="0.00021236" lon="82.51201418"><ele>0.000</ele><name>A-BP143</name><desc>&lt;table border=&quot;1&quot; cellpadding=&quot;4&quot; cellspacing=&quot;0&quot; style=&quot;border-collapse:collapse;font-family:Arial;font-size:12px&quot;&gt;&lt;tr&gt;&lt;th align=&quot;left&quot;&gt;Parameter&lt;/th&gt;&lt;th align=&quot;left&quot;&gt;Value&lt;/th&gt;&lt;/tr&gt;&lt;tr&gt;&lt;td&gt;Pillar&lt;/td&gt;&lt;td&gt;A-BP143&lt;/td&gt;&lt;/tr&gt;&lt;tr&gt;&lt;td&gt;Lease&lt;/td&gt;&lt;td&gt;Pakhar 115.13 Ha - Block A&lt;/td&gt;&lt;/tr&gt;&lt;tr&gt;&lt;td&gt;Latitude&lt;/td&gt;&lt;td&gt;23.54521658&lt;/td&gt;&lt;/tr&gt;&lt;tr&gt;&lt;td&gt;Longitude&lt;/td&gt;&lt;td&gt;84.61594164&lt;/td&gt;&lt;/tr&gt;&lt;tr&gt;&lt;td&gt;Easting (m)&lt;/td&gt;&lt;td&gt;256622.199&lt;/td&gt;&lt;/tr&gt;&lt;tr&gt;&lt;td&gt;Northing (m)&lt;/td&gt;&lt;td&gt;2605900.667&lt;/td&gt;&lt;/tr&gt;&lt;tr&gt;&lt;td&gt;Zone / Datum&lt;/td&gt;&lt;td&gt;UTM 45N / WGS84&lt;/td&gt;&lt;/tr&gt;&lt;/table&gt;</desc></wpt>
<wpt lat="0.00021236" lon="82.51201418"><ele>0.000</ele><name>A-BP144</name><desc>&lt;table border=&quot;1&quot; cellpadding=&quot;4&quot; cellspacing=&quot;0&quot; style=&quot;border-collapse:collapse;font-family:Arial;font-size:12px&quot;&gt;&lt;tr&gt;&lt;th align=&quot;left&quot;&gt;Parameter&lt;/th&gt;&lt;th align=&quot;left&quot;&gt;Value&lt;/th&gt;&lt;/tr&gt;&lt;tr&gt;&lt;td&gt;Pillar&lt;/td&gt;&lt;td&gt;A-BP144&lt;/td&gt;&lt;/tr&gt;&lt;tr&gt;&lt;td&gt;Lease&lt;/td&gt;&lt;td&gt;Pakhar 115.13 Ha - Block A&lt;/td&gt;&lt;/tr&gt;&lt;tr&gt;&lt;td&gt;Latitude&lt;/td&gt;&lt;td&gt;23.54511914&lt;/td&gt;&lt;/tr&gt;&lt;tr&gt;&lt;td&gt;Longitude&lt;/td&gt;&lt;td&gt;84.61613438&lt;/td&gt;&lt;/tr&gt;&lt;tr&gt;&lt;td&gt;Easting (m)&lt;/td&gt;&lt;td&gt;256641.703&lt;/td&gt;&lt;/tr&gt;&lt;tr&gt;&lt;td&gt;Northing (m)&lt;/td&gt;&lt;td&gt;2605889.546&lt;/td&gt;&lt;/tr&gt;&lt;tr&gt;&lt;td&gt;Zone / Datum&lt;/td&gt;&lt;td&gt;UTM 45N / WGS84&lt;/td&gt;&lt;/tr&gt;&lt;/table&gt;</desc></wpt>
<wpt lat="0.00021236" lon="82.51201418"><ele>0.000</ele><name>A-BP145</name><desc>&lt;table border=&quot;1&quot; cellpadding=&quot;4&quot; cellspacing=&quot;0&quot; style=&quot;border-collapse:collapse;font-family:Arial;font-size:12px&quot;&gt;&lt;tr&gt;&lt;th align=&quot;left&quot;&gt;Parameter&lt;/th&gt;&lt;th align=&quot;left&quot;&gt;Value&lt;/th&gt;&lt;/tr&gt;&lt;tr&gt;&lt;td&gt;Pillar&lt;/td&gt;&lt;td&gt;A-BP145&lt;/td&gt;&lt;/tr&gt;&lt;tr&gt;&lt;td&gt;Lease&lt;/td&gt;&lt;td&gt;Pakhar 115.13 Ha - Block A&lt;/td&gt;&lt;/tr&gt;&lt;tr&gt;&lt;td&gt;Latitude&lt;/td&gt;&lt;td&gt;23.54501136&lt;/td&gt;&lt;/tr&gt;&lt;tr&gt;&lt;td&gt;Longitude&lt;/td&gt;&lt;td&gt;84.61643490&lt;/td&gt;&lt;/tr&gt;&lt;tr&gt;&lt;td&gt;Easting (m)&lt;/td&gt;&lt;td&gt;256672.196&lt;/td&gt;&lt;/tr&gt;&lt;tr&gt;&lt;td&gt;Northing (m)&lt;/td&gt;&lt;td&gt;2605877.096&lt;/td&gt;&lt;/tr&gt;&lt;tr&gt;&lt;td&gt;Zone / Datum&lt;/td&gt;&lt;td&gt;UTM 45N / WGS84&lt;/td&gt;&lt;/tr&gt;&lt;/table&gt;</desc></wpt>
<wpt lat="0.00021236" lon="82.51201418"><ele>0.000</ele><name>A-BP146</name><desc>&lt;table border=&quot;1&quot; cellpadding=&quot;4&quot; cellspacing=&quot;0&quot; style=&quot;border-collapse:collapse;font-family:Arial;font-size:12px&quot;&gt;&lt;tr&gt;&lt;th align=&quot;left&quot;&gt;Parameter&lt;/th&gt;&lt;th align=&quot;left&quot;&gt;Value&lt;/th&gt;&lt;/tr&gt;&lt;tr&gt;&lt;td&gt;Pillar&lt;/td&gt;&lt;td&gt;A-BP146&lt;/td&gt;&lt;/tr&gt;&lt;tr&gt;&lt;td&gt;Lease&lt;/td&gt;&lt;td&gt;Pakhar 115.13 Ha - Block A&lt;/td&gt;&lt;/tr&gt;&lt;tr&gt;&lt;td&gt;Latitude&lt;/td&gt;&lt;td&gt;23.54489993&lt;/td&gt;&lt;/tr&gt;&lt;tr&gt;&lt;td&gt;Longitude&lt;/td&gt;&lt;td&gt;84.61641052&lt;/td&gt;&lt;/tr&gt;&lt;tr&gt;&lt;td&gt;Easting (m)&lt;/td&gt;&lt;td&gt;256669.501&lt;/td&gt;&lt;/tr&gt;&lt;tr&gt;&lt;td&gt;Northing (m)&lt;/td&gt;&lt;td&gt;2605864.794&lt;/td&gt;&lt;/tr&gt;&lt;tr&gt;&lt;td&gt;Zone / Datum&lt;/td&gt;&lt;td&gt;UTM 45N / WGS84&lt;/td&gt;&lt;/tr&gt;&lt;/table&gt;</desc></wpt>
<wpt lat="0.00021236" lon="82.51201418"><ele>0.000</ele><name>A-BP147</name><desc>&lt;table border=&quot;1&quot; cellpadding=&quot;4&quot; cellspacing=&quot;0&quot; style=&quot;border-collapse:collapse;font-family:Arial;font-size:12px&quot;&gt;&lt;tr&gt;&lt;th align=&quot;left&quot;&gt;Parameter&lt;/th&gt;&lt;th align=&quot;left&quot;&gt;Value&lt;/th&gt;&lt;/tr&gt;&lt;tr&gt;&lt;td&gt;Pillar&lt;/td&gt;&lt;td&gt;A-BP147&lt;/td&gt;&lt;/tr&gt;&lt;tr&gt;&lt;td&gt;Lease&lt;/td&gt;&lt;td&gt;Pakhar 115.13 Ha - Block A&lt;/td&gt;&lt;/tr&gt;&lt;tr&gt;&lt;td&gt;Latitude&lt;/td&gt;&lt;td&gt;23.54501484&lt;/td&gt;&lt;/tr&gt;&lt;tr&gt;&lt;td&gt;Longitude&lt;/td&gt;&lt;td&gt;84.61593713&lt;/td&gt;&lt;/tr&gt;&lt;tr&gt;&lt;td&gt;Easting (m)&lt;/td&gt;&lt;td&gt;256621.367&lt;/td&gt;&lt;/tr&gt;&lt;tr&gt;&lt;td&gt;Northing (m)&lt;/td&gt;&lt;td&gt;2605878.327&lt;/td&gt;&lt;/tr&gt;&lt;tr&gt;&lt;td&gt;Zone / Datum&lt;/td&gt;&lt;td&gt;UTM 45N / WGS84&lt;/td&gt;&lt;/tr&gt;&lt;/table&gt;</desc></wpt>
<wpt lat="0.00021236" lon="82.51201417"><ele>0.000</ele><name>A-BP148</name><desc>&lt;table border=&quot;1&quot; cellpadding=&quot;4&quot; cellspacing=&quot;0&quot; style=&quot;border-collapse:collapse;font-family:Arial;font-size:12px&quot;&gt;&lt;tr&gt;&lt;th align=&quot;left&quot;&gt;Parameter&lt;/th&gt;&lt;th align=&quot;left&quot;&gt;Value&lt;/th&gt;&lt;/tr&gt;&lt;tr&gt;&lt;td&gt;Pillar&lt;/td&gt;&lt;td&gt;A-BP148&lt;/td&gt;&lt;/tr&gt;&lt;tr&gt;&lt;td&gt;Lease&lt;/td&gt;&lt;td&gt;Pakhar 115.13 Ha - Block A&lt;/td&gt;&lt;/tr&gt;&lt;tr&gt;&lt;td&gt;Latitude&lt;/td&gt;&lt;td&gt;23.54507337&lt;/td&gt;&lt;/tr&gt;&lt;tr&gt;&lt;td&gt;Longitude&lt;/td&gt;&lt;td&gt;84.61545174&lt;/td&gt;&lt;/tr&gt;&lt;tr&gt;&lt;td&gt;Easting (m)&lt;/td&gt;&lt;td&gt;256571.904&lt;/td&gt;&lt;/tr&gt;&lt;tr&gt;&lt;td&gt;Northing (m)&lt;/td&gt;&lt;td&gt;2605885.635&lt;/td&gt;&lt;/tr&gt;&lt;tr&gt;&lt;td&gt;Zone / Datum&lt;/td&gt;&lt;td&gt;UTM 45N / WGS84&lt;/td&gt;&lt;/tr&gt;&lt;/table&gt;</desc></wpt>
<wpt lat="0.00021236" lon="82.51201417"><ele>0.000</ele><name>A-BP149</name><desc>&lt;table border=&quot;1&quot; cellpadding=&quot;4&quot; cellspacing=&quot;0&quot; style=&quot;border-collapse:collapse;font-family:Arial;font-size:12px&quot;&gt;&lt;tr&gt;&lt;th align=&quot;left&quot;&gt;Parameter&lt;/th&gt;&lt;th align=&quot;left&quot;&gt;Value&lt;/th&gt;&lt;/tr&gt;&lt;tr&gt;&lt;td&gt;Pillar&lt;/td&gt;&lt;td&gt;A-BP149&lt;/td&gt;&lt;/tr&gt;&lt;tr&gt;&lt;td&gt;Lease&lt;/td&gt;&lt;td&gt;Pakhar 115.13 Ha - Block A&lt;/td&gt;&lt;/tr&gt;&lt;tr&gt;&lt;td&gt;Latitude&lt;/td&gt;&lt;td&gt;23.54509023&lt;/td&gt;&lt;/tr&gt;&lt;tr&gt;&lt;td&gt;Longitude&lt;/td&gt;&lt;td&gt;84.61528598&lt;/td&gt;&lt;/tr&gt;&lt;tr&gt;&lt;td&gt;Easting (m)&lt;/td&gt;&lt;td&gt;256555.007&lt;/td&gt;&lt;/tr&gt;&lt;tr&gt;&lt;td&gt;Northing (m)&lt;/td&gt;&lt;td&gt;2605887.785&lt;/td&gt;&lt;/tr&gt;&lt;tr&gt;&lt;td&gt;Zone / Datum&lt;/td&gt;&lt;td&gt;UTM 45N / WGS84&lt;/td&gt;&lt;/tr&gt;&lt;/table&gt;</desc></wpt>
<wpt lat="0.00021236" lon="82.51201417"><ele>0.000</ele><name>A-BP150</name><desc>&lt;table border=&quot;1&quot; cellpadding=&quot;4&quot; cellspacing=&quot;0&quot; style=&quot;border-collapse:collapse;font-family:Arial;font-size:12px&quot;&gt;&lt;tr&gt;&lt;th align=&quot;left&quot;&gt;Parameter&lt;/th&gt;&lt;th align=&quot;left&quot;&gt;Value&lt;/th&gt;&lt;/tr&gt;&lt;tr&gt;&lt;td&gt;Pillar&lt;/td&gt;&lt;td&gt;A-BP150&lt;/td&gt;&lt;/tr&gt;&lt;tr&gt;&lt;td&gt;Lease&lt;/td&gt;&lt;td&gt;Pakhar 115.13 Ha - Block A&lt;/td&gt;&lt;/tr&gt;&lt;tr&gt;&lt;td&gt;Latitude&lt;/td&gt;&lt;td&gt;23.54514698&lt;/td&gt;&lt;/tr&gt;&lt;tr&gt;&lt;td&gt;Longitude&lt;/td&gt;&lt;td&gt;84.61517391&lt;/td&gt;&lt;/tr&gt;&lt;tr&gt;&lt;td&gt;Easting (m)&lt;/td&gt;&lt;td&gt;256543.666&lt;/td&gt;&lt;/tr&gt;&lt;tr&gt;&lt;td&gt;Northing (m)&lt;/td&gt;&lt;td&gt;2605894.262&lt;/td&gt;&lt;/tr&gt;&lt;tr&gt;&lt;td&gt;Zone / Datum&lt;/td&gt;&lt;td&gt;UTM 45N / WGS84&lt;/td&gt;&lt;/tr&gt;&lt;/table&gt;</desc></wpt>
<wpt lat="0.00021236" lon="82.51201417"><ele>0.000</ele><name>A-BP151</name><desc>&lt;table border=&quot;1&quot; cellpadding=&quot;4&quot; cellspacing=&quot;0&quot; style=&quot;border-collapse:collapse;font-family:Arial;font-size:12px&quot;&gt;&lt;tr&gt;&lt;th align=&quot;left&quot;&gt;Parameter&lt;/th&gt;&lt;th align=&quot;left&quot;&gt;Value&lt;/th&gt;&lt;/tr&gt;&lt;tr&gt;&lt;td&gt;Pillar&lt;/td&gt;&lt;td&gt;A-BP151&lt;/td&gt;&lt;/tr&gt;&lt;tr&gt;&lt;td&gt;Lease&lt;/td&gt;&lt;td&gt;Pakhar 115.13 Ha - Block A&lt;/td&gt;&lt;/tr&gt;&lt;tr&gt;&lt;td&gt;Latitude&lt;/td&gt;&lt;td&gt;23.54513770&lt;/td&gt;&lt;/tr&gt;&lt;tr&gt;&lt;td&gt;Longitude&lt;/td&gt;&lt;td&gt;84.61515214&lt;/td&gt;&lt;/tr&gt;&lt;tr&gt;&lt;td&gt;Easting (m)&lt;/td&gt;&lt;td&gt;256541.425&lt;/td&gt;&lt;/tr&gt;&lt;tr&gt;&lt;td&gt;Northing (m)&lt;/td&gt;&lt;td&gt;2605893.271&lt;/td&gt;&lt;/tr&gt;&lt;tr&gt;&lt;td&gt;Zone / Datum&lt;/td&gt;&lt;td&gt;UTM 45N / WGS84&lt;/td&gt;&lt;/tr&gt;&lt;/table&gt;</desc></wpt>
<wpt lat="0.00021236" lon="82.51201417"><ele>0.000</ele><name>A-BP152</name><desc>&lt;table border=&quot;1&quot; cellpadding=&quot;4&quot; cellspacing=&quot;0&quot; style=&quot;border-collapse:collapse;font-family:Arial;font-size:12px&quot;&gt;&lt;tr&gt;&lt;th align=&quot;left&quot;&gt;Parameter&lt;/th&gt;&lt;th align=&quot;left&quot;&gt;Value&lt;/th&gt;&lt;/tr&gt;&lt;tr&gt;&lt;td&gt;Pillar&lt;/td&gt;&lt;td&gt;A-BP152&lt;/td&gt;&lt;/tr&gt;&lt;tr&gt;&lt;td&gt;Lease&lt;/td&gt;&lt;td&gt;Pakhar 115.13 Ha - Block A&lt;/td&gt;&lt;/tr&gt;&lt;tr&gt;&lt;td&gt;Latitude&lt;/td&gt;&lt;td&gt;23.54534156&lt;/td&gt;&lt;/tr&gt;&lt;tr&gt;&lt;td&gt;Longitude&lt;/td&gt;&lt;td&gt;84.61471540&lt;/td&gt;&lt;/tr&gt;&lt;tr&gt;&lt;td&gt;Easting (m)&lt;/td&gt;&lt;td&gt;256497.199&lt;/td&gt;&lt;/tr&gt;&lt;tr&gt;&lt;td&gt;Northing (m)&lt;/td&gt;&lt;td&gt;2605916.595&lt;/td&gt;&lt;/tr&gt;&lt;tr&gt;&lt;td&gt;Zone / Datum&lt;/td&gt;&lt;td&gt;UTM 45N / WGS84&lt;/td&gt;&lt;/tr&gt;&lt;/table&gt;</desc></wpt>
<wpt lat="0.00021236" lon="82.51201417"><ele>0.000</ele><name>A-BP153</name><desc>&lt;table border=&quot;1&quot; cellpadding=&quot;4&quot; cellspacing=&quot;0&quot; style=&quot;border-collapse:collapse;font-family:Arial;font-size:12px&quot;&gt;&lt;tr&gt;&lt;th align=&quot;left&quot;&gt;Parameter&lt;/th&gt;&lt;th align=&quot;left&quot;&gt;Value&lt;/th&gt;&lt;/tr&gt;&lt;tr&gt;&lt;td&gt;Pillar&lt;/td&gt;&lt;td&gt;A-BP153&lt;/td&gt;&lt;/tr&gt;&lt;tr&gt;&lt;td&gt;Lease&lt;/td&gt;&lt;td&gt;Pakhar 115.13 Ha - Block A&lt;/td&gt;&lt;/tr&gt;&lt;tr&gt;&lt;td&gt;Latitude&lt;/td&gt;&lt;td&gt;23.54537006&lt;/td&gt;&lt;/tr&gt;&lt;tr&gt;&lt;td&gt;Longitude&lt;/td&gt;&lt;td&gt;84.61464995&lt;/td&gt;&lt;/tr&gt;&lt;tr&gt;&lt;td&gt;Easting (m)&lt;/td&gt;&lt;td&gt;256490.567&lt;/td&gt;&lt;/tr&gt;&lt;tr&gt;&lt;td&gt;Northing (m)&lt;/td&gt;&lt;td&gt;2605919.863&lt;/td&gt;&lt;/tr&gt;&lt;tr&gt;&lt;td&gt;Zone / Datum&lt;/td&gt;&lt;td&gt;UTM 45N / WGS84&lt;/td&gt;&lt;/tr&gt;&lt;/table&gt;</desc></wpt>
<wpt lat="0.00021236" lon="82.51201416"><ele>0.000</ele><name>A-BP154</name><desc>&lt;table border=&quot;1&quot; cellpadding=&quot;4&quot; cellspacing=&quot;0&quot; style=&quot;border-collapse:collapse;font-family:Arial;font-size:12px&quot;&gt;&lt;tr&gt;&lt;th align=&quot;left&quot;&gt;Parameter&lt;/th&gt;&lt;th align=&quot;left&quot;&gt;Value&lt;/th&gt;&lt;/tr&gt;&lt;tr&gt;&lt;td&gt;Pillar&lt;/td&gt;&lt;td&gt;A-BP154&lt;/td&gt;&lt;/tr&gt;&lt;tr&gt;&lt;td&gt;Lease&lt;/td&gt;&lt;td&gt;Pakhar 115.13 Ha - Block A&lt;/td&gt;&lt;/tr&gt;&lt;tr&gt;&lt;td&gt;Latitude&lt;/td&gt;&lt;td&gt;23.54536470&lt;/td&gt;&lt;/tr&gt;&lt;tr&gt;&lt;td&gt;Longitude&lt;/td&gt;&lt;td&gt;84.61454609&lt;/td&gt;&lt;/tr&gt;&lt;tr&gt;&lt;td&gt;Easting (m)&lt;/td&gt;&lt;td&gt;256479.950&lt;/td&gt;&lt;/tr&gt;&lt;tr&gt;&lt;td&gt;Northing (m)&lt;/td&gt;&lt;td&gt;2605919.446&lt;/td&gt;&lt;/tr&gt;&lt;tr&gt;&lt;td&gt;Zone / Datum&lt;/td&gt;&lt;td&gt;UTM 45N / WGS84&lt;/td&gt;&lt;/tr&gt;&lt;/table&gt;</desc></wpt>
<wpt lat="0.00021236" lon="82.51201416"><ele>0.000</ele><name>A-BP155</name><desc>&lt;table border=&quot;1&quot; cellpadding=&quot;4&quot; cellspacing=&quot;0&quot; style=&quot;border-collapse:collapse;font-family:Arial;font-size:12px&quot;&gt;&lt;tr&gt;&lt;th align=&quot;left&quot;&gt;Parameter&lt;/th&gt;&lt;th align=&quot;left&quot;&gt;Value&lt;/th&gt;&lt;/tr&gt;&lt;tr&gt;&lt;td&gt;Pillar&lt;/td&gt;&lt;td&gt;A-BP155&lt;/td&gt;&lt;/tr&gt;&lt;tr&gt;&lt;td&gt;Lease&lt;/td&gt;&lt;td&gt;Pakhar 115.13 Ha - Block A&lt;/td&gt;&lt;/tr&gt;&lt;tr&gt;&lt;td&gt;Latitude&lt;/td&gt;&lt;td&gt;23.54528261&lt;/td&gt;&lt;/tr&gt;&lt;tr&gt;&lt;td&gt;Longitude&lt;/td&gt;&lt;td&gt;84.61446685&lt;/td&gt;&lt;/tr&gt;&lt;tr&gt;&lt;td&gt;Easting (m)&lt;/td&gt;&lt;td&gt;256471.707&lt;/td&gt;&lt;/tr&gt;&lt;tr&gt;&lt;td&gt;Northing (m)&lt;/td&gt;&lt;td&gt;2605910.487&lt;/td&gt;&lt;/tr&gt;&lt;tr&gt;&lt;td&gt;Zone / Datum&lt;/td&gt;&lt;td&gt;UTM 45N / WGS84&lt;/td&gt;&lt;/tr&gt;&lt;/table&gt;</desc></wpt>
<wpt lat="0.00021236" lon="82.51201417"><ele>0.000</ele><name>A-BP156</name><desc>&lt;table border=&quot;1&quot; cellpadding=&quot;4&quot; cellspacing=&quot;0&quot; style=&quot;border-collapse:collapse;font-family:Arial;font-size:12px&quot;&gt;&lt;tr&gt;&lt;th align=&quot;left&quot;&gt;Parameter&lt;/th&gt;&lt;th align=&quot;left&quot;&gt;Value&lt;/th&gt;&lt;/tr&gt;&lt;tr&gt;&lt;td&gt;Pillar&lt;/td&gt;&lt;td&gt;A-BP156&lt;/td&gt;&lt;/tr&gt;&lt;tr&gt;&lt;td&gt;Lease&lt;/td&gt;&lt;td&gt;Pakhar 115.13 Ha - Block A&lt;/td&gt;&lt;/tr&gt;&lt;tr&gt;&lt;td&gt;Latitude&lt;/td&gt;&lt;td&gt;23.54510100&lt;/td&gt;&lt;/tr&gt;&lt;tr&gt;&lt;td&gt;Longitude&lt;/td&gt;&lt;td&gt;84.61491499&lt;/td&gt;&lt;/tr&gt;&lt;tr&gt;&lt;td&gt;Easting (m)&lt;/td&gt;&lt;td&gt;256517.139&lt;/td&gt;&lt;/tr&gt;&lt;tr&gt;&lt;td&gt;Northing (m)&lt;/td&gt;&lt;td&gt;2605889.608&lt;/td&gt;&lt;/tr&gt;&lt;tr&gt;&lt;td&gt;Zone / Datum&lt;/td&gt;&lt;td&gt;UTM 45N / WGS84&lt;/td&gt;&lt;/tr&gt;&lt;/table&gt;</desc></wpt>
<wpt lat="0.00021236" lon="82.51201417"><ele>0.000</ele><name>A-BP157</name><desc>&lt;table border=&quot;1&quot; cellpadding=&quot;4&quot; cellspacing=&quot;0&quot; style=&quot;border-collapse:collapse;font-family:Arial;font-size:12px&quot;&gt;&lt;tr&gt;&lt;th align=&quot;left&quot;&gt;Parameter&lt;/th&gt;&lt;th align=&quot;left&quot;&gt;Value&lt;/th&gt;&lt;/tr&gt;&lt;tr&gt;&lt;td&gt;Pillar&lt;/td&gt;&lt;td&gt;A-BP157&lt;/td&gt;&lt;/tr&gt;&lt;tr&gt;&lt;td&gt;Lease&lt;/td&gt;&lt;td&gt;Pakhar 115.13 Ha - Block A&lt;/td&gt;&lt;/tr&gt;&lt;tr&gt;&lt;td&gt;Latitude&lt;/td&gt;&lt;td&gt;23.54503063&lt;/td&gt;&lt;/tr&gt;&lt;tr&gt;&lt;td&gt;Longitude&lt;/td&gt;&lt;td&gt;84.61503792&lt;/td&gt;&lt;/tr&gt;&lt;tr&gt;&lt;td&gt;Easting (m)&lt;/td&gt;&lt;td&gt;256529.563&lt;/td&gt;&lt;/tr&gt;&lt;tr&gt;&lt;td&gt;Northing (m)&lt;/td&gt;&lt;td&gt;2605881.604&lt;/td&gt;&lt;/tr&gt;&lt;tr&gt;&lt;td&gt;Zone / Datum&lt;/td&gt;&lt;td&gt;UTM 45N / WGS84&lt;/td&gt;&lt;/tr&gt;&lt;/table&gt;</desc></wpt>
<wpt lat="0.00021236" lon="82.51201417"><ele>0.000</ele><name>A-BP158</name><desc>&lt;table border=&quot;1&quot; cellpadding=&quot;4&quot; cellspacing=&quot;0&quot; style=&quot;border-collapse:collapse;font-family:Arial;font-size:12px&quot;&gt;&lt;tr&gt;&lt;th align=&quot;left&quot;&gt;Parameter&lt;/th&gt;&lt;th align=&quot;left&quot;&gt;Value&lt;/th&gt;&lt;/tr&gt;&lt;tr&gt;&lt;td&gt;Pillar&lt;/td&gt;&lt;td&gt;A-BP158&lt;/td&gt;&lt;/tr&gt;&lt;tr&gt;&lt;td&gt;Lease&lt;/td&gt;&lt;td&gt;Pakhar 115.13 Ha - Block A&lt;/td&gt;&lt;/tr&gt;&lt;tr&gt;&lt;td&gt;Latitude&lt;/td&gt;&lt;td&gt;23.54491356&lt;/td&gt;&lt;/tr&gt;&lt;tr&gt;&lt;td&gt;Longitude&lt;/td&gt;&lt;td&gt;84.61498295&lt;/td&gt;&lt;/tr&gt;&lt;tr&gt;&lt;td&gt;Easting (m)&lt;/td&gt;&lt;td&gt;256523.734&lt;/td&gt;&lt;/tr&gt;&lt;tr&gt;&lt;td&gt;Northing (m)&lt;/td&gt;&lt;td&gt;2605868.729&lt;/td&gt;&lt;/tr&gt;&lt;tr&gt;&lt;td&gt;Zone / Datum&lt;/td&gt;&lt;td&gt;UTM 45N / WGS84&lt;/td&gt;&lt;/tr&gt;&lt;/table&gt;</desc></wpt>
<wpt lat="0.00021236" lon="82.51201417"><ele>0.000</ele><name>A-BP159</name><desc>&lt;table border=&quot;1&quot; cellpadding=&quot;4&quot; cellspacing=&quot;0&quot; style=&quot;border-collapse:collapse;font-family:Arial;font-size:12px&quot;&gt;&lt;tr&gt;&lt;th align=&quot;left&quot;&gt;Parameter&lt;/th&gt;&lt;th align=&quot;left&quot;&gt;Value&lt;/th&gt;&lt;/tr&gt;&lt;tr&gt;&lt;td&gt;Pillar&lt;/td&gt;&lt;td&gt;A-BP159&lt;/td&gt;&lt;/tr&gt;&lt;tr&gt;&lt;td&gt;Lease&lt;/td&gt;&lt;td&gt;Pakhar 115.13 Ha - Block A&lt;/td&gt;&lt;/tr&gt;&lt;tr&gt;&lt;td&gt;Latitude&lt;/td&gt;&lt;td&gt;23.54484039&lt;/td&gt;&lt;/tr&gt;&lt;tr&gt;&lt;td&gt;Longitude&lt;/td&gt;&lt;td&gt;84.61502115&lt;/td&gt;&lt;/tr&gt;&lt;tr&gt;&lt;td&gt;Easting (m)&lt;/td&gt;&lt;td&gt;256527.500&lt;/td&gt;&lt;/tr&gt;&lt;tr&gt;&lt;td&gt;Northing (m)&lt;/td&gt;&lt;td&gt;2605860.559&lt;/td&gt;&lt;/tr&gt;&lt;tr&gt;&lt;td&gt;Zone / Datum&lt;/td&gt;&lt;td&gt;UTM 45N / WGS84&lt;/td&gt;&lt;/tr&gt;&lt;/table&gt;</desc></wpt>
<wpt lat="0.00021236" lon="82.51201417"><ele>0.000</ele><name>A-BP160</name><desc>&lt;table border=&quot;1&quot; cellpadding=&quot;4&quot; cellspacing=&quot;0&quot; style=&quot;border-collapse:collapse;font-family:Arial;font-size:12px&quot;&gt;&lt;tr&gt;&lt;th align=&quot;left&quot;&gt;Parameter&lt;/th&gt;&lt;th align=&quot;left&quot;&gt;Value&lt;/th&gt;&lt;/tr&gt;&lt;tr&gt;&lt;td&gt;Pillar&lt;/td&gt;&lt;td&gt;A-BP160&lt;/td&gt;&lt;/tr&gt;&lt;tr&gt;&lt;td&gt;Lease&lt;/td&gt;&lt;td&gt;Pakhar 115.13 Ha - Block A&lt;/td&gt;&lt;/tr&gt;&lt;tr&gt;&lt;td&gt;Latitude&lt;/td&gt;&lt;td&gt;23.54479542&lt;/td&gt;&lt;/tr&gt;&lt;tr&gt;&lt;td&gt;Longitude&lt;/td&gt;&lt;td&gt;84.61510681&lt;/td&gt;&lt;/tr&gt;&lt;tr&gt;&lt;td&gt;Easting (m)&lt;/td&gt;&lt;td&gt;256536.165&lt;/td&gt;&lt;/tr&gt;&lt;tr&gt;&lt;td&gt;Northing (m)&lt;/td&gt;&lt;td&gt;2605855.432&lt;/td&gt;&lt;/tr&gt;&lt;tr&gt;&lt;td&gt;Zone / Datum&lt;/td&gt;&lt;td&gt;UTM 45N / WGS84&lt;/td&gt;&lt;/tr&gt;&lt;/table&gt;</desc></wpt>
<wpt lat="0.00021236" lon="82.51201417"><ele>0.000</ele><name>A-BP161</name><desc>&lt;table border=&quot;1&quot; cellpadding=&quot;4&quot; cellspacing=&quot;0&quot; style=&quot;border-collapse:collapse;font-family:Arial;font-size:12px&quot;&gt;&lt;tr&gt;&lt;th align=&quot;left&quot;&gt;Parameter&lt;/th&gt;&lt;th align=&quot;left&quot;&gt;Value&lt;/th&gt;&lt;/tr&gt;&lt;tr&gt;&lt;td&gt;Pillar&lt;/td&gt;&lt;td&gt;A-BP161&lt;/td&gt;&lt;/tr&gt;&lt;tr&gt;&lt;td&gt;Lease&lt;/td&gt;&lt;td&gt;Pakhar 115.13 Ha - Block A&lt;/td&gt;&lt;/tr&gt;&lt;tr&gt;&lt;td&gt;Latitude&lt;/td&gt;&lt;td&gt;23.54490063&lt;/td&gt;&lt;/tr&gt;&lt;tr&gt;&lt;td&gt;Longitude&lt;/td&gt;&lt;td&gt;84.61518926&lt;/td&gt;&lt;/tr&gt;&lt;tr&gt;&lt;td&gt;Easting (m)&lt;/td&gt;&lt;td&gt;256544.779&lt;/td&gt;&lt;/tr&gt;&lt;tr&gt;&lt;td&gt;Northing (m)&lt;/td&gt;&lt;td&gt;2605866.947&lt;/td&gt;&lt;/tr&gt;&lt;tr&gt;&lt;td&gt;Zone / Datum&lt;/td&gt;&lt;td&gt;UTM 45N / WGS84&lt;/td&gt;&lt;/tr&gt;&lt;/table&gt;</desc></wpt>
<wpt lat="0.00021236" lon="82.51201417"><ele>0.000</ele><name>A-BP162</name><desc>&lt;table border=&quot;1&quot; cellpadding=&quot;4&quot; cellspacing=&quot;0&quot; style=&quot;border-collapse:collapse;font-family:Arial;font-size:12px&quot;&gt;&lt;tr&gt;&lt;th align=&quot;left&quot;&gt;Parameter&lt;/th&gt;&lt;th align=&quot;left&quot;&gt;Value&lt;/th&gt;&lt;/tr&gt;&lt;tr&gt;&lt;td&gt;Pillar&lt;/td&gt;&lt;td&gt;A-BP162&lt;/td&gt;&lt;/tr&gt;&lt;tr&gt;&lt;td&gt;Lease&lt;/td&gt;&lt;td&gt;Pakhar 115.13 Ha - Block A&lt;/td&gt;&lt;/tr&gt;&lt;tr&gt;&lt;td&gt;Latitude&lt;/td&gt;&lt;td&gt;23.54500385&lt;/td&gt;&lt;/tr&gt;&lt;tr&gt;&lt;td&gt;Longitude&lt;/td&gt;&lt;td&gt;84.61533095&lt;/td&gt;&lt;/tr&gt;&lt;tr&gt;&lt;td&gt;Easting (m)&lt;/td&gt;&lt;td&gt;256559.440&lt;/td&gt;&lt;/tr&gt;&lt;tr&gt;&lt;td&gt;Northing (m)&lt;/td&gt;&lt;td&gt;2605878.140&lt;/td&gt;&lt;/tr&gt;&lt;tr&gt;&lt;td&gt;Zone / Datum&lt;/td&gt;&lt;td&gt;UTM 45N / WGS84&lt;/td&gt;&lt;/tr&gt;&lt;/table&gt;</desc></wpt>
<wpt lat="0.00021236" lon="82.51201417"><ele>0.000</ele><name>A-BP163</name><desc>&lt;table border=&quot;1&quot; cellpadding=&quot;4&quot; cellspacing=&quot;0&quot; style=&quot;border-collapse:collapse;font-family:Arial;font-size:12px&quot;&gt;&lt;tr&gt;&lt;th align=&quot;left&quot;&gt;Parameter&lt;/th&gt;&lt;th align=&quot;left&quot;&gt;Value&lt;/th&gt;&lt;/tr&gt;&lt;tr&gt;&lt;td&gt;Pillar&lt;/td&gt;&lt;td&gt;A-BP163&lt;/td&gt;&lt;/tr&gt;&lt;tr&gt;&lt;td&gt;Lease&lt;/td&gt;&lt;td&gt;Pakhar 115.13 Ha - Block A&lt;/td&gt;&lt;/tr&gt;&lt;tr&gt;&lt;td&gt;Latitude&lt;/td&gt;&lt;td&gt;23.54495781&lt;/td&gt;&lt;/tr&gt;&lt;tr&gt;&lt;td&gt;Longitude&lt;/td&gt;&lt;td&gt;84.61552083&lt;/td&gt;&lt;/tr&gt;&lt;tr&gt;&lt;td&gt;Easting (m)&lt;/td&gt;&lt;td&gt;256578.747&lt;/td&gt;&lt;/tr&gt;&lt;tr&gt;&lt;td&gt;Northing (m)&lt;/td&gt;&lt;td&gt;2605872.717&lt;/td&gt;&lt;/tr&gt;&lt;tr&gt;&lt;td&gt;Zone / Datum&lt;/td&gt;&lt;td&gt;UTM 45N / WGS84&lt;/td&gt;&lt;/tr&gt;&lt;/table&gt;</desc></wpt>
<wpt lat="0.00021236" lon="82.51201417"><ele>0.000</ele><name>A-BP164</name><desc>&lt;table border=&quot;1&quot; cellpadding=&quot;4&quot; cellspacing=&quot;0&quot; style=&quot;border-collapse:collapse;font-family:Arial;font-size:12px&quot;&gt;&lt;tr&gt;&lt;th align=&quot;left&quot;&gt;Parameter&lt;/th&gt;&lt;th align=&quot;left&quot;&gt;Value&lt;/th&gt;&lt;/tr&gt;&lt;tr&gt;&lt;td&gt;Pillar&lt;/td&gt;&lt;td&gt;A-BP164&lt;/td&gt;&lt;/tr&gt;&lt;tr&gt;&lt;td&gt;Lease&lt;/td&gt;&lt;td&gt;Pakhar 115.13 Ha - Block A&lt;/td&gt;&lt;/tr&gt;&lt;tr&gt;&lt;td&gt;Latitude&lt;/td&gt;&lt;td&gt;23.54483174&lt;/td&gt;&lt;/tr&gt;&lt;tr&gt;&lt;td&gt;Longitude&lt;/td&gt;&lt;td&gt;84.61559474&lt;/td&gt;&lt;/tr&gt;&lt;tr&gt;&lt;td&gt;Easting (m)&lt;/td&gt;&lt;td&gt;256586.063&lt;/td&gt;&lt;/tr&gt;&lt;tr&gt;&lt;td&gt;Northing (m)&lt;/td&gt;&lt;td&gt;2605858.627&lt;/td&gt;&lt;/tr&gt;&lt;tr&gt;&lt;td&gt;Zone / Datum&lt;/td&gt;&lt;td&gt;UTM 45N / WGS84&lt;/td&gt;&lt;/tr&gt;&lt;/table&gt;</desc></wpt>
<wpt lat="0.00021236" lon="82.51201418"><ele>0.000</ele><name>A-BP165</name><desc>&lt;table border=&quot;1&quot; cellpadding=&quot;4&quot; cellspacing=&quot;0&quot; style=&quot;border-collapse:collapse;font-family:Arial;font-size:12px&quot;&gt;&lt;tr&gt;&lt;th align=&quot;left&quot;&gt;Parameter&lt;/th&gt;&lt;th align=&quot;left&quot;&gt;Value&lt;/th&gt;&lt;/tr&gt;&lt;tr&gt;&lt;td&gt;Pillar&lt;/td&gt;&lt;td&gt;A-BP165&lt;/td&gt;&lt;/tr&gt;&lt;tr&gt;&lt;td&gt;Lease&lt;/td&gt;&lt;td&gt;Pakhar 115.13 Ha - Block A&lt;/td&gt;&lt;/tr&gt;&lt;tr&gt;&lt;td&gt;Latitude&lt;/td&gt;&lt;td&gt;23.54471832&lt;/td&gt;&lt;/tr&gt;&lt;tr&gt;&lt;td&gt;Longitude&lt;/td&gt;&lt;td&gt;84.61589988&lt;/td&gt;&lt;/tr&gt;&lt;tr&gt;&lt;td&gt;Easting (m)&lt;/td&gt;&lt;td&gt;256617.017&lt;/td&gt;&lt;/tr&gt;&lt;tr&gt;&lt;td&gt;Northing (m)&lt;/td&gt;&lt;td&gt;2605845.544&lt;/td&gt;&lt;/tr&gt;&lt;tr&gt;&lt;td&gt;Zone / Datum&lt;/td&gt;&lt;td&gt;UTM 45N / WGS84&lt;/td&gt;&lt;/tr&gt;&lt;/table&gt;</desc></wpt>
<wpt lat="0.00021236" lon="82.51201418"><ele>0.000</ele><name>A-BP166</name><desc>&lt;table border=&quot;1&quot; cellpadding=&quot;4&quot; cellspacing=&quot;0&quot; style=&quot;border-collapse:collapse;font-family:Arial;font-size:12px&quot;&gt;&lt;tr&gt;&lt;th align=&quot;left&quot;&gt;Parameter&lt;/th&gt;&lt;th align=&quot;left&quot;&gt;Value&lt;/th&gt;&lt;/tr&gt;&lt;tr&gt;&lt;td&gt;Pillar&lt;/td&gt;&lt;td&gt;A-BP166&lt;/td&gt;&lt;/tr&gt;&lt;tr&gt;&lt;td&gt;Lease&lt;/td&gt;&lt;td&gt;Pakhar 115.13 Ha - Block A&lt;/td&gt;&lt;/tr&gt;&lt;tr&gt;&lt;td&gt;Latitude&lt;/td&gt;&lt;td&gt;23.54472617&lt;/td&gt;&lt;/tr&gt;&lt;tr&gt;&lt;td&gt;Longitude&lt;/td&gt;&lt;td&gt;84.61607655&lt;/td&gt;&lt;/tr&gt;&lt;tr&gt;&lt;td&gt;Easting (m)&lt;/td&gt;&lt;td&gt;256635.074&lt;/td&gt;&lt;/tr&gt;&lt;tr&gt;&lt;td&gt;Northing (m)&lt;/td&gt;&lt;td&gt;2605846.114&lt;/td&gt;&lt;/tr&gt;&lt;tr&gt;&lt;td&gt;Zone / Datum&lt;/td&gt;&lt;td&gt;UTM 45N / WGS84&lt;/td&gt;&lt;/tr&gt;&lt;/table&gt;</desc></wpt>
<wpt lat="0.00021236" lon="82.51201418"><ele>0.000</ele><name>A-BP167</name><desc>&lt;table border=&quot;1&quot; cellpadding=&quot;4&quot; cellspacing=&quot;0&quot; style=&quot;border-collapse:collapse;font-family:Arial;font-size:12px&quot;&gt;&lt;tr&gt;&lt;th align=&quot;left&quot;&gt;Parameter&lt;/th&gt;&lt;th align=&quot;left&quot;&gt;Value&lt;/th&gt;&lt;/tr&gt;&lt;tr&gt;&lt;td&gt;Pillar&lt;/td&gt;&lt;td&gt;A-BP167&lt;/td&gt;&lt;/tr&gt;&lt;tr&gt;&lt;td&gt;Lease&lt;/td&gt;&lt;td&gt;Pakhar 115.13 Ha - Block A&lt;/td&gt;&lt;/tr&gt;&lt;tr&gt;&lt;td&gt;Latitude&lt;/td&gt;&lt;td&gt;23.54463516&lt;/td&gt;&lt;/tr&gt;&lt;tr&gt;&lt;td&gt;Longitude&lt;/td&gt;&lt;td&gt;84.61632818&lt;/td&gt;&lt;/tr&gt;&lt;tr&gt;&lt;td&gt;Easting (m)&lt;/td&gt;&lt;td&gt;256660.604&lt;/td&gt;&lt;/tr&gt;&lt;tr&gt;&lt;td&gt;Northing (m)&lt;/td&gt;&lt;td&gt;2605835.605&lt;/td&gt;&lt;/tr&gt;&lt;tr&gt;&lt;td&gt;Zone / Datum&lt;/td&gt;&lt;td&gt;UTM 45N / WGS84&lt;/td&gt;&lt;/tr&gt;&lt;/table&gt;</desc></wpt>
<wpt lat="0.00021236" lon="82.51201418"><ele>0.000</ele><name>A-BP168</name><desc>&lt;table border=&quot;1&quot; cellpadding=&quot;4&quot; cellspacing=&quot;0&quot; style=&quot;border-collapse:collapse;font-family:Arial;font-size:12px&quot;&gt;&lt;tr&gt;&lt;th align=&quot;left&quot;&gt;Parameter&lt;/th&gt;&lt;th align=&quot;left&quot;&gt;Value&lt;/th&gt;&lt;/tr&gt;&lt;tr&gt;&lt;td&gt;Pillar&lt;/td&gt;&lt;td&gt;A-BP168&lt;/td&gt;&lt;/tr&gt;&lt;tr&gt;&lt;td&gt;Lease&lt;/td&gt;&lt;td&gt;Pakhar 115.13 Ha - Block A&lt;/td&gt;&lt;/tr&gt;&lt;tr&gt;&lt;td&gt;Latitude&lt;/td&gt;&lt;td&gt;23.54456306&lt;/td&gt;&lt;/tr&gt;&lt;tr&gt;&lt;td&gt;Longitude&lt;/td&gt;&lt;td&gt;84.61640599&lt;/td&gt;&lt;/tr&gt;&lt;tr&gt;&lt;td&gt;Easting (m)&lt;/td&gt;&lt;td&gt;256668.418&lt;/td&gt;&lt;/tr&gt;&lt;tr&gt;&lt;td&gt;Northing (m)&lt;/td&gt;&lt;td&gt;2605827.486&lt;/td&gt;&lt;/tr&gt;&lt;tr&gt;&lt;td&gt;Zone / Datum&lt;/td&gt;&lt;td&gt;UTM 45N / WGS84&lt;/td&gt;&lt;/tr&gt;&lt;/table&gt;</desc></wpt>
<wpt lat="0.00021236" lon="82.51201418"><ele>0.000</ele><name>A-BP169</name><desc>&lt;table border=&quot;1&quot; cellpadding=&quot;4&quot; cellspacing=&quot;0&quot; style=&quot;border-collapse:collapse;font-family:Arial;font-size:12px&quot;&gt;&lt;tr&gt;&lt;th align=&quot;left&quot;&gt;Parameter&lt;/th&gt;&lt;th align=&quot;left&quot;&gt;Value&lt;/th&gt;&lt;/tr&gt;&lt;tr&gt;&lt;td&gt;Pillar&lt;/td&gt;&lt;td&gt;A-BP169&lt;/td&gt;&lt;/tr&gt;&lt;tr&gt;&lt;td&gt;Lease&lt;/td&gt;&lt;td&gt;Pakhar 115.13 Ha - Block A&lt;/td&gt;&lt;/tr&gt;&lt;tr&gt;&lt;td&gt;Latitude&lt;/td&gt;&lt;td&gt;23.54452087&lt;/td&gt;&lt;/tr&gt;&lt;tr&gt;&lt;td&gt;Longitude&lt;/td&gt;&lt;td&gt;84.61655305&lt;/td&gt;&lt;/tr&gt;&lt;tr&gt;&lt;td&gt;Easting (m)&lt;/td&gt;&lt;td&gt;256683.359&lt;/td&gt;&lt;/tr&gt;&lt;tr&gt;&lt;td&gt;Northing (m)&lt;/td&gt;&lt;td&gt;2605822.563&lt;/td&gt;&lt;/tr&gt;&lt;tr&gt;&lt;td&gt;Zone / Datum&lt;/td&gt;&lt;td&gt;UTM 45N / WGS84&lt;/td&gt;&lt;/tr&gt;&lt;/table&gt;</desc></wpt>
<wpt lat="0.00021235" lon="82.51201418"><ele>0.000</ele><name>A-BP170</name><desc>&lt;table border=&quot;1&quot; cellpadding=&quot;4&quot; cellspacing=&quot;0&quot; style=&quot;border-collapse:collapse;font-family:Arial;font-size:12px&quot;&gt;&lt;tr&gt;&lt;th align=&quot;left&quot;&gt;Parameter&lt;/th&gt;&lt;th align=&quot;left&quot;&gt;Value&lt;/th&gt;&lt;/tr&gt;&lt;tr&gt;&lt;td&gt;Pillar&lt;/td&gt;&lt;td&gt;A-BP170&lt;/td&gt;&lt;/tr&gt;&lt;tr&gt;&lt;td&gt;Lease&lt;/td&gt;&lt;td&gt;Pakhar 115.13 Ha - Block A&lt;/td&gt;&lt;/tr&gt;&lt;tr&gt;&lt;td&gt;Latitude&lt;/td&gt;&lt;td&gt;23.54406979&lt;/td&gt;&lt;/tr&gt;&lt;tr&gt;&lt;td&gt;Longitude&lt;/td&gt;&lt;td&gt;84.61656836&lt;/td&gt;&lt;/tr&gt;&lt;tr&gt;&lt;td&gt;Easting (m)&lt;/td&gt;&lt;td&gt;256684.091&lt;/td&gt;&lt;/tr&gt;&lt;tr&gt;&lt;td&gt;Northing (m)&lt;/td&gt;&lt;td&gt;2605772.569&lt;/td&gt;&lt;/tr&gt;&lt;tr&gt;&lt;td&gt;Zone / Datum&lt;/td&gt;&lt;td&gt;UTM 45N / WGS84&lt;/td&gt;&lt;/tr&gt;&lt;/table&gt;</desc></wpt>
<wpt lat="0.00021235" lon="82.51201418"><ele>0.000</ele><name>A-BP171</name><desc>&lt;table border=&quot;1&quot; cellpadding=&quot;4&quot; cellspacing=&quot;0&quot; style=&quot;border-collapse:collapse;font-family:Arial;font-size:12px&quot;&gt;&lt;tr&gt;&lt;th align=&quot;left&quot;&gt;Parameter&lt;/th&gt;&lt;th align=&quot;left&quot;&gt;Value&lt;/th&gt;&lt;/tr&gt;&lt;tr&gt;&lt;td&gt;Pillar&lt;/td&gt;&lt;td&gt;A-BP171&lt;/td&gt;&lt;/tr&gt;&lt;tr&gt;&lt;td&gt;Lease&lt;/td&gt;&lt;td&gt;Pakhar 115.13 Ha - Block A&lt;/td&gt;&lt;/tr&gt;&lt;tr&gt;&lt;td&gt;Latitude&lt;/td&gt;&lt;td&gt;23.54362045&lt;/td&gt;&lt;/tr&gt;&lt;tr&gt;&lt;td&gt;Longitude&lt;/td&gt;&lt;td&gt;84.61661419&lt;/td&gt;&lt;/tr&gt;&lt;tr&gt;&lt;td&gt;Easting (m)&lt;/td&gt;&lt;td&gt;256687.944&lt;/td&gt;&lt;/tr&gt;&lt;tr&gt;&lt;td&gt;Northing (m)&lt;/td&gt;&lt;td&gt;2605722.717&lt;/td&gt;&lt;/tr&gt;&lt;tr&gt;&lt;td&gt;Zone / Datum&lt;/td&gt;&lt;td&gt;UTM 45N / WGS84&lt;/td&gt;&lt;/tr&gt;&lt;/table&gt;</desc></wpt>
<wpt lat="0.00021235" lon="82.51201418"><ele>0.000</ele><name>A-BP172</name><desc>&lt;table border=&quot;1&quot; cellpadding=&quot;4&quot; cellspacing=&quot;0&quot; style=&quot;border-collapse:collapse;font-family:Arial;font-size:12px&quot;&gt;&lt;tr&gt;&lt;th align=&quot;left&quot;&gt;Parameter&lt;/th&gt;&lt;th align=&quot;left&quot;&gt;Value&lt;/th&gt;&lt;/tr&gt;&lt;tr&gt;&lt;td&gt;Pillar&lt;/td&gt;&lt;td&gt;A-BP172&lt;/td&gt;&lt;/tr&gt;&lt;tr&gt;&lt;td&gt;Lease&lt;/td&gt;&lt;td&gt;Pakhar 115.13 Ha - Block A&lt;/td&gt;&lt;/tr&gt;&lt;tr&gt;&lt;td&gt;Latitude&lt;/td&gt;&lt;td&gt;23.54342482&lt;/td&gt;&lt;/tr&gt;&lt;tr&gt;&lt;td&gt;Longitude&lt;/td&gt;&lt;td&gt;84.61663941&lt;/td&gt;&lt;/tr&gt;&lt;tr&gt;&lt;td&gt;Easting (m)&lt;/td&gt;&lt;td&gt;256690.160&lt;/td&gt;&lt;/tr&gt;&lt;tr&gt;&lt;td&gt;Northing (m)&lt;/td&gt;&lt;td&gt;2605701.003&lt;/td&gt;&lt;/tr&gt;&lt;tr&gt;&lt;td&gt;Zone / Datum&lt;/td&gt;&lt;td&gt;UTM 45N / WGS84&lt;/td&gt;&lt;/tr&gt;&lt;/table&gt;</desc></wpt>
<wpt lat="0.00021234" lon="82.51201419"><ele>0.000</ele><name>A-BP173</name><desc>&lt;table border=&quot;1&quot; cellpadding=&quot;4&quot; cellspacing=&quot;0&quot; style=&quot;border-collapse:collapse;font-family:Arial;font-size:12px&quot;&gt;&lt;tr&gt;&lt;th align=&quot;left&quot;&gt;Parameter&lt;/th&gt;&lt;th align=&quot;left&quot;&gt;Value&lt;/th&gt;&lt;/tr&gt;&lt;tr&gt;&lt;td&gt;Pillar&lt;/td&gt;&lt;td&gt;A-BP173&lt;/td&gt;&lt;/tr&gt;&lt;tr&gt;&lt;td&gt;Lease&lt;/td&gt;&lt;td&gt;Pakhar 115.13 Ha - Block A&lt;/td&gt;&lt;/tr&gt;&lt;tr&gt;&lt;td&gt;Latitude&lt;/td&gt;&lt;td&gt;23.54307274&lt;/td&gt;&lt;/tr&gt;&lt;tr&gt;&lt;td&gt;Longitude&lt;/td&gt;&lt;td&gt;84.61694567&lt;/td&gt;&lt;/tr&gt;&lt;tr&gt;&lt;td&gt;Easting (m)&lt;/td&gt;&lt;td&gt;256720.789&lt;/td&gt;&lt;/tr&gt;&lt;tr&gt;&lt;td&gt;Northing (m)&lt;/td&gt;&lt;td&gt;2605661.482&lt;/td&gt;&lt;/tr&gt;&lt;tr&gt;&lt;td&gt;Zone / Datum&lt;/td&gt;&lt;td&gt;UTM 45N / WGS84&lt;/td&gt;&lt;/tr&gt;&lt;/table&gt;</desc></wpt>
<wpt lat="0.00021234" lon="82.51201419"><ele>0.000</ele><name>A-BP174</name><desc>&lt;table border=&quot;1&quot; cellpadding=&quot;4&quot; cellspacing=&quot;0&quot; style=&quot;border-collapse:collapse;font-family:Arial;font-size:12px&quot;&gt;&lt;tr&gt;&lt;th align=&quot;left&quot;&gt;Parameter&lt;/th&gt;&lt;th align=&quot;left&quot;&gt;Value&lt;/th&gt;&lt;/tr&gt;&lt;tr&gt;&lt;td&gt;Pillar&lt;/td&gt;&lt;td&gt;A-BP174&lt;/td&gt;&lt;/tr&gt;&lt;tr&gt;&lt;td&gt;Lease&lt;/td&gt;&lt;td&gt;Pakhar 115.13 Ha - Block A&lt;/td&gt;&lt;/tr&gt;&lt;tr&gt;&lt;td&gt;Latitude&lt;/td&gt;&lt;td&gt;23.54275263&lt;/td&gt;&lt;/tr&gt;&lt;tr&gt;&lt;td&gt;Longitude&lt;/td&gt;&lt;td&gt;84.61720335&lt;/td&gt;&lt;/tr&gt;&lt;tr&gt;&lt;td&gt;Easting (m)&lt;/td&gt;&lt;td&gt;256746.516&lt;/td&gt;&lt;/tr&gt;&lt;tr&gt;&lt;td&gt;Northing (m)&lt;/td&gt;&lt;td&gt;2605625.585&lt;/td&gt;&lt;/tr&gt;&lt;tr&gt;&lt;td&gt;Zone / Datum&lt;/td&gt;&lt;td&gt;UTM 45N / WGS84&lt;/td&gt;&lt;/tr&gt;&lt;/table&gt;</desc></wpt>
<wpt lat="0.00021234" lon="82.51201419"><ele>0.000</ele><name>A-BP175</name><desc>&lt;table border=&quot;1&quot; cellpadding=&quot;4&quot; cellspacing=&quot;0&quot; style=&quot;border-collapse:collapse;font-family:Arial;font-size:12px&quot;&gt;&lt;tr&gt;&lt;th align=&quot;left&quot;&gt;Parameter&lt;/th&gt;&lt;th align=&quot;left&quot;&gt;Value&lt;/th&gt;&lt;/tr&gt;&lt;tr&gt;&lt;td&gt;Pillar&lt;/td&gt;&lt;td&gt;A-BP175&lt;/td&gt;&lt;/tr&gt;&lt;tr&gt;&lt;td&gt;Lease&lt;/td&gt;&lt;td&gt;Pakhar 115.13 Ha - Block A&lt;/td&gt;&lt;/tr&gt;&lt;tr&gt;&lt;td&gt;Latitude&lt;/td&gt;&lt;td&gt;23.54239363&lt;/td&gt;&lt;/tr&gt;&lt;tr&gt;&lt;td&gt;Longitude&lt;/td&gt;&lt;td&gt;84.61690669&lt;/td&gt;&lt;/tr&gt;&lt;tr&gt;&lt;td&gt;Easting (m)&lt;/td&gt;&lt;td&gt;256715.557&lt;/td&gt;&lt;/tr&gt;&lt;tr&gt;&lt;td&gt;Northing (m)&lt;/td&gt;&lt;td&gt;2605586.322&lt;/td&gt;&lt;/tr&gt;&lt;tr&gt;&lt;td&gt;Zone / Datum&lt;/td&gt;&lt;td&gt;UTM 45N / WGS84&lt;/td&gt;&lt;/tr&gt;&lt;/table&gt;</desc></wpt>
<wpt lat="0.00021233" lon="82.51201418"><ele>0.000</ele><name>A-BP176</name><desc>&lt;table border=&quot;1&quot; cellpadding=&quot;4&quot; cellspacing=&quot;0&quot; style=&quot;border-collapse:collapse;font-family:Arial;font-size:12px&quot;&gt;&lt;tr&gt;&lt;th align=&quot;left&quot;&gt;Parameter&lt;/th&gt;&lt;th align=&quot;left&quot;&gt;Value&lt;/th&gt;&lt;/tr&gt;&lt;tr&gt;&lt;td&gt;Pillar&lt;/td&gt;&lt;td&gt;A-BP176&lt;/td&gt;&lt;/tr&gt;&lt;tr&gt;&lt;td&gt;Lease&lt;/td&gt;&lt;td&gt;Pakhar 115.13 Ha - Block A&lt;/td&gt;&lt;/tr&gt;&lt;tr&gt;&lt;td&gt;Latitude&lt;/td&gt;&lt;td&gt;23.54203310&lt;/td&gt;&lt;/tr&gt;&lt;tr&gt;&lt;td&gt;Longitude&lt;/td&gt;&lt;td&gt;84.61661224&lt;/td&gt;&lt;/tr&gt;&lt;tr&gt;&lt;td&gt;Easting (m)&lt;/td&gt;&lt;td&gt;256684.822&lt;/td&gt;&lt;/tr&gt;&lt;tr&gt;&lt;td&gt;Northing (m)&lt;/td&gt;&lt;td&gt;2605546.884&lt;/td&gt;&lt;/tr&gt;&lt;tr&gt;&lt;td&gt;Zone / Datum&lt;/td&gt;&lt;td&gt;UTM 45N / WGS84&lt;/td&gt;&lt;/tr&gt;&lt;/table&gt;</desc></wpt>
<wpt lat="0.00021233" lon="82.51201418"><ele>0.000</ele><name>A-BP177</name><desc>&lt;table border=&quot;1&quot; cellpadding=&quot;4&quot; cellspacing=&quot;0&quot; style=&quot;border-collapse:collapse;font-family:Arial;font-size:12px&quot;&gt;&lt;tr&gt;&lt;th align=&quot;left&quot;&gt;Parameter&lt;/th&gt;&lt;th align=&quot;left&quot;&gt;Value&lt;/th&gt;&lt;/tr&gt;&lt;tr&gt;&lt;td&gt;Pillar&lt;/td&gt;&lt;td&gt;A-BP177&lt;/td&gt;&lt;/tr&gt;&lt;tr&gt;&lt;td&gt;Lease&lt;/td&gt;&lt;td&gt;Pakhar 115.13 Ha - Block A&lt;/td&gt;&lt;/tr&gt;&lt;tr&gt;&lt;td&gt;Latitude&lt;/td&gt;&lt;td&gt;23.54167024&lt;/td&gt;&lt;/tr&gt;&lt;tr&gt;&lt;td&gt;Longitude&lt;/td&gt;&lt;td&gt;84.61632116&lt;/td&gt;&lt;/tr&gt;&lt;tr&gt;&lt;td&gt;Easting (m)&lt;/td&gt;&lt;td&gt;256654.426&lt;/td&gt;&lt;/tr&gt;&lt;tr&gt;&lt;td&gt;Northing (m)&lt;/td&gt;&lt;td&gt;2605507.184&lt;/td&gt;&lt;/tr&gt;&lt;tr&gt;&lt;td&gt;Zone / Datum&lt;/td&gt;&lt;td&gt;UTM 45N / WGS84&lt;/td&gt;&lt;/tr&gt;&lt;/table&gt;</desc></wpt>
<wpt lat="0.00021233" lon="82.51201418"><ele>0.000</ele><name>A-BP178</name><desc>&lt;table border=&quot;1&quot; cellpadding=&quot;4&quot; cellspacing=&quot;0&quot; style=&quot;border-collapse:collapse;font-family:Arial;font-size:12px&quot;&gt;&lt;tr&gt;&lt;th align=&quot;left&quot;&gt;Parameter&lt;/th&gt;&lt;th align=&quot;left&quot;&gt;Value&lt;/th&gt;&lt;/tr&gt;&lt;tr&gt;&lt;td&gt;Pillar&lt;/td&gt;&lt;td&gt;A-BP178&lt;/td&gt;&lt;/tr&gt;&lt;tr&gt;&lt;td&gt;Lease&lt;/td&gt;&lt;td&gt;Pakhar 115.13 Ha - Block A&lt;/td&gt;&lt;/tr&gt;&lt;tr&gt;&lt;td&gt;Latitude&lt;/td&gt;&lt;td&gt;23.54132086&lt;/td&gt;&lt;/tr&gt;&lt;tr&gt;&lt;td&gt;Longitude&lt;/td&gt;&lt;td&gt;84.61601130&lt;/td&gt;&lt;/tr&gt;&lt;tr&gt;&lt;td&gt;Easting (m)&lt;/td&gt;&lt;td&gt;256622.137&lt;/td&gt;&lt;/tr&gt;&lt;tr&gt;&lt;td&gt;Northing (m)&lt;/td&gt;&lt;td&gt;2605469.008&lt;/td&gt;&lt;/tr&gt;&lt;tr&gt;&lt;td&gt;Zone / Datum&lt;/td&gt;&lt;td&gt;UTM 45N / WGS84&lt;/td&gt;&lt;/tr&gt;&lt;/table&gt;</desc></wpt>
<wpt lat="0.00021233" lon="82.51201417"><ele>0.000</ele><name>A-BP179</name><desc>&lt;table border=&quot;1&quot; cellpadding=&quot;4&quot; cellspacing=&quot;0&quot; style=&quot;border-collapse:collapse;font-family:Arial;font-size:12px&quot;&gt;&lt;tr&gt;&lt;th align=&quot;left&quot;&gt;Parameter&lt;/th&gt;&lt;th align=&quot;left&quot;&gt;Value&lt;/th&gt;&lt;/tr&gt;&lt;tr&gt;&lt;td&gt;Pillar&lt;/td&gt;&lt;td&gt;A-BP179&lt;/td&gt;&lt;/tr&gt;&lt;tr&gt;&lt;td&gt;Lease&lt;/td&gt;&lt;td&gt;Pakhar 115.13 Ha - Block A&lt;/td&gt;&lt;/tr&gt;&lt;tr&gt;&lt;td&gt;Latitude&lt;/td&gt;&lt;td&gt;23.54099196&lt;/td&gt;&lt;/tr&gt;&lt;tr&gt;&lt;td&gt;Longitude&lt;/td&gt;&lt;td&gt;84.61568582&lt;/td&gt;&lt;/tr&gt;&lt;tr&gt;&lt;td&gt;Easting (m)&lt;/td&gt;&lt;td&gt;256588.290&lt;/td&gt;&lt;/tr&gt;&lt;tr&gt;&lt;td&gt;Northing (m)&lt;/td&gt;&lt;td&gt;2605433.127&lt;/td&gt;&lt;/tr&gt;&lt;tr&gt;&lt;td&gt;Zone / Datum&lt;/td&gt;&lt;td&gt;UTM 45N / WGS84&lt;/td&gt;&lt;/tr&gt;&lt;/table&gt;</desc></wpt>
<wpt lat="0.00021232" lon="82.51201417"><ele>0.000</ele><name>A-BP180</name><desc>&lt;table border=&quot;1&quot; cellpadding=&quot;4&quot; cellspacing=&quot;0&quot; style=&quot;border-collapse:collapse;font-family:Arial;font-size:12px&quot;&gt;&lt;tr&gt;&lt;th align=&quot;left&quot;&gt;Parameter&lt;/th&gt;&lt;th align=&quot;left&quot;&gt;Value&lt;/th&gt;&lt;/tr&gt;&lt;tr&gt;&lt;td&gt;Pillar&lt;/td&gt;&lt;td&gt;A-BP180&lt;/td&gt;&lt;/tr&gt;&lt;tr&gt;&lt;td&gt;Lease&lt;/td&gt;&lt;td&gt;Pakhar 115.13 Ha - Block A&lt;/td&gt;&lt;/tr&gt;&lt;tr&gt;&lt;td&gt;Latitude&lt;/td&gt;&lt;td&gt;23.54082314&lt;/td&gt;&lt;/tr&gt;&lt;tr&gt;&lt;td&gt;Longitude&lt;/td&gt;&lt;td&gt;84.61552389&lt;/td&gt;&lt;/tr&gt;&lt;tr&gt;&lt;td&gt;Easting (m)&lt;/td&gt;&lt;td&gt;256571.441&lt;/td&gt;&lt;/tr&gt;&lt;tr&gt;&lt;td&gt;Northing (m)&lt;/td&gt;&lt;td&gt;2605414.702&lt;/td&gt;&lt;/tr&gt;&lt;tr&gt;&lt;td&gt;Zone / Datum&lt;/td&gt;&lt;td&gt;UTM 45N / WGS84&lt;/td&gt;&lt;/tr&gt;&lt;/table&gt;</desc></wpt>
<wpt lat="0.00021232" lon="82.51201417"><ele>0.000</ele><name>A-BP181</name><desc>&lt;table border=&quot;1&quot; cellpadding=&quot;4&quot; cellspacing=&quot;0&quot; style=&quot;border-collapse:collapse;font-family:Arial;font-size:12px&quot;&gt;&lt;tr&gt;&lt;th align=&quot;left&quot;&gt;Parameter&lt;/th&gt;&lt;th align=&quot;left&quot;&gt;Value&lt;/th&gt;&lt;/tr&gt;&lt;tr&gt;&lt;td&gt;Pillar&lt;/td&gt;&lt;td&gt;A-BP181&lt;/td&gt;&lt;/tr&gt;&lt;tr&gt;&lt;td&gt;Lease&lt;/td&gt;&lt;td&gt;Pakhar 115.13 Ha - Block A&lt;/td&gt;&lt;/tr&gt;&lt;tr&gt;&lt;td&gt;Latitude&lt;/td&gt;&lt;td&gt;23.54043765&lt;/td&gt;&lt;/tr&gt;&lt;tr&gt;&lt;td&gt;Longitude&lt;/td&gt;&lt;td&gt;84.61526934&lt;/td&gt;&lt;/tr&gt;&lt;tr&gt;&lt;td&gt;Easting (m)&lt;/td&gt;&lt;td&gt;256544.734&lt;/td&gt;&lt;/tr&gt;&lt;tr&gt;&lt;td&gt;Northing (m)&lt;/td&gt;&lt;td&gt;2605372.432&lt;/td&gt;&lt;/tr&gt;&lt;tr&gt;&lt;td&gt;Zone / Datum&lt;/td&gt;&lt;td&gt;UTM 45N / WGS84&lt;/td&gt;&lt;/tr&gt;&lt;/table&gt;</desc></wpt>
<wpt lat="0.00021232" lon="82.51201417"><ele>0.000</ele><name>A-BP182</name><desc>&lt;table border=&quot;1&quot; cellpadding=&quot;4&quot; cellspacing=&quot;0&quot; style=&quot;border-collapse:collapse;font-family:Arial;font-size:12px&quot;&gt;&lt;tr&gt;&lt;th align=&quot;left&quot;&gt;Parameter&lt;/th&gt;&lt;th align=&quot;left&quot;&gt;Value&lt;/th&gt;&lt;/tr&gt;&lt;tr&gt;&lt;td&gt;Pillar&lt;/td&gt;&lt;td&gt;A-BP182&lt;/td&gt;&lt;/tr&gt;&lt;tr&gt;&lt;td&gt;Lease&lt;/td&gt;&lt;td&gt;Pakhar 115.13 Ha - Block A&lt;/td&gt;&lt;/tr&gt;&lt;tr&gt;&lt;td&gt;Latitude&lt;/td&gt;&lt;td&gt;23.54012554&lt;/td&gt;&lt;/tr&gt;&lt;tr&gt;&lt;td&gt;Longitude&lt;/td&gt;&lt;td&gt;84.61505756&lt;/td&gt;&lt;/tr&gt;&lt;tr&gt;&lt;td&gt;Easting (m)&lt;/td&gt;&lt;td&gt;256522.530&lt;/td&gt;&lt;/tr&gt;&lt;tr&gt;&lt;td&gt;Northing (m)&lt;/td&gt;&lt;td&gt;2605338.218&lt;/td&gt;&lt;/tr&gt;&lt;tr&gt;&lt;td&gt;Zone / Datum&lt;/td&gt;&lt;td&gt;UTM 45N / WGS84&lt;/td&gt;&lt;/tr&gt;&lt;/table&gt;</desc></wpt>
<wpt lat="0.00021232" lon="82.51201417"><ele>0.000</ele><name>A-BP183</name><desc>&lt;table border=&quot;1&quot; cellpadding=&quot;4&quot; cellspacing=&quot;0&quot; style=&quot;border-collapse:collapse;font-family:Arial;font-size:12px&quot;&gt;&lt;tr&gt;&lt;th align=&quot;left&quot;&gt;Parameter&lt;/th&gt;&lt;th align=&quot;left&quot;&gt;Value&lt;/th&gt;&lt;/tr&gt;&lt;tr&gt;&lt;td&gt;Pillar&lt;/td&gt;&lt;td&gt;A-BP183&lt;/td&gt;&lt;/tr&gt;&lt;tr&gt;&lt;td&gt;Lease&lt;/td&gt;&lt;td&gt;Pakhar 115.13 Ha - Block A&lt;/td&gt;&lt;/tr&gt;&lt;tr&gt;&lt;td&gt;Latitude&lt;/td&gt;&lt;td&gt;23.53991616&lt;/td&gt;&lt;/tr&gt;&lt;tr&gt;&lt;td&gt;Longitude&lt;/td&gt;&lt;td&gt;84.61462392&lt;/td&gt;&lt;/tr&gt;&lt;tr&gt;&lt;td&gt;Easting (m)&lt;/td&gt;&lt;td&gt;256477.856&lt;/td&gt;&lt;/tr&gt;&lt;tr&gt;&lt;td&gt;Northing (m)&lt;/td&gt;&lt;td&gt;2605315.762&lt;/td&gt;&lt;/tr&gt;&lt;tr&gt;&lt;td&gt;Zone / Datum&lt;/td&gt;&lt;td&gt;UTM 45N / WGS84&lt;/td&gt;&lt;/tr&gt;&lt;/table&gt;</desc></wpt>
<wpt lat="0.00021231" lon="82.51201416"><ele>0.000</ele><name>A-BP184</name><desc>&lt;table border=&quot;1&quot; cellpadding=&quot;4&quot; cellspacing=&quot;0&quot; style=&quot;border-collapse:collapse;font-family:Arial;font-size:12px&quot;&gt;&lt;tr&gt;&lt;th align=&quot;left&quot;&gt;Parameter&lt;/th&gt;&lt;th align=&quot;left&quot;&gt;Value&lt;/th&gt;&lt;/tr&gt;&lt;tr&gt;&lt;td&gt;Pillar&lt;/td&gt;&lt;td&gt;A-BP184&lt;/td&gt;&lt;/tr&gt;&lt;tr&gt;&lt;td&gt;Lease&lt;/td&gt;&lt;td&gt;Pakhar 115.13 Ha - Block A&lt;/td&gt;&lt;/tr&gt;&lt;tr&gt;&lt;td&gt;Latitude&lt;/td&gt;&lt;td&gt;23.53970926&lt;/td&gt;&lt;/tr&gt;&lt;tr&gt;&lt;td&gt;Longitude&lt;/td&gt;&lt;td&gt;84.61418889&lt;/td&gt;&lt;/tr&gt;&lt;tr&gt;&lt;td&gt;Easting (m)&lt;/td&gt;&lt;td&gt;256433.045&lt;/td&gt;&lt;/tr&gt;&lt;tr&gt;&lt;td&gt;Northing (m)&lt;/td&gt;&lt;td&gt;2605293.582&lt;/td&gt;&lt;/tr&gt;&lt;tr&gt;&lt;td&gt;Zone / Datum&lt;/td&gt;&lt;td&gt;UTM 45N / WGS84&lt;/td&gt;&lt;/tr&gt;&lt;/table&gt;</desc></wpt>
<wpt lat="0.00021231" lon="82.51201416"><ele>0.000</ele><name>A-BP185</name><desc>&lt;table border=&quot;1&quot; cellpadding=&quot;4&quot; cellspacing=&quot;0&quot; style=&quot;border-collapse:collapse;font-family:Arial;font-size:12px&quot;&gt;&lt;tr&gt;&lt;th align=&quot;left&quot;&gt;Parameter&lt;/th&gt;&lt;th align=&quot;left&quot;&gt;Value&lt;/th&gt;&lt;/tr&gt;&lt;tr&gt;&lt;td&gt;Pillar&lt;/td&gt;&lt;td&gt;A-BP185&lt;/td&gt;&lt;/tr&gt;&lt;tr&gt;&lt;td&gt;Lease&lt;/td&gt;&lt;td&gt;Pakhar 115.13 Ha - Block A&lt;/td&gt;&lt;/tr&gt;&lt;tr&gt;&lt;td&gt;Latitude&lt;/td&gt;&lt;td&gt;23.53960110&lt;/td&gt;&lt;/tr&gt;&lt;tr&gt;&lt;td&gt;Longitude&lt;/td&gt;&lt;td&gt;84.61396015&lt;/td&gt;&lt;/tr&gt;&lt;tr&gt;&lt;td&gt;Easting (m)&lt;/td&gt;&lt;td&gt;256409.485&lt;/td&gt;&lt;/tr&gt;&lt;tr&gt;&lt;td&gt;Northing (m)&lt;/td&gt;&lt;td&gt;2605281.990&lt;/td&gt;&lt;/tr&gt;&lt;tr&gt;&lt;td&gt;Zone / Datum&lt;/td&gt;&lt;td&gt;UTM 45N / WGS84&lt;/td&gt;&lt;/tr&gt;&lt;/table&gt;</desc></wpt>
<wpt lat="0.00021231" lon="82.51201416"><ele>0.000</ele><name>A-BP186</name><desc>&lt;table border=&quot;1&quot; cellpadding=&quot;4&quot; cellspacing=&quot;0&quot; style=&quot;border-collapse:collapse;font-family:Arial;font-size:12px&quot;&gt;&lt;tr&gt;&lt;th align=&quot;left&quot;&gt;Parameter&lt;/th&gt;&lt;th align=&quot;left&quot;&gt;Value&lt;/th&gt;&lt;/tr&gt;&lt;tr&gt;&lt;td&gt;Pillar&lt;/td&gt;&lt;td&gt;A-BP186&lt;/td&gt;&lt;/tr&gt;&lt;tr&gt;&lt;td&gt;Lease&lt;/td&gt;&lt;td&gt;Pakhar 115.13 Ha - Block A&lt;/td&gt;&lt;/tr&gt;&lt;tr&gt;&lt;td&gt;Latitude&lt;/td&gt;&lt;td&gt;23.53930755&lt;/td&gt;&lt;/tr&gt;&lt;tr&gt;&lt;td&gt;Longitude&lt;/td&gt;&lt;td&gt;84.61358835&lt;/td&gt;&lt;/tr&gt;&lt;tr&gt;&lt;td&gt;Easting (m)&lt;/td&gt;&lt;td&gt;256370.971&lt;/td&gt;&lt;/tr&gt;&lt;tr&gt;&lt;td&gt;Northing (m)&lt;/td&gt;&lt;td&gt;2605250.104&lt;/td&gt;&lt;/tr&gt;&lt;tr&gt;&lt;td&gt;Zone / Datum&lt;/td&gt;&lt;td&gt;UTM 45N / WGS84&lt;/td&gt;&lt;/tr&gt;&lt;/table&gt;</desc></wpt>
<wpt lat="0.00021231" lon="82.51201415"><ele>0.000</ele><name>A-BP187</name><desc>&lt;table border=&quot;1&quot; cellpadding=&quot;4&quot; cellspacing=&quot;0&quot; style=&quot;border-collapse:collapse;font-family:Arial;font-size:12px&quot;&gt;&lt;tr&gt;&lt;th align=&quot;left&quot;&gt;Parameter&lt;/th&gt;&lt;th align=&quot;left&quot;&gt;Value&lt;/th&gt;&lt;/tr&gt;&lt;tr&gt;&lt;td&gt;Pillar&lt;/td&gt;&lt;td&gt;A-BP187&lt;/td&gt;&lt;/tr&gt;&lt;tr&gt;&lt;td&gt;Lease&lt;/td&gt;&lt;td&gt;Pakhar 115.13 Ha - Block A&lt;/td&gt;&lt;/tr&gt;&lt;tr&gt;&lt;td&gt;Latitude&lt;/td&gt;&lt;td&gt;23.53901319&lt;/td&gt;&lt;/tr&gt;&lt;tr&gt;&lt;td&gt;Longitude&lt;/td&gt;&lt;td&gt;84.61321729&lt;/td&gt;&lt;/tr&gt;&lt;tr&gt;&lt;td&gt;Easting (m)&lt;/td&gt;&lt;td&gt;256332.532&lt;/td&gt;&lt;/tr&gt;&lt;tr&gt;&lt;td&gt;Northing (m)&lt;/td&gt;&lt;td&gt;2605218.128&lt;/td&gt;&lt;/tr&gt;&lt;tr&gt;&lt;td&gt;Zone / Datum&lt;/td&gt;&lt;td&gt;UTM 45N / WGS84&lt;/td&gt;&lt;/tr&gt;&lt;/table&gt;</desc></wpt>
<wpt lat="0.00021231" lon="82.51201415"><ele>0.000</ele><name>A-BP188</name><desc>&lt;table border=&quot;1&quot; cellpadding=&quot;4&quot; cellspacing=&quot;0&quot; style=&quot;border-collapse:collapse;font-family:Arial;font-size:12px&quot;&gt;&lt;tr&gt;&lt;th align=&quot;left&quot;&gt;Parameter&lt;/th&gt;&lt;th align=&quot;left&quot;&gt;Value&lt;/th&gt;&lt;/tr&gt;&lt;tr&gt;&lt;td&gt;Pillar&lt;/td&gt;&lt;td&gt;A-BP188&lt;/td&gt;&lt;/tr&gt;&lt;tr&gt;&lt;td&gt;Lease&lt;/td&gt;&lt;td&gt;Pakhar 115.13 Ha - Block A&lt;/td&gt;&lt;/tr&gt;&lt;tr&gt;&lt;td&gt;Latitude&lt;/td&gt;&lt;td&gt;23.53896531&lt;/td&gt;&lt;/tr&gt;&lt;tr&gt;&lt;td&gt;Longitude&lt;/td&gt;&lt;td&gt;84.61315970&lt;/td&gt;&lt;/tr&gt;&lt;tr&gt;&lt;td&gt;Easting (m)&lt;/td&gt;&lt;td&gt;256326.562&lt;/td&gt;&lt;/tr&gt;&lt;tr&gt;&lt;td&gt;Northing (m)&lt;/td&gt;&lt;td&gt;2605212.922&lt;/td&gt;&lt;/tr&gt;&lt;tr&gt;&lt;td&gt;Zone / Datum&lt;/td&gt;&lt;td&gt;UTM 45N / WGS84&lt;/td&gt;&lt;/tr&gt;&lt;/table&gt;</desc></wpt>
<wpt lat="0.00021232" lon="82.51201406"><ele>0.000</ele><name>B-BP1</name><desc>&lt;table border=&quot;1&quot; cellpadding=&quot;4&quot; cellspacing=&quot;0&quot; style=&quot;border-collapse:collapse;font-family:Arial;font-size:12px&quot;&gt;&lt;tr&gt;&lt;th align=&quot;left&quot;&gt;Parameter&lt;/th&gt;&lt;th align=&quot;left&quot;&gt;Value&lt;/th&gt;&lt;/tr&gt;&lt;tr&gt;&lt;td&gt;Pillar&lt;/td&gt;&lt;td&gt;B-BP1&lt;/td&gt;&lt;/tr&gt;&lt;tr&gt;&lt;td&gt;Lease&lt;/td&gt;&lt;td&gt;Pakhar 115.13 Ha - Block B&lt;/td&gt;&lt;/tr&gt;&lt;tr&gt;&lt;td&gt;Latitude&lt;/td&gt;&lt;td&gt;23.54001993&lt;/td&gt;&lt;/tr&gt;&lt;tr&gt;&lt;td&gt;Longitude&lt;/td&gt;&lt;td&gt;84.60260055&lt;/td&gt;&lt;/tr&gt;&lt;tr&gt;&lt;td&gt;Easting (m)&lt;/td&gt;&lt;td&gt;255250.097&lt;/td&gt;&lt;/tr&gt;&lt;tr&gt;&lt;td&gt;Northing (m)&lt;/td&gt;&lt;td&gt;2605347.738&lt;/td&gt;&lt;/tr&gt;&lt;tr&gt;&lt;td&gt;Zone / Datum&lt;/td&gt;&lt;td&gt;UTM 45N / WGS84&lt;/td&gt;&lt;/tr&gt;&lt;/table&gt;</desc></wpt>
<wpt lat="0.00021231" lon="82.51201406"><ele>0.000</ele><name>B-BP2</name><desc>&lt;table border=&quot;1&quot; cellpadding=&quot;4&quot; cellspacing=&quot;0&quot; style=&quot;border-collapse:collapse;font-family:Arial;font-size:12px&quot;&gt;&lt;tr&gt;&lt;th align=&quot;left&quot;&gt;Parameter&lt;/th&gt;&lt;th align=&quot;left&quot;&gt;Value&lt;/th&gt;&lt;/tr&gt;&lt;tr&gt;&lt;td&gt;Pillar&lt;/td&gt;&lt;td&gt;B-BP2&lt;/td&gt;&lt;/tr&gt;&lt;tr&gt;&lt;td&gt;Lease&lt;/td&gt;&lt;td&gt;Pakhar 115.13 Ha - Block B&lt;/td&gt;&lt;/tr&gt;&lt;tr&gt;&lt;td&gt;Latitude&lt;/td&gt;&lt;td&gt;23.53960716&lt;/td&gt;&lt;/tr&gt;&lt;tr&gt;&lt;td&gt;Longitude&lt;/td&gt;&lt;td&gt;84.60240262&lt;/td&gt;&lt;/tr&gt;&lt;tr&gt;&lt;td&gt;Easting (m)&lt;/td&gt;&lt;td&gt;255229.118&lt;/td&gt;&lt;/tr&gt;&lt;tr&gt;&lt;td&gt;Northing (m)&lt;/td&gt;&lt;td&gt;2605302.352&lt;/td&gt;&lt;/tr&gt;&lt;tr&gt;&lt;td&gt;Zone / Datum&lt;/td&gt;&lt;td&gt;UTM 45N / WGS84&lt;/td&gt;&lt;/tr&gt;&lt;/table&gt;</desc></wpt>
<wpt lat="0.00021231" lon="82.51201405"><ele>0.000</ele><name>B-BP3</name><desc>&lt;table border=&quot;1&quot; cellpadding=&quot;4&quot; cellspacing=&quot;0&quot; style=&quot;border-collapse:collapse;font-family:Arial;font-size:12px&quot;&gt;&lt;tr&gt;&lt;th align=&quot;left&quot;&gt;Parameter&lt;/th&gt;&lt;th align=&quot;left&quot;&gt;Value&lt;/th&gt;&lt;/tr&gt;&lt;tr&gt;&lt;td&gt;Pillar&lt;/td&gt;&lt;td&gt;B-BP3&lt;/td&gt;&lt;/tr&gt;&lt;tr&gt;&lt;td&gt;Lease&lt;/td&gt;&lt;td&gt;Pakhar 115.13 Ha - Block B&lt;/td&gt;&lt;/tr&gt;&lt;tr&gt;&lt;td&gt;Latitude&lt;/td&gt;&lt;td&gt;23.53919439&lt;/td&gt;&lt;/tr&gt;&lt;tr&gt;&lt;td&gt;Longitude&lt;/td&gt;&lt;td&gt;84.60220470&lt;/td&gt;&lt;/tr&gt;&lt;tr&gt;&lt;td&gt;Easting (m)&lt;/td&gt;&lt;td&gt;255208.139&lt;/td&gt;&lt;/tr&gt;&lt;tr&gt;&lt;td&gt;Northing (m)&lt;/td&gt;&lt;td&gt;2605256.966&lt;/td&gt;&lt;/tr&gt;&lt;tr&gt;&lt;td&gt;Zone / Datum&lt;/td&gt;&lt;td&gt;UTM 45N / WGS84&lt;/td&gt;&lt;/tr&gt;&lt;/table&gt;</desc></wpt>
<wpt lat="0.00021231" lon="82.51201405"><ele>0.000</ele><name>B-BP4</name><desc>&lt;table border=&quot;1&quot; cellpadding=&quot;4&quot; cellspacing=&quot;0&quot; style=&quot;border-collapse:collapse;font-family:Arial;font-size:12px&quot;&gt;&lt;tr&gt;&lt;th align=&quot;left&quot;&gt;Parameter&lt;/th&gt;&lt;th align=&quot;left&quot;&gt;Value&lt;/th&gt;&lt;/tr&gt;&lt;tr&gt;&lt;td&gt;Pillar&lt;/td&gt;&lt;td&gt;B-BP4&lt;/td&gt;&lt;/tr&gt;&lt;tr&gt;&lt;td&gt;Lease&lt;/td&gt;&lt;td&gt;Pakhar 115.13 Ha - Block B&lt;/td&gt;&lt;/tr&gt;&lt;tr&gt;&lt;td&gt;Latitude&lt;/td&gt;&lt;td&gt;23.53878162&lt;/td&gt;&lt;/tr&gt;&lt;tr&gt;&lt;td&gt;Longitude&lt;/td&gt;&lt;td&gt;84.60200678&lt;/td&gt;&lt;/tr&gt;&lt;tr&gt;&lt;td&gt;Easting (m)&lt;/td&gt;&lt;td&gt;255187.161&lt;/td&gt;&lt;/tr&gt;&lt;tr&gt;&lt;td&gt;Northing (m)&lt;/td&gt;&lt;td&gt;2605211.580&lt;/td&gt;&lt;/tr&gt;&lt;tr&gt;&lt;td&gt;Zone / Datum&lt;/td&gt;&lt;td&gt;UTM 45N / WGS84&lt;/td&gt;&lt;/tr&gt;&lt;/table&gt;</desc></wpt>
<wpt lat="0.00021230" lon="82.51201405"><ele>0.000</ele><name>B-BP5</name><desc>&lt;table border=&quot;1&quot; cellpadding=&quot;4&quot; cellspacing=&quot;0&quot; style=&quot;border-collapse:collapse;font-family:Arial;font-size:12px&quot;&gt;&lt;tr&gt;&lt;th align=&quot;left&quot;&gt;Parameter&lt;/th&gt;&lt;th align=&quot;left&quot;&gt;Value&lt;/th&gt;&lt;/tr&gt;&lt;tr&gt;&lt;td&gt;Pillar&lt;/td&gt;&lt;td&gt;B-BP5&lt;/td&gt;&lt;/tr&gt;&lt;tr&gt;&lt;td&gt;Lease&lt;/td&gt;&lt;td&gt;Pakhar 115.13 Ha - Block B&lt;/td&gt;&lt;/tr&gt;&lt;tr&gt;&lt;td&gt;Latitude&lt;/td&gt;&lt;td&gt;23.53836885&lt;/td&gt;&lt;/tr&gt;&lt;tr&gt;&lt;td&gt;Longitude&lt;/td&gt;&lt;td&gt;84.60180886&lt;/td&gt;&lt;/tr&gt;&lt;tr&gt;&lt;td&gt;Easting (m)&lt;/td&gt;&lt;td&gt;255166.182&lt;/td&gt;&lt;/tr&gt;&lt;tr&gt;&lt;td&gt;Northing (m)&lt;/td&gt;&lt;td&gt;2605166.194&lt;/td&gt;&lt;/tr&gt;&lt;tr&gt;&lt;td&gt;Zone / Datum&lt;/td&gt;&lt;td&gt;UTM 45N / WGS84&lt;/td&gt;&lt;/tr&gt;&lt;/table&gt;</desc></wpt>
<wpt lat="0.00021230" lon="82.51201405"><ele>0.000</ele><name>B-BP6</name><desc>&lt;table border=&quot;1&quot; cellpadding=&quot;4&quot; cellspacing=&quot;0&quot; style=&quot;border-collapse:collapse;font-family:Arial;font-size:12px&quot;&gt;&lt;tr&gt;&lt;th align=&quot;left&quot;&gt;Parameter&lt;/th&gt;&lt;th align=&quot;left&quot;&gt;Value&lt;/th&gt;&lt;/tr&gt;&lt;tr&gt;&lt;td&gt;Pillar&lt;/td&gt;&lt;td&gt;B-BP6&lt;/td&gt;&lt;/tr&gt;&lt;tr&gt;&lt;td&gt;Lease&lt;/td&gt;&lt;td&gt;Pakhar 115.13 Ha - Block B&lt;/td&gt;&lt;/tr&gt;&lt;tr&gt;&lt;td&gt;Latitude&lt;/td&gt;&lt;td&gt;23.53795608&lt;/td&gt;&lt;/tr&gt;&lt;tr&gt;&lt;td&gt;Longitude&lt;/td&gt;&lt;td&gt;84.60161094&lt;/td&gt;&lt;/tr&gt;&lt;tr&gt;&lt;td&gt;Easting (m)&lt;/td&gt;&lt;td&gt;255145.203&lt;/td&gt;&lt;/tr&gt;&lt;tr&gt;&lt;td&gt;Northing (m)&lt;/td&gt;&lt;td&gt;2605120.808&lt;/td&gt;&lt;/tr&gt;&lt;tr&gt;&lt;td&gt;Zone / Datum&lt;/td&gt;&lt;td&gt;UTM 45N / WGS84&lt;/td&gt;&lt;/tr&gt;&lt;/table&gt;</desc></wpt>
<wpt lat="0.00021230" lon="82.51201405"><ele>0.000</ele><name>B-BP7</name><desc>&lt;table border=&quot;1&quot; cellpadding=&quot;4&quot; cellspacing=&quot;0&quot; style=&quot;border-collapse:collapse;font-family:Arial;font-size:12px&quot;&gt;&lt;tr&gt;&lt;th align=&quot;left&quot;&gt;Parameter&lt;/th&gt;&lt;th align=&quot;left&quot;&gt;Value&lt;/th&gt;&lt;/tr&gt;&lt;tr&gt;&lt;td&gt;Pillar&lt;/td&gt;&lt;td&gt;B-BP7&lt;/td&gt;&lt;/tr&gt;&lt;tr&gt;&lt;td&gt;Lease&lt;/td&gt;&lt;td&gt;Pakhar 115.13 Ha - Block B&lt;/td&gt;&lt;/tr&gt;&lt;tr&gt;&lt;td&gt;Latitude&lt;/td&gt;&lt;td&gt;23.53785300&lt;/td&gt;&lt;/tr&gt;&lt;tr&gt;&lt;td&gt;Longitude&lt;/td&gt;&lt;td&gt;84.60161416&lt;/td&gt;&lt;/tr&gt;&lt;tr&gt;&lt;td&gt;Easting (m)&lt;/td&gt;&lt;td&gt;255145.341&lt;/td&gt;&lt;/tr&gt;&lt;tr&gt;&lt;td&gt;Northing (m)&lt;/td&gt;&lt;td&gt;2605109.384&lt;/td&gt;&lt;/tr&gt;&lt;tr&gt;&lt;td&gt;Zone / Datum&lt;/td&gt;&lt;td&gt;UTM 45N / WGS84&lt;/td&gt;&lt;/tr&gt;&lt;/table&gt;</desc></wpt>
<wpt lat="0.00021229" lon="82.51201405"><ele>0.000</ele><name>B-BP8</name><desc>&lt;table border=&quot;1&quot; cellpadding=&quot;4&quot; cellspacing=&quot;0&quot; style=&quot;border-collapse:collapse;font-family:Arial;font-size:12px&quot;&gt;&lt;tr&gt;&lt;th align=&quot;left&quot;&gt;Parameter&lt;/th&gt;&lt;th align=&quot;left&quot;&gt;Value&lt;/th&gt;&lt;/tr&gt;&lt;tr&gt;&lt;td&gt;Pillar&lt;/td&gt;&lt;td&gt;B-BP8&lt;/td&gt;&lt;/tr&gt;&lt;tr&gt;&lt;td&gt;Lease&lt;/td&gt;&lt;td&gt;Pakhar 115.13 Ha - Block B&lt;/td&gt;&lt;/tr&gt;&lt;tr&gt;&lt;td&gt;Latitude&lt;/td&gt;&lt;td&gt;23.53740188&lt;/td&gt;&lt;/tr&gt;&lt;tr&gt;&lt;td&gt;Longitude&lt;/td&gt;&lt;td&gt;84.60162827&lt;/td&gt;&lt;/tr&gt;&lt;tr&gt;&lt;td&gt;Easting (m)&lt;/td&gt;&lt;td&gt;255145.946&lt;/td&gt;&lt;/tr&gt;&lt;tr&gt;&lt;td&gt;Northing (m)&lt;/td&gt;&lt;td&gt;2605059.387&lt;/td&gt;&lt;/tr&gt;&lt;tr&gt;&lt;td&gt;Zone / Datum&lt;/td&gt;&lt;td&gt;UTM 45N / WGS84&lt;/td&gt;&lt;/tr&gt;&lt;/table&gt;</desc></wpt>
<wpt lat="0.00021229" lon="82.51201405"><ele>0.000</ele><name>B-BP9</name><desc>&lt;table border=&quot;1&quot; cellpadding=&quot;4&quot; cellspacing=&quot;0&quot; style=&quot;border-collapse:collapse;font-family:Arial;font-size:12px&quot;&gt;&lt;tr&gt;&lt;th align=&quot;left&quot;&gt;Parameter&lt;/th&gt;&lt;th align=&quot;left&quot;&gt;Value&lt;/th&gt;&lt;/tr&gt;&lt;tr&gt;&lt;td&gt;Pillar&lt;/td&gt;&lt;td&gt;B-BP9&lt;/td&gt;&lt;/tr&gt;&lt;tr&gt;&lt;td&gt;Lease&lt;/td&gt;&lt;td&gt;Pakhar 115.13 Ha - Block B&lt;/td&gt;&lt;/tr&gt;&lt;tr&gt;&lt;td&gt;Latitude&lt;/td&gt;&lt;td&gt;23.53695076&lt;/td&gt;&lt;/tr&gt;&lt;tr&gt;&lt;td&gt;Longitude&lt;/td&gt;&lt;td&gt;84.60164238&lt;/td&gt;&lt;/tr&gt;&lt;tr&gt;&lt;td&gt;Easting (m)&lt;/td&gt;&lt;td&gt;255146.552&lt;/td&gt;&lt;/tr&gt;&lt;tr&gt;&lt;td&gt;Northing (m)&lt;/td&gt;&lt;td&gt;2605009.391&lt;/td&gt;&lt;/tr&gt;&lt;tr&gt;&lt;td&gt;Zone / Datum&lt;/td&gt;&lt;td&gt;UTM 45N / WGS84&lt;/td&gt;&lt;/tr&gt;&lt;/table&gt;</desc></wpt>
<wpt lat="0.00021228" lon="82.51201405"><ele>0.000</ele><name>B-BP10</name><desc>&lt;table border=&quot;1&quot; cellpadding=&quot;4&quot; cellspacing=&quot;0&quot; style=&quot;border-collapse:collapse;font-family:Arial;font-size:12px&quot;&gt;&lt;tr&gt;&lt;th align=&quot;left&quot;&gt;Parameter&lt;/th&gt;&lt;th align=&quot;left&quot;&gt;Value&lt;/th&gt;&lt;/tr&gt;&lt;tr&gt;&lt;td&gt;Pillar&lt;/td&gt;&lt;td&gt;B-BP10&lt;/td&gt;&lt;/tr&gt;&lt;tr&gt;&lt;td&gt;Lease&lt;/td&gt;&lt;td&gt;Pakhar 115.13 Ha - Block B&lt;/td&gt;&lt;/tr&gt;&lt;tr&gt;&lt;td&gt;Latitude&lt;/td&gt;&lt;td&gt;23.53649964&lt;/td&gt;&lt;/tr&gt;&lt;tr&gt;&lt;td&gt;Longitude&lt;/td&gt;&lt;td&gt;84.60165649&lt;/td&gt;&lt;/tr&gt;&lt;tr&gt;&lt;td&gt;Easting (m)&lt;/td&gt;&lt;td&gt;255147.157&lt;/td&gt;&lt;/tr&gt;&lt;tr&gt;&lt;td&gt;Northing (m)&lt;/td&gt;&lt;td&gt;2604959.395&lt;/td&gt;&lt;/tr&gt;&lt;tr&gt;&lt;td&gt;Zone / Datum&lt;/td&gt;&lt;td&gt;UTM 45N / WGS84&lt;/td&gt;&lt;/tr&gt;&lt;/table&gt;</desc></wpt>
<wpt lat="0.00021228" lon="82.51201405"><ele>0.000</ele><name>B-BP11</name><desc>&lt;table border=&quot;1&quot; cellpadding=&quot;4&quot; cellspacing=&quot;0&quot; style=&quot;border-collapse:collapse;font-family:Arial;font-size:12px&quot;&gt;&lt;tr&gt;&lt;th align=&quot;left&quot;&gt;Parameter&lt;/th&gt;&lt;th align=&quot;left&quot;&gt;Value&lt;/th&gt;&lt;/tr&gt;&lt;tr&gt;&lt;td&gt;Pillar&lt;/td&gt;&lt;td&gt;B-BP11&lt;/td&gt;&lt;/tr&gt;&lt;tr&gt;&lt;td&gt;Lease&lt;/td&gt;&lt;td&gt;Pakhar 115.13 Ha - Block B&lt;/td&gt;&lt;/tr&gt;&lt;tr&gt;&lt;td&gt;Latitude&lt;/td&gt;&lt;td&gt;23.53604852&lt;/td&gt;&lt;/tr&gt;&lt;tr&gt;&lt;td&gt;Longitude&lt;/td&gt;&lt;td&gt;84.60167060&lt;/td&gt;&lt;/tr&gt;&lt;tr&gt;&lt;td&gt;Easting (m)&lt;/td&gt;&lt;td&gt;255147.762&lt;/td&gt;&lt;/tr&gt;&lt;tr&gt;&lt;td&gt;Northing (m)&lt;/td&gt;&lt;td&gt;2604909.398&lt;/td&gt;&lt;/tr&gt;&lt;tr&gt;&lt;td&gt;Zone / Datum&lt;/td&gt;&lt;td&gt;UTM 45N / WGS84&lt;/td&gt;&lt;/tr&gt;&lt;/table&gt;</desc></wpt>
<wpt lat="0.00021228" lon="82.51201405"><ele>0.000</ele><name>B-BP12</name><desc>&lt;table border=&quot;1&quot; cellpadding=&quot;4&quot; cellspacing=&quot;0&quot; style=&quot;border-collapse:collapse;font-family:Arial;font-size:12px&quot;&gt;&lt;tr&gt;&lt;th align=&quot;left&quot;&gt;Parameter&lt;/th&gt;&lt;th align=&quot;left&quot;&gt;Value&lt;/th&gt;&lt;/tr&gt;&lt;tr&gt;&lt;td&gt;Pillar&lt;/td&gt;&lt;td&gt;B-BP12&lt;/td&gt;&lt;/tr&gt;&lt;tr&gt;&lt;td&gt;Lease&lt;/td&gt;&lt;td&gt;Pakhar 115.13 Ha - Block B&lt;/td&gt;&lt;/tr&gt;&lt;tr&gt;&lt;td&gt;Latitude&lt;/td&gt;&lt;td&gt;23.53559740&lt;/td&gt;&lt;/tr&gt;&lt;tr&gt;&lt;td&gt;Longitude&lt;/td&gt;&lt;td&gt;84.60168470&lt;/td&gt;&lt;/tr&gt;&lt;tr&gt;&lt;td&gt;Easting (m)&lt;/td&gt;&lt;td&gt;255148.367&lt;/td&gt;&lt;/tr&gt;&lt;tr&gt;&lt;td&gt;Northing (m)&lt;/td&gt;&lt;td&gt;2604859.402&lt;/td&gt;&lt;/tr&gt;&lt;tr&gt;&lt;td&gt;Zone / Datum&lt;/td&gt;&lt;td&gt;UTM 45N / WGS84&lt;/td&gt;&lt;/tr&gt;&lt;/table&gt;</desc></wpt>
<wpt lat="0.00021228" lon="82.51201405"><ele>0.000</ele><name>B-BP13</name><desc>&lt;table border=&quot;1&quot; cellpadding=&quot;4&quot; cellspacing=&quot;0&quot; style=&quot;border-collapse:collapse;font-family:Arial;font-size:12px&quot;&gt;&lt;tr&gt;&lt;th align=&quot;left&quot;&gt;Parameter&lt;/th&gt;&lt;th align=&quot;left&quot;&gt;Value&lt;/th&gt;&lt;/tr&gt;&lt;tr&gt;&lt;td&gt;Pillar&lt;/td&gt;&lt;td&gt;B-BP13&lt;/td&gt;&lt;/tr&gt;&lt;tr&gt;&lt;td&gt;Lease&lt;/td&gt;&lt;td&gt;Pakhar 115.13 Ha - Block B&lt;/td&gt;&lt;/tr&gt;&lt;tr&gt;&lt;td&gt;Latitude&lt;/td&gt;&lt;td&gt;23.53586069&lt;/td&gt;&lt;/tr&gt;&lt;tr&gt;&lt;td&gt;Longitude&lt;/td&gt;&lt;td&gt;84.60135450&lt;/td&gt;&lt;/tr&gt;&lt;tr&gt;&lt;td&gt;Easting (m)&lt;/td&gt;&lt;td&gt;255115.130&lt;/td&gt;&lt;/tr&gt;&lt;tr&gt;&lt;td&gt;Northing (m)&lt;/td&gt;&lt;td&gt;2604889.132&lt;/td&gt;&lt;/tr&gt;&lt;tr&gt;&lt;td&gt;Zone / Datum&lt;/td&gt;&lt;td&gt;UTM 45N / WGS84&lt;/td&gt;&lt;/tr&gt;&lt;/table&gt;</desc></wpt>
<wpt lat="0.00021228" lon="82.51201404"><ele>0.000</ele><name>B-BP14</name><desc>&lt;table border=&quot;1&quot; cellpadding=&quot;4&quot; cellspacing=&quot;0&quot; style=&quot;border-collapse:collapse;font-family:Arial;font-size:12px&quot;&gt;&lt;tr&gt;&lt;th align=&quot;left&quot;&gt;Parameter&lt;/th&gt;&lt;th align=&quot;left&quot;&gt;Value&lt;/th&gt;&lt;/tr&gt;&lt;tr&gt;&lt;td&gt;Pillar&lt;/td&gt;&lt;td&gt;B-BP14&lt;/td&gt;&lt;/tr&gt;&lt;tr&gt;&lt;td&gt;Lease&lt;/td&gt;&lt;td&gt;Pakhar 115.13 Ha - Block B&lt;/td&gt;&lt;/tr&gt;&lt;tr&gt;&lt;td&gt;Latitude&lt;/td&gt;&lt;td&gt;23.53615590&lt;/td&gt;&lt;/tr&gt;&lt;tr&gt;&lt;td&gt;Longitude&lt;/td&gt;&lt;td&gt;84.60098426&lt;/td&gt;&lt;/tr&gt;&lt;tr&gt;&lt;td&gt;Easting (m)&lt;/td&gt;&lt;td&gt;255077.863&lt;/td&gt;&lt;/tr&gt;&lt;tr&gt;&lt;td&gt;Northing (m)&lt;/td&gt;&lt;td&gt;2604922.466&lt;/td&gt;&lt;/tr&gt;&lt;tr&gt;&lt;td&gt;Zone / Datum&lt;/td&gt;&lt;td&gt;UTM 45N / WGS84&lt;/td&gt;&lt;/tr&gt;&lt;/table&gt;</desc></wpt>
<wpt lat="0.00021228" lon="82.51201404"><ele>0.000</ele><name>B-BP15</name><desc>&lt;table border=&quot;1&quot; cellpadding=&quot;4&quot; cellspacing=&quot;0&quot; style=&quot;border-collapse:collapse;font-family:Arial;font-size:12px&quot;&gt;&lt;tr&gt;&lt;th align=&quot;left&quot;&gt;Parameter&lt;/th&gt;&lt;th align=&quot;left&quot;&gt;Value&lt;/th&gt;&lt;/tr&gt;&lt;tr&gt;&lt;td&gt;Pillar&lt;/td&gt;&lt;td&gt;B-BP15&lt;/td&gt;&lt;/tr&gt;&lt;tr&gt;&lt;td&gt;Lease&lt;/td&gt;&lt;td&gt;Pakhar 115.13 Ha - Block B&lt;/td&gt;&lt;/tr&gt;&lt;tr&gt;&lt;td&gt;Latitude&lt;/td&gt;&lt;td&gt;23.53645111&lt;/td&gt;&lt;/tr&gt;&lt;tr&gt;&lt;td&gt;Longitude&lt;/td&gt;&lt;td&gt;84.60061402&lt;/td&gt;&lt;/tr&gt;&lt;tr&gt;&lt;td&gt;Easting (m)&lt;/td&gt;&lt;td&gt;255040.596&lt;/td&gt;&lt;/tr&gt;&lt;tr&gt;&lt;td&gt;Northing (m)&lt;/td&gt;&lt;td&gt;2604955.800&lt;/td&gt;&lt;/tr&gt;&lt;tr&gt;&lt;td&gt;Zone / Datum&lt;/td&gt;&lt;td&gt;UTM 45N / WGS84&lt;/td&gt;&lt;/tr&gt;&lt;/table&gt;</desc></wpt>
<wpt lat="0.00021229" lon="82.51201404"><ele>0.000</ele><name>B-BP16</name><desc>&lt;table border=&quot;1&quot; cellpadding=&quot;4&quot; cellspacing=&quot;0&quot; style=&quot;border-collapse:collapse;font-family:Arial;font-size:12px&quot;&gt;&lt;tr&gt;&lt;th align=&quot;left&quot;&gt;Parameter&lt;/th&gt;&lt;th align=&quot;left&quot;&gt;Value&lt;/th&gt;&lt;/tr&gt;&lt;tr&gt;&lt;td&gt;Pillar&lt;/td&gt;&lt;td&gt;B-BP16&lt;/td&gt;&lt;/tr&gt;&lt;tr&gt;&lt;td&gt;Lease&lt;/td&gt;&lt;td&gt;Pakhar 115.13 Ha - Block B&lt;/td&gt;&lt;/tr&gt;&lt;tr&gt;&lt;td&gt;Latitude&lt;/td&gt;&lt;td&gt;23.53674633&lt;/td&gt;&lt;/tr&gt;&lt;tr&gt;&lt;td&gt;Longitude&lt;/td&gt;&lt;td&gt;84.60024378&lt;/td&gt;&lt;/tr&gt;&lt;tr&gt;&lt;td&gt;Easting (m)&lt;/td&gt;&lt;td&gt;255003.329&lt;/td&gt;&lt;/tr&gt;&lt;tr&gt;&lt;td&gt;Northing (m)&lt;/td&gt;&lt;td&gt;2604989.135&lt;/td&gt;&lt;/tr&gt;&lt;tr&gt;&lt;td&gt;Zone / Datum&lt;/td&gt;&lt;td&gt;UTM 45N / WGS84&lt;/td&gt;&lt;/tr&gt;&lt;/table&gt;</desc></wpt>
<wpt lat="0.00021229" lon="82.51201404"><ele>0.000</ele><name>B-BP17</name><desc>&lt;table border=&quot;1&quot; cellpadding=&quot;4&quot; cellspacing=&quot;0&quot; style=&quot;border-collapse:collapse;font-family:Arial;font-size:12px&quot;&gt;&lt;tr&gt;&lt;th align=&quot;left&quot;&gt;Parameter&lt;/th&gt;&lt;th align=&quot;left&quot;&gt;Value&lt;/th&gt;&lt;/tr&gt;&lt;tr&gt;&lt;td&gt;Pillar&lt;/td&gt;&lt;td&gt;B-BP17&lt;/td&gt;&lt;/tr&gt;&lt;tr&gt;&lt;td&gt;Lease&lt;/td&gt;&lt;td&gt;Pakhar 115.13 Ha - Block B&lt;/td&gt;&lt;/tr&gt;&lt;tr&gt;&lt;td&gt;Latitude&lt;/td&gt;&lt;td&gt;23.53672342&lt;/td&gt;&lt;/tr&gt;&lt;tr&gt;&lt;td&gt;Longitude&lt;/td&gt;&lt;td&gt;84.60011688&lt;/td&gt;&lt;/tr&gt;&lt;tr&gt;&lt;td&gt;Easting (m)&lt;/td&gt;&lt;td&gt;254990.326&lt;/td&gt;&lt;/tr&gt;&lt;tr&gt;&lt;td&gt;Northing (m)&lt;/td&gt;&lt;td&gt;2604986.814&lt;/td&gt;&lt;/tr&gt;&lt;tr&gt;&lt;td&gt;Zone / Datum&lt;/td&gt;&lt;td&gt;UTM 45N / WGS84&lt;/td&gt;&lt;/tr&gt;&lt;/table&gt;</desc></wpt>
<wpt lat="0.00021229" lon="82.51201403"><ele>0.000</ele><name>B-BP18</name><desc>&lt;table border=&quot;1&quot; cellpadding=&quot;4&quot; cellspacing=&quot;0&quot; style=&quot;border-collapse:collapse;font-family:Arial;font-size:12px&quot;&gt;&lt;tr&gt;&lt;th align=&quot;left&quot;&gt;Parameter&lt;/th&gt;&lt;th align=&quot;left&quot;&gt;Value&lt;/th&gt;&lt;/tr&gt;&lt;tr&gt;&lt;td&gt;Pillar&lt;/td&gt;&lt;td&gt;B-BP18&lt;/td&gt;&lt;/tr&gt;&lt;tr&gt;&lt;td&gt;Lease&lt;/td&gt;&lt;td&gt;Pakhar 115.13 Ha - Block B&lt;/td&gt;&lt;/tr&gt;&lt;tr&gt;&lt;td&gt;Latitude&lt;/td&gt;&lt;td&gt;23.53663668&lt;/td&gt;&lt;/tr&gt;&lt;tr&gt;&lt;td&gt;Longitude&lt;/td&gt;&lt;td&gt;84.59963400&lt;/td&gt;&lt;/tr&gt;&lt;tr&gt;&lt;td&gt;Easting (m)&lt;/td&gt;&lt;td&gt;254940.847&lt;/td&gt;&lt;/tr&gt;&lt;tr&gt;&lt;td&gt;Northing (m)&lt;/td&gt;&lt;td&gt;2604978.031&lt;/td&gt;&lt;/tr&gt;&lt;tr&gt;&lt;td&gt;Zone / Datum&lt;/td&gt;&lt;td&gt;UTM 45N / WGS84&lt;/td&gt;&lt;/tr&gt;&lt;/table&gt;</desc></wpt>
<wpt lat="0.00021229" lon="82.51201403"><ele>0.000</ele><name>B-BP19</name><desc>&lt;table border=&quot;1&quot; cellpadding=&quot;4&quot; cellspacing=&quot;0&quot; style=&quot;border-collapse:collapse;font-family:Arial;font-size:12px&quot;&gt;&lt;tr&gt;&lt;th align=&quot;left&quot;&gt;Parameter&lt;/th&gt;&lt;th align=&quot;left&quot;&gt;Value&lt;/th&gt;&lt;/tr&gt;&lt;tr&gt;&lt;td&gt;Pillar&lt;/td&gt;&lt;td&gt;B-BP19&lt;/td&gt;&lt;/tr&gt;&lt;tr&gt;&lt;td&gt;Lease&lt;/td&gt;&lt;td&gt;Pakhar 115.13 Ha - Block B&lt;/td&gt;&lt;/tr&gt;&lt;tr&gt;&lt;td&gt;Latitude&lt;/td&gt;&lt;td&gt;23.53670477&lt;/td&gt;&lt;/tr&gt;&lt;tr&gt;&lt;td&gt;Longitude&lt;/td&gt;&lt;td&gt;84.59962656&lt;/td&gt;&lt;/tr&gt;&lt;tr&gt;&lt;td&gt;Easting (m)&lt;/td&gt;&lt;td&gt;254940.214&lt;/td&gt;&lt;/tr&gt;&lt;tr&gt;&lt;td&gt;Northing (m)&lt;/td&gt;&lt;td&gt;2604985.587&lt;/td&gt;&lt;/tr&gt;&lt;tr&gt;&lt;td&gt;Zone / Datum&lt;/td&gt;&lt;td&gt;UTM 45N / WGS84&lt;/td&gt;&lt;/tr&gt;&lt;/table&gt;</desc></wpt>
<wpt lat="0.00021229" lon="82.51201403"><ele>0.000</ele><name>B-BP20</name><desc>&lt;table border=&quot;1&quot; cellpadding=&quot;4&quot; cellspacing=&quot;0&quot; style=&quot;border-collapse:collapse;font-family:Arial;font-size:12px&quot;&gt;&lt;tr&gt;&lt;th align=&quot;left&quot;&gt;Parameter&lt;/th&gt;&lt;th align=&quot;left&quot;&gt;Value&lt;/th&gt;&lt;/tr&gt;&lt;tr&gt;&lt;td&gt;Pillar&lt;/td&gt;&lt;td&gt;B-BP20&lt;/td&gt;&lt;/tr&gt;&lt;tr&gt;&lt;td&gt;Lease&lt;/td&gt;&lt;td&gt;Pakhar 115.13 Ha - Block B&lt;/td&gt;&lt;/tr&gt;&lt;tr&gt;&lt;td&gt;Latitude&lt;/td&gt;&lt;td&gt;23.53715381&lt;/td&gt;&lt;/tr&gt;&lt;tr&gt;&lt;td&gt;Longitude&lt;/td&gt;&lt;td&gt;84.59957753&lt;/td&gt;&lt;/tr&gt;&lt;tr&gt;&lt;td&gt;Easting (m)&lt;/td&gt;&lt;td&gt;254936.039&lt;/td&gt;&lt;/tr&gt;&lt;tr&gt;&lt;td&gt;Northing (m)&lt;/td&gt;&lt;td&gt;2605035.412&lt;/td&gt;&lt;/tr&gt;&lt;tr&gt;&lt;td&gt;Zone / Datum&lt;/td&gt;&lt;td&gt;UTM 45N / WGS84&lt;/td&gt;&lt;/tr&gt;&lt;/table&gt;</desc></wpt>
<wpt lat="0.00021229" lon="82.51201403"><ele>0.000</ele><name>B-BP21</name><desc>&lt;table border=&quot;1&quot; cellpadding=&quot;4&quot; cellspacing=&quot;0&quot; style=&quot;border-collapse:collapse;font-family:Arial;font-size:12px&quot;&gt;&lt;tr&gt;&lt;th align=&quot;left&quot;&gt;Parameter&lt;/th&gt;&lt;th align=&quot;left&quot;&gt;Value&lt;/th&gt;&lt;/tr&gt;&lt;tr&gt;&lt;td&gt;Pillar&lt;/td&gt;&lt;td&gt;B-BP21&lt;/td&gt;&lt;/tr&gt;&lt;tr&gt;&lt;td&gt;Lease&lt;/td&gt;&lt;td&gt;Pakhar 115.13 Ha - Block B&lt;/td&gt;&lt;/tr&gt;&lt;tr&gt;&lt;td&gt;Latitude&lt;/td&gt;&lt;td&gt;23.53733347&lt;/td&gt;&lt;/tr&gt;&lt;tr&gt;&lt;td&gt;Longitude&lt;/td&gt;&lt;td&gt;84.59927571&lt;/td&gt;&lt;/tr&gt;&lt;tr&gt;&lt;td&gt;Easting (m)&lt;/td&gt;&lt;td&gt;254905.546&lt;/td&gt;&lt;/tr&gt;&lt;tr&gt;&lt;td&gt;Northing (m)&lt;/td&gt;&lt;td&gt;2605055.830&lt;/td&gt;&lt;/tr&gt;&lt;tr&gt;&lt;td&gt;Zone / Datum&lt;/td&gt;&lt;td&gt;UTM 45N / WGS84&lt;/td&gt;&lt;/tr&gt;&lt;/table&gt;</desc></wpt>
<wpt lat="0.00021229" lon="82.51201402"><ele>0.000</ele><name>B-BP22</name><desc>&lt;table border=&quot;1&quot; cellpadding=&quot;4&quot; cellspacing=&quot;0&quot; style=&quot;border-collapse:collapse;font-family:Arial;font-size:12px&quot;&gt;&lt;tr&gt;&lt;th align=&quot;left&quot;&gt;Parameter&lt;/th&gt;&lt;th align=&quot;left&quot;&gt;Value&lt;/th&gt;&lt;/tr&gt;&lt;tr&gt;&lt;td&gt;Pillar&lt;/td&gt;&lt;td&gt;B-BP22&lt;/td&gt;&lt;/tr&gt;&lt;tr&gt;&lt;td&gt;Lease&lt;/td&gt;&lt;td&gt;Pakhar 115.13 Ha - Block B&lt;/td&gt;&lt;/tr&gt;&lt;tr&gt;&lt;td&gt;Latitude&lt;/td&gt;&lt;td&gt;23.53757824&lt;/td&gt;&lt;/tr&gt;&lt;tr&gt;&lt;td&gt;Longitude&lt;/td&gt;&lt;td&gt;84.59886447&lt;/td&gt;&lt;/tr&gt;&lt;tr&gt;&lt;td&gt;Easting (m)&lt;/td&gt;&lt;td&gt;254863.999&lt;/td&gt;&lt;/tr&gt;&lt;tr&gt;&lt;td&gt;Northing (m)&lt;/td&gt;&lt;td&gt;2605083.648&lt;/td&gt;&lt;/tr&gt;&lt;tr&gt;&lt;td&gt;Zone / Datum&lt;/td&gt;&lt;td&gt;UTM 45N / WGS84&lt;/td&gt;&lt;/tr&gt;&lt;/table&gt;</desc></wpt>
<wpt lat="0.00021230" lon="82.51201402"><ele>0.000</ele><name>B-BP23</name><desc>&lt;table border=&quot;1&quot; cellpadding=&quot;4&quot; cellspacing=&quot;0&quot; style=&quot;border-collapse:collapse;font-family:Arial;font-size:12px&quot;&gt;&lt;tr&gt;&lt;th align=&quot;left&quot;&gt;Parameter&lt;/th&gt;&lt;th align=&quot;left&quot;&gt;Value&lt;/th&gt;&lt;/tr&gt;&lt;tr&gt;&lt;td&gt;Pillar&lt;/td&gt;&lt;td&gt;B-BP23&lt;/td&gt;&lt;/tr&gt;&lt;tr&gt;&lt;td&gt;Lease&lt;/td&gt;&lt;td&gt;Pakhar 115.13 Ha - Block B&lt;/td&gt;&lt;/tr&gt;&lt;tr&gt;&lt;td&gt;Latitude&lt;/td&gt;&lt;td&gt;23.53782303&lt;/td&gt;&lt;/tr&gt;&lt;tr&gt;&lt;td&gt;Longitude&lt;/td&gt;&lt;td&gt;84.59845324&lt;/td&gt;&lt;/tr&gt;&lt;tr&gt;&lt;td&gt;Easting (m)&lt;/td&gt;&lt;td&gt;254822.453&lt;/td&gt;&lt;/tr&gt;&lt;tr&gt;&lt;td&gt;Northing (m)&lt;/td&gt;&lt;td&gt;2605111.467&lt;/td&gt;&lt;/tr&gt;&lt;tr&gt;&lt;td&gt;Zone / Datum&lt;/td&gt;&lt;td&gt;UTM 45N / WGS84&lt;/td&gt;&lt;/tr&gt;&lt;/table&gt;</desc></wpt>
<wpt lat="0.00021229" lon="82.51201402"><ele>0.000</ele><name>B-BP24</name><desc>&lt;table border=&quot;1&quot; cellpadding=&quot;4&quot; cellspacing=&quot;0&quot; style=&quot;border-collapse:collapse;font-family:Arial;font-size:12px&quot;&gt;&lt;tr&gt;&lt;th align=&quot;left&quot;&gt;Parameter&lt;/th&gt;&lt;th align=&quot;left&quot;&gt;Value&lt;/th&gt;&lt;/tr&gt;&lt;tr&gt;&lt;td&gt;Pillar&lt;/td&gt;&lt;td&gt;B-BP24&lt;/td&gt;&lt;/tr&gt;&lt;tr&gt;&lt;td&gt;Lease&lt;/td&gt;&lt;td&gt;Pakhar 115.13 Ha - Block B&lt;/td&gt;&lt;/tr&gt;&lt;tr&gt;&lt;td&gt;Latitude&lt;/td&gt;&lt;td&gt;23.53761661&lt;/td&gt;&lt;/tr&gt;&lt;tr&gt;&lt;td&gt;Longitude&lt;/td&gt;&lt;td&gt;84.59826678&lt;/td&gt;&lt;/tr&gt;&lt;tr&gt;&lt;td&gt;Easting (m)&lt;/td&gt;&lt;td&gt;254803.027&lt;/td&gt;&lt;/tr&gt;&lt;tr&gt;&lt;td&gt;Northing (m)&lt;/td&gt;&lt;td&gt;2605088.920&lt;/td&gt;&lt;/tr&gt;&lt;tr&gt;&lt;td&gt;Zone / Datum&lt;/td&gt;&lt;td&gt;UTM 45N / WGS84&lt;/td&gt;&lt;/tr&gt;&lt;/table&gt;</desc></wpt>
<wpt lat="0.00021229" lon="82.51201402"><ele>0.000</ele><name>B-BP25</name><desc>&lt;table border=&quot;1&quot; cellpadding=&quot;4&quot; cellspacing=&quot;0&quot; style=&quot;border-collapse:collapse;font-family:Arial;font-size:12px&quot;&gt;&lt;tr&gt;&lt;th align=&quot;left&quot;&gt;Parameter&lt;/th&gt;&lt;th align=&quot;left&quot;&gt;Value&lt;/th&gt;&lt;/tr&gt;&lt;tr&gt;&lt;td&gt;Pillar&lt;/td&gt;&lt;td&gt;B-BP25&lt;/td&gt;&lt;/tr&gt;&lt;tr&gt;&lt;td&gt;Lease&lt;/td&gt;&lt;td&gt;Pakhar 115.13 Ha - Block B&lt;/td&gt;&lt;/tr&gt;&lt;tr&gt;&lt;td&gt;Latitude&lt;/td&gt;&lt;td&gt;23.53726980&lt;/td&gt;&lt;/tr&gt;&lt;tr&gt;&lt;td&gt;Longitude&lt;/td&gt;&lt;td&gt;84.59795355&lt;/td&gt;&lt;/tr&gt;&lt;tr&gt;&lt;td&gt;Easting (m)&lt;/td&gt;&lt;td&gt;254770.392&lt;/td&gt;&lt;/tr&gt;&lt;tr&gt;&lt;td&gt;Northing (m)&lt;/td&gt;&lt;td&gt;2605051.039&lt;/td&gt;&lt;/tr&gt;&lt;tr&gt;&lt;td&gt;Zone / Datum&lt;/td&gt;&lt;td&gt;UTM 45N / WGS84&lt;/td&gt;&lt;/tr&gt;&lt;/table&gt;</desc></wpt>
<wpt lat="0.00021229" lon="82.51201401"><ele>0.000</ele><name>B-BP26</name><desc>&lt;table border=&quot;1&quot; cellpadding=&quot;4&quot; cellspacing=&quot;0&quot; style=&quot;border-collapse:collapse;font-family:Arial;font-size:12px&quot;&gt;&lt;tr&gt;&lt;th align=&quot;left&quot;&gt;Parameter&lt;/th&gt;&lt;th align=&quot;left&quot;&gt;Value&lt;/th&gt;&lt;/tr&gt;&lt;tr&gt;&lt;td&gt;Pillar&lt;/td&gt;&lt;td&gt;B-BP26&lt;/td&gt;&lt;/tr&gt;&lt;tr&gt;&lt;td&gt;Lease&lt;/td&gt;&lt;td&gt;Pakhar 115.13 Ha - Block B&lt;/td&gt;&lt;/tr&gt;&lt;tr&gt;&lt;td&gt;Latitude&lt;/td&gt;&lt;td&gt;23.53735926&lt;/td&gt;&lt;/tr&gt;&lt;tr&gt;&lt;td&gt;Longitude&lt;/td&gt;&lt;td&gt;84.59774080&lt;/td&gt;&lt;/tr&gt;&lt;tr&gt;&lt;td&gt;Easting (m)&lt;/td&gt;&lt;td&gt;254748.829&lt;/td&gt;&lt;/tr&gt;&lt;tr&gt;&lt;td&gt;Northing (m)&lt;/td&gt;&lt;td&gt;2605061.313&lt;/td&gt;&lt;/tr&gt;&lt;tr&gt;&lt;td&gt;Zone / Datum&lt;/td&gt;&lt;td&gt;UTM 45N / WGS84&lt;/td&gt;&lt;/tr&gt;&lt;/table&gt;</desc></wpt>
<wpt lat="0.00021229" lon="82.51201401"><ele>0.000</ele><name>B-BP27</name><desc>&lt;table border=&quot;1&quot; cellpadding=&quot;4&quot; cellspacing=&quot;0&quot; style=&quot;border-collapse:collapse;font-family:Arial;font-size:12px&quot;&gt;&lt;tr&gt;&lt;th align=&quot;left&quot;&gt;Parameter&lt;/th&gt;&lt;th align=&quot;left&quot;&gt;Value&lt;/th&gt;&lt;/tr&gt;&lt;tr&gt;&lt;td&gt;Pillar&lt;/td&gt;&lt;td&gt;B-BP27&lt;/td&gt;&lt;/tr&gt;&lt;tr&gt;&lt;td&gt;Lease&lt;/td&gt;&lt;td&gt;Pakhar 115.13 Ha - Block B&lt;/td&gt;&lt;/tr&gt;&lt;tr&gt;&lt;td&gt;Latitude&lt;/td&gt;&lt;td&gt;23.53754654&lt;/td&gt;&lt;/tr&gt;&lt;tr&gt;&lt;td&gt;Longitude&lt;/td&gt;&lt;td&gt;84.59729543&lt;/td&gt;&lt;/tr&gt;&lt;tr&gt;&lt;td&gt;Easting (m)&lt;/td&gt;&lt;td&gt;254703.690&lt;/td&gt;&lt;/tr&gt;&lt;tr&gt;&lt;td&gt;Northing (m)&lt;/td&gt;&lt;td&gt;2605082.820&lt;/td&gt;&lt;/tr&gt;&lt;tr&gt;&lt;td&gt;Zone / Datum&lt;/td&gt;&lt;td&gt;UTM 45N / WGS84&lt;/td&gt;&lt;/tr&gt;&lt;/table&gt;</desc></wpt>
<wpt lat="0.00021230" lon="82.51201401"><ele>0.000</ele><name>B-BP28</name><desc>&lt;table border=&quot;1&quot; cellpadding=&quot;4&quot; cellspacing=&quot;0&quot; style=&quot;border-collapse:collapse;font-family:Arial;font-size:12px&quot;&gt;&lt;tr&gt;&lt;th align=&quot;left&quot;&gt;Parameter&lt;/th&gt;&lt;th align=&quot;left&quot;&gt;Value&lt;/th&gt;&lt;/tr&gt;&lt;tr&gt;&lt;td&gt;Pillar&lt;/td&gt;&lt;td&gt;B-BP28&lt;/td&gt;&lt;/tr&gt;&lt;tr&gt;&lt;td&gt;Lease&lt;/td&gt;&lt;td&gt;Pakhar 115.13 Ha - Block B&lt;/td&gt;&lt;/tr&gt;&lt;tr&gt;&lt;td&gt;Latitude&lt;/td&gt;&lt;td&gt;23.53773380&lt;/td&gt;&lt;/tr&gt;&lt;tr&gt;&lt;td&gt;Longitude&lt;/td&gt;&lt;td&gt;84.59685007&lt;/td&gt;&lt;/tr&gt;&lt;tr&gt;&lt;td&gt;Easting (m)&lt;/td&gt;&lt;td&gt;254658.552&lt;/td&gt;&lt;/tr&gt;&lt;tr&gt;&lt;td&gt;Northing (m)&lt;/td&gt;&lt;td&gt;2605104.326&lt;/td&gt;&lt;/tr&gt;&lt;tr&gt;&lt;td&gt;Zone / Datum&lt;/td&gt;&lt;td&gt;UTM 45N / WGS84&lt;/td&gt;&lt;/tr&gt;&lt;/table&gt;</desc></wpt>
<wpt lat="0.00021230" lon="82.51201401"><ele>0.000</ele><name>B-BP29</name><desc>&lt;table border=&quot;1&quot; cellpadding=&quot;4&quot; cellspacing=&quot;0&quot; style=&quot;border-collapse:collapse;font-family:Arial;font-size:12px&quot;&gt;&lt;tr&gt;&lt;th align=&quot;left&quot;&gt;Parameter&lt;/th&gt;&lt;th align=&quot;left&quot;&gt;Value&lt;/th&gt;&lt;/tr&gt;&lt;tr&gt;&lt;td&gt;Pillar&lt;/td&gt;&lt;td&gt;B-BP29&lt;/td&gt;&lt;/tr&gt;&lt;tr&gt;&lt;td&gt;Lease&lt;/td&gt;&lt;td&gt;Pakhar 115.13 Ha - Block B&lt;/td&gt;&lt;/tr&gt;&lt;tr&gt;&lt;td&gt;Latitude&lt;/td&gt;&lt;td&gt;23.53804733&lt;/td&gt;&lt;/tr&gt;&lt;tr&gt;&lt;td&gt;Longitude&lt;/td&gt;&lt;td&gt;84.59679228&lt;/td&gt;&lt;/tr&gt;&lt;tr&gt;&lt;td&gt;Easting (m)&lt;/td&gt;&lt;td&gt;254653.232&lt;/td&gt;&lt;/tr&gt;&lt;tr&gt;&lt;td&gt;Northing (m)&lt;/td&gt;&lt;td&gt;2605139.156&lt;/td&gt;&lt;/tr&gt;&lt;tr&gt;&lt;td&gt;Zone / Datum&lt;/td&gt;&lt;td&gt;UTM 45N / WGS84&lt;/td&gt;&lt;/tr&gt;&lt;/table&gt;</desc></wpt>
<wpt lat="0.00021230" lon="82.51201400"><ele>0.000</ele><name>B-BP30</name><desc>&lt;table border=&quot;1&quot; cellpadding=&quot;4&quot; cellspacing=&quot;0&quot; style=&quot;border-collapse:collapse;font-family:Arial;font-size:12px&quot;&gt;&lt;tr&gt;&lt;th align=&quot;left&quot;&gt;Parameter&lt;/th&gt;&lt;th align=&quot;left&quot;&gt;Value&lt;/th&gt;&lt;/tr&gt;&lt;tr&gt;&lt;td&gt;Pillar&lt;/td&gt;&lt;td&gt;B-BP30&lt;/td&gt;&lt;/tr&gt;&lt;tr&gt;&lt;td&gt;Lease&lt;/td&gt;&lt;td&gt;Pakhar 115.13 Ha - Block B&lt;/td&gt;&lt;/tr&gt;&lt;tr&gt;&lt;td&gt;Latitude&lt;/td&gt;&lt;td&gt;23.53849225&lt;/td&gt;&lt;/tr&gt;&lt;tr&gt;&lt;td&gt;Longitude&lt;/td&gt;&lt;td&gt;84.59671028&lt;/td&gt;&lt;/tr&gt;&lt;tr&gt;&lt;td&gt;Easting (m)&lt;/td&gt;&lt;td&gt;254645.683&lt;/td&gt;&lt;/tr&gt;&lt;tr&gt;&lt;td&gt;Northing (m)&lt;/td&gt;&lt;td&gt;2605188.582&lt;/td&gt;&lt;/tr&gt;&lt;tr&gt;&lt;td&gt;Zone / Datum&lt;/td&gt;&lt;td&gt;UTM 45N / WGS84&lt;/td&gt;&lt;/tr&gt;&lt;/table&gt;</desc></wpt>
<wpt lat="0.00021231" lon="82.51201400"><ele>0.000</ele><name>B-BP31</name><desc>&lt;table border=&quot;1&quot; cellpadding=&quot;4&quot; cellspacing=&quot;0&quot; style=&quot;border-collapse:collapse;font-family:Arial;font-size:12px&quot;&gt;&lt;tr&gt;&lt;th align=&quot;left&quot;&gt;Parameter&lt;/th&gt;&lt;th align=&quot;left&quot;&gt;Value&lt;/th&gt;&lt;/tr&gt;&lt;tr&gt;&lt;td&gt;Pillar&lt;/td&gt;&lt;td&gt;B-BP31&lt;/td&gt;&lt;/tr&gt;&lt;tr&gt;&lt;td&gt;Lease&lt;/td&gt;&lt;td&gt;Pakhar 115.13 Ha - Block B&lt;/td&gt;&lt;/tr&gt;&lt;tr&gt;&lt;td&gt;Latitude&lt;/td&gt;&lt;td&gt;23.53881660&lt;/td&gt;&lt;/tr&gt;&lt;tr&gt;&lt;td&gt;Longitude&lt;/td&gt;&lt;td&gt;84.59655595&lt;/td&gt;&lt;/tr&gt;&lt;tr&gt;&lt;td&gt;Easting (m)&lt;/td&gt;&lt;td&gt;254630.523&lt;/td&gt;&lt;/tr&gt;&lt;tr&gt;&lt;td&gt;Northing (m)&lt;/td&gt;&lt;td&gt;2605224.776&lt;/td&gt;&lt;/tr&gt;&lt;tr&gt;&lt;td&gt;Zone / Datum&lt;/td&gt;&lt;td&gt;UTM 45N / WGS84&lt;/td&gt;&lt;/tr&gt;&lt;/table&gt;</desc></wpt>
<wpt lat="0.00021231" lon="82.51201400"><ele>0.000</ele><name>B-BP32</name><desc>&lt;table border=&quot;1&quot; cellpadding=&quot;4&quot; cellspacing=&quot;0&quot; style=&quot;border-collapse:collapse;font-family:Arial;font-size:12px&quot;&gt;&lt;tr&gt;&lt;th align=&quot;left&quot;&gt;Parameter&lt;/th&gt;&lt;th align=&quot;left&quot;&gt;Value&lt;/th&gt;&lt;/tr&gt;&lt;tr&gt;&lt;td&gt;Pillar&lt;/td&gt;&lt;td&gt;B-BP32&lt;/td&gt;&lt;/tr&gt;&lt;tr&gt;&lt;td&gt;Lease&lt;/td&gt;&lt;td&gt;Pakhar 115.13 Ha - Block B&lt;/td&gt;&lt;/tr&gt;&lt;tr&gt;&lt;td&gt;Latitude&lt;/td&gt;&lt;td&gt;23.53922994&lt;/td&gt;&lt;/tr&gt;&lt;tr&gt;&lt;td&gt;Longitude&lt;/td&gt;&lt;td&gt;84.59636276&lt;/td&gt;&lt;/tr&gt;&lt;tr&gt;&lt;td&gt;Easting (m)&lt;/td&gt;&lt;td&gt;254611.560&lt;/td&gt;&lt;/tr&gt;&lt;tr&gt;&lt;td&gt;Northing (m)&lt;/td&gt;&lt;td&gt;2605270.894&lt;/td&gt;&lt;/tr&gt;&lt;tr&gt;&lt;td&gt;Zone / Datum&lt;/td&gt;&lt;td&gt;UTM 45N / WGS84&lt;/td&gt;&lt;/tr&gt;&lt;/table&gt;</desc></wpt>
<wpt lat="0.00021231" lon="82.51201400"><ele>0.000</ele><name>B-BP33</name><desc>&lt;table border=&quot;1&quot; cellpadding=&quot;4&quot; cellspacing=&quot;0&quot; style=&quot;border-collapse:collapse;font-family:Arial;font-size:12px&quot;&gt;&lt;tr&gt;&lt;th align=&quot;left&quot;&gt;Parameter&lt;/th&gt;&lt;th align=&quot;left&quot;&gt;Value&lt;/th&gt;&lt;/tr&gt;&lt;tr&gt;&lt;td&gt;Pillar&lt;/td&gt;&lt;td&gt;B-BP33&lt;/td&gt;&lt;/tr&gt;&lt;tr&gt;&lt;td&gt;Lease&lt;/td&gt;&lt;td&gt;Pakhar 115.13 Ha - Block B&lt;/td&gt;&lt;/tr&gt;&lt;tr&gt;&lt;td&gt;Latitude&lt;/td&gt;&lt;td&gt;23.53927312&lt;/td&gt;&lt;/tr&gt;&lt;tr&gt;&lt;td&gt;Longitude&lt;/td&gt;&lt;td&gt;84.59636198&lt;/td&gt;&lt;/tr&gt;&lt;tr&gt;&lt;td&gt;Easting (m)&lt;/td&gt;&lt;td&gt;254611.560&lt;/td&gt;&lt;/tr&gt;&lt;tr&gt;&lt;td&gt;Northing (m)&lt;/td&gt;&lt;td&gt;2605275.679&lt;/td&gt;&lt;/tr&gt;&lt;tr&gt;&lt;td&gt;Zone / Datum&lt;/td&gt;&lt;td&gt;UTM 45N / WGS84&lt;/td&gt;&lt;/tr&gt;&lt;/table&gt;</desc></wpt>
<wpt lat="0.00021231" lon="82.51201400"><ele>0.000</ele><name>B-BP34</name><desc>&lt;table border=&quot;1&quot; cellpadding=&quot;4&quot; cellspacing=&quot;0&quot; style=&quot;border-collapse:collapse;font-family:Arial;font-size:12px&quot;&gt;&lt;tr&gt;&lt;th align=&quot;left&quot;&gt;Parameter&lt;/th&gt;&lt;th align=&quot;left&quot;&gt;Value&lt;/th&gt;&lt;/tr&gt;&lt;tr&gt;&lt;td&gt;Pillar&lt;/td&gt;&lt;td&gt;B-BP34&lt;/td&gt;&lt;/tr&gt;&lt;tr&gt;&lt;td&gt;Lease&lt;/td&gt;&lt;td&gt;Pakhar 115.13 Ha - Block B&lt;/td&gt;&lt;/tr&gt;&lt;tr&gt;&lt;td&gt;Latitude&lt;/td&gt;&lt;td&gt;23.53972369&lt;/td&gt;&lt;/tr&gt;&lt;tr&gt;&lt;td&gt;Longitude&lt;/td&gt;&lt;td&gt;84.59638985&lt;/td&gt;&lt;/tr&gt;&lt;tr&gt;&lt;td&gt;Easting (m)&lt;/td&gt;&lt;td&gt;254615.243&lt;/td&gt;&lt;/tr&gt;&lt;tr&gt;&lt;td&gt;Northing (m)&lt;/td&gt;&lt;td&gt;2605325.543&lt;/td&gt;&lt;/tr&gt;&lt;tr&gt;&lt;td&gt;Zone / Datum&lt;/td&gt;&lt;td&gt;UTM 45N / WGS84&lt;/td&gt;&lt;/tr&gt;&lt;/table&gt;</desc></wpt>
<wpt lat="0.00021232" lon="82.51201400"><ele>0.000</ele><name>B-BP35</name><desc>&lt;table border=&quot;1&quot; cellpadding=&quot;4&quot; cellspacing=&quot;0&quot; style=&quot;border-collapse:collapse;font-family:Arial;font-size:12px&quot;&gt;&lt;tr&gt;&lt;th align=&quot;left&quot;&gt;Parameter&lt;/th&gt;&lt;th align=&quot;left&quot;&gt;Value&lt;/th&gt;&lt;/tr&gt;&lt;tr&gt;&lt;td&gt;Pillar&lt;/td&gt;&lt;td&gt;B-BP35&lt;/td&gt;&lt;/tr&gt;&lt;tr&gt;&lt;td&gt;Lease&lt;/td&gt;&lt;td&gt;Pakhar 115.13 Ha - Block B&lt;/td&gt;&lt;/tr&gt;&lt;tr&gt;&lt;td&gt;Latitude&lt;/td&gt;&lt;td&gt;23.54017427&lt;/td&gt;&lt;/tr&gt;&lt;tr&gt;&lt;td&gt;Longitude&lt;/td&gt;&lt;td&gt;84.59641770&lt;/td&gt;&lt;/tr&gt;&lt;tr&gt;&lt;td&gt;Easting (m)&lt;/td&gt;&lt;td&gt;254618.925&lt;/td&gt;&lt;/tr&gt;&lt;tr&gt;&lt;td&gt;Northing (m)&lt;/td&gt;&lt;td&gt;2605375.407&lt;/td&gt;&lt;/tr&gt;&lt;tr&gt;&lt;td&gt;Zone / Datum&lt;/td&gt;&lt;td&gt;UTM 45N / WGS84&lt;/td&gt;&lt;/tr&gt;&lt;/table&gt;</desc></wpt>
<wpt lat="0.00021232" lon="82.51201400"><ele>0.000</ele><name>B-BP36</name><desc>&lt;table border=&quot;1&quot; cellpadding=&quot;4&quot; cellspacing=&quot;0&quot; style=&quot;border-collapse:collapse;font-family:Arial;font-size:12px&quot;&gt;&lt;tr&gt;&lt;th align=&quot;left&quot;&gt;Parameter&lt;/th&gt;&lt;th align=&quot;left&quot;&gt;Value&lt;/th&gt;&lt;/tr&gt;&lt;tr&gt;&lt;td&gt;Pillar&lt;/td&gt;&lt;td&gt;B-BP36&lt;/td&gt;&lt;/tr&gt;&lt;tr&gt;&lt;td&gt;Lease&lt;/td&gt;&lt;td&gt;Pakhar 115.13 Ha - Block B&lt;/td&gt;&lt;/tr&gt;&lt;tr&gt;&lt;td&gt;Latitude&lt;/td&gt;&lt;td&gt;23.54062485&lt;/td&gt;&lt;/tr&gt;&lt;tr&gt;&lt;td&gt;Longitude&lt;/td&gt;&lt;td&gt;84.59644556&lt;/td&gt;&lt;/tr&gt;&lt;tr&gt;&lt;td&gt;Easting (m)&lt;/td&gt;&lt;td&gt;254622.607&lt;/td&gt;&lt;/tr&gt;&lt;tr&gt;&lt;td&gt;Northing (m)&lt;/td&gt;&lt;td&gt;2605425.272&lt;/td&gt;&lt;/tr&gt;&lt;tr&gt;&lt;td&gt;Zone / Datum&lt;/td&gt;&lt;td&gt;UTM 45N / WGS84&lt;/td&gt;&lt;/tr&gt;&lt;/table&gt;</desc></wpt>
<wpt lat="0.00021232" lon="82.51201400"><ele>0.000</ele><name>B-BP37</name><desc>&lt;table border=&quot;1&quot; cellpadding=&quot;4&quot; cellspacing=&quot;0&quot; style=&quot;border-collapse:collapse;font-family:Arial;font-size:12px&quot;&gt;&lt;tr&gt;&lt;th align=&quot;left&quot;&gt;Parameter&lt;/th&gt;&lt;th align=&quot;left&quot;&gt;Value&lt;/th&gt;&lt;/tr&gt;&lt;tr&gt;&lt;td&gt;Pillar&lt;/td&gt;&lt;td&gt;B-BP37&lt;/td&gt;&lt;/tr&gt;&lt;tr&gt;&lt;td&gt;Lease&lt;/td&gt;&lt;td&gt;Pakhar 115.13 Ha - Block B&lt;/td&gt;&lt;/tr&gt;&lt;tr&gt;&lt;td&gt;Latitude&lt;/td&gt;&lt;td&gt;23.54079334&lt;/td&gt;&lt;/tr&gt;&lt;tr&gt;&lt;td&gt;Longitude&lt;/td&gt;&lt;td&gt;84.59643078&lt;/td&gt;&lt;/tr&gt;&lt;tr&gt;&lt;td&gt;Easting (m)&lt;/td&gt;&lt;td&gt;254621.410&lt;/td&gt;&lt;/tr&gt;&lt;tr&gt;&lt;td&gt;Northing (m)&lt;/td&gt;&lt;td&gt;2605443.962&lt;/td&gt;&lt;/tr&gt;&lt;tr&gt;&lt;td&gt;Zone / Datum&lt;/td&gt;&lt;td&gt;UTM 45N / WGS84&lt;/td&gt;&lt;/tr&gt;&lt;/table&gt;</desc></wpt>
<wpt lat="0.00021233" lon="82.51201400"><ele>0.000</ele><name>B-BP38</name><desc>&lt;table border=&quot;1&quot; cellpadding=&quot;4&quot; cellspacing=&quot;0&quot; style=&quot;border-collapse:collapse;font-family:Arial;font-size:12px&quot;&gt;&lt;tr&gt;&lt;th align=&quot;left&quot;&gt;Parameter&lt;/th&gt;&lt;th align=&quot;left&quot;&gt;Value&lt;/th&gt;&lt;/tr&gt;&lt;tr&gt;&lt;td&gt;Pillar&lt;/td&gt;&lt;td&gt;B-BP38&lt;/td&gt;&lt;/tr&gt;&lt;tr&gt;&lt;td&gt;Lease&lt;/td&gt;&lt;td&gt;Pakhar 115.13 Ha - Block B&lt;/td&gt;&lt;/tr&gt;&lt;tr&gt;&lt;td&gt;Latitude&lt;/td&gt;&lt;td&gt;23.54124318&lt;/td&gt;&lt;/tr&gt;&lt;tr&gt;&lt;td&gt;Longitude&lt;/td&gt;&lt;td&gt;84.59639130&lt;/td&gt;&lt;/tr&gt;&lt;tr&gt;&lt;td&gt;Easting (m)&lt;/td&gt;&lt;td&gt;254618.213&lt;/td&gt;&lt;/tr&gt;&lt;tr&gt;&lt;td&gt;Northing (m)&lt;/td&gt;&lt;td&gt;2605493.860&lt;/td&gt;&lt;/tr&gt;&lt;tr&gt;&lt;td&gt;Zone / Datum&lt;/td&gt;&lt;td&gt;UTM 45N / WGS84&lt;/td&gt;&lt;/tr&gt;&lt;/table&gt;</desc></wpt>
<wpt lat="0.00021233" lon="82.51201400"><ele>0.000</ele><name>B-BP39</name><desc>&lt;table border=&quot;1&quot; cellpadding=&quot;4&quot; cellspacing=&quot;0&quot; style=&quot;border-collapse:collapse;font-family:Arial;font-size:12px&quot;&gt;&lt;tr&gt;&lt;th align=&quot;left&quot;&gt;Parameter&lt;/th&gt;&lt;th align=&quot;left&quot;&gt;Value&lt;/th&gt;&lt;/tr&gt;&lt;tr&gt;&lt;td&gt;Pillar&lt;/td&gt;&lt;td&gt;B-BP39&lt;/td&gt;&lt;/tr&gt;&lt;tr&gt;&lt;td&gt;Lease&lt;/td&gt;&lt;td&gt;Pakhar 115.13 Ha - Block B&lt;/td&gt;&lt;/tr&gt;&lt;tr&gt;&lt;td&gt;Latitude&lt;/td&gt;&lt;td&gt;23.54169302&lt;/td&gt;&lt;/tr&gt;&lt;tr&gt;&lt;td&gt;Longitude&lt;/td&gt;&lt;td&gt;84.59635182&lt;/td&gt;&lt;/tr&gt;&lt;tr&gt;&lt;td&gt;Easting (m)&lt;/td&gt;&lt;td&gt;254615.017&lt;/td&gt;&lt;/tr&gt;&lt;tr&gt;&lt;td&gt;Northing (m)&lt;/td&gt;&lt;td&gt;2605543.758&lt;/td&gt;&lt;/tr&gt;&lt;tr&gt;&lt;td&gt;Zone / Datum&lt;/td&gt;&lt;td&gt;UTM 45N / WGS84&lt;/td&gt;&lt;/tr&gt;&lt;/table&gt;</desc></wpt>
<wpt lat="0.00021234" lon="82.51201400"><ele>0.000</ele><name>B-BP40</name><desc>&lt;table border=&quot;1&quot; cellpadding=&quot;4&quot; cellspacing=&quot;0&quot; style=&quot;border-collapse:collapse;font-family:Arial;font-size:12px&quot;&gt;&lt;tr&gt;&lt;th align=&quot;left&quot;&gt;Parameter&lt;/th&gt;&lt;th align=&quot;left&quot;&gt;Value&lt;/th&gt;&lt;/tr&gt;&lt;tr&gt;&lt;td&gt;Pillar&lt;/td&gt;&lt;td&gt;B-BP40&lt;/td&gt;&lt;/tr&gt;&lt;tr&gt;&lt;td&gt;Lease&lt;/td&gt;&lt;td&gt;Pakhar 115.13 Ha - Block B&lt;/td&gt;&lt;/tr&gt;&lt;tr&gt;&lt;td&gt;Latitude&lt;/td&gt;&lt;td&gt;23.54214284&lt;/td&gt;&lt;/tr&gt;&lt;tr&gt;&lt;td&gt;Longitude&lt;/td&gt;&lt;td&gt;84.59631234&lt;/td&gt;&lt;/tr&gt;&lt;tr&gt;&lt;td&gt;Easting (m)&lt;/td&gt;&lt;td&gt;254611.820&lt;/td&gt;&lt;/tr&gt;&lt;tr&gt;&lt;td&gt;Northing (m)&lt;/td&gt;&lt;td&gt;2605593.655&lt;/td&gt;&lt;/tr&gt;&lt;tr&gt;&lt;td&gt;Zone / Datum&lt;/td&gt;&lt;td&gt;UTM 45N / WGS84&lt;/td&gt;&lt;/tr&gt;&lt;/table&gt;</desc></wpt>
<wpt lat="0.00021234" lon="82.51201400"><ele>0.000</ele><name>B-BP41</name><desc>&lt;table border=&quot;1&quot; cellpadding=&quot;4&quot; cellspacing=&quot;0&quot; style=&quot;border-collapse:collapse;font-family:Arial;font-size:12px&quot;&gt;&lt;tr&gt;&lt;th align=&quot;left&quot;&gt;Parameter&lt;/th&gt;&lt;th align=&quot;left&quot;&gt;Value&lt;/th&gt;&lt;/tr&gt;&lt;tr&gt;&lt;td&gt;Pillar&lt;/td&gt;&lt;td&gt;B-BP41&lt;/td&gt;&lt;/tr&gt;&lt;tr&gt;&lt;td&gt;Lease&lt;/td&gt;&lt;td&gt;Pakhar 115.13 Ha - Block B&lt;/td&gt;&lt;/tr&gt;&lt;tr&gt;&lt;td&gt;Latitude&lt;/td&gt;&lt;td&gt;23.54259268&lt;/td&gt;&lt;/tr&gt;&lt;tr&gt;&lt;td&gt;Longitude&lt;/td&gt;&lt;td&gt;84.59627286&lt;/td&gt;&lt;/tr&gt;&lt;tr&gt;&lt;td&gt;Easting (m)&lt;/td&gt;&lt;td&gt;254608.624&lt;/td&gt;&lt;/tr&gt;&lt;tr&gt;&lt;td&gt;Northing (m)&lt;/td&gt;&lt;td&gt;2605643.553&lt;/td&gt;&lt;/tr&gt;&lt;tr&gt;&lt;td&gt;Zone / Datum&lt;/td&gt;&lt;td&gt;UTM 45N / WGS84&lt;/td&gt;&lt;/tr&gt;&lt;/table&gt;</desc></wpt>
<wpt lat="0.00021234" lon="82.51201400"><ele>0.000</ele><name>B-BP42</name><desc>&lt;table border=&quot;1&quot; cellpadding=&quot;4&quot; cellspacing=&quot;0&quot; style=&quot;border-collapse:collapse;font-family:Arial;font-size:12px&quot;&gt;&lt;tr&gt;&lt;th align=&quot;left&quot;&gt;Parameter&lt;/th&gt;&lt;th align=&quot;left&quot;&gt;Value&lt;/th&gt;&lt;/tr&gt;&lt;tr&gt;&lt;td&gt;Pillar&lt;/td&gt;&lt;td&gt;B-BP42&lt;/td&gt;&lt;/tr&gt;&lt;tr&gt;&lt;td&gt;Lease&lt;/td&gt;&lt;td&gt;Pakhar 115.13 Ha - Block B&lt;/td&gt;&lt;/tr&gt;&lt;tr&gt;&lt;td&gt;Latitude&lt;/td&gt;&lt;td&gt;23.54274426&lt;/td&gt;&lt;/tr&gt;&lt;tr&gt;&lt;td&gt;Longitude&lt;/td&gt;&lt;td&gt;84.59609827&lt;/td&gt;&lt;/tr&gt;&lt;tr&gt;&lt;td&gt;Easting (m)&lt;/td&gt;&lt;td&gt;254591.075&lt;/td&gt;&lt;/tr&gt;&lt;tr&gt;&lt;td&gt;Northing (m)&lt;/td&gt;&lt;td&gt;2605660.643&lt;/td&gt;&lt;/tr&gt;&lt;tr&gt;&lt;td&gt;Zone / Datum&lt;/td&gt;&lt;td&gt;UTM 45N / WGS84&lt;/td&gt;&lt;/tr&gt;&lt;/table&gt;</desc></wpt>
<wpt lat="0.00021234" lon="82.51201400"><ele>0.000</ele><name>B-BP43</name><desc>&lt;table border=&quot;1&quot; cellpadding=&quot;4&quot; cellspacing=&quot;0&quot; style=&quot;border-collapse:collapse;font-family:Arial;font-size:12px&quot;&gt;&lt;tr&gt;&lt;th align=&quot;left&quot;&gt;Parameter&lt;/th&gt;&lt;th align=&quot;left&quot;&gt;Value&lt;/th&gt;&lt;/tr&gt;&lt;tr&gt;&lt;td&gt;Pillar&lt;/td&gt;&lt;td&gt;B-BP43&lt;/td&gt;&lt;/tr&gt;&lt;tr&gt;&lt;td&gt;Lease&lt;/td&gt;&lt;td&gt;Pakhar 115.13 Ha - Block B&lt;/td&gt;&lt;/tr&gt;&lt;tr&gt;&lt;td&gt;Latitude&lt;/td&gt;&lt;td&gt;23.54305365&lt;/td&gt;&lt;/tr&gt;&lt;tr&gt;&lt;td&gt;Longitude&lt;/td&gt;&lt;td&gt;84.59574189&lt;/td&gt;&lt;/tr&gt;&lt;tr&gt;&lt;td&gt;Easting (m)&lt;/td&gt;&lt;td&gt;254555.253&lt;/td&gt;&lt;/tr&gt;&lt;tr&gt;&lt;td&gt;Northing (m)&lt;/td&gt;&lt;td&gt;2605695.526&lt;/td&gt;&lt;/tr&gt;&lt;tr&gt;&lt;td&gt;Zone / Datum&lt;/td&gt;&lt;td&gt;UTM 45N / WGS84&lt;/td&gt;&lt;/tr&gt;&lt;/table&gt;</desc></wpt>
<wpt lat="0.00021235" lon="82.51201399"><ele>0.000</ele><name>B-BP44</name><desc>&lt;table border=&quot;1&quot; cellpadding=&quot;4&quot; cellspacing=&quot;0&quot; style=&quot;border-collapse:collapse;font-family:Arial;font-size:12px&quot;&gt;&lt;tr&gt;&lt;th align=&quot;left&quot;&gt;Parameter&lt;/th&gt;&lt;th align=&quot;left&quot;&gt;Value&lt;/th&gt;&lt;/tr&gt;&lt;tr&gt;&lt;td&gt;Pillar&lt;/td&gt;&lt;td&gt;B-BP44&lt;/td&gt;&lt;/tr&gt;&lt;tr&gt;&lt;td&gt;Lease&lt;/td&gt;&lt;td&gt;Pakhar 115.13 Ha - Block B&lt;/td&gt;&lt;/tr&gt;&lt;tr&gt;&lt;td&gt;Latitude&lt;/td&gt;&lt;td&gt;23.54336304&lt;/td&gt;&lt;/tr&gt;&lt;tr&gt;&lt;td&gt;Longitude&lt;/td&gt;&lt;td&gt;84.59538552&lt;/td&gt;&lt;/tr&gt;&lt;tr&gt;&lt;td&gt;Easting (m)&lt;/td&gt;&lt;td&gt;254519.432&lt;/td&gt;&lt;/tr&gt;&lt;tr&gt;&lt;td&gt;Northing (m)&lt;/td&gt;&lt;td&gt;2605730.409&lt;/td&gt;&lt;/tr&gt;&lt;tr&gt;&lt;td&gt;Zone / Datum&lt;/td&gt;&lt;td&gt;UTM 45N / WGS84&lt;/td&gt;&lt;/tr&gt;&lt;/table&gt;</desc></wpt>
<wpt lat="0.00021235" lon="82.51201399"><ele>0.000</ele><name>B-BP45</name><desc>&lt;table border=&quot;1&quot; cellpadding=&quot;4&quot; cellspacing=&quot;0&quot; style=&quot;border-collapse:collapse;font-family:Arial;font-size:12px&quot;&gt;&lt;tr&gt;&lt;th align=&quot;left&quot;&gt;Parameter&lt;/th&gt;&lt;th align=&quot;left&quot;&gt;Value&lt;/th&gt;&lt;/tr&gt;&lt;tr&gt;&lt;td&gt;Pillar&lt;/td&gt;&lt;td&gt;B-BP45&lt;/td&gt;&lt;/tr&gt;&lt;tr&gt;&lt;td&gt;Lease&lt;/td&gt;&lt;td&gt;Pakhar 115.13 Ha - Block B&lt;/td&gt;&lt;/tr&gt;&lt;tr&gt;&lt;td&gt;Latitude&lt;/td&gt;&lt;td&gt;23.54367243&lt;/td&gt;&lt;/tr&gt;&lt;tr&gt;&lt;td&gt;Longitude&lt;/td&gt;&lt;td&gt;84.59502915&lt;/td&gt;&lt;/tr&gt;&lt;tr&gt;&lt;td&gt;Easting (m)&lt;/td&gt;&lt;td&gt;254483.611&lt;/td&gt;&lt;/tr&gt;&lt;tr&gt;&lt;td&gt;Northing (m)&lt;/td&gt;&lt;td&gt;2605765.292&lt;/td&gt;&lt;/tr&gt;&lt;tr&gt;&lt;td&gt;Zone / Datum&lt;/td&gt;&lt;td&gt;UTM 45N / WGS84&lt;/td&gt;&lt;/tr&gt;&lt;/table&gt;</desc></wpt>
<wpt lat="0.00021235" lon="82.51201399"><ele>0.000</ele><name>B-BP46</name><desc>&lt;table border=&quot;1&quot; cellpadding=&quot;4&quot; cellspacing=&quot;0&quot; style=&quot;border-collapse:collapse;font-family:Arial;font-size:12px&quot;&gt;&lt;tr&gt;&lt;th align=&quot;left&quot;&gt;Parameter&lt;/th&gt;&lt;th align=&quot;left&quot;&gt;Value&lt;/th&gt;&lt;/tr&gt;&lt;tr&gt;&lt;td&gt;Pillar&lt;/td&gt;&lt;td&gt;B-BP46&lt;/td&gt;&lt;/tr&gt;&lt;tr&gt;&lt;td&gt;Lease&lt;/td&gt;&lt;td&gt;Pakhar 115.13 Ha - Block B&lt;/td&gt;&lt;/tr&gt;&lt;tr&gt;&lt;td&gt;Latitude&lt;/td&gt;&lt;td&gt;23.54398182&lt;/td&gt;&lt;/tr&gt;&lt;tr&gt;&lt;td&gt;Longitude&lt;/td&gt;&lt;td&gt;84.59467276&lt;/td&gt;&lt;/tr&gt;&lt;tr&gt;&lt;td&gt;Easting (m)&lt;/td&gt;&lt;td&gt;254447.789&lt;/td&gt;&lt;/tr&gt;&lt;tr&gt;&lt;td&gt;Northing (m)&lt;/td&gt;&lt;td&gt;2605800.175&lt;/td&gt;&lt;/tr&gt;&lt;tr&gt;&lt;td&gt;Zone / Datum&lt;/td&gt;&lt;td&gt;UTM 45N / WGS84&lt;/td&gt;&lt;/tr&gt;&lt;/table&gt;</desc></wpt>
<wpt lat="0.00021236" lon="82.51201398"><ele>0.000</ele><name>B-BP47</name><desc>&lt;table border=&quot;1&quot; cellpadding=&quot;4&quot; cellspacing=&quot;0&quot; style=&quot;border-collapse:collapse;font-family:Arial;font-size:12px&quot;&gt;&lt;tr&gt;&lt;th align=&quot;left&quot;&gt;Parameter&lt;/th&gt;&lt;th align=&quot;left&quot;&gt;Value&lt;/th&gt;&lt;/tr&gt;&lt;tr&gt;&lt;td&gt;Pillar&lt;/td&gt;&lt;td&gt;B-BP47&lt;/td&gt;&lt;/tr&gt;&lt;tr&gt;&lt;td&gt;Lease&lt;/td&gt;&lt;td&gt;Pakhar 115.13 Ha - Block B&lt;/td&gt;&lt;/tr&gt;&lt;tr&gt;&lt;td&gt;Latitude&lt;/td&gt;&lt;td&gt;23.54429121&lt;/td&gt;&lt;/tr&gt;&lt;tr&gt;&lt;td&gt;Longitude&lt;/td&gt;&lt;td&gt;84.59431638&lt;/td&gt;&lt;/tr&gt;&lt;tr&gt;&lt;td&gt;Easting (m)&lt;/td&gt;&lt;td&gt;254411.968&lt;/td&gt;&lt;/tr&gt;&lt;tr&gt;&lt;td&gt;Northing (m)&lt;/td&gt;&lt;td&gt;2605835.058&lt;/td&gt;&lt;/tr&gt;&lt;tr&gt;&lt;td&gt;Zone / Datum&lt;/td&gt;&lt;td&gt;UTM 45N / WGS84&lt;/td&gt;&lt;/tr&gt;&lt;/table&gt;</desc></wpt>
<wpt lat="0.00021235" lon="82.51201398"><ele>0.000</ele><name>B-BP48</name><desc>&lt;table border=&quot;1&quot; cellpadding=&quot;4&quot; cellspacing=&quot;0&quot; style=&quot;border-collapse:collapse;font-family:Arial;font-size:12px&quot;&gt;&lt;tr&gt;&lt;th align=&quot;left&quot;&gt;Parameter&lt;/th&gt;&lt;th align=&quot;left&quot;&gt;Value&lt;/th&gt;&lt;/tr&gt;&lt;tr&gt;&lt;td&gt;Pillar&lt;/td&gt;&lt;td&gt;B-BP48&lt;/td&gt;&lt;/tr&gt;&lt;tr&gt;&lt;td&gt;Lease&lt;/td&gt;&lt;td&gt;Pakhar 115.13 Ha - Block B&lt;/td&gt;&lt;/tr&gt;&lt;tr&gt;&lt;td&gt;Latitude&lt;/td&gt;&lt;td&gt;23.54422164&lt;/td&gt;&lt;/tr&gt;&lt;tr&gt;&lt;td&gt;Longitude&lt;/td&gt;&lt;td&gt;84.59425686&lt;/td&gt;&lt;/tr&gt;&lt;tr&gt;&lt;td&gt;Easting (m)&lt;/td&gt;&lt;td&gt;254405.760&lt;/td&gt;&lt;/tr&gt;&lt;tr&gt;&lt;td&gt;Northing (m)&lt;/td&gt;&lt;td&gt;2605827.453&lt;/td&gt;&lt;/tr&gt;&lt;tr&gt;&lt;td&gt;Zone / Datum&lt;/td&gt;&lt;td&gt;UTM 45N / WGS84&lt;/td&gt;&lt;/tr&gt;&lt;/table&gt;</desc></wpt>
<wpt lat="0.00021235" lon="82.51201398"><ele>0.000</ele><name>B-BP49</name><desc>&lt;table border=&quot;1&quot; cellpadding=&quot;4&quot; cellspacing=&quot;0&quot; style=&quot;border-collapse:collapse;font-family:Arial;font-size:12px&quot;&gt;&lt;tr&gt;&lt;th align=&quot;left&quot;&gt;Parameter&lt;/th&gt;&lt;th align=&quot;left&quot;&gt;Value&lt;/th&gt;&lt;/tr&gt;&lt;tr&gt;&lt;td&gt;Pillar&lt;/td&gt;&lt;td&gt;B-BP49&lt;/td&gt;&lt;/tr&gt;&lt;tr&gt;&lt;td&gt;Lease&lt;/td&gt;&lt;td&gt;Pakhar 115.13 Ha - Block B&lt;/td&gt;&lt;/tr&gt;&lt;tr&gt;&lt;td&gt;Latitude&lt;/td&gt;&lt;td&gt;23.54386728&lt;/td&gt;&lt;/tr&gt;&lt;tr&gt;&lt;td&gt;Longitude&lt;/td&gt;&lt;td&gt;84.59395373&lt;/td&gt;&lt;/tr&gt;&lt;tr&gt;&lt;td&gt;Easting (m)&lt;/td&gt;&lt;td&gt;254374.143&lt;/td&gt;&lt;/tr&gt;&lt;tr&gt;&lt;td&gt;Northing (m)&lt;/td&gt;&lt;td&gt;2605788.719&lt;/td&gt;&lt;/tr&gt;&lt;tr&gt;&lt;td&gt;Zone / Datum&lt;/td&gt;&lt;td&gt;UTM 45N / WGS84&lt;/td&gt;&lt;/tr&gt;&lt;/table&gt;</desc></wpt>
<wpt lat="0.00021235" lon="82.51201398"><ele>0.000</ele><name>B-BP50</name><desc>&lt;table border=&quot;1&quot; cellpadding=&quot;4&quot; cellspacing=&quot;0&quot; style=&quot;border-collapse:collapse;font-family:Arial;font-size:12px&quot;&gt;&lt;tr&gt;&lt;th align=&quot;left&quot;&gt;Parameter&lt;/th&gt;&lt;th align=&quot;left&quot;&gt;Value&lt;/th&gt;&lt;/tr&gt;&lt;tr&gt;&lt;td&gt;Pillar&lt;/td&gt;&lt;td&gt;B-BP50&lt;/td&gt;&lt;/tr&gt;&lt;tr&gt;&lt;td&gt;Lease&lt;/td&gt;&lt;td&gt;Pakhar 115.13 Ha - Block B&lt;/td&gt;&lt;/tr&gt;&lt;tr&gt;&lt;td&gt;Latitude&lt;/td&gt;&lt;td&gt;23.54426601&lt;/td&gt;&lt;/tr&gt;&lt;tr&gt;&lt;td&gt;Longitude&lt;/td&gt;&lt;td&gt;84.59372444&lt;/td&gt;&lt;/tr&gt;&lt;tr&gt;&lt;td&gt;Easting (m)&lt;/td&gt;&lt;td&gt;254351.467&lt;/td&gt;&lt;/tr&gt;&lt;tr&gt;&lt;td&gt;Northing (m)&lt;/td&gt;&lt;td&gt;2605833.281&lt;/td&gt;&lt;/tr&gt;&lt;tr&gt;&lt;td&gt;Zone / Datum&lt;/td&gt;&lt;td&gt;UTM 45N / WGS84&lt;/td&gt;&lt;/tr&gt;&lt;/table&gt;</desc></wpt>
<wpt lat="0.00021236" lon="82.51201398"><ele>0.000</ele><name>B-BP51</name><desc>&lt;table border=&quot;1&quot; cellpadding=&quot;4&quot; cellspacing=&quot;0&quot; style=&quot;border-collapse:collapse;font-family:Arial;font-size:12px&quot;&gt;&lt;tr&gt;&lt;th align=&quot;left&quot;&gt;Parameter&lt;/th&gt;&lt;th align=&quot;left&quot;&gt;Value&lt;/th&gt;&lt;/tr&gt;&lt;tr&gt;&lt;td&gt;Pillar&lt;/td&gt;&lt;td&gt;B-BP51&lt;/td&gt;&lt;/tr&gt;&lt;tr&gt;&lt;td&gt;Lease&lt;/td&gt;&lt;td&gt;Pakhar 115.13 Ha - Block B&lt;/td&gt;&lt;/tr&gt;&lt;tr&gt;&lt;td&gt;Latitude&lt;/td&gt;&lt;td&gt;23.54432342&lt;/td&gt;&lt;/tr&gt;&lt;tr&gt;&lt;td&gt;Longitude&lt;/td&gt;&lt;td&gt;84.59369142&lt;/td&gt;&lt;/tr&gt;&lt;tr&gt;&lt;td&gt;Easting (m)&lt;/td&gt;&lt;td&gt;254348.202&lt;/td&gt;&lt;/tr&gt;&lt;tr&gt;&lt;td&gt;Northing (m)&lt;/td&gt;&lt;td&gt;2605839.697&lt;/td&gt;&lt;/tr&gt;&lt;tr&gt;&lt;td&gt;Zone / Datum&lt;/td&gt;&lt;td&gt;UTM 45N / WGS84&lt;/td&gt;&lt;/tr&gt;&lt;/table&gt;</desc></wpt>
<wpt lat="0.00021236" lon="82.51201398"><ele>0.000</ele><name>B-BP52</name><desc>&lt;table border=&quot;1&quot; cellpadding=&quot;4&quot; cellspacing=&quot;0&quot; style=&quot;border-collapse:collapse;font-family:Arial;font-size:12px&quot;&gt;&lt;tr&gt;&lt;th align=&quot;left&quot;&gt;Parameter&lt;/th&gt;&lt;th align=&quot;left&quot;&gt;Value&lt;/th&gt;&lt;/tr&gt;&lt;tr&gt;&lt;td&gt;Pillar&lt;/td&gt;&lt;td&gt;B-BP52&lt;/td&gt;&lt;/tr&gt;&lt;tr&gt;&lt;td&gt;Lease&lt;/td&gt;&lt;td&gt;Pakhar 115.13 Ha - Block B&lt;/td&gt;&lt;/tr&gt;&lt;tr&gt;&lt;td&gt;Latitude&lt;/td&gt;&lt;td&gt;23.54475507&lt;/td&gt;&lt;/tr&gt;&lt;tr&gt;&lt;td&gt;Longitude&lt;/td&gt;&lt;td&gt;84.59383430&lt;/td&gt;&lt;/tr&gt;&lt;tr&gt;&lt;td&gt;Easting (m)&lt;/td&gt;&lt;td&gt;254363.597&lt;/td&gt;&lt;/tr&gt;&lt;tr&gt;&lt;td&gt;Northing (m)&lt;/td&gt;&lt;td&gt;2605887.268&lt;/td&gt;&lt;/tr&gt;&lt;tr&gt;&lt;td&gt;Zone / Datum&lt;/td&gt;&lt;td&gt;UTM 45N / WGS84&lt;/td&gt;&lt;/tr&gt;&lt;/table&gt;</desc></wpt>
<wpt lat="0.00021236" lon="82.51201398"><ele>0.000</ele><name>B-BP53</name><desc>&lt;table border=&quot;1&quot; cellpadding=&quot;4&quot; cellspacing=&quot;0&quot; style=&quot;border-collapse:collapse;font-family:Arial;font-size:12px&quot;&gt;&lt;tr&gt;&lt;th align=&quot;left&quot;&gt;Parameter&lt;/th&gt;&lt;th align=&quot;left&quot;&gt;Value&lt;/th&gt;&lt;/tr&gt;&lt;tr&gt;&lt;td&gt;Pillar&lt;/td&gt;&lt;td&gt;B-BP53&lt;/td&gt;&lt;/tr&gt;&lt;tr&gt;&lt;td&gt;Lease&lt;/td&gt;&lt;td&gt;Pakhar 115.13 Ha - Block B&lt;/td&gt;&lt;/tr&gt;&lt;tr&gt;&lt;td&gt;Latitude&lt;/td&gt;&lt;td&gt;23.54497015&lt;/td&gt;&lt;/tr&gt;&lt;tr&gt;&lt;td&gt;Longitude&lt;/td&gt;&lt;td&gt;84.59390890&lt;/td&gt;&lt;/tr&gt;&lt;tr&gt;&lt;td&gt;Easting (m)&lt;/td&gt;&lt;td&gt;254371.615&lt;/td&gt;&lt;/tr&gt;&lt;tr&gt;&lt;td&gt;Northing (m)&lt;/td&gt;&lt;td&gt;2605910.966&lt;/td&gt;&lt;/tr&gt;&lt;tr&gt;&lt;td&gt;Zone / Datum&lt;/td&gt;&lt;td&gt;UTM 45N / WGS84&lt;/td&gt;&lt;/tr&gt;&lt;/table&gt;</desc></wpt>
<wpt lat="0.00021236" lon="82.51201398"><ele>0.000</ele><name>B-BP54</name><desc>&lt;table border=&quot;1&quot; cellpadding=&quot;4&quot; cellspacing=&quot;0&quot; style=&quot;border-collapse:collapse;font-family:Arial;font-size:12px&quot;&gt;&lt;tr&gt;&lt;th align=&quot;left&quot;&gt;Parameter&lt;/th&gt;&lt;th align=&quot;left&quot;&gt;Value&lt;/th&gt;&lt;/tr&gt;&lt;tr&gt;&lt;td&gt;Pillar&lt;/td&gt;&lt;td&gt;B-BP54&lt;/td&gt;&lt;/tr&gt;&lt;tr&gt;&lt;td&gt;Lease&lt;/td&gt;&lt;td&gt;Pakhar 115.13 Ha - Block B&lt;/td&gt;&lt;/tr&gt;&lt;tr&gt;&lt;td&gt;Latitude&lt;/td&gt;&lt;td&gt;23.54536813&lt;/td&gt;&lt;/tr&gt;&lt;tr&gt;&lt;td&gt;Longitude&lt;/td&gt;&lt;td&gt;84.59413973&lt;/td&gt;&lt;/tr&gt;&lt;tr&gt;&lt;td&gt;Easting (m)&lt;/td&gt;&lt;td&gt;254395.929&lt;/td&gt;&lt;/tr&gt;&lt;tr&gt;&lt;td&gt;Northing (m)&lt;/td&gt;&lt;td&gt;2605954.656&lt;/td&gt;&lt;/tr&gt;&lt;tr&gt;&lt;td&gt;Zone / Datum&lt;/td&gt;&lt;td&gt;UTM 45N / WGS84&lt;/td&gt;&lt;/tr&gt;&lt;/table&gt;</desc></wpt>
<wpt lat="0.00021237" lon="82.51201398"><ele>0.000</ele><name>B-BP55</name><desc>&lt;table border=&quot;1&quot; cellpadding=&quot;4&quot; cellspacing=&quot;0&quot; style=&quot;border-collapse:collapse;font-family:Arial;font-size:12px&quot;&gt;&lt;tr&gt;&lt;th align=&quot;left&quot;&gt;Parameter&lt;/th&gt;&lt;th align=&quot;left&quot;&gt;Value&lt;/th&gt;&lt;/tr&gt;&lt;tr&gt;&lt;td&gt;Pillar&lt;/td&gt;&lt;td&gt;B-BP55&lt;/td&gt;&lt;/tr&gt;&lt;tr&gt;&lt;td&gt;Lease&lt;/td&gt;&lt;td&gt;Pakhar 115.13 Ha - Block B&lt;/td&gt;&lt;/tr&gt;&lt;tr&gt;&lt;td&gt;Latitude&lt;/td&gt;&lt;td&gt;23.54563031&lt;/td&gt;&lt;/tr&gt;&lt;tr&gt;&lt;td&gt;Longitude&lt;/td&gt;&lt;td&gt;84.59427960&lt;/td&gt;&lt;/tr&gt;&lt;tr&gt;&lt;td&gt;Easting (m)&lt;/td&gt;&lt;td&gt;254410.701&lt;/td&gt;&lt;/tr&gt;&lt;tr&gt;&lt;td&gt;Northing (m)&lt;/td&gt;&lt;td&gt;2605983.459&lt;/td&gt;&lt;/tr&gt;&lt;tr&gt;&lt;td&gt;Zone / Datum&lt;/td&gt;&lt;td&gt;UTM 45N / WGS84&lt;/td&gt;&lt;/tr&gt;&lt;/table&gt;</desc></wpt>
<wpt lat="0.00021236" lon="82.51201399"><ele>0.000</ele><name>B-BP56</name><desc>&lt;table border=&quot;1&quot; cellpadding=&quot;4&quot; cellspacing=&quot;0&quot; style=&quot;border-collapse:collapse;font-family:Arial;font-size:12px&quot;&gt;&lt;tr&gt;&lt;th align=&quot;left&quot;&gt;Parameter&lt;/th&gt;&lt;th align=&quot;left&quot;&gt;Value&lt;/th&gt;&lt;/tr&gt;&lt;tr&gt;&lt;td&gt;Pillar&lt;/td&gt;&lt;td&gt;B-BP56&lt;/td&gt;&lt;/tr&gt;&lt;tr&gt;&lt;td&gt;Lease&lt;/td&gt;&lt;td&gt;Pakhar 115.13 Ha - Block B&lt;/td&gt;&lt;/tr&gt;&lt;tr&gt;&lt;td&gt;Latitude&lt;/td&gt;&lt;td&gt;23.54532558&lt;/td&gt;&lt;/tr&gt;&lt;tr&gt;&lt;td&gt;Longitude&lt;/td&gt;&lt;td&gt;84.59464067&lt;/td&gt;&lt;/tr&gt;&lt;tr&gt;&lt;td&gt;Easting (m)&lt;/td&gt;&lt;td&gt;254447.010&lt;/td&gt;&lt;/tr&gt;&lt;tr&gt;&lt;td&gt;Northing (m)&lt;/td&gt;&lt;td&gt;2605949.084&lt;/td&gt;&lt;/tr&gt;&lt;tr&gt;&lt;td&gt;Zone / Datum&lt;/td&gt;&lt;td&gt;UTM 45N / WGS84&lt;/td&gt;&lt;/tr&gt;&lt;/table&gt;</desc></wpt>
<wpt lat="0.00021236" lon="82.51201399"><ele>0.000</ele><name>B-BP57</name><desc>&lt;table border=&quot;1&quot; cellpadding=&quot;4&quot; cellspacing=&quot;0&quot; style=&quot;border-collapse:collapse;font-family:Arial;font-size:12px&quot;&gt;&lt;tr&gt;&lt;th align=&quot;left&quot;&gt;Parameter&lt;/th&gt;&lt;th align=&quot;left&quot;&gt;Value&lt;/th&gt;&lt;/tr&gt;&lt;tr&gt;&lt;td&gt;Pillar&lt;/td&gt;&lt;td&gt;B-BP57&lt;/td&gt;&lt;/tr&gt;&lt;tr&gt;&lt;td&gt;Lease&lt;/td&gt;&lt;td&gt;Pakhar 115.13 Ha - Block B&lt;/td&gt;&lt;/tr&gt;&lt;tr&gt;&lt;td&gt;Latitude&lt;/td&gt;&lt;td&gt;23.54502084&lt;/td&gt;&lt;/tr&gt;&lt;tr&gt;&lt;td&gt;Longitude&lt;/td&gt;&lt;td&gt;84.59500174&lt;/td&gt;&lt;/tr&gt;&lt;tr&gt;&lt;td&gt;Easting (m)&lt;/td&gt;&lt;td&gt;254483.318&lt;/td&gt;&lt;/tr&gt;&lt;tr&gt;&lt;td&gt;Northing (m)&lt;/td&gt;&lt;td&gt;2605914.708&lt;/td&gt;&lt;/tr&gt;&lt;tr&gt;&lt;td&gt;Zone / Datum&lt;/td&gt;&lt;td&gt;UTM 45N / WGS84&lt;/td&gt;&lt;/tr&gt;&lt;/table&gt;</desc></wpt>
<wpt lat="0.00021236" lon="82.51201399"><ele>0.000</ele><name>B-BP58</name><desc>&lt;table border=&quot;1&quot; cellpadding=&quot;4&quot; cellspacing=&quot;0&quot; style=&quot;border-collapse:collapse;font-family:Arial;font-size:12px&quot;&gt;&lt;tr&gt;&lt;th align=&quot;left&quot;&gt;Parameter&lt;/th&gt;&lt;th align=&quot;left&quot;&gt;Value&lt;/th&gt;&lt;/tr&gt;&lt;tr&gt;&lt;td&gt;Pillar&lt;/td&gt;&lt;td&gt;B-BP58&lt;/td&gt;&lt;/tr&gt;&lt;tr&gt;&lt;td&gt;Lease&lt;/td&gt;&lt;td&gt;Pakhar 115.13 Ha - Block B&lt;/td&gt;&lt;/tr&gt;&lt;tr&gt;&lt;td&gt;Latitude&lt;/td&gt;&lt;td&gt;23.54471611&lt;/td&gt;&lt;/tr&gt;&lt;tr&gt;&lt;td&gt;Longitude&lt;/td&gt;&lt;td&gt;84.59536281&lt;/td&gt;&lt;/tr&gt;&lt;tr&gt;&lt;td&gt;Easting (m)&lt;/td&gt;&lt;td&gt;254519.627&lt;/td&gt;&lt;/tr&gt;&lt;tr&gt;&lt;td&gt;Northing (m)&lt;/td&gt;&lt;td&gt;2605880.333&lt;/td&gt;&lt;/tr&gt;&lt;tr&gt;&lt;td&gt;Zone / Datum&lt;/td&gt;&lt;td&gt;UTM 45N / WGS84&lt;/td&gt;&lt;/tr&gt;&lt;/table&gt;</desc></wpt>
<wpt lat="0.00021236" lon="82.51201400"><ele>0.000</ele><name>B-BP59</name><desc>&lt;table border=&quot;1&quot; cellpadding=&quot;4&quot; cellspacing=&quot;0&quot; style=&quot;border-collapse:collapse;font-family:Arial;font-size:12px&quot;&gt;&lt;tr&gt;&lt;th align=&quot;left&quot;&gt;Parameter&lt;/th&gt;&lt;th align=&quot;left&quot;&gt;Value&lt;/th&gt;&lt;/tr&gt;&lt;tr&gt;&lt;td&gt;Pillar&lt;/td&gt;&lt;td&gt;B-BP59&lt;/td&gt;&lt;/tr&gt;&lt;tr&gt;&lt;td&gt;Lease&lt;/td&gt;&lt;td&gt;Pakhar 115.13 Ha - Block B&lt;/td&gt;&lt;/tr&gt;&lt;tr&gt;&lt;td&gt;Latitude&lt;/td&gt;&lt;td&gt;23.54441137&lt;/td&gt;&lt;/tr&gt;&lt;tr&gt;&lt;td&gt;Longitude&lt;/td&gt;&lt;td&gt;84.59572388&lt;/td&gt;&lt;/tr&gt;&lt;tr&gt;&lt;td&gt;Easting (m)&lt;/td&gt;&lt;td&gt;254555.936&lt;/td&gt;&lt;/tr&gt;&lt;tr&gt;&lt;td&gt;Northing (m)&lt;/td&gt;&lt;td&gt;2605845.957&lt;/td&gt;&lt;/tr&gt;&lt;tr&gt;&lt;td&gt;Zone / Datum&lt;/td&gt;&lt;td&gt;UTM 45N / WGS84&lt;/td&gt;&lt;/tr&gt;&lt;/table&gt;</desc></wpt>
<wpt lat="0.00021235" lon="82.51201400"><ele>0.000</ele><name>B-BP60</name><desc>&lt;table border=&quot;1&quot; cellpadding=&quot;4&quot; cellspacing=&quot;0&quot; style=&quot;border-collapse:collapse;font-family:Arial;font-size:12px&quot;&gt;&lt;tr&gt;&lt;th align=&quot;left&quot;&gt;Parameter&lt;/th&gt;&lt;th align=&quot;left&quot;&gt;Value&lt;/th&gt;&lt;/tr&gt;&lt;tr&gt;&lt;td&gt;Pillar&lt;/td&gt;&lt;td&gt;B-BP60&lt;/td&gt;&lt;/tr&gt;&lt;tr&gt;&lt;td&gt;Lease&lt;/td&gt;&lt;td&gt;Pakhar 115.13 Ha - Block B&lt;/td&gt;&lt;/tr&gt;&lt;tr&gt;&lt;td&gt;Latitude&lt;/td&gt;&lt;td&gt;23.54410664&lt;/td&gt;&lt;/tr&gt;&lt;tr&gt;&lt;td&gt;Longitude&lt;/td&gt;&lt;td&gt;84.59608495&lt;/td&gt;&lt;/tr&gt;&lt;tr&gt;&lt;td&gt;Easting (m)&lt;/td&gt;&lt;td&gt;254592.245&lt;/td&gt;&lt;/tr&gt;&lt;tr&gt;&lt;td&gt;Northing (m)&lt;/td&gt;&lt;td&gt;2605811.582&lt;/td&gt;&lt;/tr&gt;&lt;tr&gt;&lt;td&gt;Zone / Datum&lt;/td&gt;&lt;td&gt;UTM 45N / WGS84&lt;/td&gt;&lt;/tr&gt;&lt;/table&gt;</desc></wpt>
<wpt lat="0.00021235" lon="82.51201400"><ele>0.000</ele><name>B-BP61</name><desc>&lt;table border=&quot;1&quot; cellpadding=&quot;4&quot; cellspacing=&quot;0&quot; style=&quot;border-collapse:collapse;font-family:Arial;font-size:12px&quot;&gt;&lt;tr&gt;&lt;th align=&quot;left&quot;&gt;Parameter&lt;/th&gt;&lt;th align=&quot;left&quot;&gt;Value&lt;/th&gt;&lt;/tr&gt;&lt;tr&gt;&lt;td&gt;Pillar&lt;/td&gt;&lt;td&gt;B-BP61&lt;/td&gt;&lt;/tr&gt;&lt;tr&gt;&lt;td&gt;Lease&lt;/td&gt;&lt;td&gt;Pakhar 115.13 Ha - Block B&lt;/td&gt;&lt;/tr&gt;&lt;tr&gt;&lt;td&gt;Latitude&lt;/td&gt;&lt;td&gt;23.54380190&lt;/td&gt;&lt;/tr&gt;&lt;tr&gt;&lt;td&gt;Longitude&lt;/td&gt;&lt;td&gt;84.59644602&lt;/td&gt;&lt;/tr&gt;&lt;tr&gt;&lt;td&gt;Easting (m)&lt;/td&gt;&lt;td&gt;254628.554&lt;/td&gt;&lt;/tr&gt;&lt;tr&gt;&lt;td&gt;Northing (m)&lt;/td&gt;&lt;td&gt;2605777.207&lt;/td&gt;&lt;/tr&gt;&lt;tr&gt;&lt;td&gt;Zone / Datum&lt;/td&gt;&lt;td&gt;UTM 45N / WGS84&lt;/td&gt;&lt;/tr&gt;&lt;/table&gt;</desc></wpt>
<wpt lat="0.00021235" lon="82.51201401"><ele>0.000</ele><name>B-BP62</name><desc>&lt;table border=&quot;1&quot; cellpadding=&quot;4&quot; cellspacing=&quot;0&quot; style=&quot;border-collapse:collapse;font-family:Arial;font-size:12px&quot;&gt;&lt;tr&gt;&lt;th align=&quot;left&quot;&gt;Parameter&lt;/th&gt;&lt;th align=&quot;left&quot;&gt;Value&lt;/th&gt;&lt;/tr&gt;&lt;tr&gt;&lt;td&gt;Pillar&lt;/td&gt;&lt;td&gt;B-BP62&lt;/td&gt;&lt;/tr&gt;&lt;tr&gt;&lt;td&gt;Lease&lt;/td&gt;&lt;td&gt;Pakhar 115.13 Ha - Block B&lt;/td&gt;&lt;/tr&gt;&lt;tr&gt;&lt;td&gt;Latitude&lt;/td&gt;&lt;td&gt;23.54349716&lt;/td&gt;&lt;/tr&gt;&lt;tr&gt;&lt;td&gt;Longitude&lt;/td&gt;&lt;td&gt;84.59680707&lt;/td&gt;&lt;/tr&gt;&lt;tr&gt;&lt;td&gt;Easting (m)&lt;/td&gt;&lt;td&gt;254664.862&lt;/td&gt;&lt;/tr&gt;&lt;tr&gt;&lt;td&gt;Northing (m)&lt;/td&gt;&lt;td&gt;2605742.831&lt;/td&gt;&lt;/tr&gt;&lt;tr&gt;&lt;td&gt;Zone / Datum&lt;/td&gt;&lt;td&gt;UTM 45N / WGS84&lt;/td&gt;&lt;/tr&gt;&lt;/table&gt;</desc></wpt>
<wpt lat="0.00021235" lon="82.51201401"><ele>0.000</ele><name>B-BP63</name><desc>&lt;table border=&quot;1&quot; cellpadding=&quot;4&quot; cellspacing=&quot;0&quot; style=&quot;border-collapse:collapse;font-family:Arial;font-size:12px&quot;&gt;&lt;tr&gt;&lt;th align=&quot;left&quot;&gt;Parameter&lt;/th&gt;&lt;th align=&quot;left&quot;&gt;Value&lt;/th&gt;&lt;/tr&gt;&lt;tr&gt;&lt;td&gt;Pillar&lt;/td&gt;&lt;td&gt;B-BP63&lt;/td&gt;&lt;/tr&gt;&lt;tr&gt;&lt;td&gt;Lease&lt;/td&gt;&lt;td&gt;Pakhar 115.13 Ha - Block B&lt;/td&gt;&lt;/tr&gt;&lt;tr&gt;&lt;td&gt;Latitude&lt;/td&gt;&lt;td&gt;23.54319242&lt;/td&gt;&lt;/tr&gt;&lt;tr&gt;&lt;td&gt;Longitude&lt;/td&gt;&lt;td&gt;84.59716814&lt;/td&gt;&lt;/tr&gt;&lt;tr&gt;&lt;td&gt;Easting (m)&lt;/td&gt;&lt;td&gt;254701.171&lt;/td&gt;&lt;/tr&gt;&lt;tr&gt;&lt;td&gt;Northing (m)&lt;/td&gt;&lt;td&gt;2605708.456&lt;/td&gt;&lt;/tr&gt;&lt;tr&gt;&lt;td&gt;Zone / Datum&lt;/td&gt;&lt;td&gt;UTM 45N / WGS84&lt;/td&gt;&lt;/tr&gt;&lt;/table&gt;</desc></wpt>
<wpt lat="0.00021234" lon="82.51201401"><ele>0.000</ele><name>B-BP64</name><desc>&lt;table border=&quot;1&quot; cellpadding=&quot;4&quot; cellspacing=&quot;0&quot; style=&quot;border-collapse:collapse;font-family:Arial;font-size:12px&quot;&gt;&lt;tr&gt;&lt;th align=&quot;left&quot;&gt;Parameter&lt;/th&gt;&lt;th align=&quot;left&quot;&gt;Value&lt;/th&gt;&lt;/tr&gt;&lt;tr&gt;&lt;td&gt;Pillar&lt;/td&gt;&lt;td&gt;B-BP64&lt;/td&gt;&lt;/tr&gt;&lt;tr&gt;&lt;td&gt;Lease&lt;/td&gt;&lt;td&gt;Pakhar 115.13 Ha - Block B&lt;/td&gt;&lt;/tr&gt;&lt;tr&gt;&lt;td&gt;Latitude&lt;/td&gt;&lt;td&gt;23.54288768&lt;/td&gt;&lt;/tr&gt;&lt;tr&gt;&lt;td&gt;Longitude&lt;/td&gt;&lt;td&gt;84.59752920&lt;/td&gt;&lt;/tr&gt;&lt;tr&gt;&lt;td&gt;Easting (m)&lt;/td&gt;&lt;td&gt;254737.480&lt;/td&gt;&lt;/tr&gt;&lt;tr&gt;&lt;td&gt;Northing (m)&lt;/td&gt;&lt;td&gt;2605674.080&lt;/td&gt;&lt;/tr&gt;&lt;tr&gt;&lt;td&gt;Zone / Datum&lt;/td&gt;&lt;td&gt;UTM 45N / WGS84&lt;/td&gt;&lt;/tr&gt;&lt;/table&gt;</desc></wpt>
<wpt lat="0.00021234" lon="82.51201402"><ele>0.000</ele><name>B-BP65</name><desc>&lt;table border=&quot;1&quot; cellpadding=&quot;4&quot; cellspacing=&quot;0&quot; style=&quot;border-collapse:collapse;font-family:Arial;font-size:12px&quot;&gt;&lt;tr&gt;&lt;th align=&quot;left&quot;&gt;Parameter&lt;/th&gt;&lt;th align=&quot;left&quot;&gt;Value&lt;/th&gt;&lt;/tr&gt;&lt;tr&gt;&lt;td&gt;Pillar&lt;/td&gt;&lt;td&gt;B-BP65&lt;/td&gt;&lt;/tr&gt;&lt;tr&gt;&lt;td&gt;Lease&lt;/td&gt;&lt;td&gt;Pakhar 115.13 Ha - Block B&lt;/td&gt;&lt;/tr&gt;&lt;tr&gt;&lt;td&gt;Latitude&lt;/td&gt;&lt;td&gt;23.54258257&lt;/td&gt;&lt;/tr&gt;&lt;tr&gt;&lt;td&gt;Longitude&lt;/td&gt;&lt;td&gt;84.59788990&lt;/td&gt;&lt;/tr&gt;&lt;tr&gt;&lt;td&gt;Easting (m)&lt;/td&gt;&lt;td&gt;254773.751&lt;/td&gt;&lt;/tr&gt;&lt;tr&gt;&lt;td&gt;Northing (m)&lt;/td&gt;&lt;td&gt;2605639.665&lt;/td&gt;&lt;/tr&gt;&lt;tr&gt;&lt;td&gt;Zone / Datum&lt;/td&gt;&lt;td&gt;UTM 45N / WGS84&lt;/td&gt;&lt;/tr&gt;&lt;/table&gt;</desc></wpt>
<wpt lat="0.00021234" lon="82.51201402"><ele>0.000</ele><name>B-BP66</name><desc>&lt;table border=&quot;1&quot; cellpadding=&quot;4&quot; cellspacing=&quot;0&quot; style=&quot;border-collapse:collapse;font-family:Arial;font-size:12px&quot;&gt;&lt;tr&gt;&lt;th align=&quot;left&quot;&gt;Parameter&lt;/th&gt;&lt;th align=&quot;left&quot;&gt;Value&lt;/th&gt;&lt;/tr&gt;&lt;tr&gt;&lt;td&gt;Pillar&lt;/td&gt;&lt;td&gt;B-BP66&lt;/td&gt;&lt;/tr&gt;&lt;tr&gt;&lt;td&gt;Lease&lt;/td&gt;&lt;td&gt;Pakhar 115.13 Ha - Block B&lt;/td&gt;&lt;/tr&gt;&lt;tr&gt;&lt;td&gt;Latitude&lt;/td&gt;&lt;td&gt;23.54227279&lt;/td&gt;&lt;/tr&gt;&lt;tr&gt;&lt;td&gt;Longitude&lt;/td&gt;&lt;td&gt;84.59824587&lt;/td&gt;&lt;/tr&gt;&lt;tr&gt;&lt;td&gt;Easting (m)&lt;/td&gt;&lt;td&gt;254809.531&lt;/td&gt;&lt;/tr&gt;&lt;tr&gt;&lt;td&gt;Northing (m)&lt;/td&gt;&lt;td&gt;2605604.740&lt;/td&gt;&lt;/tr&gt;&lt;tr&gt;&lt;td&gt;Zone / Datum&lt;/td&gt;&lt;td&gt;UTM 45N / WGS84&lt;/td&gt;&lt;/tr&gt;&lt;/table&gt;</desc></wpt>
<wpt lat="0.00021233" lon="82.51201402"><ele>0.000</ele><name>B-BP67</name><desc>&lt;table border=&quot;1&quot; cellpadding=&quot;4&quot; cellspacing=&quot;0&quot; style=&quot;border-collapse:collapse;font-family:Arial;font-size:12px&quot;&gt;&lt;tr&gt;&lt;th align=&quot;left&quot;&gt;Parameter&lt;/th&gt;&lt;th align=&quot;left&quot;&gt;Value&lt;/th&gt;&lt;/tr&gt;&lt;tr&gt;&lt;td&gt;Pillar&lt;/td&gt;&lt;td&gt;B-BP67&lt;/td&gt;&lt;/tr&gt;&lt;tr&gt;&lt;td&gt;Lease&lt;/td&gt;&lt;td&gt;Pakhar 115.13 Ha - Block B&lt;/td&gt;&lt;/tr&gt;&lt;tr&gt;&lt;td&gt;Latitude&lt;/td&gt;&lt;td&gt;23.54196300&lt;/td&gt;&lt;/tr&gt;&lt;tr&gt;&lt;td&gt;Longitude&lt;/td&gt;&lt;td&gt;84.59860184&lt;/td&gt;&lt;/tr&gt;&lt;tr&gt;&lt;td&gt;Easting (m)&lt;/td&gt;&lt;td&gt;254845.311&lt;/td&gt;&lt;/tr&gt;&lt;tr&gt;&lt;td&gt;Northing (m)&lt;/td&gt;&lt;td&gt;2605569.814&lt;/td&gt;&lt;/tr&gt;&lt;tr&gt;&lt;td&gt;Zone / Datum&lt;/td&gt;&lt;td&gt;UTM 45N / WGS84&lt;/td&gt;&lt;/tr&gt;&lt;/table&gt;</desc></wpt>
<wpt lat="0.00021233" lon="82.51201402"><ele>0.000</ele><name>B-BP68</name><desc>&lt;table border=&quot;1&quot; cellpadding=&quot;4&quot; cellspacing=&quot;0&quot; style=&quot;border-collapse:collapse;font-family:Arial;font-size:12px&quot;&gt;&lt;tr&gt;&lt;th align=&quot;left&quot;&gt;Parameter&lt;/th&gt;&lt;th align=&quot;left&quot;&gt;Value&lt;/th&gt;&lt;/tr&gt;&lt;tr&gt;&lt;td&gt;Pillar&lt;/td&gt;&lt;td&gt;B-BP68&lt;/td&gt;&lt;/tr&gt;&lt;tr&gt;&lt;td&gt;Lease&lt;/td&gt;&lt;td&gt;Pakhar 115.13 Ha - Block B&lt;/td&gt;&lt;/tr&gt;&lt;tr&gt;&lt;td&gt;Latitude&lt;/td&gt;&lt;td&gt;23.54184577&lt;/td&gt;&lt;/tr&gt;&lt;tr&gt;&lt;td&gt;Longitude&lt;/td&gt;&lt;td&gt;84.59873654&lt;/td&gt;&lt;/tr&gt;&lt;tr&gt;&lt;td&gt;Easting (m)&lt;/td&gt;&lt;td&gt;254858.851&lt;/td&gt;&lt;/tr&gt;&lt;tr&gt;&lt;td&gt;Northing (m)&lt;/td&gt;&lt;td&gt;2605556.598&lt;/td&gt;&lt;/tr&gt;&lt;tr&gt;&lt;td&gt;Zone / Datum&lt;/td&gt;&lt;td&gt;UTM 45N / WGS84&lt;/td&gt;&lt;/tr&gt;&lt;/table&gt;</desc></wpt>
<wpt lat="0.00021233" lon="82.51201403"><ele>0.000</ele><name>B-BP69</name><desc>&lt;table border=&quot;1&quot; cellpadding=&quot;4&quot; cellspacing=&quot;0&quot; style=&quot;border-collapse:collapse;font-family:Arial;font-size:12px&quot;&gt;&lt;tr&gt;&lt;th align=&quot;left&quot;&gt;Parameter&lt;/th&gt;&lt;th align=&quot;left&quot;&gt;Value&lt;/th&gt;&lt;/tr&gt;&lt;tr&gt;&lt;td&gt;Pillar&lt;/td&gt;&lt;td&gt;B-BP69&lt;/td&gt;&lt;/tr&gt;&lt;tr&gt;&lt;td&gt;Lease&lt;/td&gt;&lt;td&gt;Pakhar 115.13 Ha - Block B&lt;/td&gt;&lt;/tr&gt;&lt;tr&gt;&lt;td&gt;Latitude&lt;/td&gt;&lt;td&gt;23.54192906&lt;/td&gt;&lt;/tr&gt;&lt;tr&gt;&lt;td&gt;Longitude&lt;/td&gt;&lt;td&gt;84.59921763&lt;/td&gt;&lt;/tr&gt;&lt;tr&gt;&lt;td&gt;Easting (m)&lt;/td&gt;&lt;td&gt;254908.139&lt;/td&gt;&lt;/tr&gt;&lt;tr&gt;&lt;td&gt;Northing (m)&lt;/td&gt;&lt;td&gt;2605565.001&lt;/td&gt;&lt;/tr&gt;&lt;tr&gt;&lt;td&gt;Zone / Datum&lt;/td&gt;&lt;td&gt;UTM 45N / WGS84&lt;/td&gt;&lt;/tr&gt;&lt;/table&gt;</desc></wpt>
<wpt lat="0.00021233" lon="82.51201403"><ele>0.000</ele><name>B-BP70</name><desc>&lt;table border=&quot;1&quot; cellpadding=&quot;4&quot; cellspacing=&quot;0&quot; style=&quot;border-collapse:collapse;font-family:Arial;font-size:12px&quot;&gt;&lt;tr&gt;&lt;th align=&quot;left&quot;&gt;Parameter&lt;/th&gt;&lt;th align=&quot;left&quot;&gt;Value&lt;/th&gt;&lt;/tr&gt;&lt;tr&gt;&lt;td&gt;Pillar&lt;/td&gt;&lt;td&gt;B-BP70&lt;/td&gt;&lt;/tr&gt;&lt;tr&gt;&lt;td&gt;Lease&lt;/td&gt;&lt;td&gt;Pakhar 115.13 Ha - Block B&lt;/td&gt;&lt;/tr&gt;&lt;tr&gt;&lt;td&gt;Latitude&lt;/td&gt;&lt;td&gt;23.54201234&lt;/td&gt;&lt;/tr&gt;&lt;tr&gt;&lt;td&gt;Longitude&lt;/td&gt;&lt;td&gt;84.59969874&lt;/td&gt;&lt;/tr&gt;&lt;tr&gt;&lt;td&gt;Easting (m)&lt;/td&gt;&lt;td&gt;254957.428&lt;/td&gt;&lt;/tr&gt;&lt;tr&gt;&lt;td&gt;Northing (m)&lt;/td&gt;&lt;td&gt;2605573.404&lt;/td&gt;&lt;/tr&gt;&lt;tr&gt;&lt;td&gt;Zone / Datum&lt;/td&gt;&lt;td&gt;UTM 45N / WGS84&lt;/td&gt;&lt;/tr&gt;&lt;/table&gt;</desc></wpt>
<wpt lat="0.00021234" lon="82.51201404"><ele>0.000</ele><name>B-BP71</name><desc>&lt;table border=&quot;1&quot; cellpadding=&quot;4&quot; cellspacing=&quot;0&quot; style=&quot;border-collapse:collapse;font-family:Arial;font-size:12px&quot;&gt;&lt;tr&gt;&lt;th align=&quot;left&quot;&gt;Parameter&lt;/th&gt;&lt;th align=&quot;left&quot;&gt;Value&lt;/th&gt;&lt;/tr&gt;&lt;tr&gt;&lt;td&gt;Pillar&lt;/td&gt;&lt;td&gt;B-BP71&lt;/td&gt;&lt;/tr&gt;&lt;tr&gt;&lt;td&gt;Lease&lt;/td&gt;&lt;td&gt;Pakhar 115.13 Ha - Block B&lt;/td&gt;&lt;/tr&gt;&lt;tr&gt;&lt;td&gt;Latitude&lt;/td&gt;&lt;td&gt;23.54209563&lt;/td&gt;&lt;/tr&gt;&lt;tr&gt;&lt;td&gt;Longitude&lt;/td&gt;&lt;td&gt;84.60017984&lt;/td&gt;&lt;/tr&gt;&lt;tr&gt;&lt;td&gt;Easting (m)&lt;/td&gt;&lt;td&gt;255006.717&lt;/td&gt;&lt;/tr&gt;&lt;tr&gt;&lt;td&gt;Northing (m)&lt;/td&gt;&lt;td&gt;2605581.808&lt;/td&gt;&lt;/tr&gt;&lt;tr&gt;&lt;td&gt;Zone / Datum&lt;/td&gt;&lt;td&gt;UTM 45N / WGS84&lt;/td&gt;&lt;/tr&gt;&lt;/table&gt;</desc></wpt>
<wpt lat="0.00021234" lon="82.51201404"><ele>0.000</ele><name>B-BP72</name><desc>&lt;table border=&quot;1&quot; cellpadding=&quot;4&quot; cellspacing=&quot;0&quot; style=&quot;border-collapse:collapse;font-family:Arial;font-size:12px&quot;&gt;&lt;tr&gt;&lt;th align=&quot;left&quot;&gt;Parameter&lt;/th&gt;&lt;th align=&quot;left&quot;&gt;Value&lt;/th&gt;&lt;/tr&gt;&lt;tr&gt;&lt;td&gt;Pillar&lt;/td&gt;&lt;td&gt;B-BP72&lt;/td&gt;&lt;/tr&gt;&lt;tr&gt;&lt;td&gt;Lease&lt;/td&gt;&lt;td&gt;Pakhar 115.13 Ha - Block B&lt;/td&gt;&lt;/tr&gt;&lt;tr&gt;&lt;td&gt;Latitude&lt;/td&gt;&lt;td&gt;23.54217892&lt;/td&gt;&lt;/tr&gt;&lt;tr&gt;&lt;td&gt;Longitude&lt;/td&gt;&lt;td&gt;84.60066094&lt;/td&gt;&lt;/tr&gt;&lt;tr&gt;&lt;td&gt;Easting (m)&lt;/td&gt;&lt;td&gt;255056.006&lt;/td&gt;&lt;/tr&gt;&lt;tr&gt;&lt;td&gt;Northing (m)&lt;/td&gt;&lt;td&gt;2605590.211&lt;/td&gt;&lt;/tr&gt;&lt;tr&gt;&lt;td&gt;Zone / Datum&lt;/td&gt;&lt;td&gt;UTM 45N / WGS84&lt;/td&gt;&lt;/tr&gt;&lt;/table&gt;</desc></wpt>
<wpt lat="0.00021234" lon="82.51201404"><ele>0.000</ele><name>B-BP73</name><desc>&lt;table border=&quot;1&quot; cellpadding=&quot;4&quot; cellspacing=&quot;0&quot; style=&quot;border-collapse:collapse;font-family:Arial;font-size:12px&quot;&gt;&lt;tr&gt;&lt;th align=&quot;left&quot;&gt;Parameter&lt;/th&gt;&lt;th align=&quot;left&quot;&gt;Value&lt;/th&gt;&lt;/tr&gt;&lt;tr&gt;&lt;td&gt;Pillar&lt;/td&gt;&lt;td&gt;B-BP73&lt;/td&gt;&lt;/tr&gt;&lt;tr&gt;&lt;td&gt;Lease&lt;/td&gt;&lt;td&gt;Pakhar 115.13 Ha - Block B&lt;/td&gt;&lt;/tr&gt;&lt;tr&gt;&lt;td&gt;Latitude&lt;/td&gt;&lt;td&gt;23.54226220&lt;/td&gt;&lt;/tr&gt;&lt;tr&gt;&lt;td&gt;Longitude&lt;/td&gt;&lt;td&gt;84.60114203&lt;/td&gt;&lt;/tr&gt;&lt;tr&gt;&lt;td&gt;Easting (m)&lt;/td&gt;&lt;td&gt;255105.294&lt;/td&gt;&lt;/tr&gt;&lt;tr&gt;&lt;td&gt;Northing (m)&lt;/td&gt;&lt;td&gt;2605598.615&lt;/td&gt;&lt;/tr&gt;&lt;tr&gt;&lt;td&gt;Zone / Datum&lt;/td&gt;&lt;td&gt;UTM 45N / WGS84&lt;/td&gt;&lt;/tr&gt;&lt;/table&gt;</desc></wpt>
<wpt lat="0.00021234" lon="82.51201405"><ele>0.000</ele><name>B-BP74</name><desc>&lt;table border=&quot;1&quot; cellpadding=&quot;4&quot; cellspacing=&quot;0&quot; style=&quot;border-collapse:collapse;font-family:Arial;font-size:12px&quot;&gt;&lt;tr&gt;&lt;th align=&quot;left&quot;&gt;Parameter&lt;/th&gt;&lt;th align=&quot;left&quot;&gt;Value&lt;/th&gt;&lt;/tr&gt;&lt;tr&gt;&lt;td&gt;Pillar&lt;/td&gt;&lt;td&gt;B-BP74&lt;/td&gt;&lt;/tr&gt;&lt;tr&gt;&lt;td&gt;Lease&lt;/td&gt;&lt;td&gt;Pakhar 115.13 Ha - Block B&lt;/td&gt;&lt;/tr&gt;&lt;tr&gt;&lt;td&gt;Latitude&lt;/td&gt;&lt;td&gt;23.54234548&lt;/td&gt;&lt;/tr&gt;&lt;tr&gt;&lt;td&gt;Longitude&lt;/td&gt;&lt;td&gt;84.60162314&lt;/td&gt;&lt;/tr&gt;&lt;tr&gt;&lt;td&gt;Easting (m)&lt;/td&gt;&lt;td&gt;255154.583&lt;/td&gt;&lt;/tr&gt;&lt;tr&gt;&lt;td&gt;Northing (m)&lt;/td&gt;&lt;td&gt;2605607.018&lt;/td&gt;&lt;/tr&gt;&lt;tr&gt;&lt;td&gt;Zone / Datum&lt;/td&gt;&lt;td&gt;UTM 45N / WGS84&lt;/td&gt;&lt;/tr&gt;&lt;/table&gt;</desc></wpt>
<wpt lat="0.00021234" lon="82.51201405"><ele>0.000</ele><name>B-BP75</name><desc>&lt;table border=&quot;1&quot; cellpadding=&quot;4&quot; cellspacing=&quot;0&quot; style=&quot;border-collapse:collapse;font-family:Arial;font-size:12px&quot;&gt;&lt;tr&gt;&lt;th align=&quot;left&quot;&gt;Parameter&lt;/th&gt;&lt;th align=&quot;left&quot;&gt;Value&lt;/th&gt;&lt;/tr&gt;&lt;tr&gt;&lt;td&gt;Pillar&lt;/td&gt;&lt;td&gt;B-BP75&lt;/td&gt;&lt;/tr&gt;&lt;tr&gt;&lt;td&gt;Lease&lt;/td&gt;&lt;td&gt;Pakhar 115.13 Ha - Block B&lt;/td&gt;&lt;/tr&gt;&lt;tr&gt;&lt;td&gt;Latitude&lt;/td&gt;&lt;td&gt;23.54242876&lt;/td&gt;&lt;/tr&gt;&lt;tr&gt;&lt;td&gt;Longitude&lt;/td&gt;&lt;td&gt;84.60210424&lt;/td&gt;&lt;/tr&gt;&lt;tr&gt;&lt;td&gt;Easting (m)&lt;/td&gt;&lt;td&gt;255203.872&lt;/td&gt;&lt;/tr&gt;&lt;tr&gt;&lt;td&gt;Northing (m)&lt;/td&gt;&lt;td&gt;2605615.421&lt;/td&gt;&lt;/tr&gt;&lt;tr&gt;&lt;td&gt;Zone / Datum&lt;/td&gt;&lt;td&gt;UTM 45N / WGS84&lt;/td&gt;&lt;/tr&gt;&lt;/table&gt;</desc></wpt>
<wpt lat="0.00021234" lon="82.51201405"><ele>0.000</ele><name>B-BP76</name><desc>&lt;table border=&quot;1&quot; cellpadding=&quot;4&quot; cellspacing=&quot;0&quot; style=&quot;border-collapse:collapse;font-family:Arial;font-size:12px&quot;&gt;&lt;tr&gt;&lt;th align=&quot;left&quot;&gt;Parameter&lt;/th&gt;&lt;th align=&quot;left&quot;&gt;Value&lt;/th&gt;&lt;/tr&gt;&lt;tr&gt;&lt;td&gt;Pillar&lt;/td&gt;&lt;td&gt;B-BP76&lt;/td&gt;&lt;/tr&gt;&lt;tr&gt;&lt;td&gt;Lease&lt;/td&gt;&lt;td&gt;Pakhar 115.13 Ha - Block B&lt;/td&gt;&lt;/tr&gt;&lt;tr&gt;&lt;td&gt;Latitude&lt;/td&gt;&lt;td&gt;23.54245406&lt;/td&gt;&lt;/tr&gt;&lt;tr&gt;&lt;td&gt;Longitude&lt;/td&gt;&lt;td&gt;84.60225041&lt;/td&gt;&lt;/tr&gt;&lt;tr&gt;&lt;td&gt;Easting (m)&lt;/td&gt;&lt;td&gt;255218.847&lt;/td&gt;&lt;/tr&gt;&lt;tr&gt;&lt;td&gt;Northing (m)&lt;/td&gt;&lt;td&gt;2605617.974&lt;/td&gt;&lt;/tr&gt;&lt;tr&gt;&lt;td&gt;Zone / Datum&lt;/td&gt;&lt;td&gt;UTM 45N / WGS84&lt;/td&gt;&lt;/tr&gt;&lt;/table&gt;</desc></wpt>
<wpt lat="0.00021233" lon="82.51201406"><ele>0.000</ele><name>B-BP77</name><desc>&lt;table border=&quot;1&quot; cellpadding=&quot;4&quot; cellspacing=&quot;0&quot; style=&quot;border-collapse:collapse;font-family:Arial;font-size:12px&quot;&gt;&lt;tr&gt;&lt;th align=&quot;left&quot;&gt;Parameter&lt;/th&gt;&lt;th align=&quot;left&quot;&gt;Value&lt;/th&gt;&lt;/tr&gt;&lt;tr&gt;&lt;td&gt;Pillar&lt;/td&gt;&lt;td&gt;B-BP77&lt;/td&gt;&lt;/tr&gt;&lt;tr&gt;&lt;td&gt;Lease&lt;/td&gt;&lt;td&gt;Pakhar 115.13 Ha - Block B&lt;/td&gt;&lt;/tr&gt;&lt;tr&gt;&lt;td&gt;Latitude&lt;/td&gt;&lt;td&gt;23.54200667&lt;/td&gt;&lt;/tr&gt;&lt;tr&gt;&lt;td&gt;Longitude&lt;/td&gt;&lt;td&gt;84.60231476&lt;/td&gt;&lt;/tr&gt;&lt;tr&gt;&lt;td&gt;Easting (m)&lt;/td&gt;&lt;td&gt;255224.590&lt;/td&gt;&lt;/tr&gt;&lt;tr&gt;&lt;td&gt;Northing (m)&lt;/td&gt;&lt;td&gt;2605568.305&lt;/td&gt;&lt;/tr&gt;&lt;tr&gt;&lt;td&gt;Zone / Datum&lt;/td&gt;&lt;td&gt;UTM 45N / WGS84&lt;/td&gt;&lt;/tr&gt;&lt;/table&gt;</desc></wpt>
<wpt lat="0.00021233" lon="82.51201406"><ele>0.000</ele><name>B-BP78</name><desc>&lt;table border=&quot;1&quot; cellpadding=&quot;4&quot; cellspacing=&quot;0&quot; style=&quot;border-collapse:collapse;font-family:Arial;font-size:12px&quot;&gt;&lt;tr&gt;&lt;th align=&quot;left&quot;&gt;Parameter&lt;/th&gt;&lt;th align=&quot;left&quot;&gt;Value&lt;/th&gt;&lt;/tr&gt;&lt;tr&gt;&lt;td&gt;Pillar&lt;/td&gt;&lt;td&gt;B-BP78&lt;/td&gt;&lt;/tr&gt;&lt;tr&gt;&lt;td&gt;Lease&lt;/td&gt;&lt;td&gt;Pakhar 115.13 Ha - Block B&lt;/td&gt;&lt;/tr&gt;&lt;tr&gt;&lt;td&gt;Latitude&lt;/td&gt;&lt;td&gt;23.54155928&lt;/td&gt;&lt;/tr&gt;&lt;tr&gt;&lt;td&gt;Longitude&lt;/td&gt;&lt;td&gt;84.60237912&lt;/td&gt;&lt;/tr&gt;&lt;tr&gt;&lt;td&gt;Easting (m)&lt;/td&gt;&lt;td&gt;255230.334&lt;/td&gt;&lt;/tr&gt;&lt;tr&gt;&lt;td&gt;Northing (m)&lt;/td&gt;&lt;td&gt;2605518.636&lt;/td&gt;&lt;/tr&gt;&lt;tr&gt;&lt;td&gt;Zone / Datum&lt;/td&gt;&lt;td&gt;UTM 45N / WGS84&lt;/td&gt;&lt;/tr&gt;&lt;/table&gt;</desc></wpt>
<wpt lat="0.00021233" lon="82.51201406"><ele>0.000</ele><name>B-BP79</name><desc>&lt;table border=&quot;1&quot; cellpadding=&quot;4&quot; cellspacing=&quot;0&quot; style=&quot;border-collapse:collapse;font-family:Arial;font-size:12px&quot;&gt;&lt;tr&gt;&lt;th align=&quot;left&quot;&gt;Parameter&lt;/th&gt;&lt;th align=&quot;left&quot;&gt;Value&lt;/th&gt;&lt;/tr&gt;&lt;tr&gt;&lt;td&gt;Pillar&lt;/td&gt;&lt;td&gt;B-BP79&lt;/td&gt;&lt;/tr&gt;&lt;tr&gt;&lt;td&gt;Lease&lt;/td&gt;&lt;td&gt;Pakhar 115.13 Ha - Block B&lt;/td&gt;&lt;/tr&gt;&lt;tr&gt;&lt;td&gt;Latitude&lt;/td&gt;&lt;td&gt;23.54111189&lt;/td&gt;&lt;/tr&gt;&lt;tr&gt;&lt;td&gt;Longitude&lt;/td&gt;&lt;td&gt;84.60244348&lt;/td&gt;&lt;/tr&gt;&lt;tr&gt;&lt;td&gt;Easting (m)&lt;/td&gt;&lt;td&gt;255236.078&lt;/td&gt;&lt;/tr&gt;&lt;tr&gt;&lt;td&gt;Northing (m)&lt;/td&gt;&lt;td&gt;2605468.967&lt;/td&gt;&lt;/tr&gt;&lt;tr&gt;&lt;td&gt;Zone / Datum&lt;/td&gt;&lt;td&gt;UTM 45N / WGS84&lt;/td&gt;&lt;/tr&gt;&lt;/table&gt;</desc></wpt>
<wpt lat="0.00021232" lon="82.51201406"><ele>0.000</ele><name>B-BP80</name><desc>&lt;table border=&quot;1&quot; cellpadding=&quot;4&quot; cellspacing=&quot;0&quot; style=&quot;border-collapse:collapse;font-family:Arial;font-size:12px&quot;&gt;&lt;tr&gt;&lt;th align=&quot;left&quot;&gt;Parameter&lt;/th&gt;&lt;th align=&quot;left&quot;&gt;Value&lt;/th&gt;&lt;/tr&gt;&lt;tr&gt;&lt;td&gt;Pillar&lt;/td&gt;&lt;td&gt;B-BP80&lt;/td&gt;&lt;/tr&gt;&lt;tr&gt;&lt;td&gt;Lease&lt;/td&gt;&lt;td&gt;Pakhar 115.13 Ha - Block B&lt;/td&gt;&lt;/tr&gt;&lt;tr&gt;&lt;td&gt;Latitude&lt;/td&gt;&lt;td&gt;23.54066450&lt;/td&gt;&lt;/tr&gt;&lt;tr&gt;&lt;td&gt;Longitude&lt;/td&gt;&lt;td&gt;84.60250783&lt;/td&gt;&lt;/tr&gt;&lt;tr&gt;&lt;td&gt;Easting (m)&lt;/td&gt;&lt;td&gt;255241.822&lt;/td&gt;&lt;/tr&gt;&lt;tr&gt;&lt;td&gt;Northing (m)&lt;/td&gt;&lt;td&gt;2605419.298&lt;/td&gt;&lt;/tr&gt;&lt;tr&gt;&lt;td&gt;Zone / Datum&lt;/td&gt;&lt;td&gt;UTM 45N / WGS84&lt;/td&gt;&lt;/tr&gt;&lt;/table&gt;</desc></wpt>
<wpt lat="0.00021232" lon="82.51201406"><ele>0.000</ele><name>B-BP81</name><desc>&lt;table border=&quot;1&quot; cellpadding=&quot;4&quot; cellspacing=&quot;0&quot; style=&quot;border-collapse:collapse;font-family:Arial;font-size:12px&quot;&gt;&lt;tr&gt;&lt;th align=&quot;left&quot;&gt;Parameter&lt;/th&gt;&lt;th align=&quot;left&quot;&gt;Value&lt;/th&gt;&lt;/tr&gt;&lt;tr&gt;&lt;td&gt;Pillar&lt;/td&gt;&lt;td&gt;B-BP81&lt;/td&gt;&lt;/tr&gt;&lt;tr&gt;&lt;td&gt;Lease&lt;/td&gt;&lt;td&gt;Pakhar 115.13 Ha - Block B&lt;/td&gt;&lt;/tr&gt;&lt;tr&gt;&lt;td&gt;Latitude&lt;/td&gt;&lt;td&gt;23.54021711&lt;/td&gt;&lt;/tr&gt;&lt;tr&gt;&lt;td&gt;Longitude&lt;/td&gt;&lt;td&gt;84.60257218&lt;/td&gt;&lt;/tr&gt;&lt;tr&gt;&lt;td&gt;Easting (m)&lt;/td&gt;&lt;td&gt;255247.565&lt;/td&gt;&lt;/tr&gt;&lt;tr&gt;&lt;td&gt;Northing (m)&lt;/td&gt;&lt;td&gt;2605369.629&lt;/td&gt;&lt;/tr&gt;&lt;tr&gt;&lt;td&gt;Zone / Datum&lt;/td&gt;&lt;td&gt;UTM 45N / WGS84&lt;/td&gt;&lt;/tr&gt;&lt;/table&gt;</desc></wpt>
<trk><name>Pakhar 15.58 Ha</name><trkseg><trkpt lat="0.00021235" lon="82.51201398"><ele>0.000</ele></trkpt><trkpt lat="0.00021235" lon="82.51201398"><ele>0.000</ele></trkpt><trkpt lat="0.00021235" lon="82.51201398"><ele>0.000</ele></trkpt><trkpt lat="0.00021234" lon="82.51201399"><ele>0.000</ele></trkpt><trkpt lat="0.00021234" lon="82.51201399"><ele>0.000</ele></trkpt><trkpt lat="0.00021234" lon="82.51201399"><ele>0.000</ele></trkpt><trkpt lat="0.00021234" lon="82.51201400"><ele>0.000</ele></trkpt><trkpt lat="0.00021234" lon="82.51201400"><ele>0.000</ele></trkpt><trkpt lat="0.00021233" lon="82.51201400"><ele>0.000</ele></trkpt><trkpt lat="0.00021233" lon="82.51201400"><ele>0.000</ele></trkpt><trkpt lat="0.00021233" lon="82.51201400"><ele>0.000</ele></trkpt><trkpt lat="0.00021232" lon="82.51201400"><ele>0.000</ele></trkpt><trkpt lat="0.00021232" lon="82.51201400"><ele>0.000</ele></trkpt><trkpt lat="0.00021231" lon="82.51201400"><ele>0.000</ele></trkpt><trkpt lat="0.00021231" lon="82.51201400"><ele>0.000</ele></trkpt><trkpt lat="0.00021230" lon="82.51201400"><ele>0.000</ele></trkpt><trkpt lat="0.00021230" lon="82.51201400"><ele>0.000</ele></trkpt><trkpt lat="0.00021230" lon="82.51201400"><ele>0.000</ele></trkpt><trkpt lat="0.00021229" lon="82.51201401"><ele>0.000</ele></trkpt><trkpt lat="0.00021229" lon="82.51201402"><ele>0.000</ele></trkpt><trkpt lat="0.00021229" lon="82.51201402"><ele>0.000</ele></trkpt><trkpt lat="0.00021229" lon="82.51201403"><ele>0.000</ele></trkpt><trkpt lat="0.00021229" lon="82.51201403"><ele>0.000</ele></trkpt><trkpt lat="0.00021228" lon="82.51201403"><ele>0.000</ele></trkpt><trkpt lat="0.00021228" lon="82.51201402"><ele>0.000</ele></trkpt><trkpt lat="0.00021228" lon="82.51201404"><ele>0.000</ele></trkpt><trkpt lat="0.00021227" lon="82.51201404"><ele>0.000</ele></trkpt><trkpt lat="0.00021227" lon="82.51201405"><ele>0.000</ele></trkpt><trkpt lat="0.00021227" lon="82.51201405"><ele>0.000</ele></trkpt><trkpt lat="0.00021226" lon="82.51201405"><ele>0.000</ele></trkpt><trkpt lat="0.00021225" lon="82.51201405"><ele>0.000</ele></trkpt><trkpt lat="0.00021226" lon="82.51201406"><ele>0.000</ele></trkpt><trkpt lat="0.00021226" lon="82.51201406"><ele>0.000</ele></trkpt><trkpt lat="0.00021227" lon="82.51201406"><ele>0.000</ele></trkpt><trkpt lat="0.00021227" lon="82.51201406"><ele>0.000</ele></trkpt><trkpt lat="0.00021228" lon="82.51201406"><ele>0.000</ele></trkpt><trkpt lat="0.00021229" lon="82.51201406"><ele>0.000</ele></trkpt><trkpt lat="0.00021230" lon="82.51201405"><ele>0.000</ele></trkpt><trkpt lat="0.00021230" lon="82.51201406"><ele>0.000</ele></trkpt><trkpt lat="0.00021231" lon="82.51201406"><ele>0.000</ele></trkpt><trkpt lat="0.00021232" lon="82.51201406"><ele>0.000</ele></trkpt><trkpt lat="0.00021232" lon="82.51201406"><ele>0.000</ele></trkpt><trkpt lat="0.00021232" lon="82.51201406"><ele>0.000</ele></trkpt><trkpt lat="0.00021230" lon="82.51201405"><ele>0.000</ele></trkpt><trkpt lat="0.00021228" lon="82.51201405"><ele>0.000</ele></trkpt><trkpt lat="0.00021229" lon="82.51201404"><ele>0.000</ele></trkpt><trkpt lat="0.00021229" lon="82.51201403"><ele>0.000</ele></trkpt><trkpt lat="0.00021229" lon="82.51201403"><ele>0.000</ele></trkpt><trkpt lat="0.00021230" lon="82.51201402"><ele>0.000</ele></trkpt><trkpt lat="0.00021229" lon="82.51201402"><ele>0.000</ele></trkpt><trkpt lat="0.00021230" lon="82.51201401"><ele>0.000</ele></trkpt><trkpt lat="0.00021230" lon="82.51201400"><ele>0.000</ele></trkpt><trkpt lat="0.00021231" lon="82.51201400"><ele>0.000</ele></trkpt><trkpt lat="0.00021232" lon="82.51201400"><ele>0.000</ele></trkpt><trkpt lat="0.00021234" lon="82.51201400"><ele>0.000</ele></trkpt><trkpt lat="0.00021236" lon="82.51201398"><ele>0.000</ele></trkpt><trkpt lat="0.00021235" lon="82.51201398"><ele>0.000</ele></trkpt></trkseg></trk>
<trk><name>Pakhar 109.507 Ha</name><trkseg><trkpt lat="0.00021243" lon="82.51201417"><ele>0.000</ele></trkpt><trkpt lat="0.00021243" lon="82.51201418"><ele>0.000</ele></trkpt><trkpt lat="0.00021243" lon="82.51201418"><ele>0.000</ele></trkpt><trkpt lat="0.00021243" lon="82.51201418"><ele>0.000</ele></trkpt><trkpt lat="0.00021244" lon="82.51201418"><ele>0.000</ele></trkpt><trkpt lat="0.00021244" lon="82.51201419"><ele>0.000</ele></trkpt><trkpt lat="0.00021244" lon="82.51201419"><ele>0.000</ele></trkpt><trkpt lat="0.00021245" lon="82.51201419"><ele>0.000</ele></trkpt><trkpt lat="0.00021245" lon="82.51201419"><ele>0.000</ele></trkpt><trkpt lat="0.00021246" lon="82.51201419"><ele>0.000</ele></trkpt><trkpt lat="0.00021246" lon="82.51201419"><ele>0.000</ele></trkpt><trkpt lat="0.00021246" lon="82.51201419"><ele>0.000</ele></trkpt><trkpt lat="0.00021247" lon="82.51201419"><ele>0.000</ele></trkpt><trkpt lat="0.00021247" lon="82.51201420"><ele>0.000</ele></trkpt><trkpt lat="0.00021248" lon="82.51201420"><ele>0.000</ele></trkpt><trkpt lat="0.00021248" lon="82.51201420"><ele>0.000</ele></trkpt><trkpt lat="0.00021248" lon="82.51201420"><ele>0.000</ele></trkpt><trkpt lat="0.00021247" lon="82.51201421"><ele>0.000</ele></trkpt><trkpt lat="0.00021247" lon="82.51201421"><ele>0.000</ele></trkpt><trkpt lat="0.00021247" lon="82.51201421"><ele>0.000</ele></trkpt><trkpt lat="0.00021247" lon="82.51201421"><ele>0.000</ele></trkpt><trkpt lat="0.00021246" lon="82.51201421"><ele>0.000</ele></trkpt><trkpt lat="0.00021246" lon="82.51201421"><ele>0.000</ele></trkpt><trkpt lat="0.00021246" lon="82.51201422"><ele>0.000</ele></trkpt><trkpt lat="0.00021245" lon="82.51201422"><ele>0.000</ele></trkpt><trkpt lat="0.00021245" lon="82.51201422"><ele>0.000</ele></trkpt><trkpt lat="0.00021244" lon="82.51201422"><ele>0.000</ele></trkpt><trkpt lat="0.00021244" lon="82.51201422"><ele>0.000</ele></trkpt><trkpt lat="0.00021244" lon="82.51201422"><ele>0.000</ele></trkpt><trkpt lat="0.00021243" lon="82.51201423"><ele>0.000</ele></trkpt><trkpt lat="0.00021243" lon="82.51201423"><ele>0.000</ele></trkpt><trkpt lat="0.00021243" lon="82.51201423"><ele>0.000</ele></trkpt><trkpt lat="0.00021244" lon="82.51201424"><ele>0.000</ele></trkpt><trkpt lat="0.00021244" lon="82.51201424"><ele>0.000</ele></trkpt><trkpt lat="0.00021243" lon="82.51201424"><ele>0.000</ele></trkpt><trkpt lat="0.00021243" lon="82.51201425"><ele>0.000</ele></trkpt><trkpt lat="0.00021243" lon="82.51201425"><ele>0.000</ele></trkpt><trkpt lat="0.00021243" lon="82.51201425"><ele>0.000</ele></trkpt><trkpt lat="0.00021243" lon="82.51201425"><ele>0.000</ele></trkpt><trkpt lat="0.00021243" lon="82.51201425"><ele>0.000</ele></trkpt><trkpt lat="0.00021243" lon="82.51201425"><ele>0.000</ele></trkpt><trkpt lat="0.00021243" lon="82.51201425"><ele>0.000</ele></trkpt><trkpt lat="0.00021243" lon="82.51201426"><ele>0.000</ele></trkpt><trkpt lat="0.00021243" lon="82.51201426"><ele>0.000</ele></trkpt><trkpt lat="0.00021243" lon="82.51201426"><ele>0.000</ele></trkpt><trkpt lat="0.00021243" lon="82.51201427"><ele>0.000</ele></trkpt><trkpt lat="0.00021243" lon="82.51201428"><ele>0.000</ele></trkpt><trkpt lat="0.00021244" lon="82.51201427"><ele>0.000</ele></trkpt><trkpt lat="0.00021244" lon="82.51201427"><ele>0.000</ele></trkpt><trkpt lat="0.00021244" lon="82.51201426"><ele>0.000</ele></trkpt><trkpt lat="0.00021245" lon="82.51201426"><ele>0.000</ele></trkpt><trkpt lat="0.00021246" lon="82.51201426"><ele>0.000</ele></trkpt><trkpt lat="0.00021246" lon="82.51201426"><ele>0.000</ele></trkpt><trkpt lat="0.00021247" lon="82.51201425"><ele>0.000</ele></trkpt><trkpt lat="0.00021248" lon="82.51201425"><ele>0.000</ele></trkpt><trkpt lat="0.00021249" lon="82.51201425"><ele>0.000</ele></trkpt><trkpt lat="0.00021249" lon="82.51201425"><ele>0.000</ele></trkpt><trkpt lat="0.00021250" lon="82.51201425"><ele>0.000</ele></trkpt><trkpt lat="0.00021250" lon="82.51201426"><ele>0.000</ele></trkpt><trkpt lat="0.00021250" lon="82.51201426"><ele>0.000</ele></trkpt><trkpt lat="0.00021250" lon="82.51201426"><ele>0.000</ele></trkpt><trkpt lat="0.00021250" lon="82.51201426"><ele>0.000</ele></trkpt><trkpt lat="0.00021250" lon="82.51201426"><ele>0.000</ele></trkpt><trkpt lat="0.00021251" lon="82.51201426"><ele>0.000</ele></trkpt><trkpt lat="0.00021251" lon="82.51201426"><ele>0.000</ele></trkpt><trkpt lat="0.00021251" lon="82.51201427"><ele>0.000</ele></trkpt><trkpt lat="0.00021251" lon="82.51201427"><ele>0.000</ele></trkpt><trkpt lat="0.00021251" lon="82.51201427"><ele>0.000</ele></trkpt><trkpt lat="0.00021251" lon="82.51201426"><ele>0.000</ele></trkpt><trkpt lat="0.00021251" lon="82.51201426"><ele>0.000</ele></trkpt><trkpt lat="0.00021251" lon="82.51201426"><ele>0.000</ele></trkpt><trkpt lat="0.00021252" lon="82.51201426"><ele>0.000</ele></trkpt><trkpt lat="0.00021251" lon="82.51201427"><ele>0.000</ele></trkpt><trkpt lat="0.00021251" lon="82.51201427"><ele>0.000</ele></trkpt><trkpt lat="0.00021251" lon="82.51201427"><ele>0.000</ele></trkpt><trkpt lat="0.00021251" lon="82.51201427"><ele>0.000</ele></trkpt><trkpt lat="0.00021251" lon="82.51201427"><ele>0.000</ele></trkpt><trkpt lat="0.00021251" lon="82.51201428"><ele>0.000</ele></trkpt><trkpt lat="0.00021252" lon="82.51201428"><ele>0.000</ele></trkpt><trkpt lat="0.00021252" lon="82.51201429"><ele>0.000</ele></trkpt><trkpt lat="0.00021255" lon="82.51201426"><ele>0.000</ele></trkpt><trkpt lat="0.00021255" lon="82.51201426"><ele>0.000</ele></trkpt><trkpt lat="0.00021255" lon="82.51201426"><ele>0.000</ele></trkpt><trkpt lat="0.00021255" lon="82.51201426"><ele>0.000</ele></trkpt><trkpt lat="0.00021255" lon="82.51201425"><ele>0.000</ele></trkpt><trkpt lat="0.00021254" lon="82.51201424"><ele>0.000</ele></trkpt><trkpt lat="0.00021253" lon="82.51201423"><ele>0.000</ele></trkpt><trkpt lat="0.00021252" lon="82.51201423"><ele>0.000</ele></trkpt><trkpt lat="0.00021252" lon="82.51201423"><ele>0.000</ele></trkpt><trkpt lat="0.00021252" lon="82.51201423"><ele>0.000</ele></trkpt><trkpt lat="0.00021251" lon="82.51201422"><ele>0.000</ele></trkpt><trkpt lat="0.00021251" lon="82.51201423"><ele>0.000</ele></trkpt><trkpt lat="0.00021251" lon="82.51201423"><ele>0.000</ele></trkpt><trkpt lat="0.00021251" lon="82.51201423"><ele>0.000</ele></trkpt><trkpt lat="0.00021251" lon="82.51201422"><ele>0.000</ele></trkpt><trkpt lat="0.00021251" lon="82.51201422"><ele>0.000</ele></trkpt><trkpt lat="0.00021251" lon="82.51201422"><ele>0.000</ele></trkpt><trkpt lat="0.00021251" lon="82.51201421"><ele>0.000</ele></trkpt><trkpt lat="0.00021251" lon="82.51201421"><ele>0.000</ele></trkpt><trkpt lat="0.00021251" lon="82.51201421"><ele>0.000</ele></trkpt><trkpt lat="0.00021251" lon="82.51201421"><ele>0.000</ele></trkpt><trkpt lat="0.00021251" lon="82.51201421"><ele>0.000</ele></trkpt><trkpt lat="0.00021251" lon="82.51201421"><ele>0.000</ele></trkpt><trkpt lat="0.00021251" lon="82.51201421"><ele>0.000</ele></trkpt><trkpt lat="0.00021251" lon="82.51201421"><ele>0.000</ele></trkpt><trkpt lat="0.00021250" lon="82.51201421"><ele>0.000</ele></trkpt><trkpt lat="0.00021250" lon="82.51201421"><ele>0.000</ele></trkpt><trkpt lat="0.00021250" lon="82.51201421"><ele>0.000</ele></trkpt><trkpt lat="0.00021250" lon="82.51201420"><ele>0.000</ele></trkpt><trkpt lat="0.00021250" lon="82.51201420"><ele>0.000</ele></trkpt><trkpt lat="0.00021250" lon="82.51201420"><ele>0.000</ele></trkpt><trkpt lat="0.00021250" lon="82.51201420"><ele>0.000</ele></trkpt><trkpt lat="0.00021250" lon="82.51201420"><ele>0.000</ele></trkpt><trkpt lat="0.00021250" lon="82.51201420"><ele>0.000</ele></trkpt><trkpt lat="0.00021250" lon="82.51201420"><ele>0.000</ele></trkpt><trkpt lat="0.00021250" lon="82.51201420"><ele>0.000</ele></trkpt><trkpt lat="0.00021250" lon="82.51201420"><ele>0.000</ele></trkpt><trkpt lat="0.00021250" lon="82.51201420"><ele>0.000</ele></trkpt><trkpt lat="0.00021249" lon="82.51201420"><ele>0.000</ele></trkpt><trkpt lat="0.00021250" lon="82.51201419"><ele>0.000</ele></trkpt><trkpt lat="0.00021250" lon="82.51201419"><ele>0.000</ele></trkpt><trkpt lat="0.00021250" lon="82.51201419"><ele>0.000</ele></trkpt><trkpt lat="0.00021250" lon="82.51201418"><ele>0.000</ele></trkpt><trkpt lat="0.00021249" lon="82.51201418"><ele>0.000</ele></trkpt><trkpt lat="0.00021249" lon="82.51201418"><ele>0.000</ele></trkpt><trkpt lat="0.00021249" lon="82.51201418"><ele>0.000</ele></trkpt><trkpt lat="0.00021249" lon="82.51201418"><ele>0.000</ele></trkpt><trkpt lat="0.00021249" lon="82.51201418"><ele>0.000</ele></trkpt><trkpt lat="0.00021249" lon="82.51201418"><ele>0.000</ele></trkpt><trkpt lat="0.00021249" lon="82.51201418"><ele>0.000</ele></trkpt><trkpt lat="0.00021249" lon="82.51201418"><ele>0.000</ele></trkpt><trkpt lat="0.00021249" lon="82.51201418"><ele>0.000</ele></trkpt><trkpt lat="0.00021249" lon="82.51201418"><ele>0.000</ele></trkpt><trkpt lat="0.00021250" lon="82.51201418"><ele>0.000</ele></trkpt><trkpt lat="0.00021250" lon="82.51201418"><ele>0.000</ele></trkpt><trkpt lat="0.00021250" lon="82.51201418"><ele>0.000</ele></trkpt><trkpt lat="0.00021250" lon="82.51201418"><ele>0.000</ele></trkpt><trkpt lat="0.00021250" lon="82.51201418"><ele>0.000</ele></trkpt><trkpt lat="0.00021250" lon="82.51201418"><ele>0.000</ele></trkpt><trkpt lat="0.00021250" lon="82.51201418"><ele>0.000</ele></trkpt><trkpt lat="0.00021250" lon="82.51201418"><ele>0.000</ele></trkpt><trkpt lat="0.00021250" lon="82.51201418"><ele>0.000</ele></trkpt><trkpt lat="0.00021250" lon="82.51201418"><ele>0.000</ele></trkpt><trkpt lat="0.00021250" lon="82.51201418"><ele>0.000</ele></trkpt><trkpt lat="0.00021250" lon="82.51201417"><ele>0.000</ele></trkpt><trkpt lat="0.00021250" lon="82.51201416"><ele>0.000</ele></trkpt><trkpt lat="0.00021250" lon="82.51201416"><ele>0.000</ele></trkpt><trkpt lat="0.00021250" lon="82.51201416"><ele>0.000</ele></trkpt><trkpt lat="0.00021250" lon="82.51201416"><ele>0.000</ele></trkpt><trkpt lat="0.00021250" lon="82.51201416"><ele>0.000</ele></trkpt><trkpt lat="0.00021250" lon="82.51201416"><ele>0.000</ele></trkpt><trkpt lat="0.00021250" lon="82.51201416"><ele>0.000</ele></trkpt><trkpt lat="0.00021250" lon="82.51201415"><ele>0.000</ele></trkpt><trkpt lat="0.00021250" lon="82.51201415"><ele>0.000</ele></trkpt><trkpt lat="0.00021250" lon="82.51201415"><ele>0.000</ele></trkpt><trkpt lat="0.00021249" lon="82.51201414"><ele>0.000</ele></trkpt><trkpt lat="0.00021248" lon="82.51201415"><ele>0.000</ele></trkpt><trkpt lat="0.00021247" lon="82.51201415"><ele>0.000</ele></trkpt><trkpt lat="0.00021246" lon="82.51201416"><ele>0.000</ele></trkpt><trkpt lat="0.00021246" lon="82.51201416"><ele>0.000</ele></trkpt><trkpt lat="0.00021246" lon="82.51201416"><ele>0.000</ele></trkpt><trkpt lat="0.00021246" lon="82.51201416"><ele>0.000</ele></trkpt><trkpt lat="0.00021246" lon="82.51201416"><ele>0.000</ele></trkpt><trkpt lat="0.00021245" lon="82.51201415"><ele>0.000</ele></trkpt><trkpt lat="0.00021245" lon="82.51201415"><ele>0.000</ele></trkpt><trkpt lat="0.00021245" lon="82.51201415"><ele>0.000</ele></trkpt><trkpt lat="0.00021245" lon="82.51201416"><ele>0.000</ele></trkpt><trkpt lat="0.00021245" lon="82.51201416"><ele>0.000</ele></trkpt><trkpt lat="0.00021245" lon="82.51201416"><ele>0.000</ele></trkpt><trkpt lat="0.00021245" lon="82.51201416"><ele>0.000</ele></trkpt><trkpt lat="0.00021244" lon="82.51201416"><ele>0.000</ele></trkpt><trkpt lat="0.00021244" lon="82.51201417"><ele>0.000</ele></trkpt><trkpt lat="0.00021244" lon="82.51201417"><ele>0.000</ele></trkpt><trkpt lat="0.00021244" lon="82.51201417"><ele>0.000</ele></trkpt><trkpt lat="0.00021244" lon="82.51201417"><ele>0.000</ele></trkpt><trkpt lat="0.00021244" lon="82.51201417"><ele>0.000</ele></trkpt><trkpt lat="0.00021244" lon="82.51201417"><ele>0.000</ele></trkpt><trkpt lat="0.00021244" lon="82.51201417"><ele>0.000</ele></trkpt><trkpt lat="0.00021245" lon="82.51201417"><ele>0.000</ele></trkpt><trkpt lat="0.00021245" lon="82.51201417"><ele>0.000</ele></trkpt><trkpt lat="0.00021245" lon="82.51201417"><ele>0.000</ele></trkpt><trkpt lat="0.00021245" lon="82.51201418"><ele>0.000</ele></trkpt><trkpt lat="0.00021245" lon="82.51201418"><ele>0.000</ele></trkpt><trkpt lat="0.00021245" lon="82.51201418"><ele>0.000</ele></trkpt><trkpt lat="0.00021245" lon="82.51201418"><ele>0.000</ele></trkpt><trkpt lat="0.00021245" lon="82.51201418"><ele>0.000</ele></trkpt><trkpt lat="0.00021245" lon="82.51201418"><ele>0.000</ele></trkpt><trkpt lat="0.00021245" lon="82.51201418"><ele>0.000</ele></trkpt><trkpt lat="0.00021245" lon="82.51201418"><ele>0.000</ele></trkpt><trkpt lat="0.00021245" lon="82.51201418"><ele>0.000</ele></trkpt><trkpt lat="0.00021245" lon="82.51201418"><ele>0.000</ele></trkpt><trkpt lat="0.00021245" lon="82.51201418"><ele>0.000</ele></trkpt><trkpt lat="0.00021245" lon="82.51201418"><ele>0.000</ele></trkpt><trkpt lat="0.00021245" lon="82.51201418"><ele>0.000</ele></trkpt><trkpt lat="0.00021245" lon="82.51201418"><ele>0.000</ele></trkpt><trkpt lat="0.00021245" lon="82.51201418"><ele>0.000</ele></trkpt><trkpt lat="0.00021245" lon="82.51201418"><ele>0.000</ele></trkpt><trkpt lat="0.00021245" lon="82.51201418"><ele>0.000</ele></trkpt><trkpt lat="0.00021245" lon="82.51201418"><ele>0.000</ele></trkpt><trkpt lat="0.00021245" lon="82.51201418"><ele>0.000</ele></trkpt><trkpt lat="0.00021245" lon="82.51201418"><ele>0.000</ele></trkpt><trkpt lat="0.00021245" lon="82.51201418"><ele>0.000</ele></trkpt><trkpt lat="0.00021244" lon="82.51201418"><ele>0.000</ele></trkpt><trkpt lat="0.00021244" lon="82.51201418"><ele>0.000</ele></trkpt><trkpt lat="0.00021244" lon="82.51201417"><ele>0.000</ele></trkpt><trkpt lat="0.00021244" lon="82.51201417"><ele>0.000</ele></trkpt><trkpt lat="0.00021244" lon="82.51201417"><ele>0.000</ele></trkpt><trkpt lat="0.00021244" lon="82.51201418"><ele>0.000</ele></trkpt><trkpt lat="0.00021244" lon="82.51201418"><ele>0.000</ele></trkpt><trkpt lat="0.00021244" lon="82.51201418"><ele>0.000</ele></trkpt><trkpt lat="0.00021245" lon="82.51201418"><ele>0.000</ele></trkpt><trkpt lat="0.00021245" lon="82.51201418"><ele>0.000</ele></trkpt><trkpt lat="0.00021245" lon="82.51201418"><ele>0.000</ele></trkpt><trkpt lat="0.00021245" lon="82.51201418"><ele>0.000</ele></trkpt><trkpt lat="0.00021245" lon="82.51201418"><ele>0.000</ele></trkpt><trkpt lat="0.00021245" lon="82.51201418"><ele>0.000</ele></trkpt><trkpt lat="0.00021245" lon="82.51201418"><ele>0.000</ele></trkpt><trkpt lat="0.00021245" lon="82.51201418"><ele>0.000</ele></trkpt><trkpt lat="0.00021245" lon="82.51201418"><ele>0.000</ele></trkpt><trkpt lat="0.00021245" lon="82.51201419"><ele>0.000</ele></trkpt><trkpt lat="0.00021245" lon="82.51201419"><ele>0.000</ele></trkpt><trkpt lat="0.00021245" lon="82.51201419"><ele>0.000</ele></trkpt><trkpt lat="0.00021245" lon="82.51201418"><ele>0.000</ele></trkpt><trkpt lat="0.00021245" lon="82.51201418"><ele>0.000</ele></trkpt><trkpt lat="0.00021245" lon="82.51201418"><ele>0.000</ele></trkpt><trkpt lat="0.00021244" lon="82.51201418"><ele>0.000</ele></trkpt><trkpt lat="0.00021244" lon="82.51201418"><ele>0.000</ele></trkpt><trkpt lat="0.00021244" lon="82.51201418"><ele>0.000</ele></trkpt><trkpt lat="0.00021244" lon="82.51201417"><ele>0.000</ele></trkpt><trkpt lat="0.00021244" lon="82.51201417"><ele>0.000</ele></trkpt><trkpt lat="0.00021244" lon="82.51201417"><ele>0.000</ele></trkpt><trkpt lat="0.00021244" lon="82.51201417"><ele>0.000</ele></trkpt><trkpt lat="0.00021244" lon="82.51201417"><ele>0.000</ele></trkpt><trkpt lat="0.00021244" lon="82.51201417"><ele>0.000</ele></trkpt><trkpt lat="0.00021243" lon="82.51201417"><ele>0.000</ele></trkpt></trkseg></trk>
<trk><name>Pakhar 115.13 Ha - Block A</name><trkseg><trkpt lat="0.00021243" lon="82.51201423"><ele>0.000</ele></trkpt><trkpt lat="0.00021242" lon="82.51201422"><ele>0.000</ele></trkpt><trkpt lat="0.00021242" lon="82.51201421"><ele>0.000</ele></trkpt><trkpt lat="0.00021241" lon="82.51201420"><ele>0.000</ele></trkpt><trkpt lat="0.00021240" lon="82.51201420"><ele>0.000</ele></trkpt><trkpt lat="0.00021239" lon="82.51201420"><ele>0.000</ele></trkpt><trkpt lat="0.00021239" lon="82.51201420"><ele>0.000</ele></trkpt><trkpt lat="0.00021238" lon="82.51201420"><ele>0.000</ele></trkpt><trkpt lat="0.00021238" lon="82.51201419"><ele>0.000</ele></trkpt><trkpt lat="0.00021238" lon="82.51201419"><ele>0.000</ele></trkpt><trkpt lat="0.00021237" lon="82.51201419"><ele>0.000</ele></trkpt><trkpt lat="0.00021237" lon="82.51201419"><ele>0.000</ele></trkpt><trkpt lat="0.00021237" lon="82.51201418"><ele>0.000</ele></trkpt><trkpt lat="0.00021237" lon="82.51201418"><ele>0.000</ele></trkpt><trkpt lat="0.00021237" lon="82.51201418"><ele>0.000</ele></trkpt><trkpt lat="0.00021237" lon="82.51201418"><ele>0.000</ele></trkpt><trkpt lat="0.00021237" lon="82.51201418"><ele>0.000</ele></trkpt><trkpt lat="0.00021237" lon="82.51201418"><ele>0.000</ele></trkpt><trkpt lat="0.00021237" lon="82.51201418"><ele>0.000</ele></trkpt><trkpt lat="0.00021237" lon="82.51201418"><ele>0.000</ele></trkpt><trkpt lat="0.00021237" lon="82.51201418"><ele>0.000</ele></trkpt><trkpt lat="0.00021237" lon="82.51201418"><ele>0.000</ele></trkpt><trkpt lat="0.00021236" lon="82.51201418"><ele>0.000</ele></trkpt><trkpt lat="0.00021236" lon="82.51201418"><ele>0.000</ele></trkpt><trkpt lat="0.00021237" lon="82.51201418"><ele>0.000</ele></trkpt><trkpt lat="0.00021237" lon="82.51201418"><ele>0.000</ele></trkpt><trkpt lat="0.00021237" lon="82.51201417"><ele>0.000</ele></trkpt><trkpt lat="0.00021237" lon="82.51201417"><ele>0.000</ele></trkpt><trkpt lat="0.00021237" lon="82.51201417"><ele>0.000</ele></trkpt><trkpt lat="0.00021237" lon="82.51201417"><ele>0.000</ele></trkpt><trkpt lat="0.00021237" lon="82.51201416"><ele>0.000</ele></trkpt><trkpt lat="0.00021237" lon="82.51201416"><ele>0.000</ele></trkpt><trkpt lat="0.00021237" lon="82.51201416"><ele>0.000</ele></trkpt><trkpt lat="0.00021237" lon="82.51201416"><ele>0.000</ele></trkpt><trkpt lat="0.00021237" lon="82.51201417"><ele>0.000</ele></trkpt><trkpt lat="0.00021237" lon="82.51201417"><ele>0.000</ele></trkpt><trkpt lat="0.00021237" lon="82.51201417"><ele>0.000</ele></trkpt><trkpt lat="0.00021237" lon="82.51201417"><ele>0.000</ele></trkpt><trkpt lat="0.00021237" lon="82.51201417"><ele>0.000</ele></trkpt><trkpt lat="0.00021236" lon="82.51201417"><ele>0.000</ele></trkpt><trkpt lat="0.00021236" lon="82.51201417"><ele>0.000</ele></trkpt><trkpt lat="0.00021236" lon="82.51201417"><ele>0.000</ele></trkpt><trkpt lat="0.00021236" lon="82.51201418"><ele>0.000</ele></trkpt><trkpt lat="0.00021236" lon="82.51201418"><ele>0.000</ele></trkpt><trkpt lat="0.00021236" lon="82.51201418"><ele>0.000</ele></trkpt><trkpt lat="0.00021236" lon="82.51201418"><ele>0.000</ele></trkpt><trkpt lat="0.00021236" lon="82.51201418"><ele>0.000</ele></trkpt><trkpt lat="0.00021236" lon="82.51201418"><ele>0.000</ele></trkpt><trkpt lat="0.00021236" lon="82.51201418"><ele>0.000</ele></trkpt><trkpt lat="0.00021236" lon="82.51201418"><ele>0.000</ele></trkpt><trkpt lat="0.00021236" lon="82.51201418"><ele>0.000</ele></trkpt><trkpt lat="0.00021236" lon="82.51201418"><ele>0.000</ele></trkpt><trkpt lat="0.00021236" lon="82.51201418"><ele>0.000</ele></trkpt><trkpt lat="0.00021236" lon="82.51201418"><ele>0.000</ele></trkpt><trkpt lat="0.00021236" lon="82.51201418"><ele>0.000</ele></trkpt><trkpt lat="0.00021236" lon="82.51201417"><ele>0.000</ele></trkpt><trkpt lat="0.00021236" lon="82.51201417"><ele>0.000</ele></trkpt><trkpt lat="0.00021236" lon="82.51201417"><ele>0.000</ele></trkpt><trkpt lat="0.00021236" lon="82.51201417"><ele>0.000</ele></trkpt><trkpt lat="0.00021236" lon="82.51201417"><ele>0.000</ele></trkpt><trkpt lat="0.00021236" lon="82.51201417"><ele>0.000</ele></trkpt><trkpt lat="0.00021236" lon="82.51201417"><ele>0.000</ele></trkpt><trkpt lat="0.00021236" lon="82.51201416"><ele>0.000</ele></trkpt><trkpt lat="0.00021236" lon="82.51201416"><ele>0.000</ele></trkpt><trkpt lat="0.00021236" lon="82.51201417"><ele>0.000</ele></trkpt><trkpt lat="0.00021236" lon="82.51201417"><ele>0.000</ele></trkpt><trkpt lat="0.00021236" lon="82.51201417"><ele>0.000</ele></trkpt><trkpt lat="0.00021236" lon="82.51201417"><ele>0.000</ele></trkpt><trkpt lat="0.00021236" lon="82.51201417"><ele>0.000</ele></trkpt><trkpt lat="0.00021236" lon="82.51201417"><ele>0.000</ele></trkpt><trkpt lat="0.00021236" lon="82.51201417"><ele>0.000</ele></trkpt><trkpt lat="0.00021236" lon="82.51201417"><ele>0.000</ele></trkpt><trkpt lat="0.00021236" lon="82.51201417"><ele>0.000</ele></trkpt><trkpt lat="0.00021236" lon="82.51201417"><ele>0.000</ele></trkpt><trkpt lat="0.00021236" lon="82.51201417"><ele>0.000</ele></trkpt><trkpt lat="0.00021236" lon="82.51201417"><ele>0.000</ele></trkpt><trkpt lat="0.00021236" lon="82.51201417"><ele>0.000</ele></trkpt><trkpt lat="0.00021236" lon="82.51201417"><ele>0.000</ele></trkpt><trkpt lat="0.00021236" lon="82.51201417"><ele>0.000</ele></trkpt><trkpt lat="0.00021236" lon="82.51201417"><ele>0.000</ele></trkpt><trkpt lat="0.00021236" lon="82.51201417"><ele>0.000</ele></trkpt><trkpt lat="0.00021236" lon="82.51201417"><ele>0.000</ele></trkpt><trkpt lat="0.00021236" lon="82.51201417"><ele>0.000</ele></trkpt><trkpt lat="0.00021236" lon="82.51201418"><ele>0.000</ele></trkpt><trkpt lat="0.00021236" lon="82.51201418"><ele>0.000</ele></trkpt><trkpt lat="0.00021236" lon="82.51201418"><ele>0.000</ele></trkpt><trkpt lat="0.00021236" lon="82.51201418"><ele>0.000</ele></trkpt><trkpt lat="0.00021236" lon="82.51201418"><ele>0.000</ele></trkpt><trkpt lat="0.00021236" lon="82.51201418"><ele>0.000</ele></trkpt><trkpt lat="0.00021236" lon="82.51201418"><ele>0.000</ele></trkpt><trkpt lat="0.00021236" lon="82.51201418"><ele>0.000</ele></trkpt><trkpt lat="0.00021236" lon="82.51201418"><ele>0.000</ele></trkpt><trkpt lat="0.00021236" lon="82.51201418"><ele>0.000</ele></trkpt><trkpt lat="0.00021235" lon="82.51201418"><ele>0.000</ele></trkpt><trkpt lat="0.00021235" lon="82.51201418"><ele>0.000</ele></trkpt><trkpt lat="0.00021235" lon="82.51201418"><ele>0.000</ele></trkpt><trkpt lat="0.00021234" lon="82.51201419"><ele>0.000</ele></trkpt><trkpt lat="0.00021234" lon="82.51201419"><ele>0.000</ele></trkpt><trkpt lat="0.00021234" lon="82.51201419"><ele>0.000</ele></trkpt><trkpt lat="0.00021234" lon="82.51201419"><ele>0.000</ele></trkpt><trkpt lat="0.00021234" lon="82.51201419"><ele>0.000</ele></trkpt><trkpt lat="0.00021234" lon="82.51201419"><ele>0.000</ele></trkpt><trkpt lat="0.00021234" lon="82.51201418"><ele>0.000</ele></trkpt><trkpt lat="0.00021234" lon="82.51201418"><ele>0.000</ele></trkpt><trkpt lat="0.00021233" lon="82.51201418"><ele>0.000</ele></trkpt><trkpt lat="0.00021233" lon="82.51201418"><ele>0.000</ele></trkpt><trkpt lat="0.00021233" lon="82.51201418"><ele>0.000</ele></trkpt><trkpt lat="0.00021233" lon="82.51201418"><ele>0.000</ele></trkpt><trkpt lat="0.00021233" lon="82.51201418"><ele>0.000</ele></trkpt><trkpt lat="0.00021233" lon="82.51201418"><ele>0.000</ele></trkpt><trkpt lat="0.00021233" lon="82.51201418"><ele>0.000</ele></trkpt><trkpt lat="0.00021233" lon="82.51201418"><ele>0.000</ele></trkpt><trkpt lat="0.00021233" lon="82.51201417"><ele>0.000</ele></trkpt><trkpt lat="0.00021232" lon="82.51201417"><ele>0.000</ele></trkpt><trkpt lat="0.00021232" lon="82.51201417"><ele>0.000</ele></trkpt><trkpt lat="0.00021232" lon="82.51201417"><ele>0.000</ele></trkpt><trkpt lat="0.00021232" lon="82.51201417"><ele>0.000</ele></trkpt><trkpt lat="0.00021232" lon="82.51201416"><ele>0.000</ele></trkpt><trkpt lat="0.00021231" lon="82.51201416"><ele>0.000</ele></trkpt><trkpt lat="0.00021231" lon="82.51201415"><ele>0.000</ele></trkpt><trkpt lat="0.00021231" lon="82.51201415"><ele>0.000</ele></trkpt><trkpt lat="0.00021231" lon="82.51201415"><ele>0.000</ele></trkpt><trkpt lat="0.00021231" lon="82.51201415"><ele>0.000</ele></trkpt><trkpt lat="0.00021232" lon="82.51201415"><ele>0.000</ele></trkpt><trkpt lat="0.00021233" lon="82.51201414"><ele>0.000</ele></trkpt><trkpt lat="0.00021234" lon="82.51201414"><ele>0.000</ele></trkpt><trkpt lat="0.00021235" lon="82.51201414"><ele>0.000</ele></trkpt><trkpt lat="0.00021236" lon="82.51201413"><ele>0.000</ele></trkpt><trkpt lat="0.00021237" lon="82.51201414"><ele>0.000</ele></trkpt><trkpt lat="0.00021239" lon="82.51201416"><ele>0.000</ele></trkpt><trkpt lat="0.00021239" lon="82.51201416"><ele>0.000</ele></trkpt><trkpt lat="0.00021239" lon="82.51201416"><ele>0.000</ele></trkpt><trkpt lat="0.00021239" lon="82.51201416"><ele>0.000</ele></trkpt><trkpt lat="0.00021239" lon="82.51201416"><ele>0.000</ele></trkpt><trkpt lat="0.00021239" lon="82.51201416"><ele>0.000</ele></trkpt><trkpt lat="0.00021239" lon="82.51201416"><ele>0.000</ele></trkpt><trkpt lat="0.00021239" lon="82.51201416"><ele>0.000</ele></trkpt><trkpt lat="0.00021239" lon="82.51201416"><ele>0.000</ele></trkpt><trkpt lat="0.00021239" lon="82.51201416"><ele>0.000</ele></trkpt><trkpt lat="0.00021239" lon="82.51201416"><ele>0.000</ele></trkpt><trkpt lat="0.00021239" lon="82.51201416"><ele>0.000</ele></trkpt><trkpt lat="0.00021239" lon="82.51201416"><ele>0.000</ele></trkpt><trkpt lat="0.00021239" lon="82.51201416"><ele>0.000</ele></trkpt><trkpt lat="0.00021239" lon="82.51201416"><ele>0.000</ele></trkpt><trkpt lat="0.00021239" lon="82.51201416"><ele>0.000</ele></trkpt><trkpt lat="0.00021239" lon="82.51201416"><ele>0.000</ele></trkpt><trkpt lat="0.00021239" lon="82.51201417"><ele>0.000</ele></trkpt><trkpt lat="0.00021239" lon="82.51201417"><ele>0.000</ele></trkpt><trkpt lat="0.00021239" lon="82.51201416"><ele>0.000</ele></trkpt><trkpt lat="0.00021239" lon="82.51201416"><ele>0.000</ele></trkpt><trkpt lat="0.00021239" lon="82.51201417"><ele>0.000</ele></trkpt><trkpt lat="0.00021239" lon="82.51201417"><ele>0.000</ele></trkpt><trkpt lat="0.00021239" lon="82.51201417"><ele>0.000</ele></trkpt><trkpt lat="0.00021239" lon="82.51201417"><ele>0.000</ele></trkpt><trkpt lat="0.00021239" lon="82.51201417"><ele>0.000</ele></trkpt><trkpt lat="0.00021239" lon="82.51201417"><ele>0.000</ele></trkpt><trkpt lat="0.00021239" lon="82.51201417"><ele>0.000</ele></trkpt><trkpt lat="0.00021239" lon="82.51201417"><ele>0.000</ele></trkpt><trkpt lat="0.00021239" lon="82.51201417"><ele>0.000</ele></trkpt><trkpt lat="0.00021240" lon="82.51201416"><ele>0.000</ele></trkpt><trkpt lat="0.00021240" lon="82.51201416"><ele>0.000</ele></trkpt><trkpt lat="0.00021240" lon="82.51201416"><ele>0.000</ele></trkpt><trkpt lat="0.00021240" lon="82.51201416"><ele>0.000</ele></trkpt><trkpt lat="0.00021240" lon="82.51201416"><ele>0.000</ele></trkpt><trkpt lat="0.00021240" lon="82.51201416"><ele>0.000</ele></trkpt><trkpt lat="0.00021240" lon="82.51201416"><ele>0.000</ele></trkpt><trkpt lat="0.00021241" lon="82.51201418"><ele>0.000</ele></trkpt><trkpt lat="0.00021241" lon="82.51201418"><ele>0.000</ele></trkpt><trkpt lat="0.00021241" lon="82.51201418"><ele>0.000</ele></trkpt><trkpt lat="0.00021241" lon="82.51201418"><ele>0.000</ele></trkpt><trkpt lat="0.00021241" lon="82.51201418"><ele>0.000</ele></trkpt><trkpt lat="0.00021241" lon="82.51201418"><ele>0.000</ele></trkpt><trkpt lat="0.00021241" lon="82.51201418"><ele>0.000</ele></trkpt><trkpt lat="0.00021241" lon="82.51201418"><ele>0.000</ele></trkpt><trkpt lat="0.00021241" lon="82.51201418"><ele>0.000</ele></trkpt><trkpt lat="0.00021241" lon="82.51201418"><ele>0.000</ele></trkpt><trkpt lat="0.00021242" lon="82.51201418"><ele>0.000</ele></trkpt><trkpt lat="0.00021242" lon="82.51201418"><ele>0.000</ele></trkpt><trkpt lat="0.00021241" lon="82.51201418"><ele>0.000</ele></trkpt><trkpt lat="0.00021241" lon="82.51201418"><ele>0.000</ele></trkpt><trkpt lat="0.00021241" lon="82.51201418"><ele>0.000</ele></trkpt><trkpt lat="0.00021241" lon="82.51201418"><ele>0.000</ele></trkpt><trkpt lat="0.00021241" lon="82.51201418"><ele>0.000</ele></trkpt><trkpt lat="0.00021241" lon="82.51201418"><ele>0.000</ele></trkpt><trkpt lat="0.00021241" lon="82.51201419"><ele>0.000</ele></trkpt><trkpt lat="0.00021241" lon="82.51201418"><ele>0.000</ele></trkpt><trkpt lat="0.00021241" lon="82.51201418"><ele>0.000</ele></trkpt><trkpt lat="0.00021241" lon="82.51201418"><ele>0.000</ele></trkpt><trkpt lat="0.00021242" lon="82.51201418"><ele>0.000</ele></trkpt><trkpt lat="0.00021242" lon="82.51201418"><ele>0.000</ele></trkpt><trkpt lat="0.00021242" lon="82.51201418"><ele>0.000</ele></trkpt><trkpt lat="0.00021242" lon="82.51201418"><ele>0.000</ele></trkpt><trkpt lat="0.00021242" lon="82.51201418"><ele>0.000</ele></trkpt><trkpt lat="0.00021242" lon="82.51201418"><ele>0.000</ele></trkpt><trkpt lat="0.00021242" lon="82.51201419"><ele>0.000</ele></trkpt><trkpt lat="0.00021242" lon="82.51201419"><ele>0.000</ele></trkpt><trkpt lat="0.00021242" lon="82.51201419"><ele>0.000</ele></trkpt><trkpt lat="0.00021242" lon="82.51201418"><ele>0.000</ele></trkpt><trkpt lat="0.00021242" lon="82.51201418"><ele>0.000</ele></trkpt><trkpt lat="0.00021242" lon="82.51201418"><ele>0.000</ele></trkpt><trkpt lat="0.00021242" lon="82.51201418"><ele>0.000</ele></trkpt><trkpt lat="0.00021242" lon="82.51201418"><ele>0.000</ele></trkpt><trkpt lat="0.00021242" lon="82.51201418"><ele>0.000</ele></trkpt><trkpt lat="0.00021242" lon="82.51201418"><ele>0.000</ele></trkpt><trkpt lat="0.00021243" lon="82.51201418"><ele>0.000</ele></trkpt><trkpt lat="0.00021243" lon="82.51201418"><ele>0.000</ele></trkpt><trkpt lat="0.00021243" lon="82.51201418"><ele>0.000</ele></trkpt><trkpt lat="0.00021243" lon="82.51201418"><ele>0.000</ele></trkpt><trkpt lat="0.00021248" lon="82.51201420"><ele>0.000</ele></trkpt><trkpt lat="0.00021247" lon="82.51201421"><ele>0.000</ele></trkpt><trkpt lat="0.00021243" lon="82.51201423"><ele>0.000</ele></trkpt></trkseg></trk>
<trk><name>Pakhar 115.13 Ha - Block B</name><trkseg><trkpt lat="0.00021237" lon="82.51201398"><ele>0.000</ele></trkpt><trkpt lat="0.00021237" lon="82.51201398"><ele>0.000</ele></trkpt><trkpt lat="0.00021236" lon="82.51201398"><ele>0.000</ele></trkpt><trkpt lat="0.00021236" lon="82.51201398"><ele>0.000</ele></trkpt><trkpt lat="0.00021236" lon="82.51201398"><ele>0.000</ele></trkpt><trkpt lat="0.00021235" lon="82.51201398"><ele>0.000</ele></trkpt><trkpt lat="0.00021236" lon="82.51201398"><ele>0.000</ele></trkpt><trkpt lat="0.00021234" lon="82.51201400"><ele>0.000</ele></trkpt><trkpt lat="0.00021232" lon="82.51201400"><ele>0.000</ele></trkpt><trkpt lat="0.00021231" lon="82.51201400"><ele>0.000</ele></trkpt><trkpt lat="0.00021230" lon="82.51201400"><ele>0.000</ele></trkpt><trkpt lat="0.00021230" lon="82.51201401"><ele>0.000</ele></trkpt><trkpt lat="0.00021229" lon="82.51201402"><ele>0.000</ele></trkpt><trkpt lat="0.00021230" lon="82.51201402"><ele>0.000</ele></trkpt><trkpt lat="0.00021229" lon="82.51201403"><ele>0.000</ele></trkpt><trkpt lat="0.00021229" lon="82.51201403"><ele>0.000</ele></trkpt><trkpt lat="0.00021229" lon="82.51201404"><ele>0.000</ele></trkpt><trkpt lat="0.00021228" lon="82.51201405"><ele>0.000</ele></trkpt><trkpt lat="0.00021230" lon="82.51201405"><ele>0.000</ele></trkpt><trkpt lat="0.00021232" lon="82.51201406"><ele>0.000</ele></trkpt><trkpt lat="0.00021234" lon="82.51201405"><ele>0.000</ele></trkpt><trkpt lat="0.00021233" lon="82.51201402"><ele>0.000</ele></trkpt><trkpt lat="0.00021234" lon="82.51201402"><ele>0.000</ele></trkpt><trkpt lat="0.00021235" lon="82.51201401"><ele>0.000</ele></trkpt><trkpt lat="0.00021235" lon="82.51201400"><ele>0.000</ele></trkpt><trkpt lat="0.00021236" lon="82.51201400"><ele>0.000</ele></trkpt><trkpt lat="0.00021236" lon="82.51201399"><ele>0.000</ele></trkpt><trkpt lat="0.00021237" lon="82.51201398"><ele>0.000</ele></trkpt></trkseg></trk>
<trk><name>Safety Belt - 109.507 Ha (7.5 m)</name><trkseg><trkpt lat="0.00021244" lon="82.51201417"><ele>0.000</ele></trkpt><trkpt lat="0.00021244" lon="82.51201417"><ele>0.000</ele></trkpt><trkpt lat="0.00021244" lon="82.51201417"><ele>0.000</ele></trkpt><trkpt lat="0.00021244" lon="82.51201417"><ele>0.000</ele></trkpt><trkpt lat="0.00021244" lon="82.51201417"><ele>0.000</ele></trkpt><trkpt lat="0.00021244" lon="82.51201417"><ele>0.000</ele></trkpt><trkpt lat="0.00021244" lon="82.51201418"><ele>0.000</ele></trkpt><trkpt lat="0.00021244" lon="82.51201418"><ele>0.000</ele></trkpt><trkpt lat="0.00021244" lon="82.51201418"><ele>0.000</ele></trkpt><trkpt lat="0.00021245" lon="82.51201418"><ele>0.000</ele></trkpt><trkpt lat="0.00021245" lon="82.51201418"><ele>0.000</ele></trkpt><trkpt lat="0.00021245" lon="82.51201418"><ele>0.000</ele></trkpt><trkpt lat="0.00021245" lon="82.51201419"><ele>0.000</ele></trkpt><trkpt lat="0.00021245" lon="82.51201419"><ele>0.000</ele></trkpt><trkpt lat="0.00021245" lon="82.51201419"><ele>0.000</ele></trkpt><trkpt lat="0.00021245" lon="82.51201418"><ele>0.000</ele></trkpt><trkpt lat="0.00021245" lon="82.51201418"><ele>0.000</ele></trkpt><trkpt lat="0.00021245" lon="82.51201418"><ele>0.000</ele></trkpt><trkpt lat="0.00021245" lon="82.51201418"><ele>0.000</ele></trkpt><trkpt lat="0.00021245" lon="82.51201418"><ele>0.000</ele></trkpt><trkpt lat="0.00021245" lon="82.51201418"><ele>0.000</ele></trkpt><trkpt lat="0.00021245" lon="82.51201418"><ele>0.000</ele></trkpt><trkpt lat="0.00021245" lon="82.51201418"><ele>0.000</ele></trkpt><trkpt lat="0.00021245" lon="82.51201418"><ele>0.000</ele></trkpt><trkpt lat="0.00021244" lon="82.51201418"><ele>0.000</ele></trkpt><trkpt lat="0.00021244" lon="82.51201418"><ele>0.000</ele></trkpt><trkpt lat="0.00021244" lon="82.51201418"><ele>0.000</ele></trkpt><trkpt lat="0.00021244" lon="82.51201417"><ele>0.000</ele></trkpt><trkpt lat="0.00021244" lon="82.51201417"><ele>0.000</ele></trkpt><trkpt lat="0.00021244" lon="82.51201417"><ele>0.000</ele></trkpt><trkpt lat="0.00021244" lon="82.51201418"><ele>0.000</ele></trkpt><trkpt lat="0.00021244" lon="82.51201418"><ele>0.000</ele></trkpt><trkpt lat="0.00021245" lon="82.51201418"><ele>0.000</ele></trkpt><trkpt lat="0.00021245" lon="82.51201418"><ele>0.000</ele></trkpt><trkpt lat="0.00021245" lon="82.51201418"><ele>0.000</ele></trkpt><trkpt lat="0.00021245" lon="82.51201418"><ele>0.000</ele></trkpt><trkpt lat="0.00021245" lon="82.51201418"><ele>0.000</ele></trkpt><trkpt lat="0.00021245" lon="82.51201418"><ele>0.000</ele></trkpt><trkpt lat="0.00021245" lon="82.51201418"><ele>0.000</ele></trkpt><trkpt lat="0.00021245" lon="82.51201418"><ele>0.000</ele></trkpt><trkpt lat="0.00021245" lon="82.51201418"><ele>0.000</ele></trkpt><trkpt lat="0.00021245" lon="82.51201418"><ele>0.000</ele></trkpt><trkpt lat="0.00021245" lon="82.51201418"><ele>0.000</ele></trkpt><trkpt lat="0.00021245" lon="82.51201418"><ele>0.000</ele></trkpt><trkpt lat="0.00021245" lon="82.51201418"><ele>0.000</ele></trkpt><trkpt lat="0.00021245" lon="82.51201418"><ele>0.000</ele></trkpt><trkpt lat="0.00021245" lon="82.51201418"><ele>0.000</ele></trkpt><trkpt lat="0.00021245" lon="82.51201418"><ele>0.000</ele></trkpt><trkpt lat="0.00021245" lon="82.51201418"><ele>0.000</ele></trkpt><trkpt lat="0.00021245" lon="82.51201418"><ele>0.000</ele></trkpt><trkpt lat="0.00021245" lon="82.51201418"><ele>0.000</ele></trkpt><trkpt lat="0.00021245" lon="82.51201418"><ele>0.000</ele></trkpt><trkpt lat="0.00021245" lon="82.51201418"><ele>0.000</ele></trkpt><trkpt lat="0.00021245" lon="82.51201417"><ele>0.000</ele></trkpt><trkpt lat="0.00021245" lon="82.51201417"><ele>0.000</ele></trkpt><trkpt lat="0.00021245" lon="82.51201417"><ele>0.000</ele></trkpt><trkpt lat="0.00021244" lon="82.51201417"><ele>0.000</ele></trkpt><trkpt lat="0.00021244" lon="82.51201417"><ele>0.000</ele></trkpt><trkpt lat="0.00021244" lon="82.51201417"><ele>0.000</ele></trkpt><trkpt lat="0.00021244" lon="82.51201417"><ele>0.000</ele></trkpt><trkpt lat="0.00021244" lon="82.51201417"><ele>0.000</ele></trkpt><trkpt lat="0.00021244" lon="82.51201417"><ele>0.000</ele></trkpt><trkpt lat="0.00021244" lon="82.51201417"><ele>0.000</ele></trkpt><trkpt lat="0.00021244" lon="82.51201416"><ele>0.000</ele></trkpt><trkpt lat="0.00021245" lon="82.51201416"><ele>0.000</ele></trkpt><trkpt lat="0.00021245" lon="82.51201416"><ele>0.000</ele></trkpt><trkpt lat="0.00021245" lon="82.51201416"><ele>0.000</ele></trkpt><trkpt lat="0.00021245" lon="82.51201416"><ele>0.000</ele></trkpt><trkpt lat="0.00021245" lon="82.51201415"><ele>0.000</ele></trkpt><trkpt lat="0.00021245" lon="82.51201415"><ele>0.000</ele></trkpt><trkpt lat="0.00021245" lon="82.51201415"><ele>0.000</ele></trkpt><trkpt lat="0.00021246" lon="82.51201416"><ele>0.000</ele></trkpt><trkpt lat="0.00021246" lon="82.51201416"><ele>0.000</ele></trkpt><trkpt lat="0.00021246" lon="82.51201416"><ele>0.000</ele></trkpt><trkpt lat="0.00021246" lon="82.51201416"><ele>0.000</ele></trkpt><trkpt lat="0.00021246" lon="82.51201416"><ele>0.000</ele></trkpt><trkpt lat="0.00021247" lon="82.51201415"><ele>0.000</ele></trkpt><trkpt lat="0.00021248" lon="82.51201415"><ele>0.000</ele></trkpt><trkpt lat="0.00021249" lon="82.51201414"><ele>0.000</ele></trkpt><trkpt lat="0.00021250" lon="82.51201415"><ele>0.000</ele></trkpt><trkpt lat="0.00021250" lon="82.51201415"><ele>0.000</ele></trkpt><trkpt lat="0.00021250" lon="82.51201415"><ele>0.000</ele></trkpt><trkpt lat="0.00021250" lon="82.51201416"><ele>0.000</ele></trkpt><trkpt lat="0.00021250" lon="82.51201416"><ele>0.000</ele></trkpt><trkpt lat="0.00021250" lon="82.51201416"><ele>0.000</ele></trkpt><trkpt lat="0.00021250" lon="82.51201416"><ele>0.000</ele></trkpt><trkpt lat="0.00021250" lon="82.51201416"><ele>0.000</ele></trkpt><trkpt lat="0.00021250" lon="82.51201416"><ele>0.000</ele></trkpt><trkpt lat="0.00021250" lon="82.51201416"><ele>0.000</ele></trkpt><trkpt lat="0.00021250" lon="82.51201417"><ele>0.000</ele></trkpt><trkpt lat="0.00021250" lon="82.51201418"><ele>0.000</ele></trkpt><trkpt lat="0.00021250" lon="82.51201418"><ele>0.000</ele></trkpt><trkpt lat="0.00021250" lon="82.51201418"><ele>0.000</ele></trkpt><trkpt lat="0.00021250" lon="82.51201418"><ele>0.000</ele></trkpt><trkpt lat="0.00021250" lon="82.51201418"><ele>0.000</ele></trkpt><trkpt lat="0.00021250" lon="82.51201418"><ele>0.000</ele></trkpt><trkpt lat="0.00021250" lon="82.51201418"><ele>0.000</ele></trkpt><trkpt lat="0.00021250" lon="82.51201418"><ele>0.000</ele></trkpt><trkpt lat="0.00021250" lon="82.51201418"><ele>0.000</ele></trkpt><trkpt lat="0.00021250" lon="82.51201418"><ele>0.000</ele></trkpt><trkpt lat="0.00021250" lon="82.51201418"><ele>0.000</ele></trkpt><trkpt lat="0.00021249" lon="82.51201418"><ele>0.000</ele></trkpt><trkpt lat="0.00021249" lon="82.51201418"><ele>0.000</ele></trkpt><trkpt lat="0.00021249" lon="82.51201418"><ele>0.000</ele></trkpt><trkpt lat="0.00021249" lon="82.51201418"><ele>0.000</ele></trkpt><trkpt lat="0.00021249" lon="82.51201418"><ele>0.000</ele></trkpt><trkpt lat="0.00021249" lon="82.51201418"><ele>0.000</ele></trkpt><trkpt lat="0.00021249" lon="82.51201418"><ele>0.000</ele></trkpt><trkpt lat="0.00021249" lon="82.51201418"><ele>0.000</ele></trkpt><trkpt lat="0.00021249" lon="82.51201418"><ele>0.000</ele></trkpt><trkpt lat="0.00021249" lon="82.51201418"><ele>0.000</ele></trkpt><trkpt lat="0.00021250" lon="82.51201418"><ele>0.000</ele></trkpt><trkpt lat="0.00021250" lon="82.51201419"><ele>0.000</ele></trkpt><trkpt lat="0.00021250" lon="82.51201419"><ele>0.000</ele></trkpt><trkpt lat="0.00021250" lon="82.51201419"><ele>0.000</ele></trkpt><trkpt lat="0.00021249" lon="82.51201420"><ele>0.000</ele></trkpt><trkpt lat="0.00021250" lon="82.51201420"><ele>0.000</ele></trkpt><trkpt lat="0.00021250" lon="82.51201420"><ele>0.000</ele></trkpt><trkpt lat="0.00021250" lon="82.51201420"><ele>0.000</ele></trkpt><trkpt lat="0.00021250" lon="82.51201420"><ele>0.000</ele></trkpt><trkpt lat="0.00021250" lon="82.51201420"><ele>0.000</ele></trkpt><trkpt lat="0.00021250" lon="82.51201420"><ele>0.000</ele></trkpt><trkpt lat="0.00021250" lon="82.51201420"><ele>0.000</ele></trkpt><trkpt lat="0.00021250" lon="82.51201420"><ele>0.000</ele></trkpt><trkpt lat="0.00021250" lon="82.51201420"><ele>0.000</ele></trkpt><trkpt lat="0.00021250" lon="82.51201420"><ele>0.000</ele></trkpt><trkpt lat="0.00021250" lon="82.51201421"><ele>0.000</ele></trkpt><trkpt lat="0.00021250" lon="82.51201421"><ele>0.000</ele></trkpt><trkpt lat="0.00021250" lon="82.51201421"><ele>0.000</ele></trkpt><trkpt lat="0.00021251" lon="82.51201421"><ele>0.000</ele></trkpt><trkpt lat="0.00021251" lon="82.51201421"><ele>0.000</ele></trkpt><trkpt lat="0.00021251" lon="82.51201421"><ele>0.000</ele></trkpt><trkpt lat="0.00021251" lon="82.51201421"><ele>0.000</ele></trkpt><trkpt lat="0.00021251" lon="82.51201421"><ele>0.000</ele></trkpt><trkpt lat="0.00021251" lon="82.51201421"><ele>0.000</ele></trkpt><trkpt lat="0.00021251" lon="82.51201421"><ele>0.000</ele></trkpt><trkpt lat="0.00021251" lon="82.51201421"><ele>0.000</ele></trkpt><trkpt lat="0.00021251" lon="82.51201422"><ele>0.000</ele></trkpt><trkpt lat="0.00021251" lon="82.51201422"><ele>0.000</ele></trkpt><trkpt lat="0.00021251" lon="82.51201422"><ele>0.000</ele></trkpt><trkpt lat="0.00021251" lon="82.51201423"><ele>0.000</ele></trkpt><trkpt lat="0.00021251" lon="82.51201423"><ele>0.000</ele></trkpt><trkpt lat="0.00021251" lon="82.51201423"><ele>0.000</ele></trkpt><trkpt lat="0.00021251" lon="82.51201422"><ele>0.000</ele></trkpt><trkpt lat="0.00021252" lon="82.51201423"><ele>0.000</ele></trkpt><trkpt lat="0.00021252" lon="82.51201423"><ele>0.000</ele></trkpt><trkpt lat="0.00021252" lon="82.51201423"><ele>0.000</ele></trkpt><trkpt lat="0.00021253" lon="82.51201423"><ele>0.000</ele></trkpt><trkpt lat="0.00021254" lon="82.51201424"><ele>0.000</ele></trkpt><trkpt lat="0.00021255" lon="82.51201425"><ele>0.000</ele></trkpt><trkpt lat="0.00021255" lon="82.51201426"><ele>0.000</ele></trkpt><trkpt lat="0.00021255" lon="82.51201426"><ele>0.000</ele></trkpt><trkpt lat="0.00021255" lon="82.51201426"><ele>0.000</ele></trkpt><trkpt lat="0.00021255" lon="82.51201426"><ele>0.000</ele></trkpt><trkpt lat="0.00021252" lon="82.51201429"><ele>0.000</ele></trkpt><trkpt lat="0.00021252" lon="82.51201428"><ele>0.000</ele></trkpt><trkpt lat="0.00021251" lon="82.51201428"><ele>0.000</ele></trkpt><trkpt lat="0.00021251" lon="82.51201427"><ele>0.000</ele></trkpt><trkpt lat="0.00021251" lon="82.51201427"><ele>0.000</ele></trkpt><trkpt lat="0.00021251" lon="82.51201427"><ele>0.000</ele></trkpt><trkpt lat="0.00021251" lon="82.51201427"><ele>0.000</ele></trkpt><trkpt lat="0.00021251" lon="82.51201427"><ele>0.000</ele></trkpt><trkpt lat="0.00021252" lon="82.51201426"><ele>0.000</ele></trkpt><trkpt lat="0.00021251" lon="82.51201426"><ele>0.000</ele></trkpt><trkpt lat="0.00021251" lon="82.51201426"><ele>0.000</ele></trkpt><trkpt lat="0.00021251" lon="82.51201426"><ele>0.000</ele></trkpt><trkpt lat="0.00021251" lon="82.51201427"><ele>0.000</ele></trkpt><trkpt lat="0.00021251" lon="82.51201427"><ele>0.000</ele></trkpt><trkpt lat="0.00021251" lon="82.51201427"><ele>0.000</ele></trkpt><trkpt lat="0.00021251" lon="82.51201426"><ele>0.000</ele></trkpt><trkpt lat="0.00021251" lon="82.51201426"><ele>0.000</ele></trkpt><trkpt lat="0.00021250" lon="82.51201426"><ele>0.000</ele></trkpt><trkpt lat="0.00021250" lon="82.51201426"><ele>0.000</ele></trkpt><trkpt lat="0.00021250" lon="82.51201426"><ele>0.000</ele></trkpt><trkpt lat="0.00021250" lon="82.51201426"><ele>0.000</ele></trkpt><trkpt lat="0.00021250" lon="82.51201426"><ele>0.000</ele></trkpt><trkpt lat="0.00021250" lon="82.51201425"><ele>0.000</ele></trkpt><trkpt lat="0.00021249" lon="82.51201425"><ele>0.000</ele></trkpt><trkpt lat="0.00021249" lon="82.51201425"><ele>0.000</ele></trkpt><trkpt lat="0.00021248" lon="82.51201425"><ele>0.000</ele></trkpt><trkpt lat="0.00021247" lon="82.51201425"><ele>0.000</ele></trkpt><trkpt lat="0.00021246" lon="82.51201426"><ele>0.000</ele></trkpt><trkpt lat="0.00021246" lon="82.51201426"><ele>0.000</ele></trkpt><trkpt lat="0.00021245" lon="82.51201426"><ele>0.000</ele></trkpt><trkpt lat="0.00021244" lon="82.51201426"><ele>0.000</ele></trkpt><trkpt lat="0.00021244" lon="82.51201427"><ele>0.000</ele></trkpt><trkpt lat="0.00021244" lon="82.51201427"><ele>0.000</ele></trkpt><trkpt lat="0.00021243" lon="82.51201428"><ele>0.000</ele></trkpt><trkpt lat="0.00021243" lon="82.51201427"><ele>0.000</ele></trkpt><trkpt lat="0.00021243" lon="82.51201426"><ele>0.000</ele></trkpt><trkpt lat="0.00021243" lon="82.51201426"><ele>0.000</ele></trkpt><trkpt lat="0.00021243" lon="82.51201426"><ele>0.000</ele></trkpt><trkpt lat="0.00021243" lon="82.51201425"><ele>0.000</ele></trkpt><trkpt lat="0.00021243" lon="82.51201425"><ele>0.000</ele></trkpt><trkpt lat="0.00021243" lon="82.51201425"><ele>0.000</ele></trkpt><trkpt lat="0.00021243" lon="82.51201425"><ele>0.000</ele></trkpt><trkpt lat="0.00021243" lon="82.51201425"><ele>0.000</ele></trkpt><trkpt lat="0.00021243" lon="82.51201425"><ele>0.000</ele></trkpt><trkpt lat="0.00021243" lon="82.51201425"><ele>0.000</ele></trkpt><trkpt lat="0.00021243" lon="82.51201424"><ele>0.000</ele></trkpt><trkpt lat="0.00021244" lon="82.51201424"><ele>0.000</ele></trkpt><trkpt lat="0.00021244" lon="82.51201424"><ele>0.000</ele></trkpt><trkpt lat="0.00021243" lon="82.51201423"><ele>0.000</ele></trkpt><trkpt lat="0.00021243" lon="82.51201423"><ele>0.000</ele></trkpt><trkpt lat="0.00021243" lon="82.51201423"><ele>0.000</ele></trkpt><trkpt lat="0.00021244" lon="82.51201422"><ele>0.000</ele></trkpt><trkpt lat="0.00021244" lon="82.51201422"><ele>0.000</ele></trkpt><trkpt lat="0.00021244" lon="82.51201422"><ele>0.000</ele></trkpt><trkpt lat="0.00021245" lon="82.51201422"><ele>0.000</ele></trkpt><trkpt lat="0.00021245" lon="82.51201422"><ele>0.000</ele></trkpt><trkpt lat="0.00021246" lon="82.51201422"><ele>0.000</ele></trkpt><trkpt lat="0.00021246" lon="82.51201421"><ele>0.000</ele></trkpt><trkpt lat="0.00021246" lon="82.51201421"><ele>0.000</ele></trkpt><trkpt lat="0.00021247" lon="82.51201421"><ele>0.000</ele></trkpt><trkpt lat="0.00021247" lon="82.51201421"><ele>0.000</ele></trkpt><trkpt lat="0.00021247" lon="82.51201421"><ele>0.000</ele></trkpt><trkpt lat="0.00021247" lon="82.51201421"><ele>0.000</ele></trkpt><trkpt lat="0.00021248" lon="82.51201420"><ele>0.000</ele></trkpt><trkpt lat="0.00021248" lon="82.51201420"><ele>0.000</ele></trkpt><trkpt lat="0.00021248" lon="82.51201420"><ele>0.000</ele></trkpt><trkpt lat="0.00021247" lon="82.51201420"><ele>0.000</ele></trkpt><trkpt lat="0.00021247" lon="82.51201419"><ele>0.000</ele></trkpt><trkpt lat="0.00021246" lon="82.51201419"><ele>0.000</ele></trkpt><trkpt lat="0.00021246" lon="82.51201419"><ele>0.000</ele></trkpt><trkpt lat="0.00021246" lon="82.51201419"><ele>0.000</ele></trkpt><trkpt lat="0.00021245" lon="82.51201419"><ele>0.000</ele></trkpt><trkpt lat="0.00021245" lon="82.51201419"><ele>0.000</ele></trkpt><trkpt lat="0.00021244" lon="82.51201419"><ele>0.000</ele></trkpt><trkpt lat="0.00021244" lon="82.51201419"><ele>0.000</ele></trkpt><trkpt lat="0.00021244" lon="82.51201418"><ele>0.000</ele></trkpt><trkpt lat="0.00021243" lon="82.51201418"><ele>0.000</ele></trkpt><trkpt lat="0.00021243" lon="82.51201418"><ele>0.000</ele></trkpt><trkpt lat="0.00021243" lon="82.51201418"><ele>0.000</ele></trkpt><trkpt lat="0.00021243" lon="82.51201417"><ele>0.000</ele></trkpt><trkpt lat="0.00021244" lon="82.51201417"><ele>0.000</ele></trkpt></trkseg></trk>
<trk><name>Safety Belt - 109.507 Ha (7.5 m)</name><trkseg><trkpt lat="0.00021243" lon="82.51201418"><ele>0.000</ele></trkpt><trkpt lat="0.00021243" lon="82.51201418"><ele>0.000</ele></trkpt><trkpt lat="0.00021244" lon="82.51201418"><ele>0.000</ele></trkpt><trkpt lat="0.00021244" lon="82.51201418"><ele>0.000</ele></trkpt><trkpt lat="0.00021244" lon="82.51201419"><ele>0.000</ele></trkpt><trkpt lat="0.00021245" lon="82.51201419"><ele>0.000</ele></trkpt><trkpt lat="0.00021245" lon="82.51201419"><ele>0.000</ele></trkpt><trkpt lat="0.00021246" lon="82.51201419"><ele>0.000</ele></trkpt><trkpt lat="0.00021246" lon="82.51201419"><ele>0.000</ele></trkpt><trkpt lat="0.00021246" lon="82.51201419"><ele>0.000</ele></trkpt><trkpt lat="0.00021247" lon="82.51201419"><ele>0.000</ele></trkpt><trkpt lat="0.00021247" lon="82.51201420"><ele>0.000</ele></trkpt><trkpt lat="0.00021248" lon="82.51201420"><ele>0.000</ele></trkpt><trkpt lat="0.00021248" lon="82.51201420"><ele>0.000</ele></trkpt><trkpt lat="0.00021248" lon="82.51201420"><ele>0.000</ele></trkpt><trkpt lat="0.00021248" lon="82.51201420"><ele>0.000</ele></trkpt><trkpt lat="0.00021248" lon="82.51201420"><ele>0.000</ele></trkpt><trkpt lat="0.00021248" lon="82.51201420"><ele>0.000</ele></trkpt><trkpt lat="0.00021248" lon="82.51201420"><ele>0.000</ele></trkpt><trkpt lat="0.00021248" lon="82.51201420"><ele>0.000</ele></trkpt><trkpt lat="0.00021248" lon="82.51201420"><ele>0.000</ele></trkpt><trkpt lat="0.00021248" lon="82.51201420"><ele>0.000</ele></trkpt><trkpt lat="0.00021248" lon="82.51201420"><ele>0.000</ele></trkpt><trkpt lat="0.00021248" lon="82.51201420"><ele>0.000</ele></trkpt><trkpt lat="0.00021248" lon="82.51201420"><ele>0.000</ele></trkpt><trkpt lat="0.00021248" lon="82.51201420"><ele>0.000</ele></trkpt><trkpt lat="0.00021248" lon="82.51201420"><ele>0.000</ele></trkpt><trkpt lat="0.00021248" lon="82.51201420"><ele>0.000</ele></trkpt><trkpt lat="0.00021248" lon="82.51201420"><ele>0.000</ele></trkpt><trkpt lat="0.00021248" lon="82.51201420"><ele>0.000</ele></trkpt><trkpt lat="0.00021248" lon="82.51201420"><ele>0.000</ele></trkpt><trkpt lat="0.00021248" lon="82.51201420"><ele>0.000</ele></trkpt><trkpt lat="0.00021248" lon="82.51201420"><ele>0.000</ele></trkpt><trkpt lat="0.00021248" lon="82.51201420"><ele>0.000</ele></trkpt><trkpt lat="0.00021248" lon="82.51201420"><ele>0.000</ele></trkpt><trkpt lat="0.00021248" lon="82.51201420"><ele>0.000</ele></trkpt><trkpt lat="0.00021247" lon="82.51201421"><ele>0.000</ele></trkpt><trkpt lat="0.00021247" lon="82.51201421"><ele>0.000</ele></trkpt><trkpt lat="0.00021247" lon="82.51201421"><ele>0.000</ele></trkpt><trkpt lat="0.00021247" lon="82.51201421"><ele>0.000</ele></trkpt><trkpt lat="0.00021247" lon="82.51201421"><ele>0.000</ele></trkpt><trkpt lat="0.00021247" lon="82.51201421"><ele>0.000</ele></trkpt><trkpt lat="0.00021247" lon="82.51201421"><ele>0.000</ele></trkpt><trkpt lat="0.00021247" lon="82.51201421"><ele>0.000</ele></trkpt><trkpt lat="0.00021246" lon="82.51201421"><ele>0.000</ele></trkpt><trkpt lat="0.00021246" lon="82.51201421"><ele>0.000</ele></trkpt><trkpt lat="0.00021246" lon="82.51201422"><ele>0.000</ele></trkpt><trkpt lat="0.00021245" lon="82.51201422"><ele>0.000</ele></trkpt><trkpt lat="0.00021245" lon="82.51201422"><ele>0.000</ele></trkpt><trkpt lat="0.00021244" lon="82.51201422"><ele>0.000</ele></trkpt><trkpt lat="0.00021244" lon="82.51201422"><ele>0.000</ele></trkpt><trkpt lat="0.00021244" lon="82.51201422"><ele>0.000</ele></trkpt><trkpt lat="0.00021243" lon="82.51201423"><ele>0.000</ele></trkpt><trkpt lat="0.00021243" lon="82.51201423"><ele>0.000</ele></trkpt><trkpt lat="0.00021243" lon="82.51201423"><ele>0.000</ele></trkpt><trkpt lat="0.00021243" lon="82.51201423"><ele>0.000</ele></trkpt><trkpt lat="0.00021244" lon="82.51201424"><ele>0.000</ele></trkpt><trkpt lat="0.00021244" lon="82.51201424"><ele>0.000</ele></trkpt><trkpt lat="0.00021244" lon="82.51201424"><ele>0.000</ele></trkpt><trkpt lat="0.00021244" lon="82.51201424"><ele>0.000</ele></trkpt><trkpt lat="0.00021244" lon="82.51201424"><ele>0.000</ele></trkpt><trkpt lat="0.00021244" lon="82.51201424"><ele>0.000</ele></trkpt><trkpt lat="0.00021244" lon="82.51201424"><ele>0.000</ele></trkpt><trkpt lat="0.00021244" lon="82.51201424"><ele>0.000</ele></trkpt><trkpt lat="0.00021244" lon="82.51201424"><ele>0.000</ele></trkpt><trkpt lat="0.00021244" lon="82.51201424"><ele>0.000</ele></trkpt><trkpt lat="0.00021244" lon="82.51201424"><ele>0.000</ele></trkpt><trkpt lat="0.00021244" lon="82.51201424"><ele>0.000</ele></trkpt><trkpt lat="0.00021244" lon="82.51201424"><ele>0.000</ele></trkpt><trkpt lat="0.00021244" lon="82.51201424"><ele>0.000</ele></trkpt><trkpt lat="0.00021244" lon="82.51201424"><ele>0.000</ele></trkpt><trkpt lat="0.00021243" lon="82.51201424"><ele>0.000</ele></trkpt><trkpt lat="0.00021243" lon="82.51201425"><ele>0.000</ele></trkpt><trkpt lat="0.00021243" lon="82.51201425"><ele>0.000</ele></trkpt><trkpt lat="0.00021243" lon="82.51201425"><ele>0.000</ele></trkpt><trkpt lat="0.00021243" lon="82.51201425"><ele>0.000</ele></trkpt><trkpt lat="0.00021243" lon="82.51201425"><ele>0.000</ele></trkpt><trkpt lat="0.00021243" lon="82.51201425"><ele>0.000</ele></trkpt><trkpt lat="0.00021243" lon="82.51201425"><ele>0.000</ele></trkpt><trkpt lat="0.00021243" lon="82.51201425"><ele>0.000</ele></trkpt><trkpt lat="0.00021243" lon="82.51201425"><ele>0.000</ele></trkpt><trkpt lat="0.00021243" lon="82.51201425"><ele>0.000</ele></trkpt><trkpt lat="0.00021243" lon="82.51201425"><ele>0.000</ele></trkpt><trkpt lat="0.00021243" lon="82.51201425"><ele>0.000</ele></trkpt><trkpt lat="0.00021243" lon="82.51201425"><ele>0.000</ele></trkpt><trkpt lat="0.00021243" lon="82.51201425"><ele>0.000</ele></trkpt><trkpt lat="0.00021243" lon="82.51201425"><ele>0.000</ele></trkpt><trkpt lat="0.00021243" lon="82.51201425"><ele>0.000</ele></trkpt><trkpt lat="0.00021243" lon="82.51201425"><ele>0.000</ele></trkpt><trkpt lat="0.00021243" lon="82.51201425"><ele>0.000</ele></trkpt><trkpt lat="0.00021243" lon="82.51201425"><ele>0.000</ele></trkpt><trkpt lat="0.00021243" lon="82.51201425"><ele>0.000</ele></trkpt><trkpt lat="0.00021243" lon="82.51201425"><ele>0.000</ele></trkpt><trkpt lat="0.00021243" lon="82.51201425"><ele>0.000</ele></trkpt><trkpt lat="0.00021243" lon="82.51201425"><ele>0.000</ele></trkpt><trkpt lat="0.00021243" lon="82.51201425"><ele>0.000</ele></trkpt><trkpt lat="0.00021243" lon="82.51201425"><ele>0.000</ele></trkpt><trkpt lat="0.00021243" lon="82.51201425"><ele>0.000</ele></trkpt><trkpt lat="0.00021243" lon="82.51201425"><ele>0.000</ele></trkpt><trkpt lat="0.00021243" lon="82.51201425"><ele>0.000</ele></trkpt><trkpt lat="0.00021243" lon="82.51201425"><ele>0.000</ele></trkpt><trkpt lat="0.00021243" lon="82.51201425"><ele>0.000</ele></trkpt><trkpt lat="0.00021243" lon="82.51201425"><ele>0.000</ele></trkpt><trkpt lat="0.00021243" lon="82.51201425"><ele>0.000</ele></trkpt><trkpt lat="0.00021243" lon="82.51201425"><ele>0.000</ele></trkpt><trkpt lat="0.00021243" lon="82.51201425"><ele>0.000</ele></trkpt><trkpt lat="0.00021243" lon="82.51201425"><ele>0.000</ele></trkpt><trkpt lat="0.00021243" lon="82.51201425"><ele>0.000</ele></trkpt><trkpt lat="0.00021243" lon="82.51201425"><ele>0.000</ele></trkpt><trkpt lat="0.00021243" lon="82.51201425"><ele>0.000</ele></trkpt><trkpt lat="0.00021243" lon="82.51201425"><ele>0.000</ele></trkpt><trkpt lat="0.00021243" lon="82.51201425"><ele>0.000</ele></trkpt><trkpt lat="0.00021243" lon="82.51201425"><ele>0.000</ele></trkpt><trkpt lat="0.00021243" lon="82.51201425"><ele>0.000</ele></trkpt><trkpt lat="0.00021243" lon="82.51201425"><ele>0.000</ele></trkpt><trkpt lat="0.00021243" lon="82.51201425"><ele>0.000</ele></trkpt><trkpt lat="0.00021243" lon="82.51201425"><ele>0.000</ele></trkpt><trkpt lat="0.00021243" lon="82.51201426"><ele>0.000</ele></trkpt><trkpt lat="0.00021243" lon="82.51201426"><ele>0.000</ele></trkpt><trkpt lat="0.00021243" lon="82.51201426"><ele>0.000</ele></trkpt><trkpt lat="0.00021243" lon="82.51201426"><ele>0.000</ele></trkpt><trkpt lat="0.00021243" lon="82.51201427"><ele>0.000</ele></trkpt><trkpt lat="0.00021243" lon="82.51201427"><ele>0.000</ele></trkpt><trkpt lat="0.00021244" lon="82.51201427"><ele>0.000</ele></trkpt><trkpt lat="0.00021244" lon="82.51201427"><ele>0.000</ele></trkpt><trkpt lat="0.00021244" lon="82.51201427"><ele>0.000</ele></trkpt><trkpt lat="0.00021244" lon="82.51201427"><ele>0.000</ele></trkpt><trkpt lat="0.00021244" lon="82.51201426"><ele>0.000</ele></trkpt><trkpt lat="0.00021244" lon="82.51201426"><ele>0.000</ele></trkpt><trkpt lat="0.00021244" lon="82.51201426"><ele>0.000</ele></trkpt><trkpt lat="0.00021244" lon="82.51201426"><ele>0.000</ele></trkpt><trkpt lat="0.00021244" lon="82.51201426"><ele>0.000</ele></trkpt><trkpt lat="0.00021244" lon="82.51201426"><ele>0.000</ele></trkpt><trkpt lat="0.00021244" lon="82.51201426"><ele>0.000</ele></trkpt><trkpt lat="0.00021244" lon="82.51201426"><ele>0.000</ele></trkpt><trkpt lat="0.00021244" lon="82.51201426"><ele>0.000</ele></trkpt><trkpt lat="0.00021244" lon="82.51201426"><ele>0.000</ele></trkpt><trkpt lat="0.00021244" lon="82.51201426"><ele>0.000</ele></trkpt><trkpt lat="0.00021245" lon="82.51201426"><ele>0.000</ele></trkpt><trkpt lat="0.00021246" lon="82.51201426"><ele>0.000</ele></trkpt><trkpt lat="0.00021246" lon="82.51201426"><ele>0.000</ele></trkpt><trkpt lat="0.00021246" lon="82.51201426"><ele>0.000</ele></trkpt><trkpt lat="0.00021246" lon="82.51201426"><ele>0.000</ele></trkpt><trkpt lat="0.00021246" lon="82.51201426"><ele>0.000</ele></trkpt><trkpt lat="0.00021246" lon="82.51201426"><ele>0.000</ele></trkpt><trkpt lat="0.00021247" lon="82.51201425"><ele>0.000</ele></trkpt><trkpt lat="0.00021247" lon="82.51201425"><ele>0.000</ele></trkpt><trkpt lat="0.00021247" lon="82.51201425"><ele>0.000</ele></trkpt><trkpt lat="0.00021247" lon="82.51201425"><ele>0.000</ele></trkpt><trkpt lat="0.00021248" lon="82.51201425"><ele>0.000</ele></trkpt><trkpt lat="0.00021249" lon="82.51201425"><ele>0.000</ele></trkpt><trkpt lat="0.00021249" lon="82.51201425"><ele>0.000</ele></trkpt><trkpt lat="0.00021249" lon="82.51201425"><ele>0.000</ele></trkpt><trkpt lat="0.00021249" lon="82.51201425"><ele>0.000</ele></trkpt><trkpt lat="0.00021249" lon="82.51201425"><ele>0.000</ele></trkpt><trkpt lat="0.00021249" lon="82.51201425"><ele>0.000</ele></trkpt><trkpt lat="0.00021249" lon="82.51201425"><ele>0.000</ele></trkpt><trkpt lat="0.00021249" lon="82.51201425"><ele>0.000</ele></trkpt><trkpt lat="0.00021249" lon="82.51201425"><ele>0.000</ele></trkpt><trkpt lat="0.00021250" lon="82.51201425"><ele>0.000</ele></trkpt><trkpt lat="0.00021250" lon="82.51201425"><ele>0.000</ele></trkpt><trkpt lat="0.00021250" lon="82.51201425"><ele>0.000</ele></trkpt><trkpt lat="0.00021250" lon="82.51201425"><ele>0.000</ele></trkpt><trkpt lat="0.00021250" lon="82.51201425"><ele>0.000</ele></trkpt><trkpt lat="0.00021250" lon="82.51201425"><ele>0.000</ele></trkpt><trkpt lat="0.00021250" lon="82.51201425"><ele>0.000</ele></trkpt><trkpt lat="0.00021250" lon="82.51201425"><ele>0.000</ele></trkpt><trkpt lat="0.00021250" lon="82.51201425"><ele>0.000</ele></trkpt><trkpt lat="0.00021250" lon="82.51201425"><ele>0.000</ele></trkpt><trkpt lat="0.00021250" lon="82.51201425"><ele>0.000</ele></trkpt><trkpt lat="0.00021250" lon="82.51201426"><ele>0.000</ele></trkpt><trkpt lat="0.00021250" lon="82.51201426"><ele>0.000</ele></trkpt><trkpt lat="0.00021250" lon="82.51201426"><ele>0.000</ele></trkpt><trkpt lat="0.00021250" lon="82.51201426"><ele>0.000</ele></trkpt><trkpt lat="0.00021250" lon="82.51201426"><ele>0.000</ele></trkpt><trkpt lat="0.00021250" lon="82.51201426"><ele>0.000</ele></trkpt><trkpt lat="0.00021250" lon="82.51201426"><ele>0.000</ele></trkpt><trkpt lat="0.00021250" lon="82.51201426"><ele>0.000</ele></trkpt><trkpt lat="0.00021250" lon="82.51201426"><ele>0.000</ele></trkpt><trkpt lat="0.00021250" lon="82.51201426"><ele>0.000</ele></trkpt><trkpt lat="0.00021250" lon="82.51201426"><ele>0.000</ele></trkpt><trkpt lat="0.00021250" lon="82.51201426"><ele>0.000</ele></trkpt><trkpt lat="0.00021250" lon="82.51201426"><ele>0.000</ele></trkpt><trkpt lat="0.00021250" lon="82.51201426"><ele>0.000</ele></trkpt><trkpt lat="0.00021250" lon="82.51201426"><ele>0.000</ele></trkpt><trkpt lat="0.00021250" lon="82.51201426"><ele>0.000</ele></trkpt><trkpt lat="0.00021250" lon="82.51201426"><ele>0.000</ele></trkpt><trkpt lat="0.00021250" lon="82.51201426"><ele>0.000</ele></trkpt><trkpt lat="0.00021250" lon="82.51201426"><ele>0.000</ele></trkpt><trkpt lat="0.00021250" lon="82.51201426"><ele>0.000</ele></trkpt><trkpt lat="0.00021251" lon="82.51201426"><ele>0.000</ele></trkpt><trkpt lat="0.00021251" lon="82.51201426"><ele>0.000</ele></trkpt><trkpt lat="0.00021251" lon="82.51201426"><ele>0.000</ele></trkpt><trkpt lat="0.00021251" lon="82.51201426"><ele>0.000</ele></trkpt><trkpt lat="0.00021251" lon="82.51201426"><ele>0.000</ele></trkpt><trkpt lat="0.00021251" lon="82.51201426"><ele>0.000</ele></trkpt><trkpt lat="0.00021251" lon="82.51201427"><ele>0.000</ele></trkpt><trkpt lat="0.00021251" lon="82.51201426"><ele>0.000</ele></trkpt><trkpt lat="0.00021251" lon="82.51201426"><ele>0.000</ele></trkpt><trkpt lat="0.00021251" lon="82.51201426"><ele>0.000</ele></trkpt><trkpt lat="0.00021251" lon="82.51201426"><ele>0.000</ele></trkpt><trkpt lat="0.00021251" lon="82.51201426"><ele>0.000</ele></trkpt><trkpt lat="0.00021251" lon="82.51201426"><ele>0.000</ele></trkpt><trkpt lat="0.00021251" lon="82.51201426"><ele>0.000</ele></trkpt><trkpt lat="0.00021251" lon="82.51201426"><ele>0.000</ele></trkpt><trkpt lat="0.00021251" lon="82.51201426"><ele>0.000</ele></trkpt><trkpt lat="0.00021251" lon="82.51201426"><ele>0.000</ele></trkpt><trkpt lat="0.00021251" lon="82.51201426"><ele>0.000</ele></trkpt><trkpt lat="0.00021251" lon="82.51201426"><ele>0.000</ele></trkpt><trkpt lat="0.00021251" lon="82.51201426"><ele>0.000</ele></trkpt><trkpt lat="0.00021251" lon="82.51201426"><ele>0.000</ele></trkpt><trkpt lat="0.00021251" lon="82.51201426"><ele>0.000</ele></trkpt><trkpt lat="0.00021251" lon="82.51201426"><ele>0.000</ele></trkpt><trkpt lat="0.00021251" lon="82.51201426"><ele>0.000</ele></trkpt><trkpt lat="0.00021252" lon="82.51201426"><ele>0.000</ele></trkpt><trkpt lat="0.00021252" lon="82.51201426"><ele>0.000</ele></trkpt><trkpt lat="0.00021252" lon="82.51201426"><ele>0.000</ele></trkpt><trkpt lat="0.00021252" lon="82.51201426"><ele>0.000</ele></trkpt><trkpt lat="0.00021252" lon="82.51201426"><ele>0.000</ele></trkpt><trkpt lat="0.00021252" lon="82.51201426"><ele>0.000</ele></trkpt><trkpt lat="0.00021252" lon="82.51201426"><ele>0.000</ele></trkpt><trkpt lat="0.00021252" lon="82.51201426"><ele>0.000</ele></trkpt><trkpt lat="0.00021252" lon="82.51201426"><ele>0.000</ele></trkpt><trkpt lat="0.00021252" lon="82.51201426"><ele>0.000</ele></trkpt><trkpt lat="0.00021252" lon="82.51201426"><ele>0.000</ele></trkpt><trkpt lat="0.00021252" lon="82.51201426"><ele>0.000</ele></trkpt><trkpt lat="0.00021252" lon="82.51201426"><ele>0.000</ele></trkpt><trkpt lat="0.00021252" lon="82.51201426"><ele>0.000</ele></trkpt><trkpt lat="0.00021252" lon="82.51201426"><ele>0.000</ele></trkpt><trkpt lat="0.00021252" lon="82.51201426"><ele>0.000</ele></trkpt><trkpt lat="0.00021252" lon="82.51201426"><ele>0.000</ele></trkpt><trkpt lat="0.00021252" lon="82.51201427"><ele>0.000</ele></trkpt><trkpt lat="0.00021252" lon="82.51201427"><ele>0.000</ele></trkpt><trkpt lat="0.00021252" lon="82.51201427"><ele>0.000</ele></trkpt><trkpt lat="0.00021251" lon="82.51201427"><ele>0.000</ele></trkpt><trkpt lat="0.00021252" lon="82.51201427"><ele>0.000</ele></trkpt><trkpt lat="0.00021252" lon="82.51201427"><ele>0.000</ele></trkpt><trkpt lat="0.00021252" lon="82.51201427"><ele>0.000</ele></trkpt><trkpt lat="0.00021252" lon="82.51201427"><ele>0.000</ele></trkpt><trkpt lat="0.00021252" lon="82.51201427"><ele>0.000</ele></trkpt><trkpt lat="0.00021252" lon="82.51201427"><ele>0.000</ele></trkpt><trkpt lat="0.00021252" lon="82.51201427"><ele>0.000</ele></trkpt><trkpt lat="0.00021252" lon="82.51201427"><ele>0.000</ele></trkpt><trkpt lat="0.00021252" lon="82.51201427"><ele>0.000</ele></trkpt><trkpt lat="0.00021252" lon="82.51201427"><ele>0.000</ele></trkpt><trkpt lat="0.00021252" lon="82.51201427"><ele>0.000</ele></trkpt><trkpt lat="0.00021252" lon="82.51201427"><ele>0.000</ele></trkpt><trkpt lat="0.00021252" lon="82.51201427"><ele>0.000</ele></trkpt><trkpt lat="0.00021252" lon="82.51201427"><ele>0.000</ele></trkpt><trkpt lat="0.00021252" lon="82.51201427"><ele>0.000</ele></trkpt><trkpt lat="0.00021252" lon="82.51201427"><ele>0.000</ele></trkpt><trkpt lat="0.00021252" lon="82.51201427"><ele>0.000</ele></trkpt><trkpt lat="0.00021251" lon="82.51201427"><ele>0.000</ele></trkpt><trkpt lat="0.00021251" lon="82.51201427"><ele>0.000</ele></trkpt><trkpt lat="0.00021251" lon="82.51201427"><ele>0.000</ele></trkpt><trkpt lat="0.00021251" lon="82.51201427"><ele>0.000</ele></trkpt><trkpt lat="0.00021251" lon="82.51201427"><ele>0.000</ele></trkpt><trkpt lat="0.00021251" lon="82.51201427"><ele>0.000</ele></trkpt><trkpt lat="0.00021251" lon="82.51201427"><ele>0.000</ele></trkpt><trkpt lat="0.00021251" lon="82.51201427"><ele>0.000</ele></trkpt><trkpt lat="0.00021251" lon="82.51201427"><ele>0.000</ele></trkpt><trkpt lat="0.00021251" lon="82.51201427"><ele>0.000</ele></trkpt><trkpt lat="0.00021251" lon="82.51201428"><ele>0.000</ele></trkpt><trkpt lat="0.00021252" lon="82.51201428"><ele>0.000</ele></trkpt><trkpt lat="0.00021252" lon="82.51201429"><ele>0.000</ele></trkpt><trkpt lat="0.00021255" lon="82.51201426"><ele>0.000</ele></trkpt><trkpt lat="0.00021255" lon="82.51201426"><ele>0.000</ele></trkpt><trkpt lat="0.00021255" lon="82.51201426"><ele>0.000</ele></trkpt><trkpt lat="0.00021255" lon="82.51201426"><ele>0.000</ele></trkpt><trkpt lat="0.00021255" lon="82.51201426"><ele>0.000</ele></trkpt><trkpt lat="0.00021255" lon="82.51201426"><ele>0.000</ele></trkpt><trkpt lat="0.00021255" lon="82.51201425"><ele>0.000</ele></trkpt><trkpt lat="0.00021255" lon="82.51201425"><ele>0.000</ele></trkpt><trkpt lat="0.00021254" lon="82.51201424"><ele>0.000</ele></trkpt><trkpt lat="0.00021253" lon="82.51201424"><ele>0.000</ele></trkpt><trkpt lat="0.00021252" lon="82.51201423"><ele>0.000</ele></trkpt><trkpt lat="0.00021252" lon="82.51201423"><ele>0.000</ele></trkpt><trkpt lat="0.00021252" lon="82.51201423"><ele>0.000</ele></trkpt><trkpt lat="0.00021252" lon="82.51201423"><ele>0.000</ele></trkpt><trkpt lat="0.00021252" lon="82.51201423"><ele>0.000</ele></trkpt><trkpt lat="0.00021252" lon="82.51201423"><ele>0.000</ele></trkpt><trkpt lat="0.00021252" lon="82.51201423"><ele>0.000</ele></trkpt><trkpt lat="0.00021252" lon="82.51201423"><ele>0.000</ele></trkpt><trkpt lat="0.00021252" lon="82.51201423"><ele>0.000</ele></trkpt><trkpt lat="0.00021252" lon="82.51201423"><ele>0.000</ele></trkpt><trkpt lat="0.00021251" lon="82.51201423"><ele>0.000</ele></trkpt><trkpt lat="0.00021251" lon="82.51201423"><ele>0.000</ele></trkpt><trkpt lat="0.00021251" lon="82.51201423"><ele>0.000</ele></trkpt><trkpt lat="0.00021251" lon="82.51201423"><ele>0.000</ele></trkpt><trkpt lat="0.00021251" lon="82.51201423"><ele>0.000</ele></trkpt><trkpt lat="0.00021251" lon="82.51201423"><ele>0.000</ele></trkpt><trkpt lat="0.00021251" lon="82.51201423"><ele>0.000</ele></trkpt><trkpt lat="0.00021251" lon="82.51201423"><ele>0.000</ele></trkpt><trkpt lat="0.00021251" lon="82.51201423"><ele>0.000</ele></trkpt><trkpt lat="0.00021251" lon="82.51201423"><ele>0.000</ele></trkpt><trkpt lat="0.00021251" lon="82.51201423"><ele>0.000</ele></trkpt><trkpt lat="0.00021251" lon="82.51201423"><ele>0.000</ele></trkpt><trkpt lat="0.00021251" lon="82.51201423"><ele>0.000</ele></trkpt><trkpt lat="0.00021251" lon="82.51201423"><ele>0.000</ele></trkpt><trkpt lat="0.00021251" lon="82.51201423"><ele>0.000</ele></trkpt><trkpt lat="0.00021251" lon="82.51201423"><ele>0.000</ele></trkpt><trkpt lat="0.00021251" lon="82.51201423"><ele>0.000</ele></trkpt><trkpt lat="0.00021251" lon="82.51201423"><ele>0.000</ele></trkpt><trkpt lat="0.00021251" lon="82.51201423"><ele>0.000</ele></trkpt><trkpt lat="0.00021251" lon="82.51201423"><ele>0.000</ele></trkpt><trkpt lat="0.00021251" lon="82.51201423"><ele>0.000</ele></trkpt><trkpt lat="0.00021251" lon="82.51201423"><ele>0.000</ele></trkpt><trkpt lat="0.00021251" lon="82.51201423"><ele>0.000</ele></trkpt><trkpt lat="0.00021251" lon="82.51201423"><ele>0.000</ele></trkpt><trkpt lat="0.00021251" lon="82.51201423"><ele>0.000</ele></trkpt><trkpt lat="0.00021251" lon="82.51201423"><ele>0.000</ele></trkpt><trkpt lat="0.00021251" lon="82.51201423"><ele>0.000</ele></trkpt><trkpt lat="0.00021251" lon="82.51201423"><ele>0.000</ele></trkpt><trkpt lat="0.00021251" lon="82.51201423"><ele>0.000</ele></trkpt><trkpt lat="0.00021251" lon="82.51201423"><ele>0.000</ele></trkpt><trkpt lat="0.00021251" lon="82.51201423"><ele>0.000</ele></trkpt><trkpt lat="0.00021251" lon="82.51201423"><ele>0.000</ele></trkpt><trkpt lat="0.00021251" lon="82.51201423"><ele>0.000</ele></trkpt><trkpt lat="0.00021251" lon="82.51201423"><ele>0.000</ele></trkpt><trkpt lat="0.00021251" lon="82.51201423"><ele>0.000</ele></trkpt><trkpt lat="0.00021251" lon="82.51201422"><ele>0.000</ele></trkpt><trkpt lat="0.00021251" lon="82.51201422"><ele>0.000</ele></trkpt><trkpt lat="0.00021251" lon="82.51201422"><ele>0.000</ele></trkpt><trkpt lat="0.00021251" lon="82.51201422"><ele>0.000</ele></trkpt><trkpt lat="0.00021251" lon="82.51201422"><ele>0.000</ele></trkpt><trkpt lat="0.00021251" lon="82.51201422"><ele>0.000</ele></trkpt><trkpt lat="0.00021251" lon="82.51201422"><ele>0.000</ele></trkpt><trkpt lat="0.00021251" lon="82.51201422"><ele>0.000</ele></trkpt><trkpt lat="0.00021251" lon="82.51201421"><ele>0.000</ele></trkpt><trkpt lat="0.00021251" lon="82.51201421"><ele>0.000</ele></trkpt><trkpt lat="0.00021251" lon="82.51201421"><ele>0.000</ele></trkpt><trkpt lat="0.00021251" lon="82.51201421"><ele>0.000</ele></trkpt><trkpt lat="0.00021251" lon="82.51201421"><ele>0.000</ele></trkpt><trkpt lat="0.00021251" lon="82.51201421"><ele>0.000</ele></trkpt><trkpt lat="0.00021251" lon="82.51201421"><ele>0.000</ele></trkpt><trkpt lat="0.00021251" lon="82.51201421"><ele>0.000</ele></trkpt><trkpt lat="0.00021251" lon="82.51201421"><ele>0.000</ele></trkpt><trkpt lat="0.00021251" lon="82.51201421"><ele>0.000</ele></trkpt><trkpt lat="0.00021251" lon="82.51201421"><ele>0.000</ele></trkpt><trkpt lat="0.00021250" lon="82.51201421"><ele>0.000</ele></trkpt><trkpt lat="0.00021250" lon="82.51201421"><ele>0.000</ele></trkpt><trkpt lat="0.00021250" lon="82.51201421"><ele>0.000</ele></trkpt><trkpt lat="0.00021250" lon="82.51201421"><ele>0.000</ele></trkpt><trkpt lat="0.00021250" lon="82.51201421"><ele>0.000</ele></trkpt><trkpt lat="0.00021250" lon="82.51201421"><ele>0.000</ele></trkpt><trkpt lat="0.00021250" lon="82.51201421"><ele>0.000</ele></trkpt><trkpt lat="0.00021250" lon="82.51201421"><ele>0.000</ele></trkpt><trkpt lat="0.00021250" lon="82.51201421"><ele>0.000</ele></trkpt><trkpt lat="0.00021250" lon="82.51201421"><ele>0.000</ele></trkpt><trkpt lat="0.00021250" lon="82.51201421"><ele>0.000</ele></trkpt><trkpt lat="0.00021250" lon="82.51201421"><ele>0.000</ele></trkpt><trkpt lat="0.00021250" lon="82.51201421"><ele>0.000</ele></trkpt><trkpt lat="0.00021250" lon="82.51201421"><ele>0.000</ele></trkpt><trkpt lat="0.00021250" lon="82.51201421"><ele>0.000</ele></trkpt><trkpt lat="0.00021250" lon="82.51201421"><ele>0.000</ele></trkpt><trkpt lat="0.00021250" lon="82.51201420"><ele>0.000</ele></trkpt><trkpt lat="0.00021250" lon="82.51201420"><ele>0.000</ele></trkpt><trkpt lat="0.00021250" lon="82.51201420"><ele>0.000</ele></trkpt><trkpt lat="0.00021250" lon="82.51201420"><ele>0.000</ele></trkpt><trkpt lat="0.00021250" lon="82.51201420"><ele>0.000</ele></trkpt><trkpt lat="0.00021250" lon="82.51201420"><ele>0.000</ele></trkpt><trkpt lat="0.00021250" lon="82.51201420"><ele>0.000</ele></trkpt><trkpt lat="0.00021250" lon="82.51201420"><ele>0.000</ele></trkpt><trkpt lat="0.00021250" lon="82.51201420"><ele>0.000</ele></trkpt><trkpt lat="0.00021250" lon="82.51201420"><ele>0.000</ele></trkpt><trkpt lat="0.00021250" lon="82.51201420"><ele>0.000</ele></trkpt><trkpt lat="0.00021250" lon="82.51201420"><ele>0.000</ele></trkpt><trkpt lat="0.00021250" lon="82.51201420"><ele>0.000</ele></trkpt><trkpt lat="0.00021250" lon="82.51201420"><ele>0.000</ele></trkpt><trkpt lat="0.00021250" lon="82.51201420"><ele>0.000</ele></trkpt><trkpt lat="0.00021250" lon="82.51201420"><ele>0.000</ele></trkpt><trkpt lat="0.00021250" lon="82.51201420"><ele>0.000</ele></trkpt><trkpt lat="0.00021250" lon="82.51201420"><ele>0.000</ele></trkpt><trkpt lat="0.00021250" lon="82.51201420"><ele>0.000</ele></trkpt><trkpt lat="0.00021250" lon="82.51201420"><ele>0.000</ele></trkpt><trkpt lat="0.00021250" lon="82.51201420"><ele>0.000</ele></trkpt><trkpt lat="0.00021250" lon="82.51201420"><ele>0.000</ele></trkpt><trkpt lat="0.00021250" lon="82.51201420"><ele>0.000</ele></trkpt><trkpt lat="0.00021250" lon="82.51201420"><ele>0.000</ele></trkpt><trkpt lat="0.00021250" lon="82.51201420"><ele>0.000</ele></trkpt><trkpt lat="0.00021250" lon="82.51201420"><ele>0.000</ele></trkpt><trkpt lat="0.00021249" lon="82.51201420"><ele>0.000</ele></trkpt><trkpt lat="0.00021249" lon="82.51201420"><ele>0.000</ele></trkpt><trkpt lat="0.00021249" lon="82.51201420"><ele>0.000</ele></trkpt><trkpt lat="0.00021249" lon="82.51201420"><ele>0.000</ele></trkpt><trkpt lat="0.00021249" lon="82.51201420"><ele>0.000</ele></trkpt><trkpt lat="0.00021249" lon="82.51201420"><ele>0.000</ele></trkpt><trkpt lat="0.00021249" lon="82.51201420"><ele>0.000</ele></trkpt><trkpt lat="0.00021249" lon="82.51201420"><ele>0.000</ele></trkpt><trkpt lat="0.00021249" lon="82.51201420"><ele>0.000</ele></trkpt><trkpt lat="0.00021249" lon="82.51201420"><ele>0.000</ele></trkpt><trkpt lat="0.00021249" lon="82.51201420"><ele>0.000</ele></trkpt><trkpt lat="0.00021249" lon="82.51201420"><ele>0.000</ele></trkpt><trkpt lat="0.00021249" lon="82.51201420"><ele>0.000</ele></trkpt><trkpt lat="0.00021249" lon="82.51201420"><ele>0.000</ele></trkpt><trkpt lat="0.00021249" lon="82.51201420"><ele>0.000</ele></trkpt><trkpt lat="0.00021250" lon="82.51201419"><ele>0.000</ele></trkpt><trkpt lat="0.00021250" lon="82.51201419"><ele>0.000</ele></trkpt><trkpt lat="0.00021250" lon="82.51201419"><ele>0.000</ele></trkpt><trkpt lat="0.00021249" lon="82.51201419"><ele>0.000</ele></trkpt><trkpt lat="0.00021249" lon="82.51201418"><ele>0.000</ele></trkpt><trkpt lat="0.00021249" lon="82.51201418"><ele>0.000</ele></trkpt><trkpt lat="0.00021249" lon="82.51201418"><ele>0.000</ele></trkpt><trkpt lat="0.00021249" lon="82.51201418"><ele>0.000</ele></trkpt><trkpt lat="0.00021249" lon="82.51201418"><ele>0.000</ele></trkpt><trkpt lat="0.00021249" lon="82.51201418"><ele>0.000</ele></trkpt><trkpt lat="0.00021249" lon="82.51201418"><ele>0.000</ele></trkpt><trkpt lat="0.00021249" lon="82.51201418"><ele>0.000</ele></trkpt><trkpt lat="0.00021249" lon="82.51201418"><ele>0.000</ele></trkpt><trkpt lat="0.00021249" lon="82.51201418"><ele>0.000</ele></trkpt><trkpt lat="0.00021249" lon="82.51201418"><ele>0.000</ele></trkpt><trkpt lat="0.00021249" lon="82.51201418"><ele>0.000</ele></trkpt><trkpt lat="0.00021249" lon="82.51201418"><ele>0.000</ele></trkpt><trkpt lat="0.00021249" lon="82.51201418"><ele>0.000</ele></trkpt><trkpt lat="0.00021249" lon="82.51201418"><ele>0.000</ele></trkpt><trkpt lat="0.00021249" lon="82.51201418"><ele>0.000</ele></trkpt><trkpt lat="0.00021249" lon="82.51201418"><ele>0.000</ele></trkpt><trkpt lat="0.00021249" lon="82.51201418"><ele>0.000</ele></trkpt><trkpt lat="0.00021249" lon="82.51201418"><ele>0.000</ele></trkpt><trkpt lat="0.00021249" lon="82.51201418"><ele>0.000</ele></trkpt><trkpt lat="0.00021249" lon="82.51201418"><ele>0.000</ele></trkpt><trkpt lat="0.00021249" lon="82.51201418"><ele>0.000</ele></trkpt><trkpt lat="0.00021249" lon="82.51201418"><ele>0.000</ele></trkpt><trkpt lat="0.00021249" lon="82.51201418"><ele>0.000</ele></trkpt><trkpt lat="0.00021249" lon="82.51201418"><ele>0.000</ele></trkpt><trkpt lat="0.00021249" lon="82.51201418"><ele>0.000</ele></trkpt><trkpt lat="0.00021249" lon="82.51201418"><ele>0.000</ele></trkpt><trkpt lat="0.00021249" lon="82.51201418"><ele>0.000</ele></trkpt><trkpt lat="0.00021249" lon="82.51201418"><ele>0.000</ele></trkpt><trkpt lat="0.00021249" lon="82.51201418"><ele>0.000</ele></trkpt><trkpt lat="0.00021249" lon="82.51201418"><ele>0.000</ele></trkpt><trkpt lat="0.00021249" lon="82.51201418"><ele>0.000</ele></trkpt><trkpt lat="0.00021249" lon="82.51201418"><ele>0.000</ele></trkpt><trkpt lat="0.00021249" lon="82.51201418"><ele>0.000</ele></trkpt><trkpt lat="0.00021249" lon="82.51201418"><ele>0.000</ele></trkpt><trkpt lat="0.00021249" lon="82.51201418"><ele>0.000</ele></trkpt><trkpt lat="0.00021249" lon="82.51201418"><ele>0.000</ele></trkpt><trkpt lat="0.00021249" lon="82.51201418"><ele>0.000</ele></trkpt><trkpt lat="0.00021249" lon="82.51201418"><ele>0.000</ele></trkpt><trkpt lat="0.00021249" lon="82.51201418"><ele>0.000</ele></trkpt><trkpt lat="0.00021249" lon="82.51201418"><ele>0.000</ele></trkpt><trkpt lat="0.00021249" lon="82.51201418"><ele>0.000</ele></trkpt><trkpt lat="0.00021249" lon="82.51201418"><ele>0.000</ele></trkpt><trkpt lat="0.00021249" lon="82.51201418"><ele>0.000</ele></trkpt><trkpt lat="0.00021249" lon="82.51201418"><ele>0.000</ele></trkpt><trkpt lat="0.00021249" lon="82.51201418"><ele>0.000</ele></trkpt><trkpt lat="0.00021249" lon="82.51201418"><ele>0.000</ele></trkpt><trkpt lat="0.00021249" lon="82.51201418"><ele>0.000</ele></trkpt><trkpt lat="0.00021249" lon="82.51201418"><ele>0.000</ele></trkpt><trkpt lat="0.00021249" lon="82.51201418"><ele>0.000</ele></trkpt><trkpt lat="0.00021249" lon="82.51201418"><ele>0.000</ele></trkpt><trkpt lat="0.00021249" lon="82.51201418"><ele>0.000</ele></trkpt><trkpt lat="0.00021249" lon="82.51201418"><ele>0.000</ele></trkpt><trkpt lat="0.00021250" lon="82.51201418"><ele>0.000</ele></trkpt><trkpt lat="0.00021250" lon="82.51201418"><ele>0.000</ele></trkpt><trkpt lat="0.00021250" lon="82.51201418"><ele>0.000</ele></trkpt><trkpt lat="0.00021250" lon="82.51201418"><ele>0.000</ele></trkpt><trkpt lat="0.00021250" lon="82.51201418"><ele>0.000</ele></trkpt><trkpt lat="0.00021250" lon="82.51201418"><ele>0.000</ele></trkpt><trkpt lat="0.00021250" lon="82.51201418"><ele>0.000</ele></trkpt><trkpt lat="0.00021250" lon="82.51201418"><ele>0.000</ele></trkpt><trkpt lat="0.00021250" lon="82.51201418"><ele>0.000</ele></trkpt><trkpt lat="0.00021250" lon="82.51201418"><ele>0.000</ele></trkpt><trkpt lat="0.00021250" lon="82.51201418"><ele>0.000</ele></trkpt><trkpt lat="0.00021250" lon="82.51201418"><ele>0.000</ele></trkpt><trkpt lat="0.00021250" lon="82.51201418"><ele>0.000</ele></trkpt><trkpt lat="0.00021250" lon="82.51201418"><ele>0.000</ele></trkpt><trkpt lat="0.00021250" lon="82.51201418"><ele>0.000</ele></trkpt><trkpt lat="0.00021250" lon="82.51201418"><ele>0.000</ele></trkpt><trkpt lat="0.00021250" lon="82.51201418"><ele>0.000</ele></trkpt><trkpt lat="0.00021250" lon="82.51201418"><ele>0.000</ele></trkpt><trkpt lat="0.00021250" lon="82.51201418"><ele>0.000</ele></trkpt><trkpt lat="0.00021250" lon="82.51201418"><ele>0.000</ele></trkpt><trkpt lat="0.00021250" lon="82.51201418"><ele>0.000</ele></trkpt><trkpt lat="0.00021250" lon="82.51201418"><ele>0.000</ele></trkpt><trkpt lat="0.00021250" lon="82.51201418"><ele>0.000</ele></trkpt><trkpt lat="0.00021250" lon="82.51201418"><ele>0.000</ele></trkpt><trkpt lat="0.00021250" lon="82.51201418"><ele>0.000</ele></trkpt><trkpt lat="0.00021250" lon="82.51201418"><ele>0.000</ele></trkpt><trkpt lat="0.00021250" lon="82.51201418"><ele>0.000</ele></trkpt><trkpt lat="0.00021250" lon="82.51201418"><ele>0.000</ele></trkpt><trkpt lat="0.00021250" lon="82.51201418"><ele>0.000</ele></trkpt><trkpt lat="0.00021250" lon="82.51201418"><ele>0.000</ele></trkpt><trkpt lat="0.00021250" lon="82.51201418"><ele>0.000</ele></trkpt><trkpt lat="0.00021250" lon="82.51201418"><ele>0.000</ele></trkpt><trkpt lat="0.00021250" lon="82.51201417"><ele>0.000</ele></trkpt><trkpt lat="0.00021250" lon="82.51201417"><ele>0.000</ele></trkpt><trkpt lat="0.00021250" lon="82.51201417"><ele>0.000</ele></trkpt><trkpt lat="0.00021250" lon="82.51201417"><ele>0.000</ele></trkpt><trkpt lat="0.00021250" lon="82.51201417"><ele>0.000</ele></trkpt><trkpt lat="0.00021250" lon="82.51201417"><ele>0.000</ele></trkpt><trkpt lat="0.00021250" lon="82.51201417"><ele>0.000</ele></trkpt><trkpt lat="0.00021250" lon="82.51201417"><ele>0.000</ele></trkpt><trkpt lat="0.00021250" lon="82.51201416"><ele>0.000</ele></trkpt><trkpt lat="0.00021250" lon="82.51201416"><ele>0.000</ele></trkpt><trkpt lat="0.00021250" lon="82.51201416"><ele>0.000</ele></trkpt><trkpt lat="0.00021250" lon="82.51201416"><ele>0.000</ele></trkpt><trkpt lat="0.00021250" lon="82.51201416"><ele>0.000</ele></trkpt><trkpt lat="0.00021250" lon="82.51201416"><ele>0.000</ele></trkpt><trkpt lat="0.00021250" lon="82.51201416"><ele>0.000</ele></trkpt><trkpt lat="0.00021250" lon="82.51201416"><ele>0.000</ele></trkpt><trkpt lat="0.00021250" lon="82.51201416"><ele>0.000</ele></trkpt><trkpt lat="0.00021250" lon="82.51201416"><ele>0.000</ele></trkpt><trkpt lat="0.00021250" lon="82.51201415"><ele>0.000</ele></trkpt><trkpt lat="0.00021250" lon="82.51201415"><ele>0.000</ele></trkpt><trkpt lat="0.00021250" lon="82.51201415"><ele>0.000</ele></trkpt><trkpt lat="0.00021249" lon="82.51201414"><ele>0.000</ele></trkpt><trkpt lat="0.00021248" lon="82.51201415"><ele>0.000</ele></trkpt><trkpt lat="0.00021247" lon="82.51201415"><ele>0.000</ele></trkpt><trkpt lat="0.00021246" lon="82.51201416"><ele>0.000</ele></trkpt><trkpt lat="0.00021246" lon="82.51201416"><ele>0.000</ele></trkpt><trkpt lat="0.00021246" lon="82.51201416"><ele>0.000</ele></trkpt><trkpt lat="0.00021246" lon="82.51201416"><ele>0.000</ele></trkpt><trkpt lat="0.00021246" lon="82.51201416"><ele>0.000</ele></trkpt><trkpt lat="0.00021246" lon="82.51201416"><ele>0.000</ele></trkpt><trkpt lat="0.00021246" lon="82.51201416"><ele>0.000</ele></trkpt><trkpt lat="0.00021246" lon="82.51201416"><ele>0.000</ele></trkpt><trkpt lat="0.00021246" lon="82.51201416"><ele>0.000</ele></trkpt><trkpt lat="0.00021246" lon="82.51201416"><ele>0.000</ele></trkpt><trkpt lat="0.00021246" lon="82.51201416"><ele>0.000</ele></trkpt><trkpt lat="0.00021246" lon="82.51201416"><ele>0.000</ele></trkpt><trkpt lat="0.00021246" lon="82.51201416"><ele>0.000</ele></trkpt><trkpt lat="0.00021246" lon="82.51201416"><ele>0.000</ele></trkpt><trkpt lat="0.00021246" lon="82.51201416"><ele>0.000</ele></trkpt><trkpt lat="0.00021246" lon="82.51201416"><ele>0.000</ele></trkpt><trkpt lat="0.00021246" lon="82.51201416"><ele>0.000</ele></trkpt><trkpt lat="0.00021246" lon="82.51201416"><ele>0.000</ele></trkpt><trkpt lat="0.00021246" lon="82.51201416"><ele>0.000</ele></trkpt><trkpt lat="0.00021246" lon="82.51201416"><ele>0.000</ele></trkpt><trkpt lat="0.00021245" lon="82.51201416"><ele>0.000</ele></trkpt><trkpt lat="0.00021245" lon="82.51201416"><ele>0.000</ele></trkpt><trkpt lat="0.00021245" lon="82.51201416"><ele>0.000</ele></trkpt><trkpt lat="0.00021245" lon="82.51201416"><ele>0.000</ele></trkpt><trkpt lat="0.00021245" lon="82.51201416"><ele>0.000</ele></trkpt><trkpt lat="0.00021245" lon="82.51201416"><ele>0.000</ele></trkpt><trkpt lat="0.00021245" lon="82.51201416"><ele>0.000</ele></trkpt><trkpt lat="0.00021245" lon="82.51201415"><ele>0.000</ele></trkpt><trkpt lat="0.00021245" lon="82.51201415"><ele>0.000</ele></trkpt><trkpt lat="0.00021245" lon="82.51201415"><ele>0.000</ele></trkpt><trkpt lat="0.00021245" lon="82.51201415"><ele>0.000</ele></trkpt><trkpt lat="0.00021245" lon="82.51201416"><ele>0.000</ele></trkpt><trkpt lat="0.00021245" lon="82.51201416"><ele>0.000</ele></trkpt><trkpt lat="0.00021245" lon="82.51201416"><ele>0.000</ele></trkpt><trkpt lat="0.00021245" lon="82.51201416"><ele>0.000</ele></trkpt><trkpt lat="0.00021245" lon="82.51201416"><ele>0.000</ele></trkpt><trkpt lat="0.00021245" lon="82.51201416"><ele>0.000</ele></trkpt><trkpt lat="0.00021245" lon="82.51201416"><ele>0.000</ele></trkpt><trkpt lat="0.00021245" lon="82.51201416"><ele>0.000</ele></trkpt><trkpt lat="0.00021245" lon="82.51201416"><ele>0.000</ele></trkpt><trkpt lat="0.00021245" lon="82.51201416"><ele>0.000</ele></trkpt><trkpt lat="0.00021245" lon="82.51201416"><ele>0.000</ele></trkpt><trkpt lat="0.00021245" lon="82.51201416"><ele>0.000</ele></trkpt><trkpt lat="0.00021245" lon="82.51201416"><ele>0.000</ele></trkpt><trkpt lat="0.00021245" lon="82.51201416"><ele>0.000</ele></trkpt><trkpt lat="0.00021245" lon="82.51201416"><ele>0.000</ele></trkpt><trkpt lat="0.00021245" lon="82.51201416"><ele>0.000</ele></trkpt><trkpt lat="0.00021245" lon="82.51201416"><ele>0.000</ele></trkpt><trkpt lat="0.00021245" lon="82.51201416"><ele>0.000</ele></trkpt><trkpt lat="0.00021244" lon="82.51201416"><ele>0.000</ele></trkpt><trkpt lat="0.00021244" lon="82.51201417"><ele>0.000</ele></trkpt><trkpt lat="0.00021244" lon="82.51201417"><ele>0.000</ele></trkpt><trkpt lat="0.00021244" lon="82.51201417"><ele>0.000</ele></trkpt><trkpt lat="0.00021244" lon="82.51201417"><ele>0.000</ele></trkpt><trkpt lat="0.00021244" lon="82.51201417"><ele>0.000</ele></trkpt><trkpt lat="0.00021244" lon="82.51201417"><ele>0.000</ele></trkpt><trkpt lat="0.00021244" lon="82.51201417"><ele>0.000</ele></trkpt><trkpt lat="0.00021245" lon="82.51201417"><ele>0.000</ele></trkpt><trkpt lat="0.00021245" lon="82.51201417"><ele>0.000</ele></trkpt><trkpt lat="0.00021245" lon="82.51201417"><ele>0.000</ele></trkpt><trkpt lat="0.00021245" lon="82.51201417"><ele>0.000</ele></trkpt><trkpt lat="0.00021245" lon="82.51201417"><ele>0.000</ele></trkpt><trkpt lat="0.00021245" lon="82.51201417"><ele>0.000</ele></trkpt><trkpt lat="0.00021245" lon="82.51201417"><ele>0.000</ele></trkpt><trkpt lat="0.00021245" lon="82.51201417"><ele>0.000</ele></trkpt><trkpt lat="0.00021245" lon="82.51201417"><ele>0.000</ele></trkpt><trkpt lat="0.00021245" lon="82.51201417"><ele>0.000</ele></trkpt><trkpt lat="0.00021245" lon="82.51201417"><ele>0.000</ele></trkpt><trkpt lat="0.00021245" lon="82.51201417"><ele>0.000</ele></trkpt><trkpt lat="0.00021245" lon="82.51201417"><ele>0.000</ele></trkpt><trkpt lat="0.00021245" lon="82.51201417"><ele>0.000</ele></trkpt><trkpt lat="0.00021245" lon="82.51201417"><ele>0.000</ele></trkpt><trkpt lat="0.00021245" lon="82.51201417"><ele>0.000</ele></trkpt><trkpt lat="0.00021245" lon="82.51201417"><ele>0.000</ele></trkpt><trkpt lat="0.00021245" lon="82.51201417"><ele>0.000</ele></trkpt><trkpt lat="0.00021245" lon="82.51201418"><ele>0.000</ele></trkpt><trkpt lat="0.00021245" lon="82.51201418"><ele>0.000</ele></trkpt><trkpt lat="0.00021245" lon="82.51201418"><ele>0.000</ele></trkpt><trkpt lat="0.00021245" lon="82.51201418"><ele>0.000</ele></trkpt><trkpt lat="0.00021245" lon="82.51201418"><ele>0.000</ele></trkpt><trkpt lat="0.00021245" lon="82.51201418"><ele>0.000</ele></trkpt><trkpt lat="0.00021245" lon="82.51201418"><ele>0.000</ele></trkpt><trkpt lat="0.00021245" lon="82.51201418"><ele>0.000</ele></trkpt><trkpt lat="0.00021245" lon="82.51201418"><ele>0.000</ele></trkpt><trkpt lat="0.00021245" lon="82.51201418"><ele>0.000</ele></trkpt><trkpt lat="0.00021245" lon="82.51201418"><ele>0.000</ele></trkpt><trkpt lat="0.00021245" lon="82.51201418"><ele>0.000</ele></trkpt><trkpt lat="0.00021245" lon="82.51201418"><ele>0.000</ele></trkpt><trkpt lat="0.00021245" lon="82.51201418"><ele>0.000</ele></trkpt><trkpt lat="0.00021245" lon="82.51201418"><ele>0.000</ele></trkpt><trkpt lat="0.00021245" lon="82.51201418"><ele>0.000</ele></trkpt><trkpt lat="0.00021245" lon="82.51201418"><ele>0.000</ele></trkpt><trkpt lat="0.00021245" lon="82.51201418"><ele>0.000</ele></trkpt><trkpt lat="0.00021245" lon="82.51201418"><ele>0.000</ele></trkpt><trkpt lat="0.00021245" lon="82.51201418"><ele>0.000</ele></trkpt><trkpt lat="0.00021245" lon="82.51201418"><ele>0.000</ele></trkpt><trkpt lat="0.00021245" lon="82.51201418"><ele>0.000</ele></trkpt><trkpt lat="0.00021245" lon="82.51201418"><ele>0.000</ele></trkpt><trkpt lat="0.00021245" lon="82.51201418"><ele>0.000</ele></trkpt><trkpt lat="0.00021245" lon="82.51201418"><ele>0.000</ele></trkpt><trkpt lat="0.00021245" lon="82.51201418"><ele>0.000</ele></trkpt><trkpt lat="0.00021245" lon="82.51201418"><ele>0.000</ele></trkpt><trkpt lat="0.00021245" lon="82.51201418"><ele>0.000</ele></trkpt><trkpt lat="0.00021245" lon="82.51201418"><ele>0.000</ele></trkpt><trkpt lat="0.00021245" lon="82.51201418"><ele>0.000</ele></trkpt><trkpt lat="0.00021245" lon="82.51201418"><ele>0.000</ele></trkpt><trkpt lat="0.00021245" lon="82.51201418"><ele>0.000</ele></trkpt><trkpt lat="0.00021245" lon="82.51201418"><ele>0.000</ele></trkpt><trkpt lat="0.00021245" lon="82.51201418"><ele>0.000</ele></trkpt><trkpt lat="0.00021245" lon="82.51201418"><ele>0.000</ele></trkpt><trkpt lat="0.00021245" lon="82.51201418"><ele>0.000</ele></trkpt><trkpt lat="0.00021245" lon="82.51201418"><ele>0.000</ele></trkpt><trkpt lat="0.00021245" lon="82.51201418"><ele>0.000</ele></trkpt><trkpt lat="0.00021245" lon="82.51201418"><ele>0.000</ele></trkpt><trkpt lat="0.00021245" lon="82.51201418"><ele>0.000</ele></trkpt><trkpt lat="0.00021245" lon="82.51201418"><ele>0.000</ele></trkpt><trkpt lat="0.00021245" lon="82.51201418"><ele>0.000</ele></trkpt><trkpt lat="0.00021245" lon="82.51201418"><ele>0.000</ele></trkpt><trkpt lat="0.00021245" lon="82.51201418"><ele>0.000</ele></trkpt><trkpt lat="0.00021245" lon="82.51201418"><ele>0.000</ele></trkpt><trkpt lat="0.00021245" lon="82.51201418"><ele>0.000</ele></trkpt><trkpt lat="0.00021245" lon="82.51201418"><ele>0.000</ele></trkpt><trkpt lat="0.00021245" lon="82.51201418"><ele>0.000</ele></trkpt><trkpt lat="0.00021245" lon="82.51201418"><ele>0.000</ele></trkpt><trkpt lat="0.00021245" lon="82.51201418"><ele>0.000</ele></trkpt><trkpt lat="0.00021245" lon="82.51201418"><ele>0.000</ele></trkpt><trkpt lat="0.00021245" lon="82.51201418"><ele>0.000</ele></trkpt><trkpt lat="0.00021245" lon="82.51201418"><ele>0.000</ele></trkpt><trkpt lat="0.00021245" lon="82.51201418"><ele>0.000</ele></trkpt><trkpt lat="0.00021245" lon="82.51201418"><ele>0.000</ele></trkpt><trkpt lat="0.00021245" lon="82.51201418"><ele>0.000</ele></trkpt><trkpt lat="0.00021245" lon="82.51201418"><ele>0.000</ele></trkpt><trkpt lat="0.00021245" lon="82.51201418"><ele>0.000</ele></trkpt><trkpt lat="0.00021245" lon="82.51201418"><ele>0.000</ele></trkpt><trkpt lat="0.00021245" lon="82.51201418"><ele>0.000</ele></trkpt><trkpt lat="0.00021245" lon="82.51201418"><ele>0.000</ele></trkpt><trkpt lat="0.00021245" lon="82.51201418"><ele>0.000</ele></trkpt><trkpt lat="0.00021245" lon="82.51201418"><ele>0.000</ele></trkpt><trkpt lat="0.00021245" lon="82.51201418"><ele>0.000</ele></trkpt><trkpt lat="0.00021245" lon="82.51201418"><ele>0.000</ele></trkpt><trkpt lat="0.00021245" lon="82.51201418"><ele>0.000</ele></trkpt><trkpt lat="0.00021245" lon="82.51201419"><ele>0.000</ele></trkpt><trkpt lat="0.00021245" lon="82.51201419"><ele>0.000</ele></trkpt><trkpt lat="0.00021245" lon="82.51201419"><ele>0.000</ele></trkpt><trkpt lat="0.00021245" lon="82.51201419"><ele>0.000</ele></trkpt><trkpt lat="0.00021245" lon="82.51201419"><ele>0.000</ele></trkpt><trkpt lat="0.00021245" lon="82.51201419"><ele>0.000</ele></trkpt><trkpt lat="0.00021245" lon="82.51201419"><ele>0.000</ele></trkpt><trkpt lat="0.00021245" lon="82.51201419"><ele>0.000</ele></trkpt><trkpt lat="0.00021245" lon="82.51201419"><ele>0.000</ele></trkpt><trkpt lat="0.00021245" lon="82.51201419"><ele>0.000</ele></trkpt><trkpt lat="0.00021245" lon="82.51201419"><ele>0.000</ele></trkpt><trkpt lat="0.00021245" lon="82.51201419"><ele>0.000</ele></trkpt><trkpt lat="0.00021245" lon="82.51201419"><ele>0.000</ele></trkpt><trkpt lat="0.00021245" lon="82.51201419"><ele>0.000</ele></trkpt><trkpt lat="0.00021245" lon="82.51201419"><ele>0.000</ele></trkpt><trkpt lat="0.00021245" lon="82.51201419"><ele>0.000</ele></trkpt><trkpt lat="0.00021245" lon="82.51201419"><ele>0.000</ele></trkpt><trkpt lat="0.00021245" lon="82.51201419"><ele>0.000</ele></trkpt><trkpt lat="0.00021245" lon="82.51201419"><ele>0.000</ele></trkpt><trkpt lat="0.00021245" lon="82.51201419"><ele>0.000</ele></trkpt><trkpt lat="0.00021245" lon="82.51201419"><ele>0.000</ele></trkpt><trkpt lat="0.00021245" lon="82.51201419"><ele>0.000</ele></trkpt><trkpt lat="0.00021245" lon="82.51201419"><ele>0.000</ele></trkpt><trkpt lat="0.00021245" lon="82.51201419"><ele>0.000</ele></trkpt><trkpt lat="0.00021245" lon="82.51201419"><ele>0.000</ele></trkpt><trkpt lat="0.00021245" lon="82.51201419"><ele>0.000</ele></trkpt><trkpt lat="0.00021245" lon="82.51201419"><ele>0.000</ele></trkpt><trkpt lat="0.00021245" lon="82.51201419"><ele>0.000</ele></trkpt><trkpt lat="0.00021245" lon="82.51201419"><ele>0.000</ele></trkpt><trkpt lat="0.00021245" lon="82.51201419"><ele>0.000</ele></trkpt><trkpt lat="0.00021245" lon="82.51201419"><ele>0.000</ele></trkpt><trkpt lat="0.00021245" lon="82.51201419"><ele>0.000</ele></trkpt><trkpt lat="0.00021245" lon="82.51201419"><ele>0.000</ele></trkpt><trkpt lat="0.00021245" lon="82.51201419"><ele>0.000</ele></trkpt><trkpt lat="0.00021245" lon="82.51201419"><ele>0.000</ele></trkpt><trkpt lat="0.00021245" lon="82.51201419"><ele>0.000</ele></trkpt><trkpt lat="0.00021245" lon="82.51201419"><ele>0.000</ele></trkpt><trkpt lat="0.00021245" lon="82.51201419"><ele>0.000</ele></trkpt><trkpt lat="0.00021245" lon="82.51201419"><ele>0.000</ele></trkpt><trkpt lat="0.00021245" lon="82.51201419"><ele>0.000</ele></trkpt><trkpt lat="0.00021245" lon="82.51201419"><ele>0.000</ele></trkpt><trkpt lat="0.00021245" lon="82.51201418"><ele>0.000</ele></trkpt><trkpt lat="0.00021245" lon="82.51201418"><ele>0.000</ele></trkpt><trkpt lat="0.00021245" lon="82.51201418"><ele>0.000</ele></trkpt><trkpt lat="0.00021245" lon="82.51201418"><ele>0.000</ele></trkpt><trkpt lat="0.00021245" lon="82.51201418"><ele>0.000</ele></trkpt><trkpt lat="0.00021245" lon="82.51201418"><ele>0.000</ele></trkpt><trkpt lat="0.00021245" lon="82.51201418"><ele>0.000</ele></trkpt><trkpt lat="0.00021245" lon="82.51201418"><ele>0.000</ele></trkpt><trkpt lat="0.00021245" lon="82.51201418"><ele>0.000</ele></trkpt><trkpt lat="0.00021245" lon="82.51201418"><ele>0.000</ele></trkpt><trkpt lat="0.00021245" lon="82.51201418"><ele>0.000</ele></trkpt><trkpt lat="0.00021245" lon="82.51201418"><ele>0.000</ele></trkpt><trkpt lat="0.00021245" lon="82.51201418"><ele>0.000</ele></trkpt><trkpt lat="0.00021245" lon="82.51201418"><ele>0.000</ele></trkpt><trkpt lat="0.00021245" lon="82.51201418"><ele>0.000</ele></trkpt><trkpt lat="0.00021245" lon="82.51201418"><ele>0.000</ele></trkpt><trkpt lat="0.00021245" lon="82.51201418"><ele>0.000</ele></trkpt><trkpt lat="0.00021245" lon="82.51201418"><ele>0.000</ele></trkpt><trkpt lat="0.00021245" lon="82.51201418"><ele>0.000</ele></trkpt><trkpt lat="0.00021245" lon="82.51201418"><ele>0.000</ele></trkpt><trkpt lat="0.00021245" lon="82.51201418"><ele>0.000</ele></trkpt><trkpt lat="0.00021244" lon="82.51201418"><ele>0.000</ele></trkpt><trkpt lat="0.00021244" lon="82.51201418"><ele>0.000</ele></trkpt><trkpt lat="0.00021244" lon="82.51201418"><ele>0.000</ele></trkpt><trkpt lat="0.00021244" lon="82.51201418"><ele>0.000</ele></trkpt><trkpt lat="0.00021244" lon="82.51201418"><ele>0.000</ele></trkpt><trkpt lat="0.00021244" lon="82.51201418"><ele>0.000</ele></trkpt><trkpt lat="0.00021244" lon="82.51201418"><ele>0.000</ele></trkpt><trkpt lat="0.00021244" lon="82.51201417"><ele>0.000</ele></trkpt><trkpt lat="0.00021244" lon="82.51201417"><ele>0.000</ele></trkpt><trkpt lat="0.00021244" lon="82.51201417"><ele>0.000</ele></trkpt><trkpt lat="0.00021244" lon="82.51201417"><ele>0.000</ele></trkpt><trkpt lat="0.00021244" lon="82.51201417"><ele>0.000</ele></trkpt><trkpt lat="0.00021244" lon="82.51201417"><ele>0.000</ele></trkpt><trkpt lat="0.00021244" lon="82.51201417"><ele>0.000</ele></trkpt><trkpt lat="0.00021244" lon="82.51201417"><ele>0.000</ele></trkpt><trkpt lat="0.00021244" lon="82.51201417"><ele>0.000</ele></trkpt><trkpt lat="0.00021243" lon="82.51201417"><ele>0.000</ele></trkpt><trkpt lat="0.00021243" lon="82.51201418"><ele>0.000</ele></trkpt></trkseg></trk>
<trk><name>Safety Belt - 115.13-A Ha (7.5 m)</name><trkseg><trkpt lat="0.00021242" lon="82.51201422"><ele>0.000</ele></trkpt><trkpt lat="0.00021242" lon="82.51201421"><ele>0.000</ele></trkpt><trkpt lat="0.00021241" lon="82.51201420"><ele>0.000</ele></trkpt><trkpt lat="0.00021240" lon="82.51201420"><ele>0.000</ele></trkpt><trkpt lat="0.00021239" lon="82.51201420"><ele>0.000</ele></trkpt><trkpt lat="0.00021239" lon="82.51201420"><ele>0.000</ele></trkpt><trkpt lat="0.00021238" lon="82.51201420"><ele>0.000</ele></trkpt><trkpt lat="0.00021238" lon="82.51201419"><ele>0.000</ele></trkpt><trkpt lat="0.00021238" lon="82.51201419"><ele>0.000</ele></trkpt><trkpt lat="0.00021237" lon="82.51201419"><ele>0.000</ele></trkpt><trkpt lat="0.00021237" lon="82.51201419"><ele>0.000</ele></trkpt><trkpt lat="0.00021237" lon="82.51201418"><ele>0.000</ele></trkpt><trkpt lat="0.00021237" lon="82.51201418"><ele>0.000</ele></trkpt><trkpt lat="0.00021237" lon="82.51201418"><ele>0.000</ele></trkpt><trkpt lat="0.00021237" lon="82.51201418"><ele>0.000</ele></trkpt><trkpt lat="0.00021237" lon="82.51201418"><ele>0.000</ele></trkpt><trkpt lat="0.00021237" lon="82.51201418"><ele>0.000</ele></trkpt><trkpt lat="0.00021237" lon="82.51201418"><ele>0.000</ele></trkpt><trkpt lat="0.00021237" lon="82.51201418"><ele>0.000</ele></trkpt><trkpt lat="0.00021237" lon="82.51201418"><ele>0.000</ele></trkpt><trkpt lat="0.00021237" lon="82.51201418"><ele>0.000</ele></trkpt><trkpt lat="0.00021236" lon="82.51201418"><ele>0.000</ele></trkpt><trkpt lat="0.00021236" lon="82.51201418"><ele>0.000</ele></trkpt><trkpt lat="0.00021237" lon="82.51201418"><ele>0.000</ele></trkpt><trkpt lat="0.00021237" lon="82.51201418"><ele>0.000</ele></trkpt><trkpt lat="0.00021237" lon="82.51201417"><ele>0.000</ele></trkpt><trkpt lat="0.00021237" lon="82.51201417"><ele>0.000</ele></trkpt><trkpt lat="0.00021237" lon="82.51201417"><ele>0.000</ele></trkpt><trkpt lat="0.00021237" lon="82.51201417"><ele>0.000</ele></trkpt><trkpt lat="0.00021237" lon="82.51201416"><ele>0.000</ele></trkpt><trkpt lat="0.00021237" lon="82.51201416"><ele>0.000</ele></trkpt><trkpt lat="0.00021237" lon="82.51201416"><ele>0.000</ele></trkpt><trkpt lat="0.00021237" lon="82.51201416"><ele>0.000</ele></trkpt><trkpt lat="0.00021237" lon="82.51201417"><ele>0.000</ele></trkpt><trkpt lat="0.00021237" lon="82.51201417"><ele>0.000</ele></trkpt><trkpt lat="0.00021237" lon="82.51201417"><ele>0.000</ele></trkpt><trkpt lat="0.00021237" lon="82.51201417"><ele>0.000</ele></trkpt><trkpt lat="0.00021237" lon="82.51201417"><ele>0.000</ele></trkpt><trkpt lat="0.00021236" lon="82.51201417"><ele>0.000</ele></trkpt><trkpt lat="0.00021236" lon="82.51201417"><ele>0.000</ele></trkpt><trkpt lat="0.00021236" lon="82.51201417"><ele>0.000</ele></trkpt><trkpt lat="0.00021236" lon="82.51201418"><ele>0.000</ele></trkpt><trkpt lat="0.00021236" lon="82.51201418"><ele>0.000</ele></trkpt><trkpt lat="0.00021236" lon="82.51201418"><ele>0.000</ele></trkpt><trkpt lat="0.00021236" lon="82.51201418"><ele>0.000</ele></trkpt><trkpt lat="0.00021236" lon="82.51201418"><ele>0.000</ele></trkpt><trkpt lat="0.00021236" lon="82.51201418"><ele>0.000</ele></trkpt><trkpt lat="0.00021236" lon="82.51201418"><ele>0.000</ele></trkpt><trkpt lat="0.00021236" lon="82.51201418"><ele>0.000</ele></trkpt><trkpt lat="0.00021236" lon="82.51201418"><ele>0.000</ele></trkpt><trkpt lat="0.00021236" lon="82.51201418"><ele>0.000</ele></trkpt><trkpt lat="0.00021236" lon="82.51201418"><ele>0.000</ele></trkpt><trkpt lat="0.00021236" lon="82.51201418"><ele>0.000</ele></trkpt><trkpt lat="0.00021236" lon="82.51201418"><ele>0.000</ele></trkpt><trkpt lat="0.00021236" lon="82.51201417"><ele>0.000</ele></trkpt><trkpt lat="0.00021236" lon="82.51201417"><ele>0.000</ele></trkpt><trkpt lat="0.00021236" lon="82.51201417"><ele>0.000</ele></trkpt><trkpt lat="0.00021236" lon="82.51201417"><ele>0.000</ele></trkpt><trkpt lat="0.00021236" lon="82.51201417"><ele>0.000</ele></trkpt><trkpt lat="0.00021236" lon="82.51201417"><ele>0.000</ele></trkpt><trkpt lat="0.00021236" lon="82.51201417"><ele>0.000</ele></trkpt><trkpt lat="0.00021236" lon="82.51201416"><ele>0.000</ele></trkpt><trkpt lat="0.00021236" lon="82.51201416"><ele>0.000</ele></trkpt><trkpt lat="0.00021236" lon="82.51201417"><ele>0.000</ele></trkpt><trkpt lat="0.00021236" lon="82.51201417"><ele>0.000</ele></trkpt><trkpt lat="0.00021236" lon="82.51201417"><ele>0.000</ele></trkpt><trkpt lat="0.00021236" lon="82.51201417"><ele>0.000</ele></trkpt><trkpt lat="0.00021236" lon="82.51201417"><ele>0.000</ele></trkpt><trkpt lat="0.00021236" lon="82.51201417"><ele>0.000</ele></trkpt><trkpt lat="0.00021236" lon="82.51201417"><ele>0.000</ele></trkpt><trkpt lat="0.00021236" lon="82.51201417"><ele>0.000</ele></trkpt><trkpt lat="0.00021236" lon="82.51201417"><ele>0.000</ele></trkpt><trkpt lat="0.00021236" lon="82.51201417"><ele>0.000</ele></trkpt><trkpt lat="0.00021236" lon="82.51201417"><ele>0.000</ele></trkpt><trkpt lat="0.00021236" lon="82.51201417"><ele>0.000</ele></trkpt><trkpt lat="0.00021236" lon="82.51201417"><ele>0.000</ele></trkpt><trkpt lat="0.00021236" lon="82.51201417"><ele>0.000</ele></trkpt><trkpt lat="0.00021236" lon="82.51201417"><ele>0.000</ele></trkpt><trkpt lat="0.00021236" lon="82.51201417"><ele>0.000</ele></trkpt><trkpt lat="0.00021236" lon="82.51201417"><ele>0.000</ele></trkpt><trkpt lat="0.00021236" lon="82.51201417"><ele>0.000</ele></trkpt><trkpt lat="0.00021236" lon="82.51201417"><ele>0.000</ele></trkpt><trkpt lat="0.00021236" lon="82.51201418"><ele>0.000</ele></trkpt><trkpt lat="0.00021236" lon="82.51201418"><ele>0.000</ele></trkpt><trkpt lat="0.00021236" lon="82.51201418"><ele>0.000</ele></trkpt><trkpt lat="0.00021236" lon="82.51201418"><ele>0.000</ele></trkpt><trkpt lat="0.00021236" lon="82.51201418"><ele>0.000</ele></trkpt><trkpt lat="0.00021236" lon="82.51201418"><ele>0.000</ele></trkpt><trkpt lat="0.00021236" lon="82.51201418"><ele>0.000</ele></trkpt><trkpt lat="0.00021236" lon="82.51201418"><ele>0.000</ele></trkpt><trkpt lat="0.00021236" lon="82.51201418"><ele>0.000</ele></trkpt><trkpt lat="0.00021236" lon="82.51201418"><ele>0.000</ele></trkpt><trkpt lat="0.00021235" lon="82.51201418"><ele>0.000</ele></trkpt><trkpt lat="0.00021235" lon="82.51201418"><ele>0.000</ele></trkpt><trkpt lat="0.00021235" lon="82.51201418"><ele>0.000</ele></trkpt><trkpt lat="0.00021234" lon="82.51201419"><ele>0.000</ele></trkpt><trkpt lat="0.00021234" lon="82.51201419"><ele>0.000</ele></trkpt><trkpt lat="0.00021234" lon="82.51201419"><ele>0.000</ele></trkpt><trkpt lat="0.00021234" lon="82.51201419"><ele>0.000</ele></trkpt><trkpt lat="0.00021234" lon="82.51201419"><ele>0.000</ele></trkpt><trkpt lat="0.00021234" lon="82.51201419"><ele>0.000</ele></trkpt><trkpt lat="0.00021234" lon="82.51201418"><ele>0.000</ele></trkpt><trkpt lat="0.00021234" lon="82.51201418"><ele>0.000</ele></trkpt><trkpt lat="0.00021233" lon="82.51201418"><ele>0.000</ele></trkpt><trkpt lat="0.00021233" lon="82.51201418"><ele>0.000</ele></trkpt><trkpt lat="0.00021233" lon="82.51201418"><ele>0.000</ele></trkpt><trkpt lat="0.00021233" lon="82.51201418"><ele>0.000</ele></trkpt><trkpt lat="0.00021233" lon="82.51201418"><ele>0.000</ele></trkpt><trkpt lat="0.00021233" lon="82.51201418"><ele>0.000</ele></trkpt><trkpt lat="0.00021233" lon="82.51201418"><ele>0.000</ele></trkpt><trkpt lat="0.00021233" lon="82.51201418"><ele>0.000</ele></trkpt><trkpt lat="0.00021233" lon="82.51201417"><ele>0.000</ele></trkpt><trkpt lat="0.00021232" lon="82.51201417"><ele>0.000</ele></trkpt><trkpt lat="0.00021232" lon="82.51201417"><ele>0.000</ele></trkpt><trkpt lat="0.00021232" lon="82.51201417"><ele>0.000</ele></trkpt><trkpt lat="0.00021232" lon="82.51201417"><ele>0.000</ele></trkpt><trkpt lat="0.00021232" lon="82.51201416"><ele>0.000</ele></trkpt><trkpt lat="0.00021231" lon="82.51201416"><ele>0.000</ele></trkpt><trkpt lat="0.00021231" lon="82.51201415"><ele>0.000</ele></trkpt><trkpt lat="0.00021231" lon="82.51201415"><ele>0.000</ele></trkpt><trkpt lat="0.00021231" lon="82.51201415"><ele>0.000</ele></trkpt><trkpt lat="0.00021231" lon="82.51201415"><ele>0.000</ele></trkpt><trkpt lat="0.00021232" lon="82.51201415"><ele>0.000</ele></trkpt><trkpt lat="0.00021233" lon="82.51201414"><ele>0.000</ele></trkpt><trkpt lat="0.00021234" lon="82.51201414"><ele>0.000</ele></trkpt><trkpt lat="0.00021235" lon="82.51201414"><ele>0.000</ele></trkpt><trkpt lat="0.00021236" lon="82.51201413"><ele>0.000</ele></trkpt><trkpt lat="0.00021237" lon="82.51201414"><ele>0.000</ele></trkpt><trkpt lat="0.00021239" lon="82.51201416"><ele>0.000</ele></trkpt><trkpt lat="0.00021239" lon="82.51201416"><ele>0.000</ele></trkpt><trkpt lat="0.00021239" lon="82.51201416"><ele>0.000</ele></trkpt><trkpt lat="0.00021239" lon="82.51201416"><ele>0.000</ele></trkpt><trkpt lat="0.00021239" lon="82.51201416"><ele>0.000</ele></trkpt><trkpt lat="0.00021239" lon="82.51201416"><ele>0.000</ele></trkpt><trkpt lat="0.00021239" lon="82.51201416"><ele>0.000</ele></trkpt><trkpt lat="0.00021239" lon="82.51201416"><ele>0.000</ele></trkpt><trkpt lat="0.00021239" lon="82.51201416"><ele>0.000</ele></trkpt><trkpt lat="0.00021239" lon="82.51201416"><ele>0.000</ele></trkpt><trkpt lat="0.00021239" lon="82.51201416"><ele>0.000</ele></trkpt><trkpt lat="0.00021239" lon="82.51201416"><ele>0.000</ele></trkpt><trkpt lat="0.00021239" lon="82.51201416"><ele>0.000</ele></trkpt><trkpt lat="0.00021239" lon="82.51201416"><ele>0.000</ele></trkpt><trkpt lat="0.00021239" lon="82.51201416"><ele>0.000</ele></trkpt><trkpt lat="0.00021239" lon="82.51201416"><ele>0.000</ele></trkpt><trkpt lat="0.00021239" lon="82.51201416"><ele>0.000</ele></trkpt><trkpt lat="0.00021239" lon="82.51201417"><ele>0.000</ele></trkpt><trkpt lat="0.00021239" lon="82.51201417"><ele>0.000</ele></trkpt><trkpt lat="0.00021239" lon="82.51201416"><ele>0.000</ele></trkpt><trkpt lat="0.00021239" lon="82.51201416"><ele>0.000</ele></trkpt><trkpt lat="0.00021239" lon="82.51201417"><ele>0.000</ele></trkpt><trkpt lat="0.00021239" lon="82.51201417"><ele>0.000</ele></trkpt><trkpt lat="0.00021239" lon="82.51201417"><ele>0.000</ele></trkpt><trkpt lat="0.00021239" lon="82.51201417"><ele>0.000</ele></trkpt><trkpt lat="0.00021239" lon="82.51201417"><ele>0.000</ele></trkpt><trkpt lat="0.00021239" lon="82.51201417"><ele>0.000</ele></trkpt><trkpt lat="0.00021239" lon="82.51201417"><ele>0.000</ele></trkpt><trkpt lat="0.00021239" lon="82.51201417"><ele>0.000</ele></trkpt><trkpt lat="0.00021239" lon="82.51201417"><ele>0.000</ele></trkpt><trkpt lat="0.00021240" lon="82.51201416"><ele>0.000</ele></trkpt><trkpt lat="0.00021240" lon="82.51201416"><ele>0.000</ele></trkpt><trkpt lat="0.00021240" lon="82.51201416"><ele>0.000</ele></trkpt><trkpt lat="0.00021240" lon="82.51201416"><ele>0.000</ele></trkpt><trkpt lat="0.00021240" lon="82.51201416"><ele>0.000</ele></trkpt><trkpt lat="0.00021240" lon="82.51201416"><ele>0.000</ele></trkpt><trkpt lat="0.00021240" lon="82.51201416"><ele>0.000</ele></trkpt><trkpt lat="0.00021241" lon="82.51201418"><ele>0.000</ele></trkpt><trkpt lat="0.00021241" lon="82.51201418"><ele>0.000</ele></trkpt><trkpt lat="0.00021241" lon="82.51201418"><ele>0.000</ele></trkpt><trkpt lat="0.00021241" lon="82.51201418"><ele>0.000</ele></trkpt><trkpt lat="0.00021241" lon="82.51201418"><ele>0.000</ele></trkpt><trkpt lat="0.00021241" lon="82.51201418"><ele>0.000</ele></trkpt><trkpt lat="0.00021241" lon="82.51201418"><ele>0.000</ele></trkpt><trkpt lat="0.00021241" lon="82.51201418"><ele>0.000</ele></trkpt><trkpt lat="0.00021241" lon="82.51201418"><ele>0.000</ele></trkpt><trkpt lat="0.00021241" lon="82.51201418"><ele>0.000</ele></trkpt><trkpt lat="0.00021242" lon="82.51201418"><ele>0.000</ele></trkpt><trkpt lat="0.00021242" lon="82.51201418"><ele>0.000</ele></trkpt><trkpt lat="0.00021241" lon="82.51201418"><ele>0.000</ele></trkpt><trkpt lat="0.00021241" lon="82.51201418"><ele>0.000</ele></trkpt><trkpt lat="0.00021241" lon="82.51201418"><ele>0.000</ele></trkpt><trkpt lat="0.00021241" lon="82.51201418"><ele>0.000</ele></trkpt><trkpt lat="0.00021241" lon="82.51201418"><ele>0.000</ele></trkpt><trkpt lat="0.00021241" lon="82.51201418"><ele>0.000</ele></trkpt><trkpt lat="0.00021241" lon="82.51201419"><ele>0.000</ele></trkpt><trkpt lat="0.00021241" lon="82.51201418"><ele>0.000</ele></trkpt><trkpt lat="0.00021241" lon="82.51201418"><ele>0.000</ele></trkpt><trkpt lat="0.00021241" lon="82.51201418"><ele>0.000</ele></trkpt><trkpt lat="0.00021242" lon="82.51201418"><ele>0.000</ele></trkpt><trkpt lat="0.00021242" lon="82.51201418"><ele>0.000</ele></trkpt><trkpt lat="0.00021242" lon="82.51201418"><ele>0.000</ele></trkpt><trkpt lat="0.00021242" lon="82.51201418"><ele>0.000</ele></trkpt><trkpt lat="0.00021242" lon="82.51201418"><ele>0.000</ele></trkpt><trkpt lat="0.00021242" lon="82.51201418"><ele>0.000</ele></trkpt><trkpt lat="0.00021242" lon="82.51201419"><ele>0.000</ele></trkpt><trkpt lat="0.00021242" lon="82.51201419"><ele>0.000</ele></trkpt><trkpt lat="0.00021242" lon="82.51201419"><ele>0.000</ele></trkpt><trkpt lat="0.00021242" lon="82.51201418"><ele>0.000</ele></trkpt><trkpt lat="0.00021242" lon="82.51201418"><ele>0.000</ele></trkpt><trkpt lat="0.00021242" lon="82.51201418"><ele>0.000</ele></trkpt><trkpt lat="0.00021242" lon="82.51201418"><ele>0.000</ele></trkpt><trkpt lat="0.00021242" lon="82.51201418"><ele>0.000</ele></trkpt><trkpt lat="0.00021242" lon="82.51201418"><ele>0.000</ele></trkpt><trkpt lat="0.00021242" lon="82.51201418"><ele>0.000</ele></trkpt><trkpt lat="0.00021243" lon="82.51201418"><ele>0.000</ele></trkpt><trkpt lat="0.00021243" lon="82.51201418"><ele>0.000</ele></trkpt><trkpt lat="0.00021243" lon="82.51201418"><ele>0.000</ele></trkpt><trkpt lat="0.00021243" lon="82.51201418"><ele>0.000</ele></trkpt><trkpt lat="0.00021248" lon="82.51201420"><ele>0.000</ele></trkpt><trkpt lat="0.00021247" lon="82.51201421"><ele>0.000</ele></trkpt><trkpt lat="0.00021243" lon="82.51201423"><ele>0.000</ele></trkpt><trkpt lat="0.00021242" lon="82.51201422"><ele>0.000</ele></trkpt></trkseg></trk>
<trk><name>Safety Belt - 115.13-A Ha (7.5 m)</name><trkseg><trkpt lat="0.00021231" lon="82.51201416"><ele>0.000</ele></trkpt><trkpt lat="0.00021231" lon="82.51201416"><ele>0.000</ele></trkpt><trkpt lat="0.00021231" lon="82.51201416"><ele>0.000</ele></trkpt><trkpt lat="0.00021232" lon="82.51201416"><ele>0.000</ele></trkpt><trkpt lat="0.00021232" lon="82.51201417"><ele>0.000</ele></trkpt><trkpt lat="0.00021232" lon="82.51201417"><ele>0.000</ele></trkpt><trkpt lat="0.00021232" lon="82.51201417"><ele>0.000</ele></trkpt><trkpt lat="0.00021232" lon="82.51201417"><ele>0.000</ele></trkpt><trkpt lat="0.00021232" lon="82.51201417"><ele>0.000</ele></trkpt><trkpt lat="0.00021233" lon="82.51201417"><ele>0.000</ele></trkpt><trkpt lat="0.00021233" lon="82.51201417"><ele>0.000</ele></trkpt><trkpt lat="0.00021233" lon="82.51201417"><ele>0.000</ele></trkpt><trkpt lat="0.00021233" lon="82.51201418"><ele>0.000</ele></trkpt><trkpt lat="0.00021233" lon="82.51201418"><ele>0.000</ele></trkpt><trkpt lat="0.00021233" lon="82.51201418"><ele>0.000</ele></trkpt><trkpt lat="0.00021233" lon="82.51201418"><ele>0.000</ele></trkpt><trkpt lat="0.00021233" lon="82.51201418"><ele>0.000</ele></trkpt><trkpt lat="0.00021233" lon="82.51201418"><ele>0.000</ele></trkpt><trkpt lat="0.00021233" lon="82.51201418"><ele>0.000</ele></trkpt><trkpt lat="0.00021233" lon="82.51201418"><ele>0.000</ele></trkpt><trkpt lat="0.00021233" lon="82.51201418"><ele>0.000</ele></trkpt><trkpt lat="0.00021233" lon="82.51201418"><ele>0.000</ele></trkpt><trkpt lat="0.00021233" lon="82.51201418"><ele>0.000</ele></trkpt><trkpt lat="0.00021234" lon="82.51201418"><ele>0.000</ele></trkpt><trkpt lat="0.00021234" lon="82.51201418"><ele>0.000</ele></trkpt><trkpt lat="0.00021234" lon="82.51201418"><ele>0.000</ele></trkpt><trkpt lat="0.00021234" lon="82.51201419"><ele>0.000</ele></trkpt><trkpt lat="0.00021234" lon="82.51201419"><ele>0.000</ele></trkpt><trkpt lat="0.00021234" lon="82.51201419"><ele>0.000</ele></trkpt><trkpt lat="0.00021234" lon="82.51201419"><ele>0.000</ele></trkpt><trkpt lat="0.00021234" lon="82.51201419"><ele>0.000</ele></trkpt><trkpt lat="0.00021234" lon="82.51201419"><ele>0.000</ele></trkpt><trkpt lat="0.00021234" lon="82.51201419"><ele>0.000</ele></trkpt><trkpt lat="0.00021234" lon="82.51201419"><ele>0.000</ele></trkpt><trkpt lat="0.00021234" lon="82.51201418"><ele>0.000</ele></trkpt><trkpt lat="0.00021235" lon="82.51201418"><ele>0.000</ele></trkpt><trkpt lat="0.00021235" lon="82.51201418"><ele>0.000</ele></trkpt><trkpt lat="0.00021235" lon="82.51201418"><ele>0.000</ele></trkpt><trkpt lat="0.00021235" lon="82.51201418"><ele>0.000</ele></trkpt><trkpt lat="0.00021235" lon="82.51201418"><ele>0.000</ele></trkpt><trkpt lat="0.00021235" lon="82.51201418"><ele>0.000</ele></trkpt><trkpt lat="0.00021235" lon="82.51201418"><ele>0.000</ele></trkpt><trkpt lat="0.00021235" lon="82.51201418"><ele>0.000</ele></trkpt><trkpt lat="0.00021235" lon="82.51201418"><ele>0.000</ele></trkpt><trkpt lat="0.00021235" lon="82.51201418"><ele>0.000</ele></trkpt><trkpt lat="0.00021235" lon="82.51201418"><ele>0.000</ele></trkpt><trkpt lat="0.00021236" lon="82.51201418"><ele>0.000</ele></trkpt><trkpt lat="0.00021236" lon="82.51201418"><ele>0.000</ele></trkpt><trkpt lat="0.00021236" lon="82.51201418"><ele>0.000</ele></trkpt><trkpt lat="0.00021236" lon="82.51201418"><ele>0.000</ele></trkpt><trkpt lat="0.00021236" lon="82.51201418"><ele>0.000</ele></trkpt><trkpt lat="0.00021236" lon="82.51201418"><ele>0.000</ele></trkpt><trkpt lat="0.00021236" lon="82.51201418"><ele>0.000</ele></trkpt><trkpt lat="0.00021236" lon="82.51201418"><ele>0.000</ele></trkpt><trkpt lat="0.00021236" lon="82.51201418"><ele>0.000</ele></trkpt><trkpt lat="0.00021236" lon="82.51201418"><ele>0.000</ele></trkpt><trkpt lat="0.00021236" lon="82.51201418"><ele>0.000</ele></trkpt><trkpt lat="0.00021236" lon="82.51201418"><ele>0.000</ele></trkpt><trkpt lat="0.00021236" lon="82.51201418"><ele>0.000</ele></trkpt><trkpt lat="0.00021236" lon="82.51201418"><ele>0.000</ele></trkpt><trkpt lat="0.00021236" lon="82.51201418"><ele>0.000</ele></trkpt><trkpt lat="0.00021236" lon="82.51201418"><ele>0.000</ele></trkpt><trkpt lat="0.00021236" lon="82.51201418"><ele>0.000</ele></trkpt><trkpt lat="0.00021236" lon="82.51201418"><ele>0.000</ele></trkpt><trkpt lat="0.00021236" lon="82.51201418"><ele>0.000</ele></trkpt><trkpt lat="0.00021236" lon="82.51201418"><ele>0.000</ele></trkpt><trkpt lat="0.00021236" lon="82.51201417"><ele>0.000</ele></trkpt><trkpt lat="0.00021236" lon="82.51201417"><ele>0.000</ele></trkpt><trkpt lat="0.00021236" lon="82.51201417"><ele>0.000</ele></trkpt><trkpt lat="0.00021236" lon="82.51201417"><ele>0.000</ele></trkpt><trkpt lat="0.00021236" lon="82.51201417"><ele>0.000</ele></trkpt><trkpt lat="0.00021236" lon="82.51201417"><ele>0.000</ele></trkpt><trkpt lat="0.00021236" lon="82.51201417"><ele>0.000</ele></trkpt><trkpt lat="0.00021236" lon="82.51201417"><ele>0.000</ele></trkpt><trkpt lat="0.00021236" lon="82.51201417"><ele>0.000</ele></trkpt><trkpt lat="0.00021236" lon="82.51201417"><ele>0.000</ele></trkpt><trkpt lat="0.00021236" lon="82.51201417"><ele>0.000</ele></trkpt><trkpt lat="0.00021236" lon="82.51201417"><ele>0.000</ele></trkpt><trkpt lat="0.00021236" lon="82.51201417"><ele>0.000</ele></trkpt><trkpt lat="0.00021236" lon="82.51201417"><ele>0.000</ele></trkpt><trkpt lat="0.00021236" lon="82.51201417"><ele>0.000</ele></trkpt><trkpt lat="0.00021236" lon="82.51201417"><ele>0.000</ele></trkpt><trkpt lat="0.00021236" lon="82.51201417"><ele>0.000</ele></trkpt><trkpt lat="0.00021236" lon="82.51201417"><ele>0.000</ele></trkpt><trkpt lat="0.00021236" lon="82.51201417"><ele>0.000</ele></trkpt><trkpt lat="0.00021236" lon="82.51201417"><ele>0.000</ele></trkpt><trkpt lat="0.00021236" lon="82.51201417"><ele>0.000</ele></trkpt><trkpt lat="0.00021236" lon="82.51201417"><ele>0.000</ele></trkpt><trkpt lat="0.00021236" lon="82.51201417"><ele>0.000</ele></trkpt><trkpt lat="0.00021236" lon="82.51201417"><ele>0.000</ele></trkpt><trkpt lat="0.00021236" lon="82.51201417"><ele>0.000</ele></trkpt><trkpt lat="0.00021236" lon="82.51201417"><ele>0.000</ele></trkpt><trkpt lat="0.00021236" lon="82.51201417"><ele>0.000</ele></trkpt><trkpt lat="0.00021236" lon="82.51201417"><ele>0.000</ele></trkpt><trkpt lat="0.00021236" lon="82.51201417"><ele>0.000</ele></trkpt><trkpt lat="0.00021236" lon="82.51201417"><ele>0.000</ele></trkpt><trkpt lat="0.00021236" lon="82.51201417"><ele>0.000</ele></trkpt><trkpt lat="0.00021236" lon="82.51201417"><ele>0.000</ele></trkpt><trkpt lat="0.00021236" lon="82.51201417"><ele>0.000</ele></trkpt><trkpt lat="0.00021236" lon="82.51201417"><ele>0.000</ele></trkpt><trkpt lat="0.00021236" lon="82.51201417"><ele>0.000</ele></trkpt><trkpt lat="0.00021236" lon="82.51201417"><ele>0.000</ele></trkpt><trkpt lat="0.00021236" lon="82.51201417"><ele>0.000</ele></trkpt><trkpt lat="0.00021236" lon="82.51201417"><ele>0.000</ele></trkpt><trkpt lat="0.00021236" lon="82.51201417"><ele>0.000</ele></trkpt><trkpt lat="0.00021236" lon="82.51201417"><ele>0.000</ele></trkpt><trkpt lat="0.00021236" lon="82.51201417"><ele>0.000</ele></trkpt><trkpt lat="0.00021236" lon="82.51201417"><ele>0.000</ele></trkpt><trkpt lat="0.00021236" lon="82.51201417"><ele>0.000</ele></trkpt><trkpt lat="0.00021236" lon="82.51201417"><ele>0.000</ele></trkpt><trkpt lat="0.00021236" lon="82.51201417"><ele>0.000</ele></trkpt><trkpt lat="0.00021236" lon="82.51201417"><ele>0.000</ele></trkpt><trkpt lat="0.00021236" lon="82.51201417"><ele>0.000</ele></trkpt><trkpt lat="0.00021236" lon="82.51201417"><ele>0.000</ele></trkpt><trkpt lat="0.00021236" lon="82.51201417"><ele>0.000</ele></trkpt><trkpt lat="0.00021236" lon="82.51201417"><ele>0.000</ele></trkpt><trkpt lat="0.00021236" lon="82.51201417"><ele>0.000</ele></trkpt><trkpt lat="0.00021236" lon="82.51201417"><ele>0.000</ele></trkpt><trkpt lat="0.00021236" lon="82.51201417"><ele>0.000</ele></trkpt><trkpt lat="0.00021236" lon="82.51201417"><ele>0.000</ele></trkpt><trkpt lat="0.00021236" lon="82.51201417"><ele>0.000</ele></trkpt><trkpt lat="0.00021236" lon="82.51201417"><ele>0.000</ele></trkpt><trkpt lat="0.00021236" lon="82.51201417"><ele>0.000</ele></trkpt><trkpt lat="0.00021236" lon="82.51201417"><ele>0.000</ele></trkpt><trkpt lat="0.00021236" lon="82.51201416"><ele>0.000</ele></trkpt><trkpt lat="0.00021236" lon="82.51201416"><ele>0.000</ele></trkpt><trkpt lat="0.00021236" lon="82.51201416"><ele>0.000</ele></trkpt><trkpt lat="0.00021236" lon="82.51201416"><ele>0.000</ele></trkpt><trkpt lat="0.00021236" lon="82.51201416"><ele>0.000</ele></trkpt><trkpt lat="0.00021236" lon="82.51201416"><ele>0.000</ele></trkpt><trkpt lat="0.00021236" lon="82.51201416"><ele>0.000</ele></trkpt><trkpt lat="0.00021236" lon="82.51201416"><ele>0.000</ele></trkpt><trkpt lat="0.00021236" lon="82.51201416"><ele>0.000</ele></trkpt><trkpt lat="0.00021236" lon="82.51201416"><ele>0.000</ele></trkpt><trkpt lat="0.00021236" lon="82.51201416"><ele>0.000</ele></trkpt><trkpt lat="0.00021236" lon="82.51201416"><ele>0.000</ele></trkpt><trkpt lat="0.00021236" lon="82.51201416"><ele>0.000</ele></trkpt><trkpt lat="0.00021236" lon="82.51201416"><ele>0.000</ele></trkpt><trkpt lat="0.00021236" lon="82.51201416"><ele>0.000</ele></trkpt><trkpt lat="0.00021236" lon="82.51201416"><ele>0.000</ele></trkpt><trkpt lat="0.00021236" lon="82.51201416"><ele>0.000</ele></trkpt><trkpt lat="0.00021236" lon="82.51201416"><ele>0.000</ele></trkpt><trkpt lat="0.00021236" lon="82.51201416"><ele>0.000</ele></trkpt><trkpt lat="0.00021236" lon="82.51201416"><ele>0.000</ele></trkpt><trkpt lat="0.00021236" lon="82.51201416"><ele>0.000</ele></trkpt><trkpt lat="0.00021237" lon="82.51201416"><ele>0.000</ele></trkpt><trkpt lat="0.00021237" lon="82.51201416"><ele>0.000</ele></trkpt><trkpt lat="0.00021237" lon="82.51201416"><ele>0.000</ele></trkpt><trkpt lat="0.00021237" lon="82.51201416"><ele>0.000</ele></trkpt><trkpt lat="0.00021237" lon="82.51201416"><ele>0.000</ele></trkpt><trkpt lat="0.00021237" lon="82.51201416"><ele>0.000</ele></trkpt><trkpt lat="0.00021237" lon="82.51201416"><ele>0.000</ele></trkpt><trkpt lat="0.00021237" lon="82.51201416"><ele>0.000</ele></trkpt><trkpt lat="0.00021237" lon="82.51201416"><ele>0.000</ele></trkpt><trkpt lat="0.00021237" lon="82.51201417"><ele>0.000</ele></trkpt><trkpt lat="0.00021237" lon="82.51201417"><ele>0.000</ele></trkpt><trkpt lat="0.00021237" lon="82.51201417"><ele>0.000</ele></trkpt><trkpt lat="0.00021237" lon="82.51201417"><ele>0.000</ele></trkpt><trkpt lat="0.00021237" lon="82.51201417"><ele>0.000</ele></trkpt><trkpt lat="0.00021237" lon="82.51201417"><ele>0.000</ele></trkpt><trkpt lat="0.00021236" lon="82.51201417"><ele>0.000</ele></trkpt><trkpt lat="0.00021236" lon="82.51201417"><ele>0.000</ele></trkpt><trkpt lat="0.00021236" lon="82.51201417"><ele>0.000</ele></trkpt><trkpt lat="0.00021236" lon="82.51201417"><ele>0.000</ele></trkpt><trkpt lat="0.00021236" lon="82.51201417"><ele>0.000</ele></trkpt><trkpt lat="0.00021236" lon="82.51201417"><ele>0.000</ele></trkpt><trkpt lat="0.00021236" lon="82.51201417"><ele>0.000</ele></trkpt><trkpt lat="0.00021236" lon="82.51201417"><ele>0.000</ele></trkpt><trkpt lat="0.00021236" lon="82.51201417"><ele>0.000</ele></trkpt><trkpt lat="0.00021236" lon="82.51201417"><ele>0.000</ele></trkpt><trkpt lat="0.00021236" lon="82.51201417"><ele>0.000</ele></trkpt><trkpt lat="0.00021236" lon="82.51201417"><ele>0.000</ele></trkpt><trkpt lat="0.00021236" lon="82.51201417"><ele>0.000</ele></trkpt><trkpt lat="0.00021236" lon="82.51201417"><ele>0.000</ele></trkpt><trkpt lat="0.00021237" lon="82.51201417"><ele>0.000</ele></trkpt><trkpt lat="0.00021237" lon="82.51201417"><ele>0.000</ele></trkpt><trkpt lat="0.00021237" lon="82.51201417"><ele>0.000</ele></trkpt><trkpt lat="0.00021237" lon="82.51201416"><ele>0.000</ele></trkpt><trkpt lat="0.00021237" lon="82.51201416"><ele>0.000</ele></trkpt><trkpt lat="0.00021237" lon="82.51201416"><ele>0.000</ele></trkpt><trkpt lat="0.00021237" lon="82.51201416"><ele>0.000</ele></trkpt><trkpt lat="0.00021237" lon="82.51201416"><ele>0.000</ele></trkpt><trkpt lat="0.00021237" lon="82.51201416"><ele>0.000</ele></trkpt><trkpt lat="0.00021237" lon="82.51201416"><ele>0.000</ele></trkpt><trkpt lat="0.00021237" lon="82.51201416"><ele>0.000</ele></trkpt><trkpt lat="0.00021237" lon="82.51201416"><ele>0.000</ele></trkpt><trkpt lat="0.00021237" lon="82.51201416"><ele>0.000</ele></trkpt><trkpt lat="0.00021237" lon="82.51201416"><ele>0.000</ele></trkpt><trkpt lat="0.00021237" lon="82.51201416"><ele>0.000</ele></trkpt><trkpt lat="0.00021237" lon="82.51201416"><ele>0.000</ele></trkpt><trkpt lat="0.00021237" lon="82.51201416"><ele>0.000</ele></trkpt><trkpt lat="0.00021237" lon="82.51201416"><ele>0.000</ele></trkpt><trkpt lat="0.00021237" lon="82.51201416"><ele>0.000</ele></trkpt><trkpt lat="0.00021237" lon="82.51201416"><ele>0.000</ele></trkpt><trkpt lat="0.00021237" lon="82.51201416"><ele>0.000</ele></trkpt><trkpt lat="0.00021237" lon="82.51201416"><ele>0.000</ele></trkpt><trkpt lat="0.00021237" lon="82.51201416"><ele>0.000</ele></trkpt><trkpt lat="0.00021237" lon="82.51201416"><ele>0.000</ele></trkpt><trkpt lat="0.00021237" lon="82.51201416"><ele>0.000</ele></trkpt><trkpt lat="0.00021237" lon="82.51201416"><ele>0.000</ele></trkpt><trkpt lat="0.00021237" lon="82.51201416"><ele>0.000</ele></trkpt><trkpt lat="0.00021237" lon="82.51201416"><ele>0.000</ele></trkpt><trkpt lat="0.00021237" lon="82.51201416"><ele>0.000</ele></trkpt><trkpt lat="0.00021237" lon="82.51201416"><ele>0.000</ele></trkpt><trkpt lat="0.00021237" lon="82.51201416"><ele>0.000</ele></trkpt><trkpt lat="0.00021237" lon="82.51201416"><ele>0.000</ele></trkpt><trkpt lat="0.00021237" lon="82.51201416"><ele>0.000</ele></trkpt><trkpt lat="0.00021237" lon="82.51201416"><ele>0.000</ele></trkpt><trkpt lat="0.00021237" lon="82.51201416"><ele>0.000</ele></trkpt><trkpt lat="0.00021237" lon="82.51201416"><ele>0.000</ele></trkpt><trkpt lat="0.00021237" lon="82.51201416"><ele>0.000</ele></trkpt><trkpt lat="0.00021237" lon="82.51201416"><ele>0.000</ele></trkpt><trkpt lat="0.00021237" lon="82.51201416"><ele>0.000</ele></trkpt><trkpt lat="0.00021237" lon="82.51201416"><ele>0.000</ele></trkpt><trkpt lat="0.00021237" lon="82.51201417"><ele>0.000</ele></trkpt><trkpt lat="0.00021237" lon="82.51201417"><ele>0.000</ele></trkpt><trkpt lat="0.00021237" lon="82.51201417"><ele>0.000</ele></trkpt><trkpt lat="0.00021237" lon="82.51201417"><ele>0.000</ele></trkpt><trkpt lat="0.00021237" lon="82.51201417"><ele>0.000</ele></trkpt><trkpt lat="0.00021237" lon="82.51201417"><ele>0.000</ele></trkpt><trkpt lat="0.00021237" lon="82.51201418"><ele>0.000</ele></trkpt><trkpt lat="0.00021237" lon="82.51201418"><ele>0.000</ele></trkpt><trkpt lat="0.00021237" lon="82.51201418"><ele>0.000</ele></trkpt><trkpt lat="0.00021237" lon="82.51201418"><ele>0.000</ele></trkpt><trkpt lat="0.00021237" lon="82.51201418"><ele>0.000</ele></trkpt><trkpt lat="0.00021237" lon="82.51201418"><ele>0.000</ele></trkpt><trkpt lat="0.00021237" lon="82.51201418"><ele>0.000</ele></trkpt><trkpt lat="0.00021237" lon="82.51201418"><ele>0.000</ele></trkpt><trkpt lat="0.00021237" lon="82.51201418"><ele>0.000</ele></trkpt><trkpt lat="0.00021237" lon="82.51201418"><ele>0.000</ele></trkpt><trkpt lat="0.00021237" lon="82.51201418"><ele>0.000</ele></trkpt><trkpt lat="0.00021237" lon="82.51201418"><ele>0.000</ele></trkpt><trkpt lat="0.00021237" lon="82.51201418"><ele>0.000</ele></trkpt><trkpt lat="0.00021237" lon="82.51201418"><ele>0.000</ele></trkpt><trkpt lat="0.00021237" lon="82.51201418"><ele>0.000</ele></trkpt><trkpt lat="0.00021237" lon="82.51201418"><ele>0.000</ele></trkpt><trkpt lat="0.00021237" lon="82.51201418"><ele>0.000</ele></trkpt><trkpt lat="0.00021237" lon="82.51201418"><ele>0.000</ele></trkpt><trkpt lat="0.00021237" lon="82.51201418"><ele>0.000</ele></trkpt><trkpt lat="0.00021237" lon="82.51201418"><ele>0.000</ele></trkpt><trkpt lat="0.00021237" lon="82.51201418"><ele>0.000</ele></trkpt><trkpt lat="0.00021237" lon="82.51201418"><ele>0.000</ele></trkpt><trkpt lat="0.00021237" lon="82.51201418"><ele>0.000</ele></trkpt><trkpt lat="0.00021237" lon="82.51201418"><ele>0.000</ele></trkpt><trkpt lat="0.00021237" lon="82.51201418"><ele>0.000</ele></trkpt><trkpt lat="0.00021237" lon="82.51201418"><ele>0.000</ele></trkpt><trkpt lat="0.00021237" lon="82.51201418"><ele>0.000</ele></trkpt><trkpt lat="0.00021237" lon="82.51201418"><ele>0.000</ele></trkpt><trkpt lat="0.00021237" lon="82.51201418"><ele>0.000</ele></trkpt><trkpt lat="0.00021237" lon="82.51201418"><ele>0.000</ele></trkpt><trkpt lat="0.00021237" lon="82.51201418"><ele>0.000</ele></trkpt><trkpt lat="0.00021237" lon="82.51201418"><ele>0.000</ele></trkpt><trkpt lat="0.00021237" lon="82.51201418"><ele>0.000</ele></trkpt><trkpt lat="0.00021237" lon="82.51201418"><ele>0.000</ele></trkpt><trkpt lat="0.00021237" lon="82.51201418"><ele>0.000</ele></trkpt><trkpt lat="0.00021237" lon="82.51201418"><ele>0.000</ele></trkpt><trkpt lat="0.00021237" lon="82.51201418"><ele>0.000</ele></trkpt><trkpt lat="0.00021237" lon="82.51201418"><ele>0.000</ele></trkpt><trkpt lat="0.00021237" lon="82.51201418"><ele>0.000</ele></trkpt><trkpt lat="0.00021237" lon="82.51201418"><ele>0.000</ele></trkpt><trkpt lat="0.00021237" lon="82.51201418"><ele>0.000</ele></trkpt><trkpt lat="0.00021237" lon="82.51201418"><ele>0.000</ele></trkpt><trkpt lat="0.00021237" lon="82.51201418"><ele>0.000</ele></trkpt><trkpt lat="0.00021237" lon="82.51201418"><ele>0.000</ele></trkpt><trkpt lat="0.00021237" lon="82.51201418"><ele>0.000</ele></trkpt><trkpt lat="0.00021237" lon="82.51201418"><ele>0.000</ele></trkpt><trkpt lat="0.00021237" lon="82.51201418"><ele>0.000</ele></trkpt><trkpt lat="0.00021237" lon="82.51201418"><ele>0.000</ele></trkpt><trkpt lat="0.00021237" lon="82.51201418"><ele>0.000</ele></trkpt><trkpt lat="0.00021237" lon="82.51201418"><ele>0.000</ele></trkpt><trkpt lat="0.00021237" lon="82.51201418"><ele>0.000</ele></trkpt><trkpt lat="0.00021237" lon="82.51201418"><ele>0.000</ele></trkpt><trkpt lat="0.00021237" lon="82.51201418"><ele>0.000</ele></trkpt><trkpt lat="0.00021237" lon="82.51201418"><ele>0.000</ele></trkpt><trkpt lat="0.00021237" lon="82.51201418"><ele>0.000</ele></trkpt><trkpt lat="0.00021237" lon="82.51201418"><ele>0.000</ele></trkpt><trkpt lat="0.00021237" lon="82.51201419"><ele>0.000</ele></trkpt><trkpt lat="0.00021237" lon="82.51201419"><ele>0.000</ele></trkpt><trkpt lat="0.00021237" lon="82.51201419"><ele>0.000</ele></trkpt><trkpt lat="0.00021238" lon="82.51201419"><ele>0.000</ele></trkpt><trkpt lat="0.00021238" lon="82.51201419"><ele>0.000</ele></trkpt><trkpt lat="0.00021238" lon="82.51201419"><ele>0.000</ele></trkpt><trkpt lat="0.00021238" lon="82.51201419"><ele>0.000</ele></trkpt><trkpt lat="0.00021238" lon="82.51201419"><ele>0.000</ele></trkpt><trkpt lat="0.00021238" lon="82.51201419"><ele>0.000</ele></trkpt><trkpt lat="0.00021238" lon="82.51201419"><ele>0.000</ele></trkpt><trkpt lat="0.00021238" lon="82.51201419"><ele>0.000</ele></trkpt><trkpt lat="0.00021238" lon="82.51201419"><ele>0.000</ele></trkpt><trkpt lat="0.00021238" lon="82.51201419"><ele>0.000</ele></trkpt><trkpt lat="0.00021238" lon="82.51201419"><ele>0.000</ele></trkpt><trkpt lat="0.00021238" lon="82.51201419"><ele>0.000</ele></trkpt><trkpt lat="0.00021238" lon="82.51201419"><ele>0.000</ele></trkpt><trkpt lat="0.00021238" lon="82.51201419"><ele>0.000</ele></trkpt><trkpt lat="0.00021238" lon="82.51201419"><ele>0.000</ele></trkpt><trkpt lat="0.00021238" lon="82.51201419"><ele>0.000</ele></trkpt><trkpt lat="0.00021238" lon="82.51201419"><ele>0.000</ele></trkpt><trkpt lat="0.00021238" lon="82.51201419"><ele>0.000</ele></trkpt><trkpt lat="0.00021239" lon="82.51201420"><ele>0.000</ele></trkpt><trkpt lat="0.00021239" lon="82.51201420"><ele>0.000</ele></trkpt><trkpt lat="0.00021239" lon="82.51201420"><ele>0.000</ele></trkpt><trkpt lat="0.00021239" lon="82.51201420"><ele>0.000</ele></trkpt><trkpt lat="0.00021239" lon="82.51201420"><ele>0.000</ele></trkpt><trkpt lat="0.00021239" lon="82.51201420"><ele>0.000</ele></trkpt><trkpt lat="0.00021239" lon="82.51201420"><ele>0.000</ele></trkpt><trkpt lat="0.00021239" lon="82.51201420"><ele>0.000</ele></trkpt><trkpt lat="0.00021239" lon="82.51201420"><ele>0.000</ele></trkpt><trkpt lat="0.00021239" lon="82.51201420"><ele>0.000</ele></trkpt><trkpt lat="0.00021239" lon="82.51201420"><ele>0.000</ele></trkpt><trkpt lat="0.00021239" lon="82.51201420"><ele>0.000</ele></trkpt><trkpt lat="0.00021239" lon="82.51201420"><ele>0.000</ele></trkpt><trkpt lat="0.00021239" lon="82.51201420"><ele>0.000</ele></trkpt><trkpt lat="0.00021240" lon="82.51201420"><ele>0.000</ele></trkpt><trkpt lat="0.00021240" lon="82.51201420"><ele>0.000</ele></trkpt><trkpt lat="0.00021240" lon="82.51201420"><ele>0.000</ele></trkpt><trkpt lat="0.00021240" lon="82.51201420"><ele>0.000</ele></trkpt><trkpt lat="0.00021240" lon="82.51201420"><ele>0.000</ele></trkpt><trkpt lat="0.00021241" lon="82.51201420"><ele>0.000</ele></trkpt><trkpt lat="0.00021242" lon="82.51201421"><ele>0.000</ele></trkpt><trkpt lat="0.00021242" lon="82.51201421"><ele>0.000</ele></trkpt><trkpt lat="0.00021242" lon="82.51201421"><ele>0.000</ele></trkpt><trkpt lat="0.00021242" lon="82.51201421"><ele>0.000</ele></trkpt><trkpt lat="0.00021242" lon="82.51201422"><ele>0.000</ele></trkpt><trkpt lat="0.00021242" lon="82.51201422"><ele>0.000</ele></trkpt><trkpt lat="0.00021243" lon="82.51201423"><ele>0.000</ele></trkpt><trkpt lat="0.00021247" lon="82.51201421"><ele>0.000</ele></trkpt><trkpt lat="0.00021248" lon="82.51201420"><ele>0.000</ele></trkpt><trkpt lat="0.00021243" lon="82.51201418"><ele>0.000</ele></trkpt><trkpt lat="0.00021243" lon="82.51201418"><ele>0.000</ele></trkpt><trkpt lat="0.00021243" lon="82.51201418"><ele>0.000</ele></trkpt><trkpt lat="0.00021243" lon="82.51201418"><ele>0.000</ele></trkpt><trkpt lat="0.00021243" lon="82.51201418"><ele>0.000</ele></trkpt><trkpt lat="0.00021243" lon="82.51201418"><ele>0.000</ele></trkpt><trkpt lat="0.00021243" lon="82.51201418"><ele>0.000</ele></trkpt><trkpt lat="0.00021243" lon="82.51201418"><ele>0.000</ele></trkpt><trkpt lat="0.00021243" lon="82.51201418"><ele>0.000</ele></trkpt><trkpt lat="0.00021243" lon="82.51201418"><ele>0.000</ele></trkpt><trkpt lat="0.00021243" lon="82.51201418"><ele>0.000</ele></trkpt><trkpt lat="0.00021243" lon="82.51201418"><ele>0.000</ele></trkpt><trkpt lat="0.00021242" lon="82.51201418"><ele>0.000</ele></trkpt><trkpt lat="0.00021242" lon="82.51201418"><ele>0.000</ele></trkpt><trkpt lat="0.00021242" lon="82.51201418"><ele>0.000</ele></trkpt><trkpt lat="0.00021242" lon="82.51201418"><ele>0.000</ele></trkpt><trkpt lat="0.00021242" lon="82.51201418"><ele>0.000</ele></trkpt><trkpt lat="0.00021242" lon="82.51201418"><ele>0.000</ele></trkpt><trkpt lat="0.00021242" lon="82.51201418"><ele>0.000</ele></trkpt><trkpt lat="0.00021242" lon="82.51201418"><ele>0.000</ele></trkpt><trkpt lat="0.00021242" lon="82.51201418"><ele>0.000</ele></trkpt><trkpt lat="0.00021242" lon="82.51201418"><ele>0.000</ele></trkpt><trkpt lat="0.00021242" lon="82.51201419"><ele>0.000</ele></trkpt><trkpt lat="0.00021242" lon="82.51201419"><ele>0.000</ele></trkpt><trkpt lat="0.00021242" lon="82.51201419"><ele>0.000</ele></trkpt><trkpt lat="0.00021242" lon="82.51201419"><ele>0.000</ele></trkpt><trkpt lat="0.00021242" lon="82.51201419"><ele>0.000</ele></trkpt><trkpt lat="0.00021242" lon="82.51201419"><ele>0.000</ele></trkpt><trkpt lat="0.00021242" lon="82.51201419"><ele>0.000</ele></trkpt><trkpt lat="0.00021242" lon="82.51201419"><ele>0.000</ele></trkpt><trkpt lat="0.00021242" lon="82.51201419"><ele>0.000</ele></trkpt><trkpt lat="0.00021242" lon="82.51201419"><ele>0.000</ele></trkpt><trkpt lat="0.00021242" lon="82.51201419"><ele>0.000</ele></trkpt><trkpt lat="0.00021242" lon="82.51201419"><ele>0.000</ele></trkpt><trkpt lat="0.00021242" lon="82.51201419"><ele>0.000</ele></trkpt><trkpt lat="0.00021242" lon="82.51201419"><ele>0.000</ele></trkpt><trkpt lat="0.00021242" lon="82.51201419"><ele>0.000</ele></trkpt><trkpt lat="0.00021242" lon="82.51201419"><ele>0.000</ele></trkpt><trkpt lat="0.00021242" lon="82.51201419"><ele>0.000</ele></trkpt><trkpt lat="0.00021242" lon="82.51201419"><ele>0.000</ele></trkpt><trkpt lat="0.00021242" lon="82.51201419"><ele>0.000</ele></trkpt><trkpt lat="0.00021242" lon="82.51201419"><ele>0.000</ele></trkpt><trkpt lat="0.00021242" lon="82.51201419"><ele>0.000</ele></trkpt><trkpt lat="0.00021242" lon="82.51201419"><ele>0.000</ele></trkpt><trkpt lat="0.00021242" lon="82.51201419"><ele>0.000</ele></trkpt><trkpt lat="0.00021242" lon="82.51201419"><ele>0.000</ele></trkpt><trkpt lat="0.00021242" lon="82.51201419"><ele>0.000</ele></trkpt><trkpt lat="0.00021242" lon="82.51201419"><ele>0.000</ele></trkpt><trkpt lat="0.00021242" lon="82.51201419"><ele>0.000</ele></trkpt><trkpt lat="0.00021242" lon="82.51201419"><ele>0.000</ele></trkpt><trkpt lat="0.00021242" lon="82.51201419"><ele>0.000</ele></trkpt><trkpt lat="0.00021242" lon="82.51201419"><ele>0.000</ele></trkpt><trkpt lat="0.00021242" lon="82.51201419"><ele>0.000</ele></trkpt><trkpt lat="0.00021242" lon="82.51201419"><ele>0.000</ele></trkpt><trkpt lat="0.00021242" lon="82.51201419"><ele>0.000</ele></trkpt><trkpt lat="0.00021242" lon="82.51201419"><ele>0.000</ele></trkpt><trkpt lat="0.00021242" lon="82.51201419"><ele>0.000</ele></trkpt><trkpt lat="0.00021242" lon="82.51201419"><ele>0.000</ele></trkpt><trkpt lat="0.00021242" lon="82.51201418"><ele>0.000</ele></trkpt><trkpt lat="0.00021242" lon="82.51201418"><ele>0.000</ele></trkpt><trkpt lat="0.00021242" lon="82.51201418"><ele>0.000</ele></trkpt><trkpt lat="0.00021242" lon="82.51201418"><ele>0.000</ele></trkpt><trkpt lat="0.00021242" lon="82.51201418"><ele>0.000</ele></trkpt><trkpt lat="0.00021242" lon="82.51201418"><ele>0.000</ele></trkpt><trkpt lat="0.00021242" lon="82.51201418"><ele>0.000</ele></trkpt><trkpt lat="0.00021242" lon="82.51201418"><ele>0.000</ele></trkpt><trkpt lat="0.00021242" lon="82.51201418"><ele>0.000</ele></trkpt><trkpt lat="0.00021241" lon="82.51201418"><ele>0.000</ele></trkpt><trkpt lat="0.00021241" lon="82.51201418"><ele>0.000</ele></trkpt><trkpt lat="0.00021241" lon="82.51201418"><ele>0.000</ele></trkpt><trkpt lat="0.00021241" lon="82.51201418"><ele>0.000</ele></trkpt><trkpt lat="0.00021241" lon="82.51201419"><ele>0.000</ele></trkpt><trkpt lat="0.00021241" lon="82.51201419"><ele>0.000</ele></trkpt><trkpt lat="0.00021241" lon="82.51201419"><ele>0.000</ele></trkpt><trkpt lat="0.00021241" lon="82.51201419"><ele>0.000</ele></trkpt><trkpt lat="0.00021241" lon="82.51201419"><ele>0.000</ele></trkpt><trkpt lat="0.00021241" lon="82.51201419"><ele>0.000</ele></trkpt><trkpt lat="0.00021241" lon="82.51201419"><ele>0.000</ele></trkpt><trkpt lat="0.00021241" lon="82.51201419"><ele>0.000</ele></trkpt><trkpt lat="0.00021241" lon="82.51201419"><ele>0.000</ele></trkpt><trkpt lat="0.00021241" lon="82.51201419"><ele>0.000</ele></trkpt><trkpt lat="0.00021241" lon="82.51201419"><ele>0.000</ele></trkpt><trkpt lat="0.00021241" lon="82.51201419"><ele>0.000</ele></trkpt><trkpt lat="0.00021241" lon="82.51201419"><ele>0.000</ele></trkpt><trkpt lat="0.00021241" lon="82.51201419"><ele>0.000</ele></trkpt><trkpt lat="0.00021241" lon="82.51201419"><ele>0.000</ele></trkpt><trkpt lat="0.00021241" lon="82.51201419"><ele>0.000</ele></trkpt><trkpt lat="0.00021241" lon="82.51201419"><ele>0.000</ele></trkpt><trkpt lat="0.00021241" lon="82.51201419"><ele>0.000</ele></trkpt><trkpt lat="0.00021241" lon="82.51201419"><ele>0.000</ele></trkpt><trkpt lat="0.00021241" lon="82.51201419"><ele>0.000</ele></trkpt><trkpt lat="0.00021241" lon="82.51201419"><ele>0.000</ele></trkpt><trkpt lat="0.00021241" lon="82.51201419"><ele>0.000</ele></trkpt><trkpt lat="0.00021241" lon="82.51201419"><ele>0.000</ele></trkpt><trkpt lat="0.00021241" lon="82.51201419"><ele>0.000</ele></trkpt><trkpt lat="0.00021241" lon="82.51201419"><ele>0.000</ele></trkpt><trkpt lat="0.00021241" lon="82.51201419"><ele>0.000</ele></trkpt><trkpt lat="0.00021241" lon="82.51201418"><ele>0.000</ele></trkpt><trkpt lat="0.00021241" lon="82.51201418"><ele>0.000</ele></trkpt><trkpt lat="0.00021241" lon="82.51201418"><ele>0.000</ele></trkpt><trkpt lat="0.00021241" lon="82.51201418"><ele>0.000</ele></trkpt><trkpt lat="0.00021241" lon="82.51201418"><ele>0.000</ele></trkpt><trkpt lat="0.00021241" lon="82.51201418"><ele>0.000</ele></trkpt><trkpt lat="0.00021241" lon="82.51201418"><ele>0.000</ele></trkpt><trkpt lat="0.00021241" lon="82.51201418"><ele>0.000</ele></trkpt><trkpt lat="0.00021241" lon="82.51201418"><ele>0.000</ele></trkpt><trkpt lat="0.00021241" lon="82.51201418"><ele>0.000</ele></trkpt><trkpt lat="0.00021241" lon="82.51201418"><ele>0.000</ele></trkpt><trkpt lat="0.00021241" lon="82.51201418"><ele>0.000</ele></trkpt><trkpt lat="0.00021241" lon="82.51201418"><ele>0.000</ele></trkpt><trkpt lat="0.00021241" lon="82.51201418"><ele>0.000</ele></trkpt><trkpt lat="0.00021241" lon="82.51201418"><ele>0.000</ele></trkpt><trkpt lat="0.00021241" lon="82.51201418"><ele>0.000</ele></trkpt><trkpt lat="0.00021241" lon="82.51201418"><ele>0.000</ele></trkpt><trkpt lat="0.00021241" lon="82.51201418"><ele>0.000</ele></trkpt><trkpt lat="0.00021241" lon="82.51201418"><ele>0.000</ele></trkpt><trkpt lat="0.00021241" lon="82.51201418"><ele>0.000</ele></trkpt><trkpt lat="0.00021241" lon="82.51201418"><ele>0.000</ele></trkpt><trkpt lat="0.00021241" lon="82.51201418"><ele>0.000</ele></trkpt><trkpt lat="0.00021241" lon="82.51201418"><ele>0.000</ele></trkpt><trkpt lat="0.00021241" lon="82.51201418"><ele>0.000</ele></trkpt><trkpt lat="0.00021241" lon="82.51201418"><ele>0.000</ele></trkpt><trkpt lat="0.00021241" lon="82.51201418"><ele>0.000</ele></trkpt><trkpt lat="0.00021241" lon="82.51201418"><ele>0.000</ele></trkpt><trkpt lat="0.00021241" lon="82.51201418"><ele>0.000</ele></trkpt><trkpt lat="0.00021241" lon="82.51201418"><ele>0.000</ele></trkpt><trkpt lat="0.00021241" lon="82.51201418"><ele>0.000</ele></trkpt><trkpt lat="0.00021241" lon="82.51201418"><ele>0.000</ele></trkpt><trkpt lat="0.00021241" lon="82.51201418"><ele>0.000</ele></trkpt><trkpt lat="0.00021241" lon="82.51201418"><ele>0.000</ele></trkpt><trkpt lat="0.00021241" lon="82.51201418"><ele>0.000</ele></trkpt><trkpt lat="0.00021241" lon="82.51201418"><ele>0.000</ele></trkpt><trkpt lat="0.00021241" lon="82.51201418"><ele>0.000</ele></trkpt><trkpt lat="0.00021241" lon="82.51201418"><ele>0.000</ele></trkpt><trkpt lat="0.00021241" lon="82.51201418"><ele>0.000</ele></trkpt><trkpt lat="0.00021241" lon="82.51201418"><ele>0.000</ele></trkpt><trkpt lat="0.00021241" lon="82.51201418"><ele>0.000</ele></trkpt><trkpt lat="0.00021241" lon="82.51201418"><ele>0.000</ele></trkpt><trkpt lat="0.00021241" lon="82.51201418"><ele>0.000</ele></trkpt><trkpt lat="0.00021241" lon="82.51201418"><ele>0.000</ele></trkpt><trkpt lat="0.00021241" lon="82.51201418"><ele>0.000</ele></trkpt><trkpt lat="0.00021241" lon="82.51201418"><ele>0.000</ele></trkpt><trkpt lat="0.00021241" lon="82.51201418"><ele>0.000</ele></trkpt><trkpt lat="0.00021241" lon="82.51201418"><ele>0.000</ele></trkpt><trkpt lat="0.00021241" lon="82.51201418"><ele>0.000</ele></trkpt><trkpt lat="0.00021241" lon="82.51201418"><ele>0.000</ele></trkpt><trkpt lat="0.00021241" lon="82.51201418"><ele>0.000</ele></trkpt><trkpt lat="0.00021241" lon="82.51201418"><ele>0.000</ele></trkpt><trkpt lat="0.00021241" lon="82.51201418"><ele>0.000</ele></trkpt><trkpt lat="0.00021241" lon="82.51201418"><ele>0.000</ele></trkpt><trkpt lat="0.00021241" lon="82.51201418"><ele>0.000</ele></trkpt><trkpt lat="0.00021241" lon="82.51201418"><ele>0.000</ele></trkpt><trkpt lat="0.00021241" lon="82.51201418"><ele>0.000</ele></trkpt><trkpt lat="0.00021241" lon="82.51201418"><ele>0.000</ele></trkpt><trkpt lat="0.00021241" lon="82.51201418"><ele>0.000</ele></trkpt><trkpt lat="0.00021241" lon="82.51201418"><ele>0.000</ele></trkpt><trkpt lat="0.00021241" lon="82.51201418"><ele>0.000</ele></trkpt><trkpt lat="0.00021241" lon="82.51201418"><ele>0.000</ele></trkpt><trkpt lat="0.00021241" lon="82.51201418"><ele>0.000</ele></trkpt><trkpt lat="0.00021241" lon="82.51201418"><ele>0.000</ele></trkpt><trkpt lat="0.00021241" lon="82.51201418"><ele>0.000</ele></trkpt><trkpt lat="0.00021241" lon="82.51201418"><ele>0.000</ele></trkpt><trkpt lat="0.00021241" lon="82.51201418"><ele>0.000</ele></trkpt><trkpt lat="0.00021241" lon="82.51201418"><ele>0.000</ele></trkpt><trkpt lat="0.00021241" lon="82.51201418"><ele>0.000</ele></trkpt><trkpt lat="0.00021241" lon="82.51201418"><ele>0.000</ele></trkpt><trkpt lat="0.00021240" lon="82.51201417"><ele>0.000</ele></trkpt><trkpt lat="0.00021240" lon="82.51201417"><ele>0.000</ele></trkpt><trkpt lat="0.00021240" lon="82.51201417"><ele>0.000</ele></trkpt><trkpt lat="0.00021240" lon="82.51201417"><ele>0.000</ele></trkpt><trkpt lat="0.00021240" lon="82.51201417"><ele>0.000</ele></trkpt><trkpt lat="0.00021240" lon="82.51201417"><ele>0.000</ele></trkpt><trkpt lat="0.00021240" lon="82.51201417"><ele>0.000</ele></trkpt><trkpt lat="0.00021240" lon="82.51201417"><ele>0.000</ele></trkpt><trkpt lat="0.00021240" lon="82.51201417"><ele>0.000</ele></trkpt><trkpt lat="0.00021240" lon="82.51201417"><ele>0.000</ele></trkpt><trkpt lat="0.00021240" lon="82.51201417"><ele>0.000</ele></trkpt><trkpt lat="0.00021240" lon="82.51201417"><ele>0.000</ele></trkpt><trkpt lat="0.00021240" lon="82.51201417"><ele>0.000</ele></trkpt><trkpt lat="0.00021240" lon="82.51201417"><ele>0.000</ele></trkpt><trkpt lat="0.00021240" lon="82.51201417"><ele>0.000</ele></trkpt><trkpt lat="0.00021240" lon="82.51201417"><ele>0.000</ele></trkpt><trkpt lat="0.00021240" lon="82.51201417"><ele>0.000</ele></trkpt><trkpt lat="0.00021239" lon="82.51201417"><ele>0.000</ele></trkpt><trkpt lat="0.00021239" lon="82.51201417"><ele>0.000</ele></trkpt><trkpt lat="0.00021239" lon="82.51201417"><ele>0.000</ele></trkpt><trkpt lat="0.00021239" lon="82.51201417"><ele>0.000</ele></trkpt><trkpt lat="0.00021239" lon="82.51201417"><ele>0.000</ele></trkpt><trkpt lat="0.00021239" lon="82.51201417"><ele>0.000</ele></trkpt><trkpt lat="0.00021239" lon="82.51201417"><ele>0.000</ele></trkpt><trkpt lat="0.00021239" lon="82.51201417"><ele>0.000</ele></trkpt><trkpt lat="0.00021239" lon="82.51201417"><ele>0.000</ele></trkpt><trkpt lat="0.00021239" lon="82.51201417"><ele>0.000</ele></trkpt><trkpt lat="0.00021239" lon="82.51201417"><ele>0.000</ele></trkpt><trkpt lat="0.00021239" lon="82.51201417"><ele>0.000</ele></trkpt><trkpt lat="0.00021239" lon="82.51201417"><ele>0.000</ele></trkpt><trkpt lat="0.00021239" lon="82.51201417"><ele>0.000</ele></trkpt><trkpt lat="0.00021239" lon="82.51201417"><ele>0.000</ele></trkpt><trkpt lat="0.00021239" lon="82.51201417"><ele>0.000</ele></trkpt><trkpt lat="0.00021239" lon="82.51201417"><ele>0.000</ele></trkpt><trkpt lat="0.00021239" lon="82.51201417"><ele>0.000</ele></trkpt><trkpt lat="0.00021239" lon="82.51201417"><ele>0.000</ele></trkpt><trkpt lat="0.00021239" lon="82.51201417"><ele>0.000</ele></trkpt><trkpt lat="0.00021239" lon="82.51201417"><ele>0.000</ele></trkpt><trkpt lat="0.00021239" lon="82.51201417"><ele>0.000</ele></trkpt><trkpt lat="0.00021239" lon="82.51201417"><ele>0.000</ele></trkpt><trkpt lat="0.00021239" lon="82.51201417"><ele>0.000</ele></trkpt><trkpt lat="0.00021239" lon="82.51201417"><ele>0.000</ele></trkpt><trkpt lat="0.00021239" lon="82.51201417"><ele>0.000</ele></trkpt><trkpt lat="0.00021239" lon="82.51201417"><ele>0.000</ele></trkpt><trkpt lat="0.00021239" lon="82.51201417"><ele>0.000</ele></trkpt><trkpt lat="0.00021239" lon="82.51201417"><ele>0.000</ele></trkpt><trkpt lat="0.00021239" lon="82.51201416"><ele>0.000</ele></trkpt><trkpt lat="0.00021239" lon="82.51201416"><ele>0.000</ele></trkpt><trkpt lat="0.00021239" lon="82.51201416"><ele>0.000</ele></trkpt><trkpt lat="0.00021239" lon="82.51201416"><ele>0.000</ele></trkpt><trkpt lat="0.00021239" lon="82.51201416"><ele>0.000</ele></trkpt><trkpt lat="0.00021239" lon="82.51201416"><ele>0.000</ele></trkpt><trkpt lat="0.00021239" lon="82.51201416"><ele>0.000</ele></trkpt><trkpt lat="0.00021239" lon="82.51201416"><ele>0.000</ele></trkpt><trkpt lat="0.00021239" lon="82.51201416"><ele>0.000</ele></trkpt><trkpt lat="0.00021239" lon="82.51201416"><ele>0.000</ele></trkpt><trkpt lat="0.00021239" lon="82.51201416"><ele>0.000</ele></trkpt><trkpt lat="0.00021239" lon="82.51201416"><ele>0.000</ele></trkpt><trkpt lat="0.00021239" lon="82.51201416"><ele>0.000</ele></trkpt><trkpt lat="0.00021239" lon="82.51201416"><ele>0.000</ele></trkpt><trkpt lat="0.00021239" lon="82.51201416"><ele>0.000</ele></trkpt><trkpt lat="0.00021239" lon="82.51201416"><ele>0.000</ele></trkpt><trkpt lat="0.00021239" lon="82.51201416"><ele>0.000</ele></trkpt><trkpt lat="0.00021239" lon="82.51201416"><ele>0.000</ele></trkpt><trkpt lat="0.00021239" lon="82.51201416"><ele>0.000</ele></trkpt><trkpt lat="0.00021239" lon="82.51201416"><ele>0.000</ele></trkpt><trkpt lat="0.00021239" lon="82.51201416"><ele>0.000</ele></trkpt><trkpt lat="0.00021239" lon="82.51201416"><ele>0.000</ele></trkpt><trkpt lat="0.00021239" lon="82.51201416"><ele>0.000</ele></trkpt><trkpt lat="0.00021239" lon="82.51201416"><ele>0.000</ele></trkpt><trkpt lat="0.00021239" lon="82.51201416"><ele>0.000</ele></trkpt><trkpt lat="0.00021239" lon="82.51201416"><ele>0.000</ele></trkpt><trkpt lat="0.00021239" lon="82.51201416"><ele>0.000</ele></trkpt><trkpt lat="0.00021239" lon="82.51201416"><ele>0.000</ele></trkpt><trkpt lat="0.00021239" lon="82.51201416"><ele>0.000</ele></trkpt><trkpt lat="0.00021239" lon="82.51201416"><ele>0.000</ele></trkpt><trkpt lat="0.00021239" lon="82.51201416"><ele>0.000</ele></trkpt><trkpt lat="0.00021239" lon="82.51201416"><ele>0.000</ele></trkpt><trkpt lat="0.00021239" lon="82.51201416"><ele>0.000</ele></trkpt><trkpt lat="0.00021239" lon="82.51201416"><ele>0.000</ele></trkpt><trkpt lat="0.00021239" lon="82.51201416"><ele>0.000</ele></trkpt><trkpt lat="0.00021239" lon="82.51201416"><ele>0.000</ele></trkpt><trkpt lat="0.00021239" lon="82.51201416"><ele>0.000</ele></trkpt><trkpt lat="0.00021239" lon="82.51201416"><ele>0.000</ele></trkpt><trkpt lat="0.00021239" lon="82.51201416"><ele>0.000</ele></trkpt><trkpt lat="0.00021239" lon="82.51201416"><ele>0.000</ele></trkpt><trkpt lat="0.00021239" lon="82.51201416"><ele>0.000</ele></trkpt><trkpt lat="0.00021239" lon="82.51201416"><ele>0.000</ele></trkpt><trkpt lat="0.00021239" lon="82.51201416"><ele>0.000</ele></trkpt><trkpt lat="0.00021239" lon="82.51201416"><ele>0.000</ele></trkpt><trkpt lat="0.00021239" lon="82.51201416"><ele>0.000</ele></trkpt><trkpt lat="0.00021239" lon="82.51201416"><ele>0.000</ele></trkpt><trkpt lat="0.00021239" lon="82.51201416"><ele>0.000</ele></trkpt><trkpt lat="0.00021239" lon="82.51201416"><ele>0.000</ele></trkpt><trkpt lat="0.00021239" lon="82.51201416"><ele>0.000</ele></trkpt><trkpt lat="0.00021239" lon="82.51201416"><ele>0.000</ele></trkpt><trkpt lat="0.00021239" lon="82.51201416"><ele>0.000</ele></trkpt><trkpt lat="0.00021239" lon="82.51201416"><ele>0.000</ele></trkpt><trkpt lat="0.00021239" lon="82.51201416"><ele>0.000</ele></trkpt><trkpt lat="0.00021239" lon="82.51201416"><ele>0.000</ele></trkpt><trkpt lat="0.00021239" lon="82.51201416"><ele>0.000</ele></trkpt><trkpt lat="0.00021239" lon="82.51201416"><ele>0.000</ele></trkpt><trkpt lat="0.00021239" lon="82.51201416"><ele>0.000</ele></trkpt><trkpt lat="0.00021239" lon="82.51201416"><ele>0.000</ele></trkpt><trkpt lat="0.00021239" lon="82.51201416"><ele>0.000</ele></trkpt><trkpt lat="0.00021239" lon="82.51201416"><ele>0.000</ele></trkpt><trkpt lat="0.00021239" lon="82.51201416"><ele>0.000</ele></trkpt><trkpt lat="0.00021239" lon="82.51201416"><ele>0.000</ele></trkpt><trkpt lat="0.00021239" lon="82.51201416"><ele>0.000</ele></trkpt><trkpt lat="0.00021239" lon="82.51201416"><ele>0.000</ele></trkpt><trkpt lat="0.00021239" lon="82.51201416"><ele>0.000</ele></trkpt><trkpt lat="0.00021239" lon="82.51201416"><ele>0.000</ele></trkpt><trkpt lat="0.00021239" lon="82.51201416"><ele>0.000</ele></trkpt><trkpt lat="0.00021239" lon="82.51201416"><ele>0.000</ele></trkpt><trkpt lat="0.00021239" lon="82.51201416"><ele>0.000</ele></trkpt><trkpt lat="0.00021239" lon="82.51201416"><ele>0.000</ele></trkpt><trkpt lat="0.00021239" lon="82.51201416"><ele>0.000</ele></trkpt><trkpt lat="0.00021239" lon="82.51201416"><ele>0.000</ele></trkpt><trkpt lat="0.00021239" lon="82.51201416"><ele>0.000</ele></trkpt><trkpt lat="0.00021239" lon="82.51201416"><ele>0.000</ele></trkpt><trkpt lat="0.00021239" lon="82.51201416"><ele>0.000</ele></trkpt><trkpt lat="0.00021239" lon="82.51201416"><ele>0.000</ele></trkpt><trkpt lat="0.00021239" lon="82.51201416"><ele>0.000</ele></trkpt><trkpt lat="0.00021239" lon="82.51201416"><ele>0.000</ele></trkpt><trkpt lat="0.00021239" lon="82.51201416"><ele>0.000</ele></trkpt><trkpt lat="0.00021239" lon="82.51201416"><ele>0.000</ele></trkpt><trkpt lat="0.00021239" lon="82.51201416"><ele>0.000</ele></trkpt><trkpt lat="0.00021239" lon="82.51201416"><ele>0.000</ele></trkpt><trkpt lat="0.00021239" lon="82.51201416"><ele>0.000</ele></trkpt><trkpt lat="0.00021239" lon="82.51201416"><ele>0.000</ele></trkpt><trkpt lat="0.00021239" lon="82.51201416"><ele>0.000</ele></trkpt><trkpt lat="0.00021237" lon="82.51201414"><ele>0.000</ele></trkpt><trkpt lat="0.00021236" lon="82.51201413"><ele>0.000</ele></trkpt><trkpt lat="0.00021235" lon="82.51201414"><ele>0.000</ele></trkpt><trkpt lat="0.00021234" lon="82.51201414"><ele>0.000</ele></trkpt><trkpt lat="0.00021233" lon="82.51201415"><ele>0.000</ele></trkpt><trkpt lat="0.00021232" lon="82.51201415"><ele>0.000</ele></trkpt><trkpt lat="0.00021231" lon="82.51201415"><ele>0.000</ele></trkpt><trkpt lat="0.00021231" lon="82.51201415"><ele>0.000</ele></trkpt><trkpt lat="0.00021231" lon="82.51201415"><ele>0.000</ele></trkpt><trkpt lat="0.00021231" lon="82.51201415"><ele>0.000</ele></trkpt><trkpt lat="0.00021231" lon="82.51201415"><ele>0.000</ele></trkpt><trkpt lat="0.00021231" lon="82.51201415"><ele>0.000</ele></trkpt><trkpt lat="0.00021231" lon="82.51201415"><ele>0.000</ele></trkpt><trkpt lat="0.00021231" lon="82.51201415"><ele>0.000</ele></trkpt><trkpt lat="0.00021231" lon="82.51201416"><ele>0.000</ele></trkpt></trkseg></trk>
<trk><name>Safety Belt - 115.13-B Ha (7.5 m)</name><trkseg><trkpt lat="0.00021236" lon="82.51201399"><ele>0.000</ele></trkpt><trkpt lat="0.00021236" lon="82.51201400"><ele>0.000</ele></trkpt><trkpt lat="0.00021235" lon="82.51201400"><ele>0.000</ele></trkpt><trkpt lat="0.00021235" lon="82.51201401"><ele>0.000</ele></trkpt><trkpt lat="0.00021234" lon="82.51201402"><ele>0.000</ele></trkpt><trkpt lat="0.00021233" lon="82.51201402"><ele>0.000</ele></trkpt><trkpt lat="0.00021234" lon="82.51201405"><ele>0.000</ele></trkpt><trkpt lat="0.00021232" lon="82.51201406"><ele>0.000</ele></trkpt><trkpt lat="0.00021230" lon="82.51201405"><ele>0.000</ele></trkpt><trkpt lat="0.00021228" lon="82.51201405"><ele>0.000</ele></trkpt><trkpt lat="0.00021229" lon="82.51201404"><ele>0.000</ele></trkpt><trkpt lat="0.00021229" lon="82.51201403"><ele>0.000</ele></trkpt><trkpt lat="0.00021229" lon="82.51201403"><ele>0.000</ele></trkpt><trkpt lat="0.00021230" lon="82.51201402"><ele>0.000</ele></trkpt><trkpt lat="0.00021229" lon="82.51201402"><ele>0.000</ele></trkpt><trkpt lat="0.00021230" lon="82.51201401"><ele>0.000</ele></trkpt><trkpt lat="0.00021230" lon="82.51201400"><ele>0.000</ele></trkpt><trkpt lat="0.00021231" lon="82.51201400"><ele>0.000</ele></trkpt><trkpt lat="0.00021232" lon="82.51201400"><ele>0.000</ele></trkpt><trkpt lat="0.00021234" lon="82.51201400"><ele>0.000</ele></trkpt><trkpt lat="0.00021236" lon="82.51201398"><ele>0.000</ele></trkpt><trkpt lat="0.00021235" lon="82.51201398"><ele>0.000</ele></trkpt><trkpt lat="0.00021236" lon="82.51201398"><ele>0.000</ele></trkpt><trkpt lat="0.00021236" lon="82.51201398"><ele>0.000</ele></trkpt><trkpt lat="0.00021236" lon="82.51201398"><ele>0.000</ele></trkpt><trkpt lat="0.00021237" lon="82.51201398"><ele>0.000</ele></trkpt><trkpt lat="0.00021237" lon="82.51201398"><ele>0.000</ele></trkpt><trkpt lat="0.00021236" lon="82.51201399"><ele>0.000</ele></trkpt></trkseg></trk>
<trk><name>Safety Belt - 115.13-B Ha (7.5 m)</name><trkseg><trkpt lat="0.00021236" lon="82.51201398"><ele>0.000</ele></trkpt><trkpt lat="0.00021236" lon="82.51201398"><ele>0.000</ele></trkpt><trkpt lat="0.00021236" lon="82.51201398"><ele>0.000</ele></trkpt><trkpt lat="0.00021236" lon="82.51201398"><ele>0.000</ele></trkpt><trkpt lat="0.00021236" lon="82.51201398"><ele>0.000</ele></trkpt><trkpt lat="0.00021235" lon="82.51201398"><ele>0.000</ele></trkpt><trkpt lat="0.00021236" lon="82.51201398"><ele>0.000</ele></trkpt><trkpt lat="0.00021236" lon="82.51201398"><ele>0.000</ele></trkpt><trkpt lat="0.00021236" lon="82.51201398"><ele>0.000</ele></trkpt><trkpt lat="0.00021236" lon="82.51201398"><ele>0.000</ele></trkpt><trkpt lat="0.00021236" lon="82.51201398"><ele>0.000</ele></trkpt><trkpt lat="0.00021236" lon="82.51201398"><ele>0.000</ele></trkpt><trkpt lat="0.00021236" lon="82.51201398"><ele>0.000</ele></trkpt><trkpt lat="0.00021236" lon="82.51201398"><ele>0.000</ele></trkpt><trkpt lat="0.00021236" lon="82.51201398"><ele>0.000</ele></trkpt><trkpt lat="0.00021236" lon="82.51201398"><ele>0.000</ele></trkpt><trkpt lat="0.00021236" lon="82.51201398"><ele>0.000</ele></trkpt><trkpt lat="0.00021236" lon="82.51201398"><ele>0.000</ele></trkpt><trkpt lat="0.00021236" lon="82.51201398"><ele>0.000</ele></trkpt><trkpt lat="0.00021236" lon="82.51201398"><ele>0.000</ele></trkpt><trkpt lat="0.00021236" lon="82.51201398"><ele>0.000</ele></trkpt><trkpt lat="0.00021236" lon="82.51201398"><ele>0.000</ele></trkpt><trkpt lat="0.00021236" lon="82.51201398"><ele>0.000</ele></trkpt><trkpt lat="0.00021236" lon="82.51201398"><ele>0.000</ele></trkpt><trkpt lat="0.00021234" lon="82.51201400"><ele>0.000</ele></trkpt><trkpt lat="0.00021234" lon="82.51201400"><ele>0.000</ele></trkpt><trkpt lat="0.00021234" lon="82.51201400"><ele>0.000</ele></trkpt><trkpt lat="0.00021234" lon="82.51201400"><ele>0.000</ele></trkpt><trkpt lat="0.00021234" lon="82.51201400"><ele>0.000</ele></trkpt><trkpt lat="0.00021234" lon="82.51201400"><ele>0.000</ele></trkpt><trkpt lat="0.00021234" lon="82.51201400"><ele>0.000</ele></trkpt><trkpt lat="0.00021234" lon="82.51201400"><ele>0.000</ele></trkpt><trkpt lat="0.00021232" lon="82.51201400"><ele>0.000</ele></trkpt><trkpt lat="0.00021232" lon="82.51201400"><ele>0.000</ele></trkpt><trkpt lat="0.00021231" lon="82.51201400"><ele>0.000</ele></trkpt><trkpt lat="0.00021230" lon="82.51201401"><ele>0.000</ele></trkpt><trkpt lat="0.00021230" lon="82.51201401"><ele>0.000</ele></trkpt><trkpt lat="0.00021230" lon="82.51201401"><ele>0.000</ele></trkpt><trkpt lat="0.00021230" lon="82.51201401"><ele>0.000</ele></trkpt><trkpt lat="0.00021229" lon="82.51201402"><ele>0.000</ele></trkpt><trkpt lat="0.00021230" lon="82.51201402"><ele>0.000</ele></trkpt><trkpt lat="0.00021230" lon="82.51201402"><ele>0.000</ele></trkpt><trkpt lat="0.00021230" lon="82.51201402"><ele>0.000</ele></trkpt><trkpt lat="0.00021230" lon="82.51201402"><ele>0.000</ele></trkpt><trkpt lat="0.00021230" lon="82.51201402"><ele>0.000</ele></trkpt><trkpt lat="0.00021230" lon="82.51201402"><ele>0.000</ele></trkpt><trkpt lat="0.00021230" lon="82.51201402"><ele>0.000</ele></trkpt><trkpt lat="0.00021230" lon="82.51201402"><ele>0.000</ele></trkpt><trkpt lat="0.00021230" lon="82.51201402"><ele>0.000</ele></trkpt><trkpt lat="0.00021230" lon="82.51201402"><ele>0.000</ele></trkpt><trkpt lat="0.00021230" lon="82.51201402"><ele>0.000</ele></trkpt><trkpt lat="0.00021230" lon="82.51201402"><ele>0.000</ele></trkpt><trkpt lat="0.00021230" lon="82.51201402"><ele>0.000</ele></trkpt><trkpt lat="0.00021230" lon="82.51201402"><ele>0.000</ele></trkpt><trkpt lat="0.00021230" lon="82.51201402"><ele>0.000</ele></trkpt><trkpt lat="0.00021230" lon="82.51201402"><ele>0.000</ele></trkpt><trkpt lat="0.00021229" lon="82.51201403"><ele>0.000</ele></trkpt><trkpt lat="0.00021229" lon="82.51201403"><ele>0.000</ele></trkpt><trkpt lat="0.00021229" lon="82.51201403"><ele>0.000</ele></trkpt><trkpt lat="0.00021229" lon="82.51201403"><ele>0.000</ele></trkpt><trkpt lat="0.00021229" lon="82.51201403"><ele>0.000</ele></trkpt><trkpt lat="0.00021229" lon="82.51201403"><ele>0.000</ele></trkpt><trkpt lat="0.00021229" lon="82.51201403"><ele>0.000</ele></trkpt><trkpt lat="0.00021229" lon="82.51201403"><ele>0.000</ele></trkpt><trkpt lat="0.00021229" lon="82.51201403"><ele>0.000</ele></trkpt><trkpt lat="0.00021229" lon="82.51201403"><ele>0.000</ele></trkpt><trkpt lat="0.00021229" lon="82.51201403"><ele>0.000</ele></trkpt><trkpt lat="0.00021229" lon="82.51201404"><ele>0.000</ele></trkpt><trkpt lat="0.00021229" lon="82.51201404"><ele>0.000</ele></trkpt><trkpt lat="0.00021229" lon="82.51201404"><ele>0.000</ele></trkpt><trkpt lat="0.00021229" lon="82.51201404"><ele>0.000</ele></trkpt><trkpt lat="0.00021229" lon="82.51201404"><ele>0.000</ele></trkpt><trkpt lat="0.00021229" lon="82.51201404"><ele>0.000</ele></trkpt><trkpt lat="0.00021229" lon="82.51201404"><ele>0.000</ele></trkpt><trkpt lat="0.00021229" lon="82.51201404"><ele>0.000</ele></trkpt><trkpt lat="0.00021229" lon="82.51201404"><ele>0.000</ele></trkpt><trkpt lat="0.00021229" lon="82.51201404"><ele>0.000</ele></trkpt><trkpt lat="0.00021228" lon="82.51201405"><ele>0.000</ele></trkpt><trkpt lat="0.00021230" lon="82.51201405"><ele>0.000</ele></trkpt><trkpt lat="0.00021230" lon="82.51201405"><ele>0.000</ele></trkpt><trkpt lat="0.00021230" lon="82.51201405"><ele>0.000</ele></trkpt><trkpt lat="0.00021230" lon="82.51201405"><ele>0.000</ele></trkpt><trkpt lat="0.00021230" lon="82.51201405"><ele>0.000</ele></trkpt><trkpt lat="0.00021230" lon="82.51201405"><ele>0.000</ele></trkpt><trkpt lat="0.00021232" lon="82.51201406"><ele>0.000</ele></trkpt><trkpt lat="0.00021234" lon="82.51201405"><ele>0.000</ele></trkpt><trkpt lat="0.00021233" lon="82.51201402"><ele>0.000</ele></trkpt><trkpt lat="0.00021233" lon="82.51201402"><ele>0.000</ele></trkpt><trkpt lat="0.00021233" lon="82.51201402"><ele>0.000</ele></trkpt><trkpt lat="0.00021233" lon="82.51201402"><ele>0.000</ele></trkpt><trkpt lat="0.00021233" lon="82.51201402"><ele>0.000</ele></trkpt><trkpt lat="0.00021233" lon="82.51201402"><ele>0.000</ele></trkpt><trkpt lat="0.00021233" lon="82.51201402"><ele>0.000</ele></trkpt><trkpt lat="0.00021233" lon="82.51201402"><ele>0.000</ele></trkpt><trkpt lat="0.00021233" lon="82.51201402"><ele>0.000</ele></trkpt><trkpt lat="0.00021233" lon="82.51201402"><ele>0.000</ele></trkpt><trkpt lat="0.00021233" lon="82.51201402"><ele>0.000</ele></trkpt><trkpt lat="0.00021234" lon="82.51201401"><ele>0.000</ele></trkpt><trkpt lat="0.00021234" lon="82.51201401"><ele>0.000</ele></trkpt><trkpt lat="0.00021235" lon="82.51201400"><ele>0.000</ele></trkpt><trkpt lat="0.00021236" lon="82.51201400"><ele>0.000</ele></trkpt><trkpt lat="0.00021236" lon="82.51201399"><ele>0.000</ele></trkpt><trkpt lat="0.00021237" lon="82.51201398"><ele>0.000</ele></trkpt><trkpt lat="0.00021236" lon="82.51201398"><ele>0.000</ele></trkpt></trkseg></trk>
<trk><name>Safety Belt - 15.58 Ha (7.5 m)</name><trkseg><trkpt lat="0.00021236" lon="82.51201398"><ele>0.000</ele></trkpt><trkpt lat="0.00021234" lon="82.51201400"><ele>0.000</ele></trkpt><trkpt lat="0.00021232" lon="82.51201400"><ele>0.000</ele></trkpt><trkpt lat="0.00021231" lon="82.51201400"><ele>0.000</ele></trkpt><trkpt lat="0.00021230" lon="82.51201400"><ele>0.000</ele></trkpt><trkpt lat="0.00021230" lon="82.51201401"><ele>0.000</ele></trkpt><trkpt lat="0.00021229" lon="82.51201402"><ele>0.000</ele></trkpt><trkpt lat="0.00021230" lon="82.51201402"><ele>0.000</ele></trkpt><trkpt lat="0.00021229" lon="82.51201403"><ele>0.000</ele></trkpt><trkpt lat="0.00021229" lon="82.51201403"><ele>0.000</ele></trkpt><trkpt lat="0.00021229" lon="82.51201404"><ele>0.000</ele></trkpt><trkpt lat="0.00021228" lon="82.51201405"><ele>0.000</ele></trkpt><trkpt lat="0.00021230" lon="82.51201405"><ele>0.000</ele></trkpt><trkpt lat="0.00021232" lon="82.51201406"><ele>0.000</ele></trkpt><trkpt lat="0.00021232" lon="82.51201406"><ele>0.000</ele></trkpt><trkpt lat="0.00021232" lon="82.51201406"><ele>0.000</ele></trkpt><trkpt lat="0.00021231" lon="82.51201406"><ele>0.000</ele></trkpt><trkpt lat="0.00021230" lon="82.51201406"><ele>0.000</ele></trkpt><trkpt lat="0.00021230" lon="82.51201405"><ele>0.000</ele></trkpt><trkpt lat="0.00021229" lon="82.51201406"><ele>0.000</ele></trkpt><trkpt lat="0.00021228" lon="82.51201406"><ele>0.000</ele></trkpt><trkpt lat="0.00021227" lon="82.51201406"><ele>0.000</ele></trkpt><trkpt lat="0.00021227" lon="82.51201406"><ele>0.000</ele></trkpt><trkpt lat="0.00021226" lon="82.51201406"><ele>0.000</ele></trkpt><trkpt lat="0.00021226" lon="82.51201406"><ele>0.000</ele></trkpt><trkpt lat="0.00021225" lon="82.51201405"><ele>0.000</ele></trkpt><trkpt lat="0.00021226" lon="82.51201405"><ele>0.000</ele></trkpt><trkpt lat="0.00021227" lon="82.51201405"><ele>0.000</ele></trkpt><trkpt lat="0.00021227" lon="82.51201405"><ele>0.000</ele></trkpt><trkpt lat="0.00021227" lon="82.51201404"><ele>0.000</ele></trkpt><trkpt lat="0.00021228" lon="82.51201404"><ele>0.000</ele></trkpt><trkpt lat="0.00021228" lon="82.51201402"><ele>0.000</ele></trkpt><trkpt lat="0.00021228" lon="82.51201403"><ele>0.000</ele></trkpt><trkpt lat="0.00021229" lon="82.51201403"><ele>0.000</ele></trkpt><trkpt lat="0.00021229" lon="82.51201403"><ele>0.000</ele></trkpt><trkpt lat="0.00021229" lon="82.51201402"><ele>0.000</ele></trkpt><trkpt lat="0.00021229" lon="82.51201402"><ele>0.000</ele></trkpt><trkpt lat="0.00021229" lon="82.51201401"><ele>0.000</ele></trkpt><trkpt lat="0.00021230" lon="82.51201400"><ele>0.000</ele></trkpt><trkpt lat="0.00021230" lon="82.51201400"><ele>0.000</ele></trkpt><trkpt lat="0.00021230" lon="82.51201400"><ele>0.000</ele></trkpt><trkpt lat="0.00021231" lon="82.51201400"><ele>0.000</ele></trkpt><trkpt lat="0.00021231" lon="82.51201400"><ele>0.000</ele></trkpt><trkpt lat="0.00021232" lon="82.51201400"><ele>0.000</ele></trkpt><trkpt lat="0.00021232" lon="82.51201400"><ele>0.000</ele></trkpt><trkpt lat="0.00021233" lon="82.51201400"><ele>0.000</ele></trkpt><trkpt lat="0.00021233" lon="82.51201400"><ele>0.000</ele></trkpt><trkpt lat="0.00021233" lon="82.51201400"><ele>0.000</ele></trkpt><trkpt lat="0.00021234" lon="82.51201400"><ele>0.000</ele></trkpt><trkpt lat="0.00021234" lon="82.51201400"><ele>0.000</ele></trkpt><trkpt lat="0.00021234" lon="82.51201399"><ele>0.000</ele></trkpt><trkpt lat="0.00021234" lon="82.51201399"><ele>0.000</ele></trkpt><trkpt lat="0.00021234" lon="82.51201399"><ele>0.000</ele></trkpt><trkpt lat="0.00021235" lon="82.51201398"><ele>0.000</ele></trkpt><trkpt lat="0.00021235" lon="82.51201398"><ele>0.000</ele></trkpt><trkpt lat="0.00021235" lon="82.51201398"><ele>0.000</ele></trkpt><trkpt lat="0.00021236" lon="82.51201398"><ele>0.000</ele></trkpt></trkseg></trk>
<trk><name>Safety Belt - 15.58 Ha (7.5 m)</name><trkseg><trkpt lat="0.00021235" lon="82.51201398"><ele>0.000</ele></trkpt><trkpt lat="0.00021235" lon="82.51201398"><ele>0.000</ele></trkpt><trkpt lat="0.00021235" lon="82.51201398"><ele>0.000</ele></trkpt><trkpt lat="0.00021235" lon="82.51201398"><ele>0.000</ele></trkpt><trkpt lat="0.00021235" lon="82.51201398"><ele>0.000</ele></trkpt><trkpt lat="0.00021235" lon="82.51201398"><ele>0.000</ele></trkpt><trkpt lat="0.00021235" lon="82.51201398"><ele>0.000</ele></trkpt><trkpt lat="0.00021235" lon="82.51201398"><ele>0.000</ele></trkpt><trkpt lat="0.00021234" lon="82.51201399"><ele>0.000</ele></trkpt><trkpt lat="0.00021234" lon="82.51201399"><ele>0.000</ele></trkpt><trkpt lat="0.00021234" lon="82.51201399"><ele>0.000</ele></trkpt><trkpt lat="0.00021234" lon="82.51201400"><ele>0.000</ele></trkpt><trkpt lat="0.00021234" lon="82.51201400"><ele>0.000</ele></trkpt><trkpt lat="0.00021234" lon="82.51201400"><ele>0.000</ele></trkpt><trkpt lat="0.00021234" lon="82.51201400"><ele>0.000</ele></trkpt><trkpt lat="0.00021234" lon="82.51201400"><ele>0.000</ele></trkpt><trkpt lat="0.00021234" lon="82.51201400"><ele>0.000</ele></trkpt><trkpt lat="0.00021234" lon="82.51201400"><ele>0.000</ele></trkpt><trkpt lat="0.00021234" lon="82.51201400"><ele>0.000</ele></trkpt><trkpt lat="0.00021234" lon="82.51201400"><ele>0.000</ele></trkpt><trkpt lat="0.00021234" lon="82.51201400"><ele>0.000</ele></trkpt><trkpt lat="0.00021234" lon="82.51201400"><ele>0.000</ele></trkpt><trkpt lat="0.00021233" lon="82.51201400"><ele>0.000</ele></trkpt><trkpt lat="0.00021233" lon="82.51201400"><ele>0.000</ele></trkpt><trkpt lat="0.00021233" lon="82.51201400"><ele>0.000</ele></trkpt><trkpt lat="0.00021233" lon="82.51201400"><ele>0.000</ele></trkpt><trkpt lat="0.00021233" lon="82.51201400"><ele>0.000</ele></trkpt><trkpt lat="0.00021233" lon="82.51201400"><ele>0.000</ele></trkpt><trkpt lat="0.00021233" lon="82.51201400"><ele>0.000</ele></trkpt><trkpt lat="0.00021233" lon="82.51201400"><ele>0.000</ele></trkpt><trkpt lat="0.00021233" lon="82.51201400"><ele>0.000</ele></trkpt><trkpt lat="0.00021232" lon="82.51201400"><ele>0.000</ele></trkpt><trkpt lat="0.00021232" lon="82.51201400"><ele>0.000</ele></trkpt><trkpt lat="0.00021232" lon="82.51201400"><ele>0.000</ele></trkpt><trkpt lat="0.00021232" lon="82.51201400"><ele>0.000</ele></trkpt><trkpt lat="0.00021232" lon="82.51201400"><ele>0.000</ele></trkpt><trkpt lat="0.00021232" lon="82.51201400"><ele>0.000</ele></trkpt><trkpt lat="0.00021232" lon="82.51201400"><ele>0.000</ele></trkpt><trkpt lat="0.00021232" lon="82.51201400"><ele>0.000</ele></trkpt><trkpt lat="0.00021231" lon="82.51201400"><ele>0.000</ele></trkpt><trkpt lat="0.00021231" lon="82.51201400"><ele>0.000</ele></trkpt><trkpt lat="0.00021231" lon="82.51201400"><ele>0.000</ele></trkpt><trkpt lat="0.00021230" lon="82.51201400"><ele>0.000</ele></trkpt><trkpt lat="0.00021230" lon="82.51201400"><ele>0.000</ele></trkpt><trkpt lat="0.00021230" lon="82.51201400"><ele>0.000</ele></trkpt><trkpt lat="0.00021230" lon="82.51201400"><ele>0.000</ele></trkpt><trkpt lat="0.00021230" lon="82.51201400"><ele>0.000</ele></trkpt><trkpt lat="0.00021230" lon="82.51201400"><ele>0.000</ele></trkpt><trkpt lat="0.00021230" lon="82.51201400"><ele>0.000</ele></trkpt><trkpt lat="0.00021230" lon="82.51201400"><ele>0.000</ele></trkpt><trkpt lat="0.00021230" lon="82.51201400"><ele>0.000</ele></trkpt><trkpt lat="0.00021230" lon="82.51201400"><ele>0.000</ele></trkpt><trkpt lat="0.00021230" lon="82.51201400"><ele>0.000</ele></trkpt><trkpt lat="0.00021229" lon="82.51201401"><ele>0.000</ele></trkpt><trkpt lat="0.00021229" lon="82.51201402"><ele>0.000</ele></trkpt><trkpt lat="0.00021229" lon="82.51201402"><ele>0.000</ele></trkpt><trkpt lat="0.00021229" lon="82.51201402"><ele>0.000</ele></trkpt><trkpt lat="0.00021229" lon="82.51201402"><ele>0.000</ele></trkpt><trkpt lat="0.00021229" lon="82.51201402"><ele>0.000</ele></trkpt><trkpt lat="0.00021229" lon="82.51201402"><ele>0.000</ele></trkpt><trkpt lat="0.00021229" lon="82.51201402"><ele>0.000</ele></trkpt><trkpt lat="0.00021229" lon="82.51201402"><ele>0.000</ele></trkpt><trkpt lat="0.00021229" lon="82.51201402"><ele>0.000</ele></trkpt><trkpt lat="0.00021229" lon="82.51201402"><ele>0.000</ele></trkpt><trkpt lat="0.00021229" lon="82.51201402"><ele>0.000</ele></trkpt><trkpt lat="0.00021229" lon="82.51201402"><ele>0.000</ele></trkpt><trkpt lat="0.00021229" lon="82.51201402"><ele>0.000</ele></trkpt><trkpt lat="0.00021229" lon="82.51201402"><ele>0.000</ele></trkpt><trkpt lat="0.00021229" lon="82.51201402"><ele>0.000</ele></trkpt><trkpt lat="0.00021229" lon="82.51201402"><ele>0.000</ele></trkpt><trkpt lat="0.00021229" lon="82.51201402"><ele>0.000</ele></trkpt><trkpt lat="0.00021229" lon="82.51201402"><ele>0.000</ele></trkpt><trkpt lat="0.00021229" lon="82.51201402"><ele>0.000</ele></trkpt><trkpt lat="0.00021229" lon="82.51201403"><ele>0.000</ele></trkpt><trkpt lat="0.00021229" lon="82.51201403"><ele>0.000</ele></trkpt><trkpt lat="0.00021229" lon="82.51201403"><ele>0.000</ele></trkpt><trkpt lat="0.00021229" lon="82.51201403"><ele>0.000</ele></trkpt><trkpt lat="0.00021229" lon="82.51201403"><ele>0.000</ele></trkpt><trkpt lat="0.00021229" lon="82.51201403"><ele>0.000</ele></trkpt><trkpt lat="0.00021229" lon="82.51201403"><ele>0.000</ele></trkpt><trkpt lat="0.00021229" lon="82.51201403"><ele>0.000</ele></trkpt><trkpt lat="0.00021229" lon="82.51201403"><ele>0.000</ele></trkpt><trkpt lat="0.00021229" lon="82.51201403"><ele>0.000</ele></trkpt><trkpt lat="0.00021229" lon="82.51201403"><ele>0.000</ele></trkpt><trkpt lat="0.00021229" lon="82.51201403"><ele>0.000</ele></trkpt><trkpt lat="0.00021229" lon="82.51201403"><ele>0.000</ele></trkpt><trkpt lat="0.00021229" lon="82.51201403"><ele>0.000</ele></trkpt><trkpt lat="0.00021229" lon="82.51201403"><ele>0.000</ele></trkpt><trkpt lat="0.00021228" lon="82.51201403"><ele>0.000</ele></trkpt><trkpt lat="0.00021228" lon="82.51201403"><ele>0.000</ele></trkpt><trkpt lat="0.00021228" lon="82.51201403"><ele>0.000</ele></trkpt><trkpt lat="0.00021228" lon="82.51201403"><ele>0.000</ele></trkpt><trkpt lat="0.00021228" lon="82.51201403"><ele>0.000</ele></trkpt><trkpt lat="0.00021228" lon="82.51201403"><ele>0.000</ele></trkpt><trkpt lat="0.00021228" lon="82.51201403"><ele>0.000</ele></trkpt><trkpt lat="0.00021228" lon="82.51201403"><ele>0.000</ele></trkpt><trkpt lat="0.00021228" lon="82.51201403"><ele>0.000</ele></trkpt><trkpt lat="0.00021228" lon="82.51201403"><ele>0.000</ele></trkpt><trkpt lat="0.00021228" lon="82.51201403"><ele>0.000</ele></trkpt><trkpt lat="0.00021228" lon="82.51201403"><ele>0.000</ele></trkpt><trkpt lat="0.00021228" lon="82.51201403"><ele>0.000</ele></trkpt><trkpt lat="0.00021228" lon="82.51201403"><ele>0.000</ele></trkpt><trkpt lat="0.00021228" lon="82.51201403"><ele>0.000</ele></trkpt><trkpt lat="0.00021228" lon="82.51201404"><ele>0.000</ele></trkpt><trkpt lat="0.00021228" lon="82.51201404"><ele>0.000</ele></trkpt><trkpt lat="0.00021228" lon="82.51201404"><ele>0.000</ele></trkpt><trkpt lat="0.00021228" lon="82.51201404"><ele>0.000</ele></trkpt><trkpt lat="0.00021228" lon="82.51201404"><ele>0.000</ele></trkpt><trkpt lat="0.00021228" lon="82.51201404"><ele>0.000</ele></trkpt><trkpt lat="0.00021228" lon="82.51201404"><ele>0.000</ele></trkpt><trkpt lat="0.00021227" lon="82.51201404"><ele>0.000</ele></trkpt><trkpt lat="0.00021227" lon="82.51201405"><ele>0.000</ele></trkpt><trkpt lat="0.00021227" lon="82.51201405"><ele>0.000</ele></trkpt><trkpt lat="0.00021227" lon="82.51201405"><ele>0.000</ele></trkpt><trkpt lat="0.00021227" lon="82.51201405"><ele>0.000</ele></trkpt><trkpt lat="0.00021227" lon="82.51201405"><ele>0.000</ele></trkpt><trkpt lat="0.00021227" lon="82.51201405"><ele>0.000</ele></trkpt><trkpt lat="0.00021227" lon="82.51201405"><ele>0.000</ele></trkpt><trkpt lat="0.00021227" lon="82.51201405"><ele>0.000</ele></trkpt><trkpt lat="0.00021226" lon="82.51201405"><ele>0.000</ele></trkpt><trkpt lat="0.00021226" lon="82.51201405"><ele>0.000</ele></trkpt><trkpt lat="0.00021226" lon="82.51201406"><ele>0.000</ele></trkpt><trkpt lat="0.00021226" lon="82.51201406"><ele>0.000</ele></trkpt><trkpt lat="0.00021226" lon="82.51201406"><ele>0.000</ele></trkpt><trkpt lat="0.00021227" lon="82.51201406"><ele>0.000</ele></trkpt><trkpt lat="0.00021227" lon="82.51201406"><ele>0.000</ele></trkpt><trkpt lat="0.00021227" lon="82.51201406"><ele>0.000</ele></trkpt><trkpt lat="0.00021227" lon="82.51201406"><ele>0.000</ele></trkpt><trkpt lat="0.00021227" lon="82.51201406"><ele>0.000</ele></trkpt><trkpt lat="0.00021227" lon="82.51201406"><ele>0.000</ele></trkpt><trkpt lat="0.00021227" lon="82.51201406"><ele>0.000</ele></trkpt><trkpt lat="0.00021228" lon="82.51201406"><ele>0.000</ele></trkpt><trkpt lat="0.00021229" lon="82.51201406"><ele>0.000</ele></trkpt><trkpt lat="0.00021230" lon="82.51201405"><ele>0.000</ele></trkpt><trkpt lat="0.00021230" lon="82.51201405"><ele>0.000</ele></trkpt><trkpt lat="0.00021230" lon="82.51201405"><ele>0.000</ele></trkpt><trkpt lat="0.00021230" lon="82.51201405"><ele>0.000</ele></trkpt><trkpt lat="0.00021230" lon="82.51201405"><ele>0.000</ele></trkpt><trkpt lat="0.00021230" lon="82.51201405"><ele>0.000</ele></trkpt><trkpt lat="0.00021230" lon="82.51201405"><ele>0.000</ele></trkpt><trkpt lat="0.00021230" lon="82.51201405"><ele>0.000</ele></trkpt><trkpt lat="0.00021230" lon="82.51201405"><ele>0.000</ele></trkpt><trkpt lat="0.00021230" lon="82.51201405"><ele>0.000</ele></trkpt><trkpt lat="0.00021230" lon="82.51201405"><ele>0.000</ele></trkpt><trkpt lat="0.00021230" lon="82.51201406"><ele>0.000</ele></trkpt><trkpt lat="0.00021230" lon="82.51201406"><ele>0.000</ele></trkpt><trkpt lat="0.00021231" lon="82.51201406"><ele>0.000</ele></trkpt><trkpt lat="0.00021231" lon="82.51201406"><ele>0.000</ele></trkpt><trkpt lat="0.00021232" lon="82.51201406"><ele>0.000</ele></trkpt><trkpt lat="0.00021232" lon="82.51201406"><ele>0.000</ele></trkpt><trkpt lat="0.00021232" lon="82.51201406"><ele>0.000</ele></trkpt><trkpt lat="0.00021230" lon="82.51201405"><ele>0.000</ele></trkpt><trkpt lat="0.00021228" lon="82.51201405"><ele>0.000</ele></trkpt><trkpt lat="0.00021228" lon="82.51201405"><ele>0.000</ele></trkpt><trkpt lat="0.00021228" lon="82.51201405"><ele>0.000</ele></trkpt><trkpt lat="0.00021228" lon="82.51201405"><ele>0.000</ele></trkpt><trkpt lat="0.00021228" lon="82.51201405"><ele>0.000</ele></trkpt><trkpt lat="0.00021228" lon="82.51201405"><ele>0.000</ele></trkpt><trkpt lat="0.00021228" lon="82.51201405"><ele>0.000</ele></trkpt><trkpt lat="0.00021228" lon="82.51201405"><ele>0.000</ele></trkpt><trkpt lat="0.00021228" lon="82.51201405"><ele>0.000</ele></trkpt><trkpt lat="0.00021228" lon="82.51201405"><ele>0.000</ele></trkpt><trkpt lat="0.00021228" lon="82.51201405"><ele>0.000</ele></trkpt><trkpt lat="0.00021228" lon="82.51201405"><ele>0.000</ele></trkpt><trkpt lat="0.00021228" lon="82.51201405"><ele>0.000</ele></trkpt><trkpt lat="0.00021228" lon="82.51201405"><ele>0.000</ele></trkpt><trkpt lat="0.00021228" lon="82.51201405"><ele>0.000</ele></trkpt><trkpt lat="0.00021228" lon="82.51201405"><ele>0.000</ele></trkpt><trkpt lat="0.00021228" lon="82.51201405"><ele>0.000</ele></trkpt><trkpt lat="0.00021228" lon="82.51201405"><ele>0.000</ele></trkpt><trkpt lat="0.00021228" lon="82.51201405"><ele>0.000</ele></trkpt><trkpt lat="0.00021228" lon="82.51201405"><ele>0.000</ele></trkpt><trkpt lat="0.00021228" lon="82.51201405"><ele>0.000</ele></trkpt><trkpt lat="0.00021228" lon="82.51201405"><ele>0.000</ele></trkpt><trkpt lat="0.00021228" lon="82.51201405"><ele>0.000</ele></trkpt><trkpt lat="0.00021228" lon="82.51201405"><ele>0.000</ele></trkpt><trkpt lat="0.00021228" lon="82.51201405"><ele>0.000</ele></trkpt><trkpt lat="0.00021229" lon="82.51201404"><ele>0.000</ele></trkpt><trkpt lat="0.00021229" lon="82.51201403"><ele>0.000</ele></trkpt><trkpt lat="0.00021229" lon="82.51201403"><ele>0.000</ele></trkpt><trkpt lat="0.00021229" lon="82.51201403"><ele>0.000</ele></trkpt><trkpt lat="0.00021229" lon="82.51201403"><ele>0.000</ele></trkpt><trkpt lat="0.00021229" lon="82.51201403"><ele>0.000</ele></trkpt><trkpt lat="0.00021229" lon="82.51201403"><ele>0.000</ele></trkpt><trkpt lat="0.00021229" lon="82.51201403"><ele>0.000</ele></trkpt><trkpt lat="0.00021229" lon="82.51201403"><ele>0.000</ele></trkpt><trkpt lat="0.00021229" lon="82.51201403"><ele>0.000</ele></trkpt><trkpt lat="0.00021229" lon="82.51201403"><ele>0.000</ele></trkpt><trkpt lat="0.00021229" lon="82.51201403"><ele>0.000</ele></trkpt><trkpt lat="0.00021229" lon="82.51201403"><ele>0.000</ele></trkpt><trkpt lat="0.00021229" lon="82.51201403"><ele>0.000</ele></trkpt><trkpt lat="0.00021229" lon="82.51201403"><ele>0.000</ele></trkpt><trkpt lat="0.00021229" lon="82.51201403"><ele>0.000</ele></trkpt><trkpt lat="0.00021229" lon="82.51201403"><ele>0.000</ele></trkpt><trkpt lat="0.00021229" lon="82.51201403"><ele>0.000</ele></trkpt><trkpt lat="0.00021229" lon="82.51201403"><ele>0.000</ele></trkpt><trkpt lat="0.00021229" lon="82.51201403"><ele>0.000</ele></trkpt><trkpt lat="0.00021230" lon="82.51201402"><ele>0.000</ele></trkpt><trkpt lat="0.00021229" lon="82.51201402"><ele>0.000</ele></trkpt><trkpt lat="0.00021229" lon="82.51201402"><ele>0.000</ele></trkpt><trkpt lat="0.00021229" lon="82.51201402"><ele>0.000</ele></trkpt><trkpt lat="0.00021229" lon="82.51201402"><ele>0.000</ele></trkpt><trkpt lat="0.00021229" lon="82.51201402"><ele>0.000</ele></trkpt><trkpt lat="0.00021229" lon="82.51201402"><ele>0.000</ele></trkpt><trkpt lat="0.00021229" lon="82.51201402"><ele>0.000</ele></trkpt><trkpt lat="0.00021229" lon="82.51201402"><ele>0.000</ele></trkpt><trkpt lat="0.00021229" lon="82.51201402"><ele>0.000</ele></trkpt><trkpt lat="0.00021229" lon="82.51201402"><ele>0.000</ele></trkpt><trkpt lat="0.00021229" lon="82.51201402"><ele>0.000</ele></trkpt><trkpt lat="0.00021229" lon="82.51201402"><ele>0.000</ele></trkpt><trkpt lat="0.00021229" lon="82.51201402"><ele>0.000</ele></trkpt><trkpt lat="0.00021229" lon="82.51201402"><ele>0.000</ele></trkpt><trkpt lat="0.00021230" lon="82.51201401"><ele>0.000</ele></trkpt><trkpt lat="0.00021230" lon="82.51201401"><ele>0.000</ele></trkpt><trkpt lat="0.00021230" lon="82.51201401"><ele>0.000</ele></trkpt><trkpt lat="0.00021230" lon="82.51201401"><ele>0.000</ele></trkpt><trkpt lat="0.00021230" lon="82.51201401"><ele>0.000</ele></trkpt><trkpt lat="0.00021230" lon="82.51201401"><ele>0.000</ele></trkpt><trkpt lat="0.00021230" lon="82.51201401"><ele>0.000</ele></trkpt><trkpt lat="0.00021230" lon="82.51201401"><ele>0.000</ele></trkpt><trkpt lat="0.00021230" lon="82.51201401"><ele>0.000</ele></trkpt><trkpt lat="0.00021230" lon="82.51201401"><ele>0.000</ele></trkpt><trkpt lat="0.00021230" lon="82.51201401"><ele>0.000</ele></trkpt><trkpt lat="0.00021230" lon="82.51201400"><ele>0.000</ele></trkpt><trkpt lat="0.00021231" lon="82.51201400"><ele>0.000</ele></trkpt><trkpt lat="0.00021231" lon="82.51201400"><ele>0.000</ele></trkpt><trkpt lat="0.00021231" lon="82.51201400"><ele>0.000</ele></trkpt><trkpt lat="0.00021231" lon="82.51201400"><ele>0.000</ele></trkpt><trkpt lat="0.00021231" lon="82.51201400"><ele>0.000</ele></trkpt><trkpt lat="0.00021231" lon="82.51201400"><ele>0.000</ele></trkpt><trkpt lat="0.00021232" lon="82.51201400"><ele>0.000</ele></trkpt><trkpt lat="0.00021234" lon="82.51201400"><ele>0.000</ele></trkpt><trkpt lat="0.00021235" lon="82.51201398"><ele>0.000</ele></trkpt><trkpt lat="0.00021235" lon="82.51201398"><ele>0.000</ele></trkpt><trkpt lat="0.00021235" lon="82.51201398"><ele>0.000</ele></trkpt></trkseg></trk>
<trk><name>Minedout Zone 1</name><desc>&lt;div style=&quot;font-family:Segoe UI,Arial;font-size:11px;padding:8px;&quot;&gt;
 &lt;h4 style=&quot;margin:0;color:#374151;&quot;&gt;Minedout Zone 1&lt;/h4&gt;
 &lt;p&gt;&lt;b&gt;Area:&lt;/b&gt; 0.2168 Ha (2167.86 m2)&lt;br/&gt;
 &lt;b&gt;Status:&lt;/b&gt; Already excavated&lt;br/&gt;
 &lt;b&gt;Datum:&lt;/b&gt; WGS-84&lt;/p&gt;
 &lt;p style=&quot;font-size:9px;color:#6B7280;&quot;&gt;Mineral estimations for overlapping plots are net of this area.&lt;/p&gt;
 &lt;/div&gt;</desc><trkseg><trkpt lat="0.00021236" lon="82.51201398"><ele>0.000</ele></trkpt><trkpt lat="0.00021236" lon="82.51201398"><ele>0.000</ele></trkpt><trkpt lat="0.00021235" lon="82.51201398"><ele>0.000</ele></trkpt><trkpt lat="0.00021236" lon="82.51201398"><ele>0.000</ele></trkpt><trkpt lat="0.00021236" lon="82.51201398"><ele>0.000</ele></trkpt><trkpt lat="0.00021236" lon="82.51201398"><ele>0.000</ele></trkpt></trkseg></trk>
<trk><name>Minedout Zone 2</name><desc>&lt;div style=&quot;font-family:Segoe UI,Arial;font-size:11px;padding:8px;&quot;&gt;
 &lt;h4 style=&quot;margin:0;color:#374151;&quot;&gt;Minedout Zone 2&lt;/h4&gt;
 &lt;p&gt;&lt;b&gt;Area:&lt;/b&gt; 23.9564 Ha (239563.75 m2)&lt;br/&gt;
 &lt;b&gt;Status:&lt;/b&gt; Already excavated&lt;br/&gt;
 &lt;b&gt;Datum:&lt;/b&gt; WGS-84&lt;/p&gt;
 &lt;p style=&quot;font-size:9px;color:#6B7280;&quot;&gt;Mineral estimations for overlapping plots are net of this area.&lt;/p&gt;
 &lt;/div&gt;</desc><trkseg><trkpt lat="0.00021233" lon="82.51201405"><ele>0.000</ele></trkpt><trkpt lat="0.00021233" lon="82.51201405"><ele>0.000</ele></trkpt><trkpt lat="0.00021233" lon="82.51201405"><ele>0.000</ele></trkpt><trkpt lat="0.00021233" lon="82.51201405"><ele>0.000</ele></trkpt><trkpt lat="0.00021233" lon="82.51201405"><ele>0.000</ele></trkpt><trkpt lat="0.00021233" lon="82.51201405"><ele>0.000</ele></trkpt><trkpt lat="0.00021233" lon="82.51201405"><ele>0.000</ele></trkpt><trkpt lat="0.00021233" lon="82.51201405"><ele>0.000</ele></trkpt><trkpt lat="0.00021233" lon="82.51201405"><ele>0.000</ele></trkpt><trkpt lat="0.00021233" lon="82.51201405"><ele>0.000</ele></trkpt><trkpt lat="0.00021233" lon="82.51201405"><ele>0.000</ele></trkpt><trkpt lat="0.00021234" lon="82.51201405"><ele>0.000</ele></trkpt><trkpt lat="0.00021234" lon="82.51201405"><ele>0.000</ele></trkpt><trkpt lat="0.00021234" lon="82.51201405"><ele>0.000</ele></trkpt><trkpt lat="0.00021234" lon="82.51201405"><ele>0.000</ele></trkpt><trkpt lat="0.00021233" lon="82.51201402"><ele>0.000</ele></trkpt><trkpt lat="0.00021234" lon="82.51201402"><ele>0.000</ele></trkpt><trkpt lat="0.00021234" lon="82.51201402"><ele>0.000</ele></trkpt><trkpt lat="0.00021234" lon="82.51201402"><ele>0.000</ele></trkpt><trkpt lat="0.00021234" lon="82.51201401"><ele>0.000</ele></trkpt><trkpt lat="0.00021234" lon="82.51201401"><ele>0.000</ele></trkpt><trkpt lat="0.00021234" lon="82.51201401"><ele>0.000</ele></trkpt><trkpt lat="0.00021234" lon="82.51201401"><ele>0.000</ele></trkpt><trkpt lat="0.00021233" lon="82.51201401"><ele>0.000</ele></trkpt><trkpt lat="0.00021233" lon="82.51201401"><ele>0.000</ele></trkpt><trkpt lat="0.00021233" lon="82.51201401"><ele>0.000</ele></trkpt><trkpt lat="0.00021233" lon="82.51201401"><ele>0.000</ele></trkpt><trkpt lat="0.00021233" lon="82.51201401"><ele>0.000</ele></trkpt><trkpt lat="0.00021233" lon="82.51201401"><ele>0.000</ele></trkpt><trkpt lat="0.00021233" lon="82.51201401"><ele>0.000</ele></trkpt><trkpt lat="0.00021233" lon="82.51201401"><ele>0.000</ele></trkpt><trkpt lat="0.00021233" lon="82.51201401"><ele>0.000</ele></trkpt><trkpt lat="0.00021232" lon="82.51201401"><ele>0.000</ele></trkpt><trkpt lat="0.00021232" lon="82.51201401"><ele>0.000</ele></trkpt><trkpt lat="0.00021232" lon="82.51201401"><ele>0.000</ele></trkpt><trkpt lat="0.00021232" lon="82.51201401"><ele>0.000</ele></trkpt><trkpt lat="0.00021232" lon="82.51201401"><ele>0.000</ele></trkpt><trkpt lat="0.00021232" lon="82.51201401"><ele>0.000</ele></trkpt><trkpt lat="0.00021232" lon="82.51201401"><ele>0.000</ele></trkpt><trkpt lat="0.00021232" lon="82.51201401"><ele>0.000</ele></trkpt><trkpt lat="0.00021232" lon="82.51201401"><ele>0.000</ele></trkpt><trkpt lat="0.00021231" lon="82.51201401"><ele>0.000</ele></trkpt><trkpt lat="0.00021231" lon="82.51201401"><ele>0.000</ele></trkpt><trkpt lat="0.00021231" lon="82.51201401"><ele>0.000</ele></trkpt><trkpt lat="0.00021231" lon="82.51201401"><ele>0.000</ele></trkpt><trkpt lat="0.00021230" lon="82.51201401"><ele>0.000</ele></trkpt><trkpt lat="0.00021230" lon="82.51201401"><ele>0.000</ele></trkpt><trkpt lat="0.00021230" lon="82.51201401"><ele>0.000</ele></trkpt><trkpt lat="0.00021230" lon="82.51201401"><ele>0.000</ele></trkpt><trkpt lat="0.00021230" lon="82.51201401"><ele>0.000</ele></trkpt><trkpt lat="0.00021230" lon="82.51201401"><ele>0.000</ele></trkpt><trkpt lat="0.00021230" lon="82.51201401"><ele>0.000</ele></trkpt><trkpt lat="0.00021230" lon="82.51201401"><ele>0.000</ele></trkpt><trkpt lat="0.00021231" lon="82.51201402"><ele>0.000</ele></trkpt><trkpt lat="0.00021231" lon="82.51201401"><ele>0.000</ele></trkpt><trkpt lat="0.00021231" lon="82.51201402"><ele>0.000</ele></trkpt><trkpt lat="0.00021231" lon="82.51201402"><ele>0.000</ele></trkpt><trkpt lat="0.00021231" lon="82.51201402"><ele>0.000</ele></trkpt><trkpt lat="0.00021231" lon="82.51201402"><ele>0.000</ele></trkpt><trkpt lat="0.00021231" lon="82.51201402"><ele>0.000</ele></trkpt><trkpt lat="0.00021231" lon="82.51201402"><ele>0.000</ele></trkpt><trkpt lat="0.00021231" lon="82.51201402"><ele>0.000</ele></trkpt><trkpt lat="0.00021231" lon="82.51201402"><ele>0.000</ele></trkpt><trkpt lat="0.00021230" lon="82.51201402"><ele>0.000</ele></trkpt><trkpt lat="0.00021230" lon="82.51201403"><ele>0.000</ele></trkpt><trkpt lat="0.00021230" lon="82.51201403"><ele>0.000</ele></trkpt><trkpt lat="0.00021229" lon="82.51201403"><ele>0.000</ele></trkpt><trkpt lat="0.00021229" lon="82.51201403"><ele>0.000</ele></trkpt><trkpt lat="0.00021229" lon="82.51201403"><ele>0.000</ele></trkpt><trkpt lat="0.00021229" lon="82.51201404"><ele>0.000</ele></trkpt><trkpt lat="0.00021228" lon="82.51201405"><ele>0.000</ele></trkpt><trkpt lat="0.00021230" lon="82.51201405"><ele>0.000</ele></trkpt><trkpt lat="0.00021232" lon="82.51201406"><ele>0.000</ele></trkpt><trkpt lat="0.00021232" lon="82.51201406"><ele>0.000</ele></trkpt><trkpt lat="0.00021232" lon="82.51201405"><ele>0.000</ele></trkpt><trkpt lat="0.00021233" lon="82.51201405"><ele>0.000</ele></trkpt></trkseg></trk>
<trk><name>Minedout Zone 3</name><desc>&lt;div style=&quot;font-family:Segoe UI,Arial;font-size:11px;padding:8px;&quot;&gt;
 &lt;h4 style=&quot;margin:0;color:#374151;&quot;&gt;Minedout Zone 3&lt;/h4&gt;
 &lt;p&gt;&lt;b&gt;Area:&lt;/b&gt; 2.2032 Ha (22031.76 m2)&lt;br/&gt;
 &lt;b&gt;Status:&lt;/b&gt; Already excavated&lt;br/&gt;
 &lt;b&gt;Datum:&lt;/b&gt; WGS-84&lt;/p&gt;
 &lt;p style=&quot;font-size:9px;color:#6B7280;&quot;&gt;Mineral estimations for overlapping plots are net of this area.&lt;/p&gt;
 &lt;/div&gt;</desc><trkseg><trkpt lat="0.00021234" lon="82.51201419"><ele>0.000</ele></trkpt><trkpt lat="0.00021234" lon="82.51201418"><ele>0.000</ele></trkpt><trkpt lat="0.00021235" lon="82.51201418"><ele>0.000</ele></trkpt><trkpt lat="0.00021235" lon="82.51201418"><ele>0.000</ele></trkpt><trkpt lat="0.00021235" lon="82.51201418"><ele>0.000</ele></trkpt><trkpt lat="0.00021235" lon="82.51201418"><ele>0.000</ele></trkpt><trkpt lat="0.00021235" lon="82.51201418"><ele>0.000</ele></trkpt><trkpt lat="0.00021235" lon="82.51201418"><ele>0.000</ele></trkpt><trkpt lat="0.00021235" lon="82.51201418"><ele>0.000</ele></trkpt><trkpt lat="0.00021235" lon="82.51201418"><ele>0.000</ele></trkpt><trkpt lat="0.00021235" lon="82.51201418"><ele>0.000</ele></trkpt><trkpt lat="0.00021235" lon="82.51201418"><ele>0.000</ele></trkpt><trkpt lat="0.00021235" lon="82.51201418"><ele>0.000</ele></trkpt><trkpt lat="0.00021235" lon="82.51201418"><ele>0.000</ele></trkpt><trkpt lat="0.00021235" lon="82.51201418"><ele>0.000</ele></trkpt><trkpt lat="0.00021235" lon="82.51201418"><ele>0.000</ele></trkpt><trkpt lat="0.00021235" lon="82.51201418"><ele>0.000</ele></trkpt><trkpt lat="0.00021235" lon="82.51201418"><ele>0.000</ele></trkpt><trkpt lat="0.00021235" lon="82.51201418"><ele>0.000</ele></trkpt><trkpt lat="0.00021235" lon="82.51201418"><ele>0.000</ele></trkpt><trkpt lat="0.00021235" lon="82.51201418"><ele>0.000</ele></trkpt><trkpt lat="0.00021235" lon="82.51201418"><ele>0.000</ele></trkpt><trkpt lat="0.00021235" lon="82.51201418"><ele>0.000</ele></trkpt><trkpt lat="0.00021235" lon="82.51201418"><ele>0.000</ele></trkpt><trkpt lat="0.00021235" lon="82.51201418"><ele>0.000</ele></trkpt><trkpt lat="0.00021235" lon="82.51201418"><ele>0.000</ele></trkpt><trkpt lat="0.00021235" lon="82.51201418"><ele>0.000</ele></trkpt><trkpt lat="0.00021235" lon="82.51201418"><ele>0.000</ele></trkpt><trkpt lat="0.00021235" lon="82.51201418"><ele>0.000</ele></trkpt><trkpt lat="0.00021235" lon="82.51201418"><ele>0.000</ele></trkpt><trkpt lat="0.00021235" lon="82.51201418"><ele>0.000</ele></trkpt><trkpt lat="0.00021235" lon="82.51201418"><ele>0.000</ele></trkpt><trkpt lat="0.00021235" lon="82.51201418"><ele>0.000</ele></trkpt><trkpt lat="0.00021235" lon="82.51201418"><ele>0.000</ele></trkpt><trkpt lat="0.00021235" lon="82.51201418"><ele>0.000</ele></trkpt><trkpt lat="0.00021235" lon="82.51201417"><ele>0.000</ele></trkpt><trkpt lat="0.00021235" lon="82.51201417"><ele>0.000</ele></trkpt><trkpt lat="0.00021235" lon="82.51201417"><ele>0.000</ele></trkpt><trkpt lat="0.00021235" lon="82.51201417"><ele>0.000</ele></trkpt><trkpt lat="0.00021235" lon="82.51201417"><ele>0.000</ele></trkpt><trkpt lat="0.00021235" lon="82.51201417"><ele>0.000</ele></trkpt><trkpt lat="0.00021235" lon="82.51201417"><ele>0.000</ele></trkpt><trkpt lat="0.00021235" lon="82.51201417"><ele>0.000</ele></trkpt><trkpt lat="0.00021235" lon="82.51201417"><ele>0.000</ele></trkpt><trkpt lat="0.00021234" lon="82.51201417"><ele>0.000</ele></trkpt><trkpt lat="0.00021234" lon="82.51201417"><ele>0.000</ele></trkpt><trkpt lat="0.00021234" lon="82.51201418"><ele>0.000</ele></trkpt><trkpt lat="0.00021234" lon="82.51201418"><ele>0.000</ele></trkpt><trkpt lat="0.00021233" lon="82.51201418"><ele>0.000</ele></trkpt><trkpt lat="0.00021234" lon="82.51201418"><ele>0.000</ele></trkpt><trkpt lat="0.00021234" lon="82.51201418"><ele>0.000</ele></trkpt><trkpt lat="0.00021234" lon="82.51201419"><ele>0.000</ele></trkpt><trkpt lat="0.00021234" lon="82.51201419"><ele>0.000</ele></trkpt><trkpt lat="0.00021234" lon="82.51201419"><ele>0.000</ele></trkpt><trkpt lat="0.00021234" lon="82.51201419"><ele>0.000</ele></trkpt><trkpt lat="0.00021234" lon="82.51201419"><ele>0.000</ele></trkpt><trkpt lat="0.00021234" lon="82.51201419"><ele>0.000</ele></trkpt></trkseg></trk>
<trk><name>Minedout Zone 4</name><desc>&lt;div style=&quot;font-family:Segoe UI,Arial;font-size:11px;padding:8px;&quot;&gt;
 &lt;h4 style=&quot;margin:0;color:#374151;&quot;&gt;Minedout Zone 4&lt;/h4&gt;
 &lt;p&gt;&lt;b&gt;Area:&lt;/b&gt; 25.7143 Ha (257142.76 m2)&lt;br/&gt;
 &lt;b&gt;Status:&lt;/b&gt; Already excavated&lt;br/&gt;
 &lt;b&gt;Datum:&lt;/b&gt; WGS-84&lt;/p&gt;
 &lt;p style=&quot;font-size:9px;color:#6B7280;&quot;&gt;Mineral estimations for overlapping plots are net of this area.&lt;/p&gt;
 &lt;/div&gt;</desc><trkseg><trkpt lat="0.00021245" lon="82.51201420"><ele>0.000</ele></trkpt><trkpt lat="0.00021245" lon="82.51201419"><ele>0.000</ele></trkpt><trkpt lat="0.00021245" lon="82.51201419"><ele>0.000</ele></trkpt><trkpt lat="0.00021245" lon="82.51201419"><ele>0.000</ele></trkpt><trkpt lat="0.00021244" lon="82.51201419"><ele>0.000</ele></trkpt><trkpt lat="0.00021244" lon="82.51201419"><ele>0.000</ele></trkpt><trkpt lat="0.00021244" lon="82.51201419"><ele>0.000</ele></trkpt><trkpt lat="0.00021244" lon="82.51201418"><ele>0.000</ele></trkpt><trkpt lat="0.00021244" lon="82.51201418"><ele>0.000</ele></trkpt><trkpt lat="0.00021243" lon="82.51201418"><ele>0.000</ele></trkpt><trkpt lat="0.00021243" lon="82.51201418"><ele>0.000</ele></trkpt><trkpt lat="0.00021243" lon="82.51201418"><ele>0.000</ele></trkpt><trkpt lat="0.00021243" lon="82.51201418"><ele>0.000</ele></trkpt><trkpt lat="0.00021243" lon="82.51201418"><ele>0.000</ele></trkpt><trkpt lat="0.00021243" lon="82.51201418"><ele>0.000</ele></trkpt><trkpt lat="0.00021243" lon="82.51201418"><ele>0.000</ele></trkpt><trkpt lat="0.00021243" lon="82.51201418"><ele>0.000</ele></trkpt><trkpt lat="0.00021243" lon="82.51201418"><ele>0.000</ele></trkpt><trkpt lat="0.00021242" lon="82.51201418"><ele>0.000</ele></trkpt><trkpt lat="0.00021242" lon="82.51201418"><ele>0.000</ele></trkpt><trkpt lat="0.00021242" lon="82.51201418"><ele>0.000</ele></trkpt><trkpt lat="0.00021242" lon="82.51201418"><ele>0.000</ele></trkpt><trkpt lat="0.00021242" lon="82.51201418"><ele>0.000</ele></trkpt><trkpt lat="0.00021242" lon="82.51201418"><ele>0.000</ele></trkpt><trkpt lat="0.00021242" lon="82.51201418"><ele>0.000</ele></trkpt><trkpt lat="0.00021242" lon="82.51201418"><ele>0.000</ele></trkpt><trkpt lat="0.00021242" lon="82.51201418"><ele>0.000</ele></trkpt><trkpt lat="0.00021242" lon="82.51201418"><ele>0.000</ele></trkpt><trkpt lat="0.00021242" lon="82.51201418"><ele>0.000</ele></trkpt><trkpt lat="0.00021242" lon="82.51201419"><ele>0.000</ele></trkpt><trkpt lat="0.00021242" lon="82.51201419"><ele>0.000</ele></trkpt><trkpt lat="0.00021241" lon="82.51201419"><ele>0.000</ele></trkpt><trkpt lat="0.00021241" lon="82.51201419"><ele>0.000</ele></trkpt><trkpt lat="0.00021241" lon="82.51201418"><ele>0.000</ele></trkpt><trkpt lat="0.00021241" lon="82.51201418"><ele>0.000</ele></trkpt><trkpt lat="0.00021241" lon="82.51201418"><ele>0.000</ele></trkpt><trkpt lat="0.00021241" lon="82.51201418"><ele>0.000</ele></trkpt><trkpt lat="0.00021241" lon="82.51201418"><ele>0.000</ele></trkpt><trkpt lat="0.00021241" lon="82.51201418"><ele>0.000</ele></trkpt><trkpt lat="0.00021241" lon="82.51201418"><ele>0.000</ele></trkpt><trkpt lat="0.00021241" lon="82.51201418"><ele>0.000</ele></trkpt><trkpt lat="0.00021241" lon="82.51201418"><ele>0.000</ele></trkpt><trkpt lat="0.00021241" lon="82.51201418"><ele>0.000</ele></trkpt><trkpt lat="0.00021241" lon="82.51201418"><ele>0.000</ele></trkpt><trkpt lat="0.00021241" lon="82.51201418"><ele>0.000</ele></trkpt><trkpt lat="0.00021241" lon="82.51201418"><ele>0.000</ele></trkpt><trkpt lat="0.00021241" lon="82.51201418"><ele>0.000</ele></trkpt><trkpt lat="0.00021241" lon="82.51201418"><ele>0.000</ele></trkpt><trkpt lat="0.00021241" lon="82.51201418"><ele>0.000</ele></trkpt><trkpt lat="0.00021241" lon="82.51201418"><ele>0.000</ele></trkpt><trkpt lat="0.00021241" lon="82.51201418"><ele>0.000</ele></trkpt><trkpt lat="0.00021241" lon="82.51201418"><ele>0.000</ele></trkpt><trkpt lat="0.00021241" lon="82.51201418"><ele>0.000</ele></trkpt><trkpt lat="0.00021241" lon="82.51201418"><ele>0.000</ele></trkpt><trkpt lat="0.00021241" lon="82.51201418"><ele>0.000</ele></trkpt><trkpt lat="0.00021241" lon="82.51201418"><ele>0.000</ele></trkpt><trkpt lat="0.00021241" lon="82.51201418"><ele>0.000</ele></trkpt><trkpt lat="0.00021241" lon="82.51201418"><ele>0.000</ele></trkpt><trkpt lat="0.00021241" lon="82.51201418"><ele>0.000</ele></trkpt><trkpt lat="0.00021241" lon="82.51201417"><ele>0.000</ele></trkpt><trkpt lat="0.00021241" lon="82.51201417"><ele>0.000</ele></trkpt><trkpt lat="0.00021241" lon="82.51201417"><ele>0.000</ele></trkpt><trkpt lat="0.00021241" lon="82.51201418"><ele>0.000</ele></trkpt><trkpt lat="0.00021241" lon="82.51201417"><ele>0.000</ele></trkpt><trkpt lat="0.00021241" lon="82.51201417"><ele>0.000</ele></trkpt><trkpt lat="0.00021240" lon="82.51201417"><ele>0.000</ele></trkpt><trkpt lat="0.00021240" lon="82.51201417"><ele>0.000</ele></trkpt><trkpt lat="0.00021240" lon="82.51201417"><ele>0.000</ele></trkpt><trkpt lat="0.00021240" lon="82.51201417"><ele>0.000</ele></trkpt><trkpt lat="0.00021240" lon="82.51201417"><ele>0.000</ele></trkpt><trkpt lat="0.00021240" lon="82.51201417"><ele>0.000</ele></trkpt><trkpt lat="0.00021240" lon="82.51201417"><ele>0.000</ele></trkpt><trkpt lat="0.00021240" lon="82.51201417"><ele>0.000</ele></trkpt><trkpt lat="0.00021240" lon="82.51201417"><ele>0.000</ele></trkpt><trkpt lat="0.00021240" lon="82.51201417"><ele>0.000</ele></trkpt><trkpt lat="0.00021240" lon="82.51201417"><ele>0.000</ele></trkpt><trkpt lat="0.00021240" lon="82.51201417"><ele>0.000</ele></trkpt><trkpt lat="0.00021239" lon="82.51201417"><ele>0.000</ele></trkpt><trkpt lat="0.00021239" lon="82.51201417"><ele>0.000</ele></trkpt><trkpt lat="0.00021239" lon="82.51201417"><ele>0.000</ele></trkpt><trkpt lat="0.00021239" lon="82.51201417"><ele>0.000</ele></trkpt><trkpt lat="0.00021239" lon="82.51201417"><ele>0.000</ele></trkpt><trkpt lat="0.00021239" lon="82.51201417"><ele>0.000</ele></trkpt><trkpt lat="0.00021239" lon="82.51201417"><ele>0.000</ele></trkpt><trkpt lat="0.00021239" lon="82.51201417"><ele>0.000</ele></trkpt><trkpt lat="0.00021239" lon="82.51201417"><ele>0.000</ele></trkpt><trkpt lat="0.00021239" lon="82.51201417"><ele>0.000</ele></trkpt><trkpt lat="0.00021239" lon="82.51201417"><ele>0.000</ele></trkpt><trkpt lat="0.00021239" lon="82.51201417"><ele>0.000</ele></trkpt><trkpt lat="0.00021239" lon="82.51201417"><ele>0.000</ele></trkpt><trkpt lat="0.00021238" lon="82.51201416"><ele>0.000</ele></trkpt><trkpt lat="0.00021238" lon="82.51201416"><ele>0.000</ele></trkpt><trkpt lat="0.00021238" lon="82.51201416"><ele>0.000</ele></trkpt><trkpt lat="0.00021238" lon="82.51201416"><ele>0.000</ele></trkpt><trkpt lat="0.00021238" lon="82.51201416"><ele>0.000</ele></trkpt><trkpt lat="0.00021238" lon="82.51201416"><ele>0.000</ele></trkpt><trkpt lat="0.00021238" lon="82.51201416"><ele>0.000</ele></trkpt><trkpt lat="0.00021238" lon="82.51201416"><ele>0.000</ele></trkpt><trkpt lat="0.00021238" lon="82.51201416"><ele>0.000</ele></trkpt><trkpt lat="0.00021238" lon="82.51201416"><ele>0.000</ele></trkpt><trkpt lat="0.00021238" lon="82.51201416"><ele>0.000</ele></trkpt><trkpt lat="0.00021238" lon="82.51201416"><ele>0.000</ele></trkpt><trkpt lat="0.00021238" lon="82.51201416"><ele>0.000</ele></trkpt><trkpt lat="0.00021238" lon="82.51201416"><ele>0.000</ele></trkpt><trkpt lat="0.00021238" lon="82.51201416"><ele>0.000</ele></trkpt><trkpt lat="0.00021238" lon="82.51201416"><ele>0.000</ele></trkpt><trkpt lat="0.00021238" lon="82.51201416"><ele>0.000</ele></trkpt><trkpt lat="0.00021238" lon="82.51201416"><ele>0.000</ele></trkpt><trkpt lat="0.00021238" lon="82.51201416"><ele>0.000</ele></trkpt><trkpt lat="0.00021238" lon="82.51201416"><ele>0.000</ele></trkpt><trkpt lat="0.00021238" lon="82.51201416"><ele>0.000</ele></trkpt><trkpt lat="0.00021238" lon="82.51201416"><ele>0.000</ele></trkpt><trkpt lat="0.00021238" lon="82.51201416"><ele>0.000</ele></trkpt><trkpt lat="0.00021238" lon="82.51201416"><ele>0.000</ele></trkpt><trkpt lat="0.00021238" lon="82.51201416"><ele>0.000</ele></trkpt><trkpt lat="0.00021238" lon="82.51201416"><ele>0.000</ele></trkpt><trkpt lat="0.00021238" lon="82.51201416"><ele>0.000</ele></trkpt><trkpt lat="0.00021238" lon="82.51201416"><ele>0.000</ele></trkpt><trkpt lat="0.00021238" lon="82.51201416"><ele>0.000</ele></trkpt><trkpt lat="0.00021238" lon="82.51201416"><ele>0.000</ele></trkpt><trkpt lat="0.00021238" lon="82.51201416"><ele>0.000</ele></trkpt><trkpt lat="0.00021238" lon="82.51201416"><ele>0.000</ele></trkpt><trkpt lat="0.00021238" lon="82.51201416"><ele>0.000</ele></trkpt><trkpt lat="0.00021238" lon="82.51201416"><ele>0.000</ele></trkpt><trkpt lat="0.00021238" lon="82.51201416"><ele>0.000</ele></trkpt><trkpt lat="0.00021238" lon="82.51201416"><ele>0.000</ele></trkpt><trkpt lat="0.00021238" lon="82.51201416"><ele>0.000</ele></trkpt><trkpt lat="0.00021238" lon="82.51201416"><ele>0.000</ele></trkpt><trkpt lat="0.00021238" lon="82.51201416"><ele>0.000</ele></trkpt><trkpt lat="0.00021238" lon="82.51201416"><ele>0.000</ele></trkpt><trkpt lat="0.00021238" lon="82.51201416"><ele>0.000</ele></trkpt><trkpt lat="0.00021238" lon="82.51201416"><ele>0.000</ele></trkpt><trkpt lat="0.00021238" lon="82.51201416"><ele>0.000</ele></trkpt><trkpt lat="0.00021238" lon="82.51201416"><ele>0.000</ele></trkpt><trkpt lat="0.00021238" lon="82.51201416"><ele>0.000</ele></trkpt><trkpt lat="0.00021238" lon="82.51201416"><ele>0.000</ele></trkpt><trkpt lat="0.00021238" lon="82.51201416"><ele>0.000</ele></trkpt><trkpt lat="0.00021238" lon="82.51201416"><ele>0.000</ele></trkpt><trkpt lat="0.00021237" lon="82.51201416"><ele>0.000</ele></trkpt><trkpt lat="0.00021237" lon="82.51201416"><ele>0.000</ele></trkpt><trkpt lat="0.00021237" lon="82.51201416"><ele>0.000</ele></trkpt><trkpt lat="0.00021237" lon="82.51201416"><ele>0.000</ele></trkpt><trkpt lat="0.00021237" lon="82.51201416"><ele>0.000</ele></trkpt><trkpt lat="0.00021237" lon="82.51201416"><ele>0.000</ele></trkpt><trkpt lat="0.00021237" lon="82.51201416"><ele>0.000</ele></trkpt><trkpt lat="0.00021237" lon="82.51201416"><ele>0.000</ele></trkpt><trkpt lat="0.00021237" lon="82.51201416"><ele>0.000</ele></trkpt><trkpt lat="0.00021237" lon="82.51201416"><ele>0.000</ele></trkpt><trkpt lat="0.00021237" lon="82.51201416"><ele>0.000</ele></trkpt><trkpt lat="0.00021237" lon="82.51201416"><ele>0.000</ele></trkpt><trkpt lat="0.00021237" lon="82.51201416"><ele>0.000</ele></trkpt><trkpt lat="0.00021237" lon="82.51201416"><ele>0.000</ele></trkpt><trkpt lat="0.00021237" lon="82.51201416"><ele>0.000</ele></trkpt><trkpt lat="0.00021237" lon="82.51201416"><ele>0.000</ele></trkpt><trkpt lat="0.00021237" lon="82.51201416"><ele>0.000</ele></trkpt><trkpt lat="0.00021237" lon="82.51201416"><ele>0.000</ele></trkpt><trkpt lat="0.00021237" lon="82.51201416"><ele>0.000</ele></trkpt><trkpt lat="0.00021237" lon="82.51201416"><ele>0.000</ele></trkpt><trkpt lat="0.00021237" lon="82.51201416"><ele>0.000</ele></trkpt><trkpt lat="0.00021237" lon="82.51201416"><ele>0.000</ele></trkpt><trkpt lat="0.00021237" lon="82.51201416"><ele>0.000</ele></trkpt><trkpt lat="0.00021237" lon="82.51201416"><ele>0.000</ele></trkpt><trkpt lat="0.00021237" lon="82.51201416"><ele>0.000</ele></trkpt><trkpt lat="0.00021237" lon="82.51201417"><ele>0.000</ele></trkpt><trkpt lat="0.00021237" lon="82.51201417"><ele>0.000</ele></trkpt><trkpt lat="0.00021237" lon="82.51201417"><ele>0.000</ele></trkpt><trkpt lat="0.00021237" lon="82.51201417"><ele>0.000</ele></trkpt><trkpt lat="0.00021237" lon="82.51201417"><ele>0.000</ele></trkpt><trkpt lat="0.00021237" lon="82.51201417"><ele>0.000</ele></trkpt><trkpt lat="0.00021237" lon="82.51201417"><ele>0.000</ele></trkpt><trkpt lat="0.00021237" lon="82.51201417"><ele>0.000</ele></trkpt><trkpt lat="0.00021237" lon="82.51201417"><ele>0.000</ele></trkpt><trkpt lat="0.00021237" lon="82.51201417"><ele>0.000</ele></trkpt><trkpt lat="0.00021237" lon="82.51201418"><ele>0.000</ele></trkpt><trkpt lat="0.00021237" lon="82.51201418"><ele>0.000</ele></trkpt><trkpt lat="0.00021237" lon="82.51201418"><ele>0.000</ele></trkpt><trkpt lat="0.00021237" lon="82.51201418"><ele>0.000</ele></trkpt><trkpt lat="0.00021237" lon="82.51201418"><ele>0.000</ele></trkpt><trkpt lat="0.00021237" lon="82.51201418"><ele>0.000</ele></trkpt><trkpt lat="0.00021237" lon="82.51201418"><ele>0.000</ele></trkpt><trkpt lat="0.00021237" lon="82.51201418"><ele>0.000</ele></trkpt><trkpt lat="0.00021237" lon="82.51201418"><ele>0.000</ele></trkpt><trkpt lat="0.00021237" lon="82.51201418"><ele>0.000</ele></trkpt><trkpt lat="0.00021237" lon="82.51201418"><ele>0.000</ele></trkpt><trkpt lat="0.00021238" lon="82.51201418"><ele>0.000</ele></trkpt><trkpt lat="0.00021238" lon="82.51201418"><ele>0.000</ele></trkpt><trkpt lat="0.00021238" lon="82.51201418"><ele>0.000</ele></trkpt><trkpt lat="0.00021238" lon="82.51201418"><ele>0.000</ele></trkpt><trkpt lat="0.00021238" lon="82.51201418"><ele>0.000</ele></trkpt><trkpt lat="0.00021238" lon="82.51201418"><ele>0.000</ele></trkpt><trkpt lat="0.00021238" lon="82.51201418"><ele>0.000</ele></trkpt><trkpt lat="0.00021238" lon="82.51201418"><ele>0.000</ele></trkpt><trkpt lat="0.00021238" lon="82.51201418"><ele>0.000</ele></trkpt><trkpt lat="0.00021238" lon="82.51201419"><ele>0.000</ele></trkpt><trkpt lat="0.00021238" lon="82.51201419"><ele>0.000</ele></trkpt><trkpt lat="0.00021239" lon="82.51201419"><ele>0.000</ele></trkpt><trkpt lat="0.00021239" lon="82.51201419"><ele>0.000</ele></trkpt><trkpt lat="0.00021239" lon="82.51201419"><ele>0.000</ele></trkpt><trkpt lat="0.00021239" lon="82.51201419"><ele>0.000</ele></trkpt><trkpt lat="0.00021239" lon="82.51201419"><ele>0.000</ele></trkpt><trkpt lat="0.00021240" lon="82.51201419"><ele>0.000</ele></trkpt><trkpt lat="0.00021240" lon="82.51201419"><ele>0.000</ele></trkpt><trkpt lat="0.00021240" lon="82.51201419"><ele>0.000</ele></trkpt><trkpt lat="0.00021240" lon="82.51201419"><ele>0.000</ele></trkpt><trkpt lat="0.00021240" lon="82.51201419"><ele>0.000</ele></trkpt><trkpt lat="0.00021240" lon="82.51201419"><ele>0.000</ele></trkpt><trkpt lat="0.00021240" lon="82.51201419"><ele>0.000</ele></trkpt><trkpt lat="0.00021240" lon="82.51201419"><ele>0.000</ele></trkpt><trkpt lat="0.00021240" lon="82.51201419"><ele>0.000</ele></trkpt><trkpt lat="0.00021240" lon="82.51201419"><ele>0.000</ele></trkpt><trkpt lat="0.00021240" lon="82.51201418"><ele>0.000</ele></trkpt><trkpt lat="0.00021240" lon="82.51201418"><ele>0.000</ele></trkpt><trkpt lat="0.00021240" lon="82.51201418"><ele>0.000</ele></trkpt><trkpt lat="0.00021240" lon="82.51201418"><ele>0.000</ele></trkpt><trkpt lat="0.00021240" lon="82.51201418"><ele>0.000</ele></trkpt><trkpt lat="0.00021240" lon="82.51201418"><ele>0.000</ele></trkpt><trkpt lat="0.00021240" lon="82.51201418"><ele>0.000</ele></trkpt><trkpt lat="0.00021240" lon="82.51201418"><ele>0.000</ele></trkpt><trkpt lat="0.00021240" lon="82.51201418"><ele>0.000</ele></trkpt><trkpt lat="0.00021240" lon="82.51201418"><ele>0.000</ele></trkpt><trkpt lat="0.00021240" lon="82.51201418"><ele>0.000</ele></trkpt><trkpt lat="0.00021240" lon="82.51201418"><ele>0.000</ele></trkpt><trkpt lat="0.00021240" lon="82.51201418"><ele>0.000</ele></trkpt><trkpt lat="0.00021241" lon="82.51201418"><ele>0.000</ele></trkpt><trkpt lat="0.00021241" lon="82.51201418"><ele>0.000</ele></trkpt><trkpt lat="0.00021241" lon="82.51201418"><ele>0.000</ele></trkpt><trkpt lat="0.00021241" lon="82.51201418"><ele>0.000</ele></trkpt><trkpt lat="0.00021241" lon="82.51201418"><ele>0.000</ele></trkpt><trkpt lat="0.00021241" lon="82.51201418"><ele>0.000</ele></trkpt><trkpt lat="0.00021241" lon="82.51201418"><ele>0.000</ele></trkpt><trkpt lat="0.00021241" lon="82.51201418"><ele>0.000</ele></trkpt><trkpt lat="0.00021241" lon="82.51201418"><ele>0.000</ele></trkpt><trkpt lat="0.00021241" lon="82.51201418"><ele>0.000</ele></trkpt><trkpt lat="0.00021241" lon="82.51201419"><ele>0.000</ele></trkpt><trkpt lat="0.00021241" lon="82.51201419"><ele>0.000</ele></trkpt><trkpt lat="0.00021241" lon="82.51201419"><ele>0.000</ele></trkpt><trkpt lat="0.00021240" lon="82.51201419"><ele>0.000</ele></trkpt><trkpt lat="0.00021240" lon="82.51201419"><ele>0.000</ele></trkpt><trkpt lat="0.00021241" lon="82.51201419"><ele>0.000</ele></trkpt><trkpt lat="0.00021241" lon="82.51201419"><ele>0.000</ele></trkpt><trkpt lat="0.00021241" lon="82.51201420"><ele>0.000</ele></trkpt><trkpt lat="0.00021241" lon="82.51201420"><ele>0.000</ele></trkpt><trkpt lat="0.00021241" lon="82.51201420"><ele>0.000</ele></trkpt><trkpt lat="0.00021241" lon="82.51201420"><ele>0.000</ele></trkpt><trkpt lat="0.00021241" lon="82.51201420"><ele>0.000</ele></trkpt><trkpt lat="0.00021241" lon="82.51201420"><ele>0.000</ele></trkpt><trkpt lat="0.00021242" lon="82.51201421"><ele>0.000</ele></trkpt><trkpt lat="0.00021242" lon="82.51201421"><ele>0.000</ele></trkpt><trkpt lat="0.00021242" lon="82.51201421"><ele>0.000</ele></trkpt><trkpt lat="0.00021242" lon="82.51201421"><ele>0.000</ele></trkpt><trkpt lat="0.00021242" lon="82.51201421"><ele>0.000</ele></trkpt><trkpt lat="0.00021242" lon="82.51201421"><ele>0.000</ele></trkpt><trkpt lat="0.00021242" lon="82.51201421"><ele>0.000</ele></trkpt><trkpt lat="0.00021242" lon="82.51201422"><ele>0.000</ele></trkpt><trkpt lat="0.00021242" lon="82.51201422"><ele>0.000</ele></trkpt><trkpt lat="0.00021243" lon="82.51201421"><ele>0.000</ele></trkpt><trkpt lat="0.00021243" lon="82.51201421"><ele>0.000</ele></trkpt><trkpt lat="0.00021243" lon="82.51201421"><ele>0.000</ele></trkpt><trkpt lat="0.00021243" lon="82.51201421"><ele>0.000</ele></trkpt><trkpt lat="0.00021243" lon="82.51201421"><ele>0.000</ele></trkpt><trkpt lat="0.00021243" lon="82.51201421"><ele>0.000</ele></trkpt><trkpt lat="0.00021243" lon="82.51201421"><ele>0.000</ele></trkpt><trkpt lat="0.00021244" lon="82.51201421"><ele>0.000</ele></trkpt><trkpt lat="0.00021244" lon="82.51201421"><ele>0.000</ele></trkpt><trkpt lat="0.00021244" lon="82.51201421"><ele>0.000</ele></trkpt><trkpt lat="0.00021244" lon="82.51201421"><ele>0.000</ele></trkpt><trkpt lat="0.00021244" lon="82.51201422"><ele>0.000</ele></trkpt><trkpt lat="0.00021244" lon="82.51201422"><ele>0.000</ele></trkpt><trkpt lat="0.00021244" lon="82.51201422"><ele>0.000</ele></trkpt><trkpt lat="0.00021244" lon="82.51201422"><ele>0.000</ele></trkpt><trkpt lat="0.00021244" lon="82.51201422"><ele>0.000</ele></trkpt><trkpt lat="0.00021244" lon="82.51201422"><ele>0.000</ele></trkpt><trkpt lat="0.00021244" lon="82.51201422"><ele>0.000</ele></trkpt><trkpt lat="0.00021244" lon="82.51201422"><ele>0.000</ele></trkpt><trkpt lat="0.00021244" lon="82.51201422"><ele>0.000</ele></trkpt><trkpt lat="0.00021244" lon="82.51201422"><ele>0.000</ele></trkpt><trkpt lat="0.00021244" lon="82.51201422"><ele>0.000</ele></trkpt><trkpt lat="0.00021244" lon="82.51201422"><ele>0.000</ele></trkpt><trkpt lat="0.00021244" lon="82.51201422"><ele>0.000</ele></trkpt><trkpt lat="0.00021244" lon="82.51201422"><ele>0.000</ele></trkpt><trkpt lat="0.00021244" lon="82.51201421"><ele>0.000</ele></trkpt><trkpt lat="0.00021244" lon="82.51201421"><ele>0.000</ele></trkpt><trkpt lat="0.00021244" lon="82.51201421"><ele>0.000</ele></trkpt><trkpt lat="0.00021244" lon="82.51201421"><ele>0.000</ele></trkpt><trkpt lat="0.00021244" lon="82.51201421"><ele>0.000</ele></trkpt><trkpt lat="0.00021244" lon="82.51201421"><ele>0.000</ele></trkpt><trkpt lat="0.00021244" lon="82.51201421"><ele>0.000</ele></trkpt><trkpt lat="0.00021245" lon="82.51201421"><ele>0.000</ele></trkpt><trkpt lat="0.00021245" lon="82.51201421"><ele>0.000</ele></trkpt><trkpt lat="0.00021245" lon="82.51201421"><ele>0.000</ele></trkpt><trkpt lat="0.00021245" lon="82.51201421"><ele>0.000</ele></trkpt><trkpt lat="0.00021245" lon="82.51201421"><ele>0.000</ele></trkpt><trkpt lat="0.00021245" lon="82.51201421"><ele>0.000</ele></trkpt><trkpt lat="0.00021245" lon="82.51201422"><ele>0.000</ele></trkpt><trkpt lat="0.00021245" lon="82.51201422"><ele>0.000</ele></trkpt><trkpt lat="0.00021245" lon="82.51201422"><ele>0.000</ele></trkpt><trkpt lat="0.00021245" lon="82.51201422"><ele>0.000</ele></trkpt><trkpt lat="0.00021245" lon="82.51201422"><ele>0.000</ele></trkpt><trkpt lat="0.00021245" lon="82.51201422"><ele>0.000</ele></trkpt><trkpt lat="0.00021245" lon="82.51201422"><ele>0.000</ele></trkpt><trkpt lat="0.00021245" lon="82.51201422"><ele>0.000</ele></trkpt><trkpt lat="0.00021245" lon="82.51201422"><ele>0.000</ele></trkpt><trkpt lat="0.00021245" lon="82.51201422"><ele>0.000</ele></trkpt><trkpt lat="0.00021245" lon="82.51201422"><ele>0.000</ele></trkpt><trkpt lat="0.00021245" lon="82.51201422"><ele>0.000</ele></trkpt><trkpt lat="0.00021245" lon="82.51201422"><ele>0.000</ele></trkpt><trkpt lat="0.00021245" lon="82.51201422"><ele>0.000</ele></trkpt><trkpt lat="0.00021245" lon="82.51201422"><ele>0.000</ele></trkpt><trkpt lat="0.00021245" lon="82.51201421"><ele>0.000</ele></trkpt><trkpt lat="0.00021245" lon="82.51201421"><ele>0.000</ele></trkpt><trkpt lat="0.00021245" lon="82.51201421"><ele>0.000</ele></trkpt><trkpt lat="0.00021245" lon="82.51201421"><ele>0.000</ele></trkpt><trkpt lat="0.00021245" lon="82.51201421"><ele>0.000</ele></trkpt><trkpt lat="0.00021246" lon="82.51201421"><ele>0.000</ele></trkpt><trkpt lat="0.00021246" lon="82.51201421"><ele>0.000</ele></trkpt><trkpt lat="0.00021245" lon="82.51201421"><ele>0.000</ele></trkpt><trkpt lat="0.00021245" lon="82.51201421"><ele>0.000</ele></trkpt><trkpt lat="0.00021245" lon="82.51201421"><ele>0.000</ele></trkpt><trkpt lat="0.00021245" lon="82.51201421"><ele>0.000</ele></trkpt><trkpt lat="0.00021245" lon="82.51201421"><ele>0.000</ele></trkpt><trkpt lat="0.00021245" lon="82.51201420"><ele>0.000</ele></trkpt><trkpt lat="0.00021245" lon="82.51201420"><ele>0.000</ele></trkpt><trkpt lat="0.00021245" lon="82.51201420"><ele>0.000</ele></trkpt><trkpt lat="0.00021245" lon="82.51201420"><ele>0.000</ele></trkpt><trkpt lat="0.00021245" lon="82.51201420"><ele>0.000</ele></trkpt></trkseg></trk>
<trk><name>Minedout 109.507 - Zone 1</name><desc>&lt;div style=&quot;font-family:Segoe UI,Arial;font-size:11px;padding:8px;&quot;&gt;&lt;h4 style=&quot;margin:0;color:#374151;&quot;&gt;Minedout - Pakhar 109.507 Ha - Zone 1&lt;/h4&gt;&lt;p&gt;&lt;b&gt;Area:&lt;/b&gt; 0.6788 Ha (6,788.49 m2)&lt;br/&gt;&lt;b&gt;Lease:&lt;/b&gt; Pakhar 109.507 Ha&lt;br/&gt;&lt;b&gt;Status:&lt;/b&gt; Already excavated&lt;br/&gt;&lt;b&gt;Datum:&lt;/b&gt; WGS-84&lt;/p&gt;&lt;p style=&quot;font-size:9px;color:#6B7280;&quot;&gt;Plot balloons in this lease are auto-updated to show how much of each plot is inside this zone.&lt;/p&gt;&lt;/div&gt;</desc><trkseg><trkpt lat="0.00021248" lon="82.51201418"><ele>0.000</ele></trkpt><trkpt lat="0.00021248" lon="82.51201417"><ele>0.000</ele></trkpt><trkpt lat="0.00021248" lon="82.51201417"><ele>0.000</ele></trkpt><trkpt lat="0.00021248" lon="82.51201417"><ele>0.000</ele></trkpt><trkpt lat="0.00021248" lon="82.51201417"><ele>0.000</ele></trkpt><trkpt lat="0.00021248" lon="82.51201417"><ele>0.000</ele></trkpt><trkpt lat="0.00021248" lon="82.51201418"><ele>0.000</ele></trkpt></trkseg></trk>
<trk><name>Minedout 109.507 - Zone 2</name><desc>&lt;div style=&quot;font-family:Segoe UI,Arial;font-size:11px;padding:8px;&quot;&gt;&lt;h4 style=&quot;margin:0;color:#374151;&quot;&gt;Minedout - Pakhar 109.507 Ha - Zone 2&lt;/h4&gt;&lt;p&gt;&lt;b&gt;Area:&lt;/b&gt; 3.6837 Ha (36,837.13 m2)&lt;br/&gt;&lt;b&gt;Lease:&lt;/b&gt; Pakhar 109.507 Ha&lt;br/&gt;&lt;b&gt;Status:&lt;/b&gt; Already excavated&lt;br/&gt;&lt;b&gt;Datum:&lt;/b&gt; WGS-84&lt;/p&gt;&lt;p style=&quot;font-size:9px;color:#6B7280;&quot;&gt;Plot balloons in this lease are auto-updated to show how much of each plot is inside this zone.&lt;/p&gt;&lt;/div&gt;</desc><trkseg><trkpt lat="0.00021244" lon="82.51201426"><ele>6.000</ele></trkpt><trkpt lat="0.00021244" lon="82.51201426"><ele>6.000</ele></trkpt><trkpt lat="0.00021244" lon="82.51201426"><ele>6.000</ele></trkpt><trkpt lat="0.00021244" lon="82.51201426"><ele>6.000</ele></trkpt><trkpt lat="0.00021244" lon="82.51201426"><ele>6.000</ele></trkpt><trkpt lat="0.00021244" lon="82.51201425"><ele>6.000</ele></trkpt><trkpt lat="0.00021244" lon="82.51201425"><ele>6.000</ele></trkpt><trkpt lat="0.00021244" lon="82.51201426"><ele>6.000</ele></trkpt><trkpt lat="0.00021245" lon="82.51201426"><ele>6.000</ele></trkpt><trkpt lat="0.00021245" lon="82.51201426"><ele>6.000</ele></trkpt><trkpt lat="0.00021245" lon="82.51201425"><ele>6.000</ele></trkpt><trkpt lat="0.00021245" lon="82.51201425"><ele>6.000</ele></trkpt><trkpt lat="0.00021245" lon="82.51201425"><ele>6.000</ele></trkpt><trkpt lat="0.00021245" lon="82.51201425"><ele>6.000</ele></trkpt><trkpt lat="0.00021246" lon="82.51201424"><ele>6.000</ele></trkpt><trkpt lat="0.00021246" lon="82.51201424"><ele>6.000</ele></trkpt><trkpt lat="0.00021246" lon="82.51201424"><ele>6.000</ele></trkpt><trkpt lat="0.00021246" lon="82.51201424"><ele>6.000</ele></trkpt><trkpt lat="0.00021246" lon="82.51201424"><ele>6.000</ele></trkpt><trkpt lat="0.00021246" lon="82.51201424"><ele>6.000</ele></trkpt><trkpt lat="0.00021246" lon="82.51201424"><ele>6.000</ele></trkpt><trkpt lat="0.00021246" lon="82.51201424"><ele>6.000</ele></trkpt><trkpt lat="0.00021246" lon="82.51201423"><ele>6.000</ele></trkpt><trkpt lat="0.00021246" lon="82.51201423"><ele>6.000</ele></trkpt><trkpt lat="0.00021246" lon="82.51201423"><ele>6.000</ele></trkpt><trkpt lat="0.00021246" lon="82.51201423"><ele>6.000</ele></trkpt><trkpt lat="0.00021246" lon="82.51201423"><ele>6.000</ele></trkpt><trkpt lat="0.00021247" lon="82.51201423"><ele>6.000</ele></trkpt><trkpt lat="0.00021247" lon="82.51201423"><ele>6.000</ele></trkpt><trkpt lat="0.00021247" lon="82.51201423"><ele>6.000</ele></trkpt><trkpt lat="0.00021247" lon="82.51201423"><ele>6.000</ele></trkpt><trkpt lat="0.00021247" lon="82.51201424"><ele>6.000</ele></trkpt><trkpt lat="0.00021247" lon="82.51201424"><ele>6.000</ele></trkpt><trkpt lat="0.00021247" lon="82.51201424"><ele>6.000</ele></trkpt><trkpt lat="0.00021247" lon="82.51201424"><ele>6.000</ele></trkpt><trkpt lat="0.00021247" lon="82.51201424"><ele>6.000</ele></trkpt><trkpt lat="0.00021247" lon="82.51201424"><ele>6.000</ele></trkpt><trkpt lat="0.00021247" lon="82.51201424"><ele>6.000</ele></trkpt><trkpt lat="0.00021247" lon="82.51201424"><ele>6.000</ele></trkpt><trkpt lat="0.00021247" lon="82.51201424"><ele>6.000</ele></trkpt><trkpt lat="0.00021247" lon="82.51201424"><ele>6.000</ele></trkpt><trkpt lat="0.00021247" lon="82.51201424"><ele>6.000</ele></trkpt><trkpt lat="0.00021246" lon="82.51201424"><ele>6.000</ele></trkpt><trkpt lat="0.00021246" lon="82.51201424"><ele>6.000</ele></trkpt><trkpt lat="0.00021246" lon="82.51201424"><ele>6.000</ele></trkpt><trkpt lat="0.00021246" lon="82.51201425"><ele>6.000</ele></trkpt><trkpt lat="0.00021246" lon="82.51201425"><ele>6.000</ele></trkpt><trkpt lat="0.00021247" lon="82.51201425"><ele>6.000</ele></trkpt><trkpt lat="0.00021247" lon="82.51201425"><ele>6.000</ele></trkpt><trkpt lat="0.00021247" lon="82.51201425"><ele>6.000</ele></trkpt><trkpt lat="0.00021247" lon="82.51201425"><ele>6.000</ele></trkpt><trkpt lat="0.00021247" lon="82.51201425"><ele>6.000</ele></trkpt><trkpt lat="0.00021247" lon="82.51201425"><ele>6.000</ele></trkpt><trkpt lat="0.00021246" lon="82.51201425"><ele>6.000</ele></trkpt><trkpt lat="0.00021246" lon="82.51201425"><ele>6.000</ele></trkpt><trkpt lat="0.00021246" lon="82.51201425"><ele>6.000</ele></trkpt><trkpt lat="0.00021246" lon="82.51201426"><ele>6.000</ele></trkpt><trkpt lat="0.00021246" lon="82.51201426"><ele>6.000</ele></trkpt><trkpt lat="0.00021246" lon="82.51201426"><ele>6.000</ele></trkpt><trkpt lat="0.00021245" lon="82.51201426"><ele>6.000</ele></trkpt><trkpt lat="0.00021245" lon="82.51201426"><ele>6.000</ele></trkpt><trkpt lat="0.00021245" lon="82.51201426"><ele>6.000</ele></trkpt><trkpt lat="0.00021245" lon="82.51201426"><ele>6.000</ele></trkpt><trkpt lat="0.00021244" lon="82.51201426"><ele>6.000</ele></trkpt><trkpt lat="0.00021244" lon="82.51201426"><ele>6.000</ele></trkpt></trkseg></trk>
<trk><name>Minedout 109.507 - Zone 3</name><desc>&lt;div style=&quot;font-family:Segoe UI,Arial;font-size:11px;padding:8px;&quot;&gt;&lt;h4 style=&quot;margin:0;color:#374151;&quot;&gt;Minedout - Pakhar 109.507 Ha - Zone 3&lt;/h4&gt;&lt;p&gt;&lt;b&gt;Area:&lt;/b&gt; 0.4465 Ha (4,464.78 m2)&lt;br/&gt;&lt;b&gt;Lease:&lt;/b&gt; Pakhar 109.507 Ha&lt;br/&gt;&lt;b&gt;Status:&lt;/b&gt; Already excavated&lt;br/&gt;&lt;b&gt;Datum:&lt;/b&gt; WGS-84&lt;/p&gt;&lt;p style=&quot;font-size:9px;color:#6B7280;&quot;&gt;Plot balloons in this lease are auto-updated to show how much of each plot is inside this zone.&lt;/p&gt;&lt;/div&gt;</desc><trkseg><trkpt lat="0.00021251" lon="82.51201425"><ele>6.000</ele></trkpt><trkpt lat="0.00021252" lon="82.51201426"><ele>6.000</ele></trkpt><trkpt lat="0.00021252" lon="82.51201426"><ele>6.000</ele></trkpt><trkpt lat="0.00021252" lon="82.51201426"><ele>6.000</ele></trkpt><trkpt lat="0.00021251" lon="82.51201426"><ele>6.000</ele></trkpt><trkpt lat="0.00021251" lon="82.51201426"><ele>6.000</ele></trkpt><trkpt lat="0.00021251" lon="82.51201426"><ele>6.000</ele></trkpt><trkpt lat="0.00021251" lon="82.51201426"><ele>6.000</ele></trkpt><trkpt lat="0.00021251" lon="82.51201426"><ele>6.000</ele></trkpt><trkpt lat="0.00021251" lon="82.51201426"><ele>6.000</ele></trkpt><trkpt lat="0.00021251" lon="82.51201426"><ele>6.000</ele></trkpt><trkpt lat="0.00021251" lon="82.51201426"><ele>6.000</ele></trkpt><trkpt lat="0.00021251" lon="82.51201426"><ele>6.000</ele></trkpt><trkpt lat="0.00021251" lon="82.51201426"><ele>6.000</ele></trkpt><trkpt lat="0.00021251" lon="82.51201425"><ele>6.000</ele></trkpt><trkpt lat="0.00021251" lon="82.51201425"><ele>6.000</ele></trkpt></trkseg></trk>
<trk><name>Minedout 109.507 - Zone 4</name><desc>&lt;div style=&quot;font-family:Segoe UI,Arial;font-size:11px;padding:8px;&quot;&gt;&lt;h4 style=&quot;margin:0;color:#374151;&quot;&gt;Minedout - Pakhar 109.507 Ha - Zone 4&lt;/h4&gt;&lt;p&gt;&lt;b&gt;Area:&lt;/b&gt; 1.6962 Ha (16,961.59 m2)&lt;br/&gt;&lt;b&gt;Lease:&lt;/b&gt; Pakhar 109.507 Ha&lt;br/&gt;&lt;b&gt;Status:&lt;/b&gt; Already excavated&lt;br/&gt;&lt;b&gt;Datum:&lt;/b&gt; WGS-84&lt;/p&gt;&lt;p style=&quot;font-size:9px;color:#6B7280;&quot;&gt;Plot balloons in this lease are auto-updated to show how much of each plot is inside this zone.&lt;/p&gt;&lt;/div&gt;</desc><trkseg><trkpt lat="0.00021252" lon="82.51201426"><ele>6.000</ele></trkpt><trkpt lat="0.00021251" lon="82.51201426"><ele>6.000</ele></trkpt><trkpt lat="0.00021251" lon="82.51201426"><ele>6.000</ele></trkpt><trkpt lat="0.00021251" lon="82.51201426"><ele>6.000</ele></trkpt><trkpt lat="0.00021251" lon="82.51201426"><ele>6.000</ele></trkpt><trkpt lat="0.00021252" lon="82.51201426"><ele>6.000</ele></trkpt><trkpt lat="0.00021252" lon="82.51201426"><ele>6.000</ele></trkpt><trkpt lat="0.00021252" lon="82.51201426"><ele>6.000</ele></trkpt><trkpt lat="0.00021252" lon="82.51201426"><ele>6.000</ele></trkpt><trkpt lat="0.00021252" lon="82.51201426"><ele>6.000</ele></trkpt><trkpt lat="0.00021252" lon="82.51201426"><ele>6.000</ele></trkpt><trkpt lat="0.00021252" lon="82.51201426"><ele>6.000</ele></trkpt><trkpt lat="0.00021253" lon="82.51201426"><ele>6.000</ele></trkpt><trkpt lat="0.00021253" lon="82.51201426"><ele>6.000</ele></trkpt><trkpt lat="0.00021253" lon="82.51201426"><ele>6.000</ele></trkpt><trkpt lat="0.00021253" lon="82.51201426"><ele>6.000</ele></trkpt><trkpt lat="0.00021252" lon="82.51201427"><ele>6.000</ele></trkpt><trkpt lat="0.00021252" lon="82.51201427"><ele>6.000</ele></trkpt><trkpt lat="0.00021252" lon="82.51201427"><ele>6.000</ele></trkpt><trkpt lat="0.00021252" lon="82.51201427"><ele>6.000</ele></trkpt><trkpt lat="0.00021252" lon="82.51201427"><ele>6.000</ele></trkpt><trkpt lat="0.00021252" lon="82.51201427"><ele>6.000</ele></trkpt><trkpt lat="0.00021252" lon="82.51201427"><ele>6.000</ele></trkpt><trkpt lat="0.00021252" lon="82.51201427"><ele>6.000</ele></trkpt><trkpt lat="0.00021252" lon="82.51201427"><ele>6.000</ele></trkpt><trkpt lat="0.00021252" lon="82.51201427"><ele>6.000</ele></trkpt><trkpt lat="0.00021252" lon="82.51201427"><ele>6.000</ele></trkpt><trkpt lat="0.00021252" lon="82.51201427"><ele>6.000</ele></trkpt><trkpt lat="0.00021252" lon="82.51201427"><ele>6.000</ele></trkpt><trkpt lat="0.00021252" lon="82.51201427"><ele>6.000</ele></trkpt><trkpt lat="0.00021252" lon="82.51201427"><ele>6.000</ele></trkpt><trkpt lat="0.00021252" lon="82.51201427"><ele>6.000</ele></trkpt><trkpt lat="0.00021252" lon="82.51201427"><ele>6.000</ele></trkpt><trkpt lat="0.00021252" lon="82.51201427"><ele>6.000</ele></trkpt><trkpt lat="0.00021252" lon="82.51201427"><ele>6.000</ele></trkpt><trkpt lat="0.00021252" lon="82.51201426"><ele>6.000</ele></trkpt></trkseg></trk>
<trk><name>Minedout 109.507 - Zone 5</name><desc>&lt;div style=&quot;font-family:Segoe UI,Arial;font-size:11px;padding:8px;&quot;&gt;&lt;h4 style=&quot;margin:0;color:#374151;&quot;&gt;Minedout - Pakhar 109.507 Ha - Zone 5&lt;/h4&gt;&lt;p&gt;&lt;b&gt;Area:&lt;/b&gt; 2.3080 Ha (23,080.26 m2)&lt;br/&gt;&lt;b&gt;Lease:&lt;/b&gt; Pakhar 109.507 Ha&lt;br/&gt;&lt;b&gt;Status:&lt;/b&gt; Already excavated&lt;br/&gt;&lt;b&gt;Datum:&lt;/b&gt; WGS-84&lt;/p&gt;&lt;p style=&quot;font-size:9px;color:#6B7280;&quot;&gt;Plot balloons in this lease are auto-updated to show how much of each plot is inside this zone.&lt;/p&gt;&lt;/div&gt;</desc><trkseg><trkpt lat="0.00021252" lon="82.51201427"><ele>6.000</ele></trkpt><trkpt lat="0.00021252" lon="82.51201427"><ele>6.000</ele></trkpt><trkpt lat="0.00021253" lon="82.51201427"><ele>6.000</ele></trkpt><trkpt lat="0.00021253" lon="82.51201427"><ele>6.000</ele></trkpt><trkpt lat="0.00021253" lon="82.51201428"><ele>6.000</ele></trkpt><trkpt lat="0.00021253" lon="82.51201428"><ele>6.000</ele></trkpt><trkpt lat="0.00021253" lon="82.51201428"><ele>6.000</ele></trkpt><trkpt lat="0.00021253" lon="82.51201428"><ele>6.000</ele></trkpt><trkpt lat="0.00021253" lon="82.51201428"><ele>6.000</ele></trkpt><trkpt lat="0.00021253" lon="82.51201428"><ele>6.000</ele></trkpt><trkpt lat="0.00021253" lon="82.51201428"><ele>6.000</ele></trkpt><trkpt lat="0.00021253" lon="82.51201428"><ele>6.000</ele></trkpt><trkpt lat="0.00021252" lon="82.51201428"><ele>6.000</ele></trkpt><trkpt lat="0.00021252" lon="82.51201428"><ele>6.000</ele></trkpt><trkpt lat="0.00021252" lon="82.51201428"><ele>6.000</ele></trkpt><trkpt lat="0.00021252" lon="82.51201428"><ele>6.000</ele></trkpt><trkpt lat="0.00021251" lon="82.51201428"><ele>6.000</ele></trkpt><trkpt lat="0.00021251" lon="82.51201427"><ele>6.000</ele></trkpt><trkpt lat="0.00021252" lon="82.51201427"><ele>6.000</ele></trkpt><trkpt lat="0.00021252" lon="82.51201427"><ele>6.000</ele></trkpt><trkpt lat="0.00021252" lon="82.51201427"><ele>6.000</ele></trkpt><trkpt lat="0.00021252" lon="82.51201427"><ele>6.000</ele></trkpt><trkpt lat="0.00021252" lon="82.51201427"><ele>6.000</ele></trkpt></trkseg></trk>
<trk><name>Minedout 109.507 - Zone 6</name><desc>&lt;div style=&quot;font-family:Segoe UI,Arial;font-size:11px;padding:8px;&quot;&gt;&lt;h4 style=&quot;margin:0;color:#374151;&quot;&gt;Minedout - Pakhar 109.507 Ha - Zone 6&lt;/h4&gt;&lt;p&gt;&lt;b&gt;Area:&lt;/b&gt; 9.0023 Ha (90,022.80 m2)&lt;br/&gt;&lt;b&gt;Lease:&lt;/b&gt; Pakhar 109.507 Ha&lt;br/&gt;&lt;b&gt;Status:&lt;/b&gt; Already excavated&lt;br/&gt;&lt;b&gt;Datum:&lt;/b&gt; WGS-84&lt;/p&gt;&lt;p style=&quot;font-size:9px;color:#6B7280;&quot;&gt;Plot balloons in this lease are auto-updated to show how much of each plot is inside this zone.&lt;/p&gt;&lt;/div&gt;</desc><trkseg><trkpt lat="0.00021252" lon="82.51201425"><ele>6.000</ele></trkpt><trkpt lat="0.00021252" lon="82.51201425"><ele>6.000</ele></trkpt><trkpt lat="0.00021252" lon="82.51201425"><ele>6.000</ele></trkpt><trkpt lat="0.00021252" lon="82.51201425"><ele>6.000</ele></trkpt><trkpt lat="0.00021252" lon="82.51201425"><ele>6.000</ele></trkpt><trkpt lat="0.00021251" lon="82.51201425"><ele>6.000</ele></trkpt><trkpt lat="0.00021252" lon="82.51201425"><ele>6.000</ele></trkpt><trkpt lat="0.00021252" lon="82.51201425"><ele>6.000</ele></trkpt><trkpt lat="0.00021251" lon="82.51201424"><ele>6.000</ele></trkpt><trkpt lat="0.00021251" lon="82.51201424"><ele>6.000</ele></trkpt><trkpt lat="0.00021251" lon="82.51201424"><ele>6.000</ele></trkpt><trkpt lat="0.00021251" lon="82.51201424"><ele>6.000</ele></trkpt><trkpt lat="0.00021251" lon="82.51201424"><ele>6.000</ele></trkpt><trkpt lat="0.00021251" lon="82.51201424"><ele>6.000</ele></trkpt><trkpt lat="0.00021251" lon="82.51201424"><ele>6.000</ele></trkpt><trkpt lat="0.00021251" lon="82.51201424"><ele>6.000</ele></trkpt><trkpt lat="0.00021251" lon="82.51201424"><ele>6.000</ele></trkpt><trkpt lat="0.00021251" lon="82.51201424"><ele>6.000</ele></trkpt><trkpt lat="0.00021251" lon="82.51201424"><ele>6.000</ele></trkpt><trkpt lat="0.00021251" lon="82.51201424"><ele>6.000</ele></trkpt><trkpt lat="0.00021251" lon="82.51201424"><ele>6.000</ele></trkpt><trkpt lat="0.00021251" lon="82.51201423"><ele>6.000</ele></trkpt><trkpt lat="0.00021250" lon="82.51201423"><ele>6.000</ele></trkpt><trkpt lat="0.00021251" lon="82.51201423"><ele>6.000</ele></trkpt><trkpt lat="0.00021251" lon="82.51201423"><ele>6.000</ele></trkpt><trkpt lat="0.00021251" lon="82.51201423"><ele>6.000</ele></trkpt><trkpt lat="0.00021251" lon="82.51201423"><ele>6.000</ele></trkpt><trkpt lat="0.00021251" lon="82.51201423"><ele>6.000</ele></trkpt><trkpt lat="0.00021251" lon="82.51201423"><ele>6.000</ele></trkpt><trkpt lat="0.00021251" lon="82.51201423"><ele>6.000</ele></trkpt><trkpt lat="0.00021251" lon="82.51201423"><ele>6.000</ele></trkpt><trkpt lat="0.00021252" lon="82.51201423"><ele>6.000</ele></trkpt><trkpt lat="0.00021252" lon="82.51201423"><ele>6.000</ele></trkpt><trkpt lat="0.00021252" lon="82.51201423"><ele>6.000</ele></trkpt><trkpt lat="0.00021252" lon="82.51201423"><ele>6.000</ele></trkpt><trkpt lat="0.00021253" lon="82.51201423"><ele>6.000</ele></trkpt><trkpt lat="0.00021253" lon="82.51201424"><ele>6.000</ele></trkpt><trkpt lat="0.00021253" lon="82.51201424"><ele>6.000</ele></trkpt><trkpt lat="0.00021254" lon="82.51201424"><ele>6.000</ele></trkpt><trkpt lat="0.00021254" lon="82.51201424"><ele>6.000</ele></trkpt><trkpt lat="0.00021254" lon="82.51201424"><ele>6.000</ele></trkpt><trkpt lat="0.00021254" lon="82.51201424"><ele>6.000</ele></trkpt><trkpt lat="0.00021254" lon="82.51201424"><ele>6.000</ele></trkpt><trkpt lat="0.00021255" lon="82.51201425"><ele>6.000</ele></trkpt><trkpt lat="0.00021255" lon="82.51201425"><ele>6.000</ele></trkpt><trkpt lat="0.00021255" lon="82.51201425"><ele>6.000</ele></trkpt><trkpt lat="0.00021255" lon="82.51201425"><ele>6.000</ele></trkpt><trkpt lat="0.00021255" lon="82.51201426"><ele>6.000</ele></trkpt><trkpt lat="0.00021255" lon="82.51201426"><ele>6.000</ele></trkpt><trkpt lat="0.00021255" lon="82.51201426"><ele>6.000</ele></trkpt><trkpt lat="0.00021255" lon="82.51201426"><ele>6.000</ele></trkpt><trkpt lat="0.00021255" lon="82.51201426"><ele>6.000</ele></trkpt><trkpt lat="0.00021255" lon="82.51201426"><ele>6.000</ele></trkpt><trkpt lat="0.00021255" lon="82.51201426"><ele>6.000</ele></trkpt><trkpt lat="0.00021255" lon="82.51201426"><ele>6.000</ele></trkpt><trkpt lat="0.00021255" lon="82.51201426"><ele>6.000</ele></trkpt><trkpt lat="0.00021255" lon="82.51201426"><ele>6.000</ele></trkpt><trkpt lat="0.00021255" lon="82.51201426"><ele>6.000</ele></trkpt><trkpt lat="0.00021255" lon="82.51201426"><ele>6.000</ele></trkpt><trkpt lat="0.00021255" lon="82.51201426"><ele>6.000</ele></trkpt><trkpt lat="0.00021255" lon="82.51201426"><ele>6.000</ele></trkpt><trkpt lat="0.00021255" lon="82.51201426"><ele>6.000</ele></trkpt><trkpt lat="0.00021254" lon="82.51201425"><ele>6.000</ele></trkpt><trkpt lat="0.00021254" lon="82.51201425"><ele>6.000</ele></trkpt><trkpt lat="0.00021254" lon="82.51201425"><ele>6.000</ele></trkpt><trkpt lat="0.00021254" lon="82.51201425"><ele>6.000</ele></trkpt><trkpt lat="0.00021254" lon="82.51201425"><ele>6.000</ele></trkpt><trkpt lat="0.00021254" lon="82.51201425"><ele>6.000</ele></trkpt><trkpt lat="0.00021253" lon="82.51201425"><ele>6.000</ele></trkpt><trkpt lat="0.00021253" lon="82.51201425"><ele>6.000</ele></trkpt><trkpt lat="0.00021253" lon="82.51201425"><ele>6.000</ele></trkpt><trkpt lat="0.00021253" lon="82.51201425"><ele>6.000</ele></trkpt><trkpt lat="0.00021253" lon="82.51201425"><ele>6.000</ele></trkpt><trkpt lat="0.00021253" lon="82.51201425"><ele>6.000</ele></trkpt><trkpt lat="0.00021253" lon="82.51201425"><ele>6.000</ele></trkpt><trkpt lat="0.00021253" lon="82.51201426"><ele>6.000</ele></trkpt><trkpt lat="0.00021252" lon="82.51201426"><ele>6.000</ele></trkpt><trkpt lat="0.00021252" lon="82.51201426"><ele>6.000</ele></trkpt><trkpt lat="0.00021252" lon="82.51201425"><ele>6.000</ele></trkpt><trkpt lat="0.00021252" lon="82.51201425"><ele>6.000</ele></trkpt><trkpt lat="0.00021252" lon="82.51201425"><ele>6.000</ele></trkpt><trkpt lat="0.00021252" lon="82.51201425"><ele>6.000</ele></trkpt><trkpt lat="0.00021252" lon="82.51201425"><ele>6.000</ele></trkpt><trkpt lat="0.00021252" lon="82.51201425"><ele>6.000</ele></trkpt><trkpt lat="0.00021252" lon="82.51201425"><ele>6.000</ele></trkpt></trkseg></trk>
<trk><name>Minedout 109.507 - Zone 7</name><desc>&lt;div style=&quot;font-family:Segoe UI,Arial;font-size:11px;padding:8px;&quot;&gt;&lt;h4 style=&quot;margin:0;color:#374151;&quot;&gt;Minedout - Pakhar 109.507 Ha - Zone 7&lt;/h4&gt;&lt;p&gt;&lt;b&gt;Area:&lt;/b&gt; 0.2575 Ha (2,575.16 m2)&lt;br/&gt;&lt;b&gt;Lease:&lt;/b&gt; Pakhar 109.507 Ha&lt;br/&gt;&lt;b&gt;Status:&lt;/b&gt; Already excavated&lt;br/&gt;&lt;b&gt;Datum:&lt;/b&gt; WGS-84&lt;/p&gt;&lt;p style=&quot;font-size:9px;color:#6B7280;&quot;&gt;Plot balloons in this lease are auto-updated to show how much of each plot is inside this zone.&lt;/p&gt;&lt;/div&gt;</desc><trkseg><trkpt lat="0.00021243" lon="82.51201426"><ele>6.000</ele></trkpt><trkpt lat="0.00021243" lon="82.51201426"><ele>6.000</ele></trkpt><trkpt lat="0.00021243" lon="82.51201426"><ele>6.000</ele></trkpt><trkpt lat="0.00021243" lon="82.51201426"><ele>6.000</ele></trkpt><trkpt lat="0.00021243" lon="82.51201426"><ele>6.000</ele></trkpt><trkpt lat="0.00021243" lon="82.51201426"><ele>6.000</ele></trkpt><trkpt lat="0.00021243" lon="82.51201425"><ele>6.000</ele></trkpt><trkpt lat="0.00021243" lon="82.51201425"><ele>6.000</ele></trkpt><trkpt lat="0.00021243" lon="82.51201426"><ele>6.000</ele></trkpt></trkseg></trk>
<trk><name>Minedout 109.507 - Zone 8</name><desc>&lt;div style=&quot;font-family:Segoe UI,Arial;font-size:11px;padding:8px;&quot;&gt;&lt;h4 style=&quot;margin:0;color:#374151;&quot;&gt;Minedout - Pakhar 109.507 Ha - Zone 8&lt;/h4&gt;&lt;p&gt;&lt;b&gt;Area:&lt;/b&gt; 2.7781 Ha (27,780.92 m2)&lt;br/&gt;&lt;b&gt;Lease:&lt;/b&gt; Pakhar 109.507 Ha&lt;br/&gt;&lt;b&gt;Status:&lt;/b&gt; Already excavated&lt;br/&gt;&lt;b&gt;Datum:&lt;/b&gt; WGS-84&lt;/p&gt;&lt;p style=&quot;font-size:9px;color:#6B7280;&quot;&gt;Plot balloons in this lease are auto-updated to show how much of each plot is inside this zone.&lt;/p&gt;&lt;/div&gt;</desc><trkseg><trkpt lat="0.00021244" lon="82.51201424"><ele>6.000</ele></trkpt><trkpt lat="0.00021244" lon="82.51201424"><ele>6.000</ele></trkpt><trkpt lat="0.00021244" lon="82.51201424"><ele>6.000</ele></trkpt><trkpt lat="0.00021244" lon="82.51201424"><ele>6.000</ele></trkpt><trkpt lat="0.00021244" lon="82.51201423"><ele>6.000</ele></trkpt><trkpt lat="0.00021244" lon="82.51201423"><ele>6.000</ele></trkpt><trkpt lat="0.00021244" lon="82.51201423"><ele>6.000</ele></trkpt><trkpt lat="0.00021244" lon="82.51201423"><ele>6.000</ele></trkpt><trkpt lat="0.00021244" lon="82.51201423"><ele>6.000</ele></trkpt><trkpt lat="0.00021244" lon="82.51201423"><ele>6.000</ele></trkpt><trkpt lat="0.00021244" lon="82.51201423"><ele>6.000</ele></trkpt><trkpt lat="0.00021244" lon="82.51201423"><ele>6.000</ele></trkpt><trkpt lat="0.00021244" lon="82.51201422"><ele>6.000</ele></trkpt><trkpt lat="0.00021244" lon="82.51201422"><ele>6.000</ele></trkpt><trkpt lat="0.00021245" lon="82.51201423"><ele>6.000</ele></trkpt><trkpt lat="0.00021245" lon="82.51201423"><ele>6.000</ele></trkpt><trkpt lat="0.00021245" lon="82.51201423"><ele>6.000</ele></trkpt><trkpt lat="0.00021245" lon="82.51201423"><ele>6.000</ele></trkpt><trkpt lat="0.00021245" lon="82.51201423"><ele>6.000</ele></trkpt><trkpt lat="0.00021245" lon="82.51201423"><ele>6.000</ele></trkpt><trkpt lat="0.00021245" lon="82.51201423"><ele>6.000</ele></trkpt><trkpt lat="0.00021245" lon="82.51201423"><ele>6.000</ele></trkpt><trkpt lat="0.00021245" lon="82.51201423"><ele>6.000</ele></trkpt><trkpt lat="0.00021245" lon="82.51201423"><ele>6.000</ele></trkpt><trkpt lat="0.00021245" lon="82.51201423"><ele>6.000</ele></trkpt><trkpt lat="0.00021245" lon="82.51201423"><ele>6.000</ele></trkpt><trkpt lat="0.00021245" lon="82.51201423"><ele>6.000</ele></trkpt><trkpt lat="0.00021245" lon="82.51201423"><ele>6.000</ele></trkpt><trkpt lat="0.00021245" lon="82.51201423"><ele>6.000</ele></trkpt><trkpt lat="0.00021245" lon="82.51201423"><ele>6.000</ele></trkpt><trkpt lat="0.00021245" lon="82.51201423"><ele>6.000</ele></trkpt><trkpt lat="0.00021245" lon="82.51201423"><ele>6.000</ele></trkpt><trkpt lat="0.00021245" lon="82.51201423"><ele>6.000</ele></trkpt><trkpt lat="0.00021245" lon="82.51201423"><ele>6.000</ele></trkpt><trkpt lat="0.00021245" lon="82.51201423"><ele>6.000</ele></trkpt><trkpt lat="0.00021245" lon="82.51201423"><ele>6.000</ele></trkpt><trkpt lat="0.00021245" lon="82.51201424"><ele>6.000</ele></trkpt><trkpt lat="0.00021245" lon="82.51201424"><ele>6.000</ele></trkpt><trkpt lat="0.00021245" lon="82.51201424"><ele>6.000</ele></trkpt><trkpt lat="0.00021245" lon="82.51201424"><ele>6.000</ele></trkpt><trkpt lat="0.00021245" lon="82.51201424"><ele>6.000</ele></trkpt><trkpt lat="0.00021245" lon="82.51201424"><ele>6.000</ele></trkpt><trkpt lat="0.00021245" lon="82.51201424"><ele>6.000</ele></trkpt><trkpt lat="0.00021245" lon="82.51201424"><ele>6.000</ele></trkpt><trkpt lat="0.00021245" lon="82.51201424"><ele>6.000</ele></trkpt><trkpt lat="0.00021245" lon="82.51201424"><ele>6.000</ele></trkpt><trkpt lat="0.00021245" lon="82.51201424"><ele>6.000</ele></trkpt><trkpt lat="0.00021245" lon="82.51201424"><ele>6.000</ele></trkpt><trkpt lat="0.00021245" lon="82.51201424"><ele>6.000</ele></trkpt><trkpt lat="0.00021245" lon="82.51201424"><ele>6.000</ele></trkpt><trkpt lat="0.00021245" lon="82.51201424"><ele>6.000</ele></trkpt><trkpt lat="0.00021245" lon="82.51201424"><ele>6.000</ele></trkpt><trkpt lat="0.00021245" lon="82.51201424"><ele>6.000</ele></trkpt><trkpt lat="0.00021245" lon="82.51201424"><ele>6.000</ele></trkpt><trkpt lat="0.00021245" lon="82.51201424"><ele>6.000</ele></trkpt><trkpt lat="0.00021245" lon="82.51201424"><ele>6.000</ele></trkpt><trkpt lat="0.00021245" lon="82.51201424"><ele>6.000</ele></trkpt><trkpt lat="0.00021245" lon="82.51201424"><ele>6.000</ele></trkpt><trkpt lat="0.00021245" lon="82.51201424"><ele>6.000</ele></trkpt><trkpt lat="0.00021244" lon="82.51201424"><ele>6.000</ele></trkpt><trkpt lat="0.00021244" lon="82.51201424"><ele>6.000</ele></trkpt><trkpt lat="0.00021244" lon="82.51201424"><ele>6.000</ele></trkpt><trkpt lat="0.00021244" lon="82.51201424"><ele>6.000</ele></trkpt></trkseg></trk>
<trk><name>Minedout 109.507 - Zone 9</name><desc>&lt;div style=&quot;font-family:Segoe UI,Arial;font-size:11px;padding:8px;&quot;&gt;&lt;h4 style=&quot;margin:0;color:#374151;&quot;&gt;Minedout - Pakhar 109.507 Ha - Zone 9&lt;/h4&gt;&lt;p&gt;&lt;b&gt;Area:&lt;/b&gt; 7.0181 Ha (70,181.08 m2)&lt;br/&gt;&lt;b&gt;Lease:&lt;/b&gt; Pakhar 109.507 Ha&lt;br/&gt;&lt;b&gt;Status:&lt;/b&gt; Already excavated&lt;br/&gt;&lt;b&gt;Datum:&lt;/b&gt; WGS-84&lt;/p&gt;&lt;p style=&quot;font-size:9px;color:#6B7280;&quot;&gt;Plot balloons in this lease are auto-updated to show how much of each plot is inside this zone.&lt;/p&gt;&lt;/div&gt;</desc><trkseg><trkpt lat="0.00021245" lon="82.51201418"><ele>6.000</ele></trkpt><trkpt lat="0.00021245" lon="82.51201418"><ele>6.000</ele></trkpt><trkpt lat="0.00021245" lon="82.51201417"><ele>6.000</ele></trkpt><trkpt lat="0.00021245" lon="82.51201417"><ele>6.000</ele></trkpt><trkpt lat="0.00021245" lon="82.51201417"><ele>6.000</ele></trkpt><trkpt lat="0.00021245" lon="82.51201417"><ele>6.000</ele></trkpt><trkpt lat="0.00021244" lon="82.51201417"><ele>6.000</ele></trkpt><trkpt lat="0.00021244" lon="82.51201417"><ele>6.000</ele></trkpt><trkpt lat="0.00021244" lon="82.51201417"><ele>6.000</ele></trkpt><trkpt lat="0.00021244" lon="82.51201417"><ele>6.000</ele></trkpt><trkpt lat="0.00021244" lon="82.51201417"><ele>6.000</ele></trkpt><trkpt lat="0.00021244" lon="82.51201417"><ele>6.000</ele></trkpt><trkpt lat="0.00021244" lon="82.51201416"><ele>6.000</ele></trkpt><trkpt lat="0.00021245" lon="82.51201416"><ele>6.000</ele></trkpt><trkpt lat="0.00021245" lon="82.51201416"><ele>6.000</ele></trkpt><trkpt lat="0.00021245" lon="82.51201416"><ele>6.000</ele></trkpt><trkpt lat="0.00021245" lon="82.51201416"><ele>6.000</ele></trkpt><trkpt lat="0.00021245" lon="82.51201415"><ele>6.000</ele></trkpt><trkpt lat="0.00021245" lon="82.51201415"><ele>6.000</ele></trkpt><trkpt lat="0.00021245" lon="82.51201416"><ele>6.000</ele></trkpt><trkpt lat="0.00021246" lon="82.51201416"><ele>6.000</ele></trkpt><trkpt lat="0.00021246" lon="82.51201416"><ele>6.000</ele></trkpt><trkpt lat="0.00021246" lon="82.51201416"><ele>6.000</ele></trkpt><trkpt lat="0.00021246" lon="82.51201416"><ele>6.000</ele></trkpt><trkpt lat="0.00021246" lon="82.51201416"><ele>6.000</ele></trkpt><trkpt lat="0.00021247" lon="82.51201415"><ele>6.000</ele></trkpt><trkpt lat="0.00021247" lon="82.51201415"><ele>6.000</ele></trkpt><trkpt lat="0.00021247" lon="82.51201415"><ele>6.000</ele></trkpt><trkpt lat="0.00021247" lon="82.51201415"><ele>6.000</ele></trkpt><trkpt lat="0.00021247" lon="82.51201415"><ele>6.000</ele></trkpt><trkpt lat="0.00021248" lon="82.51201415"><ele>6.000</ele></trkpt><trkpt lat="0.00021248" lon="82.51201415"><ele>6.000</ele></trkpt><trkpt lat="0.00021248" lon="82.51201416"><ele>6.000</ele></trkpt><trkpt lat="0.00021248" lon="82.51201417"><ele>6.000</ele></trkpt><trkpt lat="0.00021248" lon="82.51201417"><ele>6.000</ele></trkpt><trkpt lat="0.00021248" lon="82.51201417"><ele>6.000</ele></trkpt><trkpt lat="0.00021247" lon="82.51201417"><ele>6.000</ele></trkpt><trkpt lat="0.00021247" lon="82.51201417"><ele>6.000</ele></trkpt><trkpt lat="0.00021247" lon="82.51201417"><ele>6.000</ele></trkpt><trkpt lat="0.00021247" lon="82.51201417"><ele>6.000</ele></trkpt><trkpt lat="0.00021247" lon="82.51201417"><ele>6.000</ele></trkpt><trkpt lat="0.00021247" lon="82.51201416"><ele>6.000</ele></trkpt><trkpt lat="0.00021247" lon="82.51201416"><ele>6.000</ele></trkpt><trkpt lat="0.00021247" lon="82.51201416"><ele>6.000</ele></trkpt><trkpt lat="0.00021247" lon="82.51201416"><ele>6.000</ele></trkpt><trkpt lat="0.00021247" lon="82.51201416"><ele>6.000</ele></trkpt><trkpt lat="0.00021247" lon="82.51201416"><ele>6.000</ele></trkpt><trkpt lat="0.00021247" lon="82.51201416"><ele>6.000</ele></trkpt><trkpt lat="0.00021247" lon="82.51201416"><ele>6.000</ele></trkpt><trkpt lat="0.00021246" lon="82.51201417"><ele>6.000</ele></trkpt><trkpt lat="0.00021246" lon="82.51201417"><ele>6.000</ele></trkpt><trkpt lat="0.00021246" lon="82.51201417"><ele>6.000</ele></trkpt><trkpt lat="0.00021246" lon="82.51201417"><ele>6.000</ele></trkpt><trkpt lat="0.00021246" lon="82.51201417"><ele>6.000</ele></trkpt><trkpt lat="0.00021245" lon="82.51201417"><ele>6.000</ele></trkpt><trkpt lat="0.00021245" lon="82.51201418"><ele>6.000</ele></trkpt><trkpt lat="0.00021245" lon="82.51201418"><ele>6.000</ele></trkpt><trkpt lat="0.00021245" lon="82.51201418"><ele>6.000</ele></trkpt><trkpt lat="0.00021245" lon="82.51201418"><ele>6.000</ele></trkpt><trkpt lat="0.00021245" lon="82.51201418"><ele>6.000</ele></trkpt><trkpt lat="0.00021245" lon="82.51201418"><ele>6.000</ele></trkpt><trkpt lat="0.00021245" lon="82.51201418"><ele>6.000</ele></trkpt><trkpt lat="0.00021245" lon="82.51201418"><ele>6.000</ele></trkpt></trkseg></trk>
<trk><name>Minedout 109.507 - Zone 10</name><desc>&lt;div style=&quot;font-family:Segoe UI,Arial;font-size:11px;padding:8px;&quot;&gt;&lt;h4 style=&quot;margin:0;color:#374151;&quot;&gt;Minedout - Pakhar 109.507 Ha - Zone 10&lt;/h4&gt;&lt;p&gt;&lt;b&gt;Area:&lt;/b&gt; 2.2675 Ha (22,674.88 m2)&lt;br/&gt;&lt;b&gt;Lease:&lt;/b&gt; Pakhar 109.507 Ha&lt;br/&gt;&lt;b&gt;Status:&lt;/b&gt; Already excavated&lt;br/&gt;&lt;b&gt;Datum:&lt;/b&gt; WGS-84&lt;/p&gt;&lt;p style=&quot;font-size:9px;color:#6B7280;&quot;&gt;Plot balloons in this lease are auto-updated to show how much of each plot is inside this zone.&lt;/p&gt;&lt;/div&gt;</desc><trkseg><trkpt lat="0.00021248" lon="82.51201420"><ele>6.000</ele></trkpt><trkpt lat="0.00021248" lon="82.51201420"><ele>6.000</ele></trkpt><trkpt lat="0.00021248" lon="82.51201419"><ele>6.000</ele></trkpt><trkpt lat="0.00021248" lon="82.51201419"><ele>6.000</ele></trkpt><trkpt lat="0.00021248" lon="82.51201419"><ele>6.000</ele></trkpt><trkpt lat="0.00021248" lon="82.51201419"><ele>6.000</ele></trkpt><trkpt lat="0.00021248" lon="82.51201419"><ele>6.000</ele></trkpt><trkpt lat="0.00021248" lon="82.51201419"><ele>6.000</ele></trkpt><trkpt lat="0.00021249" lon="82.51201419"><ele>6.000</ele></trkpt><trkpt lat="0.00021249" lon="82.51201419"><ele>6.000</ele></trkpt><trkpt lat="0.00021249" lon="82.51201419"><ele>6.000</ele></trkpt><trkpt lat="0.00021249" lon="82.51201419"><ele>6.000</ele></trkpt><trkpt lat="0.00021249" lon="82.51201419"><ele>6.000</ele></trkpt><trkpt lat="0.00021249" lon="82.51201419"><ele>6.000</ele></trkpt><trkpt lat="0.00021249" lon="82.51201419"><ele>6.000</ele></trkpt><trkpt lat="0.00021249" lon="82.51201420"><ele>6.000</ele></trkpt><trkpt lat="0.00021249" lon="82.51201420"><ele>6.000</ele></trkpt><trkpt lat="0.00021249" lon="82.51201420"><ele>6.000</ele></trkpt><trkpt lat="0.00021249" lon="82.51201420"><ele>6.000</ele></trkpt><trkpt lat="0.00021249" lon="82.51201420"><ele>6.000</ele></trkpt><trkpt lat="0.00021249" lon="82.51201420"><ele>6.000</ele></trkpt><trkpt lat="0.00021249" lon="82.51201421"><ele>6.000</ele></trkpt><trkpt lat="0.00021249" lon="82.51201421"><ele>6.000</ele></trkpt><trkpt lat="0.00021249" lon="82.51201421"><ele>6.000</ele></trkpt><trkpt lat="0.00021248" lon="82.51201420"><ele>6.000</ele></trkpt><trkpt lat="0.00021248" lon="82.51201420"><ele>6.000</ele></trkpt><trkpt lat="0.00021248" lon="82.51201420"><ele>6.000</ele></trkpt><trkpt lat="0.00021248" lon="82.51201420"><ele>6.000</ele></trkpt><trkpt lat="0.00021248" lon="82.51201420"><ele>6.000</ele></trkpt><trkpt lat="0.00021248" lon="82.51201420"><ele>6.000</ele></trkpt><trkpt lat="0.00021248" lon="82.51201420"><ele>6.000</ele></trkpt></trkseg></trk>
<trk><name>Minedout 109.507 - Zone 11</name><desc>&lt;div style=&quot;font-family:Segoe UI,Arial;font-size:11px;padding:8px;&quot;&gt;&lt;h4 style=&quot;margin:0;color:#374151;&quot;&gt;Minedout - Pakhar 109.507 Ha - Zone 11&lt;/h4&gt;&lt;p&gt;&lt;b&gt;Area:&lt;/b&gt; 0.5680 Ha (5,680.09 m2)&lt;br/&gt;&lt;b&gt;Lease:&lt;/b&gt; Pakhar 109.507 Ha&lt;br/&gt;&lt;b&gt;Status:&lt;/b&gt; Already excavated&lt;br/&gt;&lt;b&gt;Datum:&lt;/b&gt; WGS-84&lt;/p&gt;&lt;p style=&quot;font-size:9px;color:#6B7280;&quot;&gt;Plot balloons in this lease are auto-updated to show how much of each plot is inside this zone.&lt;/p&gt;&lt;/div&gt;</desc><trkseg><trkpt lat="0.00021248" lon="82.51201424"><ele>6.000</ele></trkpt><trkpt lat="0.00021248" lon="82.51201424"><ele>6.000</ele></trkpt><trkpt lat="0.00021248" lon="82.51201424"><ele>6.000</ele></trkpt><trkpt lat="0.00021248" lon="82.51201424"><ele>6.000</ele></trkpt><trkpt lat="0.00021248" lon="82.51201424"><ele>6.000</ele></trkpt><trkpt lat="0.00021248" lon="82.51201424"><ele>6.000</ele></trkpt><trkpt lat="0.00021248" lon="82.51201424"><ele>6.000</ele></trkpt><trkpt lat="0.00021248" lon="82.51201423"><ele>6.000</ele></trkpt><trkpt lat="0.00021248" lon="82.51201423"><ele>6.000</ele></trkpt><trkpt lat="0.00021249" lon="82.51201423"><ele>6.000</ele></trkpt><trkpt lat="0.00021249" lon="82.51201423"><ele>6.000</ele></trkpt><trkpt lat="0.00021249" lon="82.51201423"><ele>6.000</ele></trkpt><trkpt lat="0.00021249" lon="82.51201423"><ele>6.000</ele></trkpt><trkpt lat="0.00021249" lon="82.51201423"><ele>6.000</ele></trkpt><trkpt lat="0.00021249" lon="82.51201423"><ele>6.000</ele></trkpt><trkpt lat="0.00021249" lon="82.51201423"><ele>6.000</ele></trkpt><trkpt lat="0.00021249" lon="82.51201423"><ele>6.000</ele></trkpt><trkpt lat="0.00021249" lon="82.51201423"><ele>6.000</ele></trkpt><trkpt lat="0.00021249" lon="82.51201423"><ele>6.000</ele></trkpt><trkpt lat="0.00021249" lon="82.51201424"><ele>6.000</ele></trkpt><trkpt lat="0.00021249" lon="82.51201424"><ele>6.000</ele></trkpt><trkpt lat="0.00021249" lon="82.51201424"><ele>6.000</ele></trkpt><trkpt lat="0.00021248" lon="82.51201424"><ele>6.000</ele></trkpt><trkpt lat="0.00021248" lon="82.51201424"><ele>6.000</ele></trkpt><trkpt lat="0.00021248" lon="82.51201424"><ele>6.000</ele></trkpt><trkpt lat="0.00021248" lon="82.51201424"><ele>6.000</ele></trkpt><trkpt lat="0.00021248" lon="82.51201424"><ele>6.000</ele></trkpt><trkpt lat="0.00021248" lon="82.51201424"><ele>6.000</ele></trkpt></trkseg></trk>
<trk><name>Minedout 109.507 - Zone 12</name><desc>&lt;div style=&quot;font-family:Segoe UI,Arial;font-size:11px;padding:8px;&quot;&gt;&lt;h4 style=&quot;margin:0;color:#374151;&quot;&gt;Minedout - Pakhar 109.507 Ha - Zone 12&lt;/h4&gt;&lt;p&gt;&lt;b&gt;Area:&lt;/b&gt; 5.0825 Ha (50,825.32 m2)&lt;br/&gt;&lt;b&gt;Lease:&lt;/b&gt; Pakhar 109.507 Ha&lt;br/&gt;&lt;b&gt;Status:&lt;/b&gt; Already excavated&lt;br/&gt;&lt;b&gt;Datum:&lt;/b&gt; WGS-84&lt;/p&gt;&lt;p style=&quot;font-size:9px;color:#6B7280;&quot;&gt;Plot balloons in this lease are auto-updated to show how much of each plot is inside this zone.&lt;/p&gt;&lt;/div&gt;</desc><trkseg><trkpt lat="0.00021248" lon="82.51201415"><ele>6.000</ele></trkpt><trkpt lat="0.00021248" lon="82.51201415"><ele>6.000</ele></trkpt><trkpt lat="0.00021248" lon="82.51201415"><ele>6.000</ele></trkpt><trkpt lat="0.00021248" lon="82.51201415"><ele>6.000</ele></trkpt><trkpt lat="0.00021248" lon="82.51201415"><ele>6.000</ele></trkpt><trkpt lat="0.00021248" lon="82.51201415"><ele>6.000</ele></trkpt><trkpt lat="0.00021248" lon="82.51201415"><ele>6.000</ele></trkpt><trkpt lat="0.00021249" lon="82.51201414"><ele>6.000</ele></trkpt><trkpt lat="0.00021250" lon="82.51201415"><ele>6.000</ele></trkpt><trkpt lat="0.00021250" lon="82.51201415"><ele>6.000</ele></trkpt><trkpt lat="0.00021250" lon="82.51201415"><ele>6.000</ele></trkpt><trkpt lat="0.00021250" lon="82.51201415"><ele>6.000</ele></trkpt><trkpt lat="0.00021250" lon="82.51201416"><ele>6.000</ele></trkpt><trkpt lat="0.00021250" lon="82.51201416"><ele>6.000</ele></trkpt><trkpt lat="0.00021250" lon="82.51201416"><ele>6.000</ele></trkpt><trkpt lat="0.00021250" lon="82.51201416"><ele>6.000</ele></trkpt><trkpt lat="0.00021250" lon="82.51201416"><ele>6.000</ele></trkpt><trkpt lat="0.00021250" lon="82.51201416"><ele>6.000</ele></trkpt><trkpt lat="0.00021250" lon="82.51201416"><ele>6.000</ele></trkpt><trkpt lat="0.00021250" lon="82.51201416"><ele>6.000</ele></trkpt><trkpt lat="0.00021250" lon="82.51201416"><ele>6.000</ele></trkpt><trkpt lat="0.00021250" lon="82.51201416"><ele>6.000</ele></trkpt><trkpt lat="0.00021250" lon="82.51201416"><ele>6.000</ele></trkpt><trkpt lat="0.00021250" lon="82.51201416"><ele>6.000</ele></trkpt><trkpt lat="0.00021250" lon="82.51201416"><ele>6.000</ele></trkpt><trkpt lat="0.00021250" lon="82.51201416"><ele>6.000</ele></trkpt><trkpt lat="0.00021250" lon="82.51201416"><ele>6.000</ele></trkpt><trkpt lat="0.00021250" lon="82.51201416"><ele>6.000</ele></trkpt><trkpt lat="0.00021250" lon="82.51201416"><ele>6.000</ele></trkpt><trkpt lat="0.00021250" lon="82.51201416"><ele>6.000</ele></trkpt><trkpt lat="0.00021250" lon="82.51201416"><ele>6.000</ele></trkpt><trkpt lat="0.00021250" lon="82.51201416"><ele>6.000</ele></trkpt><trkpt lat="0.00021250" lon="82.51201416"><ele>6.000</ele></trkpt><trkpt lat="0.00021250" lon="82.51201416"><ele>6.000</ele></trkpt><trkpt lat="0.00021250" lon="82.51201416"><ele>6.000</ele></trkpt><trkpt lat="0.00021250" lon="82.51201416"><ele>6.000</ele></trkpt><trkpt lat="0.00021250" lon="82.51201416"><ele>6.000</ele></trkpt><trkpt lat="0.00021250" lon="82.51201416"><ele>6.000</ele></trkpt><trkpt lat="0.00021250" lon="82.51201416"><ele>6.000</ele></trkpt><trkpt lat="0.00021250" lon="82.51201416"><ele>6.000</ele></trkpt><trkpt lat="0.00021250" lon="82.51201416"><ele>6.000</ele></trkpt><trkpt lat="0.00021250" lon="82.51201416"><ele>6.000</ele></trkpt><trkpt lat="0.00021250" lon="82.51201416"><ele>6.000</ele></trkpt><trkpt lat="0.00021250" lon="82.51201416"><ele>6.000</ele></trkpt><trkpt lat="0.00021250" lon="82.51201416"><ele>6.000</ele></trkpt><trkpt lat="0.00021250" lon="82.51201416"><ele>6.000</ele></trkpt><trkpt lat="0.00021250" lon="82.51201416"><ele>6.000</ele></trkpt><trkpt lat="0.00021250" lon="82.51201416"><ele>6.000</ele></trkpt><trkpt lat="0.00021250" lon="82.51201416"><ele>6.000</ele></trkpt><trkpt lat="0.00021250" lon="82.51201416"><ele>6.000</ele></trkpt><trkpt lat="0.00021250" lon="82.51201416"><ele>6.000</ele></trkpt><trkpt lat="0.00021250" lon="82.51201416"><ele>6.000</ele></trkpt><trkpt lat="0.00021250" lon="82.51201416"><ele>6.000</ele></trkpt><trkpt lat="0.00021250" lon="82.51201416"><ele>6.000</ele></trkpt><trkpt lat="0.00021250" lon="82.51201416"><ele>6.000</ele></trkpt><trkpt lat="0.00021250" lon="82.51201416"><ele>6.000</ele></trkpt><trkpt lat="0.00021250" lon="82.51201417"><ele>6.000</ele></trkpt><trkpt lat="0.00021250" lon="82.51201417"><ele>6.000</ele></trkpt><trkpt lat="0.00021249" lon="82.51201417"><ele>6.000</ele></trkpt><trkpt lat="0.00021249" lon="82.51201416"><ele>6.000</ele></trkpt><trkpt lat="0.00021249" lon="82.51201416"><ele>6.000</ele></trkpt><trkpt lat="0.00021249" lon="82.51201416"><ele>6.000</ele></trkpt><trkpt lat="0.00021249" lon="82.51201416"><ele>6.000</ele></trkpt><trkpt lat="0.00021248" lon="82.51201416"><ele>6.000</ele></trkpt><trkpt lat="0.00021248" lon="82.51201416"><ele>6.000</ele></trkpt><trkpt lat="0.00021248" lon="82.51201417"><ele>6.000</ele></trkpt><trkpt lat="0.00021248" lon="82.51201416"><ele>6.000</ele></trkpt><trkpt lat="0.00021248" lon="82.51201416"><ele>6.000</ele></trkpt><trkpt lat="0.00021248" lon="82.51201416"><ele>6.000</ele></trkpt><trkpt lat="0.00021248" lon="82.51201416"><ele>6.000</ele></trkpt><trkpt lat="0.00021248" lon="82.51201415"><ele>6.000</ele></trkpt><trkpt lat="0.00021248" lon="82.51201415"><ele>6.000</ele></trkpt></trkseg></trk>
<trk><name>Minedout 109.507 - Zone 13</name><desc>&lt;div style=&quot;font-family:Segoe UI,Arial;font-size:11px;padding:8px;&quot;&gt;&lt;h4 style=&quot;margin:0;color:#374151;&quot;&gt;Minedout - Pakhar 109.507 Ha - Zone 13&lt;/h4&gt;&lt;p&gt;&lt;b&gt;Area:&lt;/b&gt; 0.3990 Ha (3,990.02 m2)&lt;br/&gt;&lt;b&gt;Lease:&lt;/b&gt; Pakhar 109.507 Ha&lt;br/&gt;&lt;b&gt;Status:&lt;/b&gt; Already excavated&lt;br/&gt;&lt;b&gt;Datum:&lt;/b&gt; WGS-84&lt;/p&gt;&lt;p style=&quot;font-size:9px;color:#6B7280;&quot;&gt;Plot balloons in this lease are auto-updated to show how much of each plot is inside this zone.&lt;/p&gt;&lt;/div&gt;</desc><trkseg><trkpt lat="0.00021250" lon="82.51201421"><ele>6.000</ele></trkpt><trkpt lat="0.00021250" lon="82.51201421"><ele>6.000</ele></trkpt><trkpt lat="0.00021250" lon="82.51201421"><ele>6.000</ele></trkpt><trkpt lat="0.00021250" lon="82.51201421"><ele>6.000</ele></trkpt><trkpt lat="0.00021251" lon="82.51201422"><ele>6.000</ele></trkpt><trkpt lat="0.00021251" lon="82.51201422"><ele>6.000</ele></trkpt><trkpt lat="0.00021251" lon="82.51201422"><ele>6.000</ele></trkpt><trkpt lat="0.00021251" lon="82.51201422"><ele>6.000</ele></trkpt><trkpt lat="0.00021250" lon="82.51201422"><ele>6.000</ele></trkpt><trkpt lat="0.00021250" lon="82.51201422"><ele>6.000</ele></trkpt><trkpt lat="0.00021250" lon="82.51201422"><ele>6.000</ele></trkpt><trkpt lat="0.00021250" lon="82.51201422"><ele>6.000</ele></trkpt><trkpt lat="0.00021250" lon="82.51201422"><ele>6.000</ele></trkpt><trkpt lat="0.00021250" lon="82.51201422"><ele>6.000</ele></trkpt><trkpt lat="0.00021250" lon="82.51201422"><ele>6.000</ele></trkpt><trkpt lat="0.00021250" lon="82.51201422"><ele>6.000</ele></trkpt><trkpt lat="0.00021250" lon="82.51201422"><ele>6.000</ele></trkpt><trkpt lat="0.00021250" lon="82.51201422"><ele>6.000</ele></trkpt><trkpt lat="0.00021250" lon="82.51201421"><ele>6.000</ele></trkpt><trkpt lat="0.00021250" lon="82.51201421"><ele>6.000</ele></trkpt><trkpt lat="0.00021250" lon="82.51201421"><ele>6.000</ele></trkpt></trkseg></trk>
<trk><name>Minedout 109.507 - Zone 14</name><desc>&lt;div style=&quot;font-family:Segoe UI,Arial;font-size:11px;padding:8px;&quot;&gt;&lt;h4 style=&quot;margin:0;color:#374151;&quot;&gt;Minedout - Pakhar 109.507 Ha - Zone 14&lt;/h4&gt;&lt;p&gt;&lt;b&gt;Area:&lt;/b&gt; 0.1783 Ha (1,783.12 m2)&lt;br/&gt;&lt;b&gt;Lease:&lt;/b&gt; Pakhar 109.507 Ha&lt;br/&gt;&lt;b&gt;Status:&lt;/b&gt; Already excavated&lt;br/&gt;&lt;b&gt;Datum:&lt;/b&gt; WGS-84&lt;/p&gt;&lt;p style=&quot;font-size:9px;color:#6B7280;&quot;&gt;Plot balloons in this lease are auto-updated to show how much of each plot is inside this zone.&lt;/p&gt;&lt;/div&gt;</desc><trkseg><trkpt lat="0.00021243" lon="82.51201427"><ele>6.000</ele></trkpt><trkpt lat="0.00021243" lon="82.51201427"><ele>6.000</ele></trkpt><trkpt lat="0.00021243" lon="82.51201427"><ele>6.000</ele></trkpt><trkpt lat="0.00021243" lon="82.51201427"><ele>6.000</ele></trkpt><trkpt lat="0.00021243" lon="82.51201427"><ele>6.000</ele></trkpt><trkpt lat="0.00021243" lon="82.51201426"><ele>6.000</ele></trkpt><trkpt lat="0.00021243" lon="82.51201426"><ele>6.000</ele></trkpt><trkpt lat="0.00021243" lon="82.51201427"><ele>6.000</ele></trkpt><trkpt lat="0.00021243" lon="82.51201427"><ele>6.000</ele></trkpt><trkpt lat="0.00021243" lon="82.51201427"><ele>6.000</ele></trkpt></trkseg></trk>
<trk><name>Minedout 109.507 - Zone 15</name><desc>&lt;div style=&quot;font-family:Segoe UI,Arial;font-size:11px;padding:8px;&quot;&gt;&lt;h4 style=&quot;margin:0;color:#374151;&quot;&gt;Minedout - Pakhar 109.507 Ha - Zone 15&lt;/h4&gt;&lt;p&gt;&lt;b&gt;Area:&lt;/b&gt; 1.9022 Ha (19,022.15 m2)&lt;br/&gt;&lt;b&gt;Lease:&lt;/b&gt; Pakhar 109.507 Ha&lt;br/&gt;&lt;b&gt;Status:&lt;/b&gt; Already excavated&lt;br/&gt;&lt;b&gt;Datum:&lt;/b&gt; WGS-84&lt;/p&gt;&lt;p style=&quot;font-size:9px;color:#6B7280;&quot;&gt;Plot balloons in this lease are auto-updated to show how much of each plot is inside this zone.&lt;/p&gt;&lt;/div&gt;</desc><trkseg><trkpt lat="0.00021244" lon="82.51201417"><ele>6.000</ele></trkpt><trkpt lat="0.00021244" lon="82.51201417"><ele>6.000</ele></trkpt><trkpt lat="0.00021244" lon="82.51201417"><ele>6.000</ele></trkpt><trkpt lat="0.00021244" lon="82.51201417"><ele>6.000</ele></trkpt><trkpt lat="0.00021244" lon="82.51201417"><ele>6.000</ele></trkpt><trkpt lat="0.00021244" lon="82.51201418"><ele>6.000</ele></trkpt><trkpt lat="0.00021244" lon="82.51201418"><ele>6.000</ele></trkpt><trkpt lat="0.00021244" lon="82.51201418"><ele>6.000</ele></trkpt><trkpt lat="0.00021245" lon="82.51201418"><ele>6.000</ele></trkpt><trkpt lat="0.00021245" lon="82.51201418"><ele>6.000</ele></trkpt><trkpt lat="0.00021245" lon="82.51201418"><ele>6.000</ele></trkpt><trkpt lat="0.00021245" lon="82.51201419"><ele>6.000</ele></trkpt><trkpt lat="0.00021245" lon="82.51201419"><ele>6.000</ele></trkpt><trkpt lat="0.00021245" lon="82.51201419"><ele>6.000</ele></trkpt><trkpt lat="0.00021245" lon="82.51201419"><ele>6.000</ele></trkpt><trkpt lat="0.00021245" lon="82.51201419"><ele>6.000</ele></trkpt><trkpt lat="0.00021245" lon="82.51201419"><ele>6.000</ele></trkpt><trkpt lat="0.00021244" lon="82.51201419"><ele>6.000</ele></trkpt><trkpt lat="0.00021244" lon="82.51201418"><ele>6.000</ele></trkpt><trkpt lat="0.00021244" lon="82.51201418"><ele>6.000</ele></trkpt><trkpt lat="0.00021243" lon="82.51201418"><ele>6.000</ele></trkpt><trkpt lat="0.00021243" lon="82.51201418"><ele>6.000</ele></trkpt><trkpt lat="0.00021243" lon="82.51201417"><ele>6.000</ele></trkpt><trkpt lat="0.00021244" lon="82.51201417"><ele>6.000</ele></trkpt><trkpt lat="0.00021244" lon="82.51201417"><ele>6.000</ele></trkpt></trkseg></trk>
<trk><name>Minedout 109.507 - Zone 16</name><desc>&lt;div style=&quot;font-family:Segoe UI,Arial;font-size:11px;padding:8px;&quot;&gt;&lt;h4 style=&quot;margin:0;color:#374151;&quot;&gt;Minedout - Pakhar 109.507 Ha - Zone 16&lt;/h4&gt;&lt;p&gt;&lt;b&gt;Area:&lt;/b&gt; 0.7435 Ha (7,435.12 m2)&lt;br/&gt;&lt;b&gt;Lease:&lt;/b&gt; Pakhar 109.507 Ha&lt;br/&gt;&lt;b&gt;Status:&lt;/b&gt; Already excavated&lt;br/&gt;&lt;b&gt;Datum:&lt;/b&gt; WGS-84&lt;/p&gt;&lt;p style=&quot;font-size:9px;color:#6B7280;&quot;&gt;Plot balloons in this lease are auto-updated to show how much of each plot is inside this zone.&lt;/p&gt;&lt;/div&gt;</desc><trkseg><trkpt lat="0.00021249" lon="82.51201420"><ele>9.000</ele></trkpt><trkpt lat="0.00021249" lon="82.51201420"><ele>9.000</ele></trkpt><trkpt lat="0.00021249" lon="82.51201420"><ele>9.000</ele></trkpt><trkpt lat="0.00021250" lon="82.51201420"><ele>9.000</ele></trkpt><trkpt lat="0.00021250" lon="82.51201420"><ele>9.000</ele></trkpt><trkpt lat="0.00021250" lon="82.51201420"><ele>9.000</ele></trkpt><trkpt lat="0.00021250" lon="82.51201420"><ele>9.000</ele></trkpt><trkpt lat="0.00021250" lon="82.51201420"><ele>9.000</ele></trkpt><trkpt lat="0.00021250" lon="82.51201421"><ele>9.000</ele></trkpt><trkpt lat="0.00021250" lon="82.51201421"><ele>9.000</ele></trkpt><trkpt lat="0.00021250" lon="82.51201421"><ele>9.000</ele></trkpt><trkpt lat="0.00021249" lon="82.51201420"><ele>9.000</ele></trkpt><trkpt lat="0.00021249" lon="82.51201420"><ele>9.000</ele></trkpt></trkseg></trk>
<trk><name>Minedout 109.507 - Zone 17</name><desc>&lt;div style=&quot;font-family:Segoe UI,Arial;font-size:11px;padding:8px;&quot;&gt;&lt;h4 style=&quot;margin:0;color:#374151;&quot;&gt;Minedout - Pakhar 109.507 Ha - Zone 17&lt;/h4&gt;&lt;p&gt;&lt;b&gt;Area:&lt;/b&gt; 2.6994 Ha (26,994.42 m2)&lt;br/&gt;&lt;b&gt;Lease:&lt;/b&gt; Pakhar 109.507 Ha&lt;br/&gt;&lt;b&gt;Status:&lt;/b&gt; Already excavated&lt;br/&gt;&lt;b&gt;Datum:&lt;/b&gt; WGS-84&lt;/p&gt;&lt;p style=&quot;font-size:9px;color:#6B7280;&quot;&gt;Plot balloons in this lease are auto-updated to show how much of each plot is inside this zone.&lt;/p&gt;&lt;/div&gt;</desc><trkseg><trkpt lat="0.00021255" lon="82.51201426"><ele>9.000</ele></trkpt><trkpt lat="0.00021255" lon="82.51201426"><ele>9.000</ele></trkpt><trkpt lat="0.00021255" lon="82.51201426"><ele>9.000</ele></trkpt><trkpt lat="0.00021254" lon="82.51201427"><ele>9.000</ele></trkpt><trkpt lat="0.00021254" lon="82.51201426"><ele>9.000</ele></trkpt><trkpt lat="0.00021254" lon="82.51201426"><ele>9.000</ele></trkpt><trkpt lat="0.00021254" lon="82.51201426"><ele>9.000</ele></trkpt><trkpt lat="0.00021254" lon="82.51201426"><ele>9.000</ele></trkpt><trkpt lat="0.00021254" lon="82.51201426"><ele>9.000</ele></trkpt><trkpt lat="0.00021254" lon="82.51201426"><ele>9.000</ele></trkpt><trkpt lat="0.00021254" lon="82.51201426"><ele>9.000</ele></trkpt><trkpt lat="0.00021253" lon="82.51201426"><ele>9.000</ele></trkpt><trkpt lat="0.00021253" lon="82.51201426"><ele>9.000</ele></trkpt><trkpt lat="0.00021253" lon="82.51201426"><ele>9.000</ele></trkpt><trkpt lat="0.00021253" lon="82.51201426"><ele>9.000</ele></trkpt><trkpt lat="0.00021253" lon="82.51201425"><ele>9.000</ele></trkpt><trkpt lat="0.00021253" lon="82.51201425"><ele>9.000</ele></trkpt><trkpt lat="0.00021253" lon="82.51201425"><ele>9.000</ele></trkpt><trkpt lat="0.00021253" lon="82.51201425"><ele>9.000</ele></trkpt><trkpt lat="0.00021253" lon="82.51201425"><ele>9.000</ele></trkpt><trkpt lat="0.00021254" lon="82.51201425"><ele>9.000</ele></trkpt><trkpt lat="0.00021254" lon="82.51201425"><ele>9.000</ele></trkpt><trkpt lat="0.00021254" lon="82.51201425"><ele>9.000</ele></trkpt><trkpt lat="0.00021254" lon="82.51201425"><ele>9.000</ele></trkpt><trkpt lat="0.00021254" lon="82.51201425"><ele>9.000</ele></trkpt><trkpt lat="0.00021254" lon="82.51201425"><ele>9.000</ele></trkpt><trkpt lat="0.00021255" lon="82.51201426"><ele>9.000</ele></trkpt></trkseg></trk>
<trk><name>Minedout 109.507 - Zone 18</name><desc>&lt;div style=&quot;font-family:Segoe UI,Arial;font-size:11px;padding:8px;&quot;&gt;&lt;h4 style=&quot;margin:0;color:#374151;&quot;&gt;Minedout - Pakhar 109.507 Ha - Zone 18&lt;/h4&gt;&lt;p&gt;&lt;b&gt;Area:&lt;/b&gt; 0.7435 Ha (7,435.12 m2)&lt;br/&gt;&lt;b&gt;Lease:&lt;/b&gt; Pakhar 109.507 Ha&lt;br/&gt;&lt;b&gt;Status:&lt;/b&gt; Already excavated&lt;br/&gt;&lt;b&gt;Datum:&lt;/b&gt; WGS-84&lt;/p&gt;&lt;p style=&quot;font-size:9px;color:#6B7280;&quot;&gt;Plot balloons in this lease are auto-updated to show how much of each plot is inside this zone.&lt;/p&gt;&lt;/div&gt;</desc><trkseg><trkpt lat="0.00021249" lon="82.51201420"><ele>9.000</ele></trkpt><trkpt lat="0.00021249" lon="82.51201420"><ele>9.000</ele></trkpt><trkpt lat="0.00021249" lon="82.51201420"><ele>9.000</ele></trkpt><trkpt lat="0.00021250" lon="82.51201420"><ele>9.000</ele></trkpt><trkpt lat="0.00021250" lon="82.51201420"><ele>9.000</ele></trkpt><trkpt lat="0.00021250" lon="82.51201420"><ele>9.000</ele></trkpt><trkpt lat="0.00021250" lon="82.51201420"><ele>9.000</ele></trkpt><trkpt lat="0.00021250" lon="82.51201420"><ele>9.000</ele></trkpt><trkpt lat="0.00021250" lon="82.51201421"><ele>9.000</ele></trkpt><trkpt lat="0.00021250" lon="82.51201421"><ele>9.000</ele></trkpt><trkpt lat="0.00021250" lon="82.51201421"><ele>9.000</ele></trkpt><trkpt lat="0.00021249" lon="82.51201420"><ele>9.000</ele></trkpt><trkpt lat="0.00021249" lon="82.51201420"><ele>9.000</ele></trkpt></trkseg></trk>
<trk><name>Minedout 109.507 - Zone 19</name><desc>&lt;div style=&quot;font-family:Segoe UI,Arial;font-size:11px;padding:8px;&quot;&gt;&lt;h4 style=&quot;margin:0;color:#374151;&quot;&gt;Minedout - Pakhar 109.507 Ha - Zone 19&lt;/h4&gt;&lt;p&gt;&lt;b&gt;Area:&lt;/b&gt; 0.4955 Ha (4,954.66 m2)&lt;br/&gt;&lt;b&gt;Lease:&lt;/b&gt; Pakhar 109.507 Ha&lt;br/&gt;&lt;b&gt;Status:&lt;/b&gt; Already excavated&lt;br/&gt;&lt;b&gt;Datum:&lt;/b&gt; WGS-84&lt;/p&gt;&lt;p style=&quot;font-size:9px;color:#6B7280;&quot;&gt;Plot balloons in this lease are auto-updated to show how much of each plot is inside this zone.&lt;/p&gt;&lt;/div&gt;</desc><trkseg><trkpt lat="0.00021250" lon="82.51201422"><ele>9.000</ele></trkpt><trkpt lat="0.00021250" lon="82.51201422"><ele>9.000</ele></trkpt><trkpt lat="0.00021250" lon="82.51201422"><ele>9.000</ele></trkpt><trkpt lat="0.00021250" lon="82.51201422"><ele>9.000</ele></trkpt><trkpt lat="0.00021250" lon="82.51201422"><ele>9.000</ele></trkpt><trkpt lat="0.00021250" lon="82.51201422"><ele>9.000</ele></trkpt><trkpt lat="0.00021250" lon="82.51201422"><ele>9.000</ele></trkpt><trkpt lat="0.00021250" lon="82.51201422"><ele>9.000</ele></trkpt><trkpt lat="0.00021250" lon="82.51201422"><ele>9.000</ele></trkpt><trkpt lat="0.00021250" lon="82.51201422"><ele>9.000</ele></trkpt><trkpt lat="0.00021250" lon="82.51201422"><ele>9.000</ele></trkpt><trkpt lat="0.00021250" lon="82.51201422"><ele>9.000</ele></trkpt><trkpt lat="0.00021250" lon="82.51201422"><ele>9.000</ele></trkpt><trkpt lat="0.00021250" lon="82.51201422"><ele>9.000</ele></trkpt><trkpt lat="0.00021250" lon="82.51201423"><ele>9.000</ele></trkpt><trkpt lat="0.00021250" lon="82.51201423"><ele>9.000</ele></trkpt><trkpt lat="0.00021250" lon="82.51201423"><ele>9.000</ele></trkpt><trkpt lat="0.00021250" lon="82.51201422"><ele>9.000</ele></trkpt><trkpt lat="0.00021250" lon="82.51201422"><ele>9.000</ele></trkpt><trkpt lat="0.00021250" lon="82.51201422"><ele>9.000</ele></trkpt><trkpt lat="0.00021250" lon="82.51201422"><ele>9.000</ele></trkpt><trkpt lat="0.00021250" lon="82.51201422"><ele>9.000</ele></trkpt><trkpt lat="0.00021250" lon="82.51201422"><ele>9.000</ele></trkpt><trkpt lat="0.00021250" lon="82.51201422"><ele>9.000</ele></trkpt><trkpt lat="0.00021250" lon="82.51201422"><ele>9.000</ele></trkpt></trkseg></trk>
<trk><name>Minedout 109.507 - Zone 20</name><desc>&lt;div style=&quot;font-family:Segoe UI,Arial;font-size:11px;padding:8px;&quot;&gt;&lt;h4 style=&quot;margin:0;color:#374151;&quot;&gt;Minedout - Pakhar 109.507 Ha - Zone 20&lt;/h4&gt;&lt;p&gt;&lt;b&gt;Area:&lt;/b&gt; 2.6994 Ha (26,994.42 m2)&lt;br/&gt;&lt;b&gt;Lease:&lt;/b&gt; Pakhar 109.507 Ha&lt;br/&gt;&lt;b&gt;Status:&lt;/b&gt; Already excavated&lt;br/&gt;&lt;b&gt;Datum:&lt;/b&gt; WGS-84&lt;/p&gt;&lt;p style=&quot;font-size:9px;color:#6B7280;&quot;&gt;Plot balloons in this lease are auto-updated to show how much of each plot is inside this zone.&lt;/p&gt;&lt;/div&gt;</desc><trkseg><trkpt lat="0.00021255" lon="82.51201426"><ele>9.000</ele></trkpt><trkpt lat="0.00021255" lon="82.51201426"><ele>9.000</ele></trkpt><trkpt lat="0.00021255" lon="82.51201426"><ele>9.000</ele></trkpt><trkpt lat="0.00021254" lon="82.51201427"><ele>9.000</ele></trkpt><trkpt lat="0.00021254" lon="82.51201426"><ele>9.000</ele></trkpt><trkpt lat="0.00021254" lon="82.51201426"><ele>9.000</ele></trkpt><trkpt lat="0.00021254" lon="82.51201426"><ele>9.000</ele></trkpt><trkpt lat="0.00021254" lon="82.51201426"><ele>9.000</ele></trkpt><trkpt lat="0.00021254" lon="82.51201426"><ele>9.000</ele></trkpt><trkpt lat="0.00021254" lon="82.51201426"><ele>9.000</ele></trkpt><trkpt lat="0.00021254" lon="82.51201426"><ele>9.000</ele></trkpt><trkpt lat="0.00021253" lon="82.51201426"><ele>9.000</ele></trkpt><trkpt lat="0.00021253" lon="82.51201426"><ele>9.000</ele></trkpt><trkpt lat="0.00021253" lon="82.51201426"><ele>9.000</ele></trkpt><trkpt lat="0.00021253" lon="82.51201426"><ele>9.000</ele></trkpt><trkpt lat="0.00021253" lon="82.51201425"><ele>9.000</ele></trkpt><trkpt lat="0.00021253" lon="82.51201425"><ele>9.000</ele></trkpt><trkpt lat="0.00021253" lon="82.51201425"><ele>9.000</ele></trkpt><trkpt lat="0.00021253" lon="82.51201425"><ele>9.000</ele></trkpt><trkpt lat="0.00021253" lon="82.51201425"><ele>9.000</ele></trkpt><trkpt lat="0.00021254" lon="82.51201425"><ele>9.000</ele></trkpt><trkpt lat="0.00021254" lon="82.51201425"><ele>9.000</ele></trkpt><trkpt lat="0.00021254" lon="82.51201425"><ele>9.000</ele></trkpt><trkpt lat="0.00021254" lon="82.51201425"><ele>9.000</ele></trkpt><trkpt lat="0.00021254" lon="82.51201425"><ele>9.000</ele></trkpt><trkpt lat="0.00021254" lon="82.51201425"><ele>9.000</ele></trkpt><trkpt lat="0.00021255" lon="82.51201426"><ele>9.000</ele></trkpt></trkseg></trk>
<trk><name>Minedout 15.58 - Zone 1</name><desc>&lt;div style=&quot;font-family:Segoe UI,Arial;font-size:11px;padding:8px;&quot;&gt;&lt;h4 style=&quot;margin:0;color:#374151;&quot;&gt;Minedout - Pakhar 15.58 Ha - Zone 1&lt;/h4&gt;&lt;p&gt;&lt;b&gt;Area:&lt;/b&gt; 6.6709 Ha (66,709.15 m2)&lt;br/&gt;&lt;b&gt;Lease:&lt;/b&gt; Pakhar 15.58 Ha&lt;br/&gt;&lt;b&gt;Status:&lt;/b&gt; Already excavated&lt;br/&gt;&lt;b&gt;Datum:&lt;/b&gt; WGS-84&lt;/p&gt;&lt;p style=&quot;font-size:9px;color:#6B7280;&quot;&gt;Plot balloons in this lease are auto-updated to show how much of each plot is inside this zone.&lt;/p&gt;&lt;/div&gt;</desc><trkseg><trkpt lat="0.00021226" lon="82.51201406"><ele>4.000</ele></trkpt><trkpt lat="0.00021226" lon="82.51201405"><ele>4.000</ele></trkpt><trkpt lat="0.00021226" lon="82.51201405"><ele>4.000</ele></trkpt><trkpt lat="0.00021226" lon="82.51201405"><ele>4.000</ele></trkpt><trkpt lat="0.00021226" lon="82.51201405"><ele>4.000</ele></trkpt><trkpt lat="0.00021227" lon="82.51201405"><ele>4.000</ele></trkpt><trkpt lat="0.00021227" lon="82.51201405"><ele>4.000</ele></trkpt><trkpt lat="0.00021227" lon="82.51201405"><ele>4.000</ele></trkpt><trkpt lat="0.00021227" lon="82.51201405"><ele>4.000</ele></trkpt><trkpt lat="0.00021227" lon="82.51201404"><ele>4.000</ele></trkpt><trkpt lat="0.00021227" lon="82.51201404"><ele>4.000</ele></trkpt><trkpt lat="0.00021227" lon="82.51201404"><ele>4.000</ele></trkpt><trkpt lat="0.00021227" lon="82.51201404"><ele>4.000</ele></trkpt><trkpt lat="0.00021227" lon="82.51201404"><ele>4.000</ele></trkpt><trkpt lat="0.00021227" lon="82.51201404"><ele>4.000</ele></trkpt><trkpt lat="0.00021227" lon="82.51201404"><ele>4.000</ele></trkpt><trkpt lat="0.00021227" lon="82.51201404"><ele>4.000</ele></trkpt><trkpt lat="0.00021227" lon="82.51201404"><ele>4.000</ele></trkpt><trkpt lat="0.00021228" lon="82.51201404"><ele>4.000</ele></trkpt><trkpt lat="0.00021228" lon="82.51201404"><ele>4.000</ele></trkpt><trkpt lat="0.00021228" lon="82.51201404"><ele>4.000</ele></trkpt><trkpt lat="0.00021228" lon="82.51201404"><ele>4.000</ele></trkpt><trkpt lat="0.00021228" lon="82.51201404"><ele>4.000</ele></trkpt><trkpt lat="0.00021228" lon="82.51201404"><ele>4.000</ele></trkpt><trkpt lat="0.00021228" lon="82.51201404"><ele>4.000</ele></trkpt><trkpt lat="0.00021228" lon="82.51201404"><ele>4.000</ele></trkpt><trkpt lat="0.00021228" lon="82.51201404"><ele>4.000</ele></trkpt><trkpt lat="0.00021228" lon="82.51201404"><ele>4.000</ele></trkpt><trkpt lat="0.00021228" lon="82.51201404"><ele>4.000</ele></trkpt><trkpt lat="0.00021228" lon="82.51201404"><ele>4.000</ele></trkpt><trkpt lat="0.00021228" lon="82.51201404"><ele>4.000</ele></trkpt><trkpt lat="0.00021228" lon="82.51201404"><ele>4.000</ele></trkpt><trkpt lat="0.00021228" lon="82.51201404"><ele>4.000</ele></trkpt><trkpt lat="0.00021228" lon="82.51201404"><ele>4.000</ele></trkpt><trkpt lat="0.00021228" lon="82.51201403"><ele>4.000</ele></trkpt><trkpt lat="0.00021228" lon="82.51201403"><ele>4.000</ele></trkpt><trkpt lat="0.00021228" lon="82.51201403"><ele>4.000</ele></trkpt><trkpt lat="0.00021228" lon="82.51201403"><ele>4.000</ele></trkpt><trkpt lat="0.00021228" lon="82.51201403"><ele>4.000</ele></trkpt><trkpt lat="0.00021228" lon="82.51201403"><ele>4.000</ele></trkpt><trkpt lat="0.00021228" lon="82.51201403"><ele>4.000</ele></trkpt><trkpt lat="0.00021228" lon="82.51201403"><ele>4.000</ele></trkpt><trkpt lat="0.00021228" lon="82.51201403"><ele>4.000</ele></trkpt><trkpt lat="0.00021228" lon="82.51201403"><ele>4.000</ele></trkpt><trkpt lat="0.00021228" lon="82.51201403"><ele>4.000</ele></trkpt><trkpt lat="0.00021228" lon="82.51201403"><ele>4.000</ele></trkpt><trkpt lat="0.00021228" lon="82.51201403"><ele>4.000</ele></trkpt><trkpt lat="0.00021228" lon="82.51201403"><ele>4.000</ele></trkpt><trkpt lat="0.00021228" lon="82.51201403"><ele>4.000</ele></trkpt><trkpt lat="0.00021228" lon="82.51201403"><ele>4.000</ele></trkpt><trkpt lat="0.00021228" lon="82.51201403"><ele>4.000</ele></trkpt><trkpt lat="0.00021228" lon="82.51201403"><ele>4.000</ele></trkpt><trkpt lat="0.00021228" lon="82.51201403"><ele>4.000</ele></trkpt><trkpt lat="0.00021228" lon="82.51201403"><ele>4.000</ele></trkpt><trkpt lat="0.00021228" lon="82.51201403"><ele>4.000</ele></trkpt><trkpt lat="0.00021228" lon="82.51201403"><ele>4.000</ele></trkpt><trkpt lat="0.00021228" lon="82.51201403"><ele>4.000</ele></trkpt><trkpt lat="0.00021228" lon="82.51201403"><ele>4.000</ele></trkpt><trkpt lat="0.00021229" lon="82.51201403"><ele>4.000</ele></trkpt><trkpt lat="0.00021229" lon="82.51201403"><ele>4.000</ele></trkpt><trkpt lat="0.00021229" lon="82.51201403"><ele>4.000</ele></trkpt><trkpt lat="0.00021229" lon="82.51201403"><ele>4.000</ele></trkpt><trkpt lat="0.00021229" lon="82.51201403"><ele>4.000</ele></trkpt><trkpt lat="0.00021229" lon="82.51201403"><ele>4.000</ele></trkpt><trkpt lat="0.00021229" lon="82.51201403"><ele>4.000</ele></trkpt><trkpt lat="0.00021229" lon="82.51201403"><ele>4.000</ele></trkpt><trkpt lat="0.00021229" lon="82.51201403"><ele>4.000</ele></trkpt><trkpt lat="0.00021229" lon="82.51201403"><ele>4.000</ele></trkpt><trkpt lat="0.00021229" lon="82.51201403"><ele>4.000</ele></trkpt><trkpt lat="0.00021229" lon="82.51201404"><ele>4.000</ele></trkpt><trkpt lat="0.00021228" lon="82.51201405"><ele>4.000</ele></trkpt><trkpt lat="0.00021228" lon="82.51201405"><ele>4.000</ele></trkpt><trkpt lat="0.00021228" lon="82.51201405"><ele>4.000</ele></trkpt><trkpt lat="0.00021229" lon="82.51201405"><ele>4.000</ele></trkpt><trkpt lat="0.00021229" lon="82.51201405"><ele>4.000</ele></trkpt><trkpt lat="0.00021229" lon="82.51201405"><ele>4.000</ele></trkpt><trkpt lat="0.00021229" lon="82.51201405"><ele>4.000</ele></trkpt><trkpt lat="0.00021229" lon="82.51201405"><ele>4.000</ele></trkpt><trkpt lat="0.00021229" lon="82.51201405"><ele>4.000</ele></trkpt><trkpt lat="0.00021229" lon="82.51201405"><ele>4.000</ele></trkpt><trkpt lat="0.00021229" lon="82.51201405"><ele>4.000</ele></trkpt><trkpt lat="0.00021229" lon="82.51201405"><ele>4.000</ele></trkpt><trkpt lat="0.00021229" lon="82.51201405"><ele>4.000</ele></trkpt><trkpt lat="0.00021229" lon="82.51201405"><ele>4.000</ele></trkpt><trkpt lat="0.00021229" lon="82.51201405"><ele>4.000</ele></trkpt><trkpt lat="0.00021229" lon="82.51201405"><ele>4.000</ele></trkpt><trkpt lat="0.00021229" lon="82.51201405"><ele>4.000</ele></trkpt><trkpt lat="0.00021229" lon="82.51201405"><ele>4.000</ele></trkpt><trkpt lat="0.00021229" lon="82.51201405"><ele>4.000</ele></trkpt><trkpt lat="0.00021230" lon="82.51201405"><ele>4.000</ele></trkpt><trkpt lat="0.00021230" lon="82.51201405"><ele>4.000</ele></trkpt><trkpt lat="0.00021230" lon="82.51201405"><ele>4.000</ele></trkpt><trkpt lat="0.00021230" lon="82.51201405"><ele>4.000</ele></trkpt><trkpt lat="0.00021230" lon="82.51201405"><ele>4.000</ele></trkpt><trkpt lat="0.00021230" lon="82.51201405"><ele>4.000</ele></trkpt><trkpt lat="0.00021230" lon="82.51201405"><ele>4.000</ele></trkpt><trkpt lat="0.00021230" lon="82.51201405"><ele>4.000</ele></trkpt><trkpt lat="0.00021230" lon="82.51201405"><ele>4.000</ele></trkpt><trkpt lat="0.00021230" lon="82.51201405"><ele>4.000</ele></trkpt><trkpt lat="0.00021230" lon="82.51201405"><ele>4.000</ele></trkpt><trkpt lat="0.00021230" lon="82.51201405"><ele>4.000</ele></trkpt><trkpt lat="0.00021230" lon="82.51201405"><ele>4.000</ele></trkpt><trkpt lat="0.00021230" lon="82.51201405"><ele>4.000</ele></trkpt><trkpt lat="0.00021230" lon="82.51201405"><ele>4.000</ele></trkpt><trkpt lat="0.00021229" lon="82.51201406"><ele>4.000</ele></trkpt><trkpt lat="0.00021228" lon="82.51201406"><ele>4.000</ele></trkpt><trkpt lat="0.00021227" lon="82.51201406"><ele>4.000</ele></trkpt><trkpt lat="0.00021227" lon="82.51201406"><ele>4.000</ele></trkpt><trkpt lat="0.00021227" lon="82.51201406"><ele>4.000</ele></trkpt><trkpt lat="0.00021227" lon="82.51201406"><ele>4.000</ele></trkpt><trkpt lat="0.00021226" lon="82.51201406"><ele>4.000</ele></trkpt><trkpt lat="0.00021226" lon="82.51201406"><ele>4.000</ele></trkpt></trkseg></trk>
<trk><name>Minedout 15.58 - Zone 2</name><desc>&lt;div style=&quot;font-family:Segoe UI,Arial;font-size:11px;padding:8px;&quot;&gt;&lt;h4 style=&quot;margin:0;color:#374151;&quot;&gt;Minedout - Pakhar 15.58 Ha - Zone 2&lt;/h4&gt;&lt;p&gt;&lt;b&gt;Area:&lt;/b&gt; 0.1847 Ha (1,846.54 m2)&lt;br/&gt;&lt;b&gt;Lease:&lt;/b&gt; Pakhar 15.58 Ha&lt;br/&gt;&lt;b&gt;Status:&lt;/b&gt; Already excavated&lt;br/&gt;&lt;b&gt;Datum:&lt;/b&gt; WGS-84&lt;/p&gt;&lt;p style=&quot;font-size:9px;color:#6B7280;&quot;&gt;Plot balloons in this lease are auto-updated to show how much of each plot is inside this zone.&lt;/p&gt;&lt;/div&gt;</desc><trkseg><trkpt lat="0.00021231" lon="82.51201400"><ele>4.000</ele></trkpt><trkpt lat="0.00021231" lon="82.51201400"><ele>4.000</ele></trkpt><trkpt lat="0.00021231" lon="82.51201400"><ele>4.000</ele></trkpt><trkpt lat="0.00021231" lon="82.51201400"><ele>4.000</ele></trkpt><trkpt lat="0.00021231" lon="82.51201400"><ele>4.000</ele></trkpt><trkpt lat="0.00021231" lon="82.51201400"><ele>4.000</ele></trkpt><trkpt lat="0.00021231" lon="82.51201400"><ele>4.000</ele></trkpt><trkpt lat="0.00021231" lon="82.51201400"><ele>4.000</ele></trkpt><trkpt lat="0.00021231" lon="82.51201400"><ele>4.000</ele></trkpt><trkpt lat="0.00021231" lon="82.51201400"><ele>4.000</ele></trkpt><trkpt lat="0.00021231" lon="82.51201400"><ele>4.000</ele></trkpt><trkpt lat="0.00021231" lon="82.51201400"><ele>4.000</ele></trkpt><trkpt lat="0.00021231" lon="82.51201400"><ele>4.000</ele></trkpt><trkpt lat="0.00021231" lon="82.51201400"><ele>4.000</ele></trkpt><trkpt lat="0.00021231" lon="82.51201400"><ele>4.000</ele></trkpt><trkpt lat="0.00021231" lon="82.51201400"><ele>4.000</ele></trkpt><trkpt lat="0.00021231" lon="82.51201400"><ele>4.000</ele></trkpt><trkpt lat="0.00021232" lon="82.51201400"><ele>4.000</ele></trkpt><trkpt lat="0.00021232" lon="82.51201400"><ele>4.000</ele></trkpt><trkpt lat="0.00021232" lon="82.51201400"><ele>4.000</ele></trkpt><trkpt lat="0.00021232" lon="82.51201400"><ele>4.000</ele></trkpt><trkpt lat="0.00021232" lon="82.51201400"><ele>4.000</ele></trkpt><trkpt lat="0.00021232" lon="82.51201400"><ele>4.000</ele></trkpt><trkpt lat="0.00021232" lon="82.51201400"><ele>4.000</ele></trkpt><trkpt lat="0.00021232" lon="82.51201400"><ele>4.000</ele></trkpt><trkpt lat="0.00021232" lon="82.51201400"><ele>4.000</ele></trkpt><trkpt lat="0.00021232" lon="82.51201400"><ele>4.000</ele></trkpt><trkpt lat="0.00021232" lon="82.51201400"><ele>4.000</ele></trkpt><trkpt lat="0.00021231" lon="82.51201400"><ele>4.000</ele></trkpt><trkpt lat="0.00021231" lon="82.51201400"><ele>4.000</ele></trkpt><trkpt lat="0.00021231" lon="82.51201400"><ele>4.000</ele></trkpt></trkseg></trk>
<trk><name>Minedout 15.58 - Zone 3</name><desc>&lt;div style=&quot;font-family:Segoe UI,Arial;font-size:11px;padding:8px;&quot;&gt;&lt;h4 style=&quot;margin:0;color:#374151;&quot;&gt;Minedout - Pakhar 15.58 Ha - Zone 3&lt;/h4&gt;&lt;p&gt;&lt;b&gt;Area:&lt;/b&gt; 0.2428 Ha (2,428.21 m2)&lt;br/&gt;&lt;b&gt;Lease:&lt;/b&gt; Pakhar 15.58 Ha&lt;br/&gt;&lt;b&gt;Status:&lt;/b&gt; Already excavated&lt;br/&gt;&lt;b&gt;Datum:&lt;/b&gt; WGS-84&lt;/p&gt;&lt;p style=&quot;font-size:9px;color:#6B7280;&quot;&gt;Plot balloons in this lease are auto-updated to show how much of each plot is inside this zone.&lt;/p&gt;&lt;/div&gt;</desc><trkseg><trkpt lat="0.00021232" lon="82.51201406"><ele>4.000</ele></trkpt><trkpt lat="0.00021231" lon="82.51201406"><ele>4.000</ele></trkpt><trkpt lat="0.00021231" lon="82.51201406"><ele>4.000</ele></trkpt><trkpt lat="0.00021231" lon="82.51201406"><ele>4.000</ele></trkpt><trkpt lat="0.00021231" lon="82.51201406"><ele>4.000</ele></trkpt><trkpt lat="0.00021231" lon="82.51201406"><ele>4.000</ele></trkpt><trkpt lat="0.00021232" lon="82.51201406"><ele>4.000</ele></trkpt><trkpt lat="0.00021232" lon="82.51201406"><ele>4.000</ele></trkpt><trkpt lat="0.00021232" lon="82.51201406"><ele>4.000</ele></trkpt><trkpt lat="0.00021232" lon="82.51201406"><ele>4.000</ele></trkpt><trkpt lat="0.00021232" lon="82.51201406"><ele>4.000</ele></trkpt><trkpt lat="0.00021232" lon="82.51201406"><ele>4.000</ele></trkpt><trkpt lat="0.00021232" lon="82.51201406"><ele>4.000</ele></trkpt><trkpt lat="0.00021232" lon="82.51201406"><ele>4.000</ele></trkpt><trkpt lat="0.00021232" lon="82.51201406"><ele>4.000</ele></trkpt><trkpt lat="0.00021232" lon="82.51201406"><ele>4.000</ele></trkpt><trkpt lat="0.00021232" lon="82.51201406"><ele>4.000</ele></trkpt></trkseg></trk>
<trk><name>Minedout 15.58 - Zone 4</name><desc>&lt;div style=&quot;font-family:Segoe UI,Arial;font-size:11px;padding:8px;&quot;&gt;&lt;h4 style=&quot;margin:0;color:#374151;&quot;&gt;Minedout - Pakhar 15.58 Ha - Zone 4&lt;/h4&gt;&lt;p&gt;&lt;b&gt;Area:&lt;/b&gt; 0.0564 Ha (564.22 m2)&lt;br/&gt;&lt;b&gt;Lease:&lt;/b&gt; Pakhar 15.58 Ha&lt;br/&gt;&lt;b&gt;Status:&lt;/b&gt; Already excavated&lt;br/&gt;&lt;b&gt;Datum:&lt;/b&gt; WGS-84&lt;/p&gt;&lt;p style=&quot;font-size:9px;color:#6B7280;&quot;&gt;Plot balloons in this lease are auto-updated to show how much of each plot is inside this zone.&lt;/p&gt;&lt;/div&gt;</desc><trkseg><trkpt lat="0.00021233" lon="82.51201400"><ele>4.000</ele></trkpt><trkpt lat="0.00021233" lon="82.51201400"><ele>4.000</ele></trkpt><trkpt lat="0.00021233" lon="82.51201400"><ele>4.000</ele></trkpt><trkpt lat="0.00021233" lon="82.51201400"><ele>4.000</ele></trkpt><trkpt lat="0.00021233" lon="82.51201400"><ele>4.000</ele></trkpt><trkpt lat="0.00021233" lon="82.51201400"><ele>4.000</ele></trkpt><trkpt lat="0.00021233" lon="82.51201400"><ele>4.000</ele></trkpt><trkpt lat="0.00021233" lon="82.51201400"><ele>4.000</ele></trkpt><trkpt lat="0.00021233" lon="82.51201400"><ele>4.000</ele></trkpt><trkpt lat="0.00021233" lon="82.51201400"><ele>4.000</ele></trkpt><trkpt lat="0.00021233" lon="82.51201400"><ele>4.000</ele></trkpt><trkpt lat="0.00021233" lon="82.51201400"><ele>4.000</ele></trkpt><trkpt lat="0.00021233" lon="82.51201400"><ele>4.000</ele></trkpt></trkseg></trk>
<trk><name>Untitled Polygon</name><trkseg><trkpt lat="0.00021242" lon="82.51201422"><ele>0.000</ele></trkpt><trkpt lat="0.00021243" lon="82.51201421"><ele>0.000</ele></trkpt><trkpt lat="0.00021243" lon="82.51201421"><ele>0.000</ele></trkpt><trkpt lat="0.00021243" lon="82.51201421"><ele>0.000</ele></trkpt><trkpt lat="0.00021243" lon="82.51201421"><ele>0.000</ele></trkpt><trkpt lat="0.00021243" lon="82.51201421"><ele>0.000</ele></trkpt><trkpt lat="0.00021243" lon="82.51201421"><ele>0.000</ele></trkpt><trkpt lat="0.00021243" lon="82.51201421"><ele>0.000</ele></trkpt><trkpt lat="0.00021243" lon="82.51201421"><ele>0.000</ele></trkpt><trkpt lat="0.00021243" lon="82.51201421"><ele>0.000</ele></trkpt><trkpt lat="0.00021243" lon="82.51201421"><ele>0.000</ele></trkpt><trkpt lat="0.00021243" lon="82.51201421"><ele>0.000</ele></trkpt><trkpt lat="0.00021243" lon="82.51201421"><ele>0.000</ele></trkpt><trkpt lat="0.00021243" lon="82.51201421"><ele>0.000</ele></trkpt><trkpt lat="0.00021243" lon="82.51201421"><ele>0.000</ele></trkpt><trkpt lat="0.00021243" lon="82.51201421"><ele>0.000</ele></trkpt><trkpt lat="0.00021243" lon="82.51201421"><ele>0.000</ele></trkpt><trkpt lat="0.00021243" lon="82.51201421"><ele>0.000</ele></trkpt><trkpt lat="0.00021243" lon="82.51201421"><ele>0.000</ele></trkpt><trkpt lat="0.00021243" lon="82.51201421"><ele>0.000</ele></trkpt><trkpt lat="0.00021243" lon="82.51201421"><ele>0.000</ele></trkpt><trkpt lat="0.00021243" lon="82.51201421"><ele>0.000</ele></trkpt><trkpt lat="0.00021243" lon="82.51201421"><ele>0.000</ele></trkpt><trkpt lat="0.00021243" lon="82.51201421"><ele>0.000</ele></trkpt><trkpt lat="0.00021243" lon="82.51201421"><ele>0.000</ele></trkpt><trkpt lat="0.00021243" lon="82.51201421"><ele>0.000</ele></trkpt><trkpt lat="0.00021243" lon="82.51201421"><ele>0.000</ele></trkpt><trkpt lat="0.00021243" lon="82.51201421"><ele>0.000</ele></trkpt><trkpt lat="0.00021243" lon="82.51201421"><ele>0.000</ele></trkpt><trkpt lat="0.00021243" lon="82.51201421"><ele>0.000</ele></trkpt><trkpt lat="0.00021243" lon="82.51201421"><ele>0.000</ele></trkpt><trkpt lat="0.00021243" lon="82.51201421"><ele>0.000</ele></trkpt><trkpt lat="0.00021243" lon="82.51201421"><ele>0.000</ele></trkpt><trkpt lat="0.00021243" lon="82.51201421"><ele>0.000</ele></trkpt><trkpt lat="0.00021243" lon="82.51201421"><ele>0.000</ele></trkpt><trkpt lat="0.00021243" lon="82.51201421"><ele>0.000</ele></trkpt><trkpt lat="0.00021243" lon="82.51201421"><ele>0.000</ele></trkpt><trkpt lat="0.00021243" lon="82.51201421"><ele>0.000</ele></trkpt><trkpt lat="0.00021243" lon="82.51201421"><ele>0.000</ele></trkpt><trkpt lat="0.00021243" lon="82.51201421"><ele>0.000</ele></trkpt><trkpt lat="0.00021243" lon="82.51201421"><ele>0.000</ele></trkpt><trkpt lat="0.00021243" lon="82.51201421"><ele>0.000</ele></trkpt><trkpt lat="0.00021243" lon="82.51201421"><ele>0.000</ele></trkpt><trkpt lat="0.00021243" lon="82.51201421"><ele>0.000</ele></trkpt><trkpt lat="0.00021243" lon="82.51201421"><ele>0.000</ele></trkpt><trkpt lat="0.00021243" lon="82.51201421"><ele>0.000</ele></trkpt><trkpt lat="0.00021243" lon="82.51201421"><ele>0.000</ele></trkpt><trkpt lat="0.00021243" lon="82.51201421"><ele>0.000</ele></trkpt><trkpt lat="0.00021243" lon="82.51201421"><ele>0.000</ele></trkpt><trkpt lat="0.00021243" lon="82.51201421"><ele>0.000</ele></trkpt><trkpt lat="0.00021243" lon="82.51201421"><ele>0.000</ele></trkpt><trkpt lat="0.00021243" lon="82.51201421"><ele>0.000</ele></trkpt><trkpt lat="0.00021243" lon="82.51201421"><ele>0.000</ele></trkpt><trkpt lat="0.00021243" lon="82.51201421"><ele>0.000</ele></trkpt><trkpt lat="0.00021243" lon="82.51201421"><ele>0.000</ele></trkpt><trkpt lat="0.00021243" lon="82.51201421"><ele>0.000</ele></trkpt><trkpt lat="0.00021243" lon="82.51201421"><ele>0.000</ele></trkpt><trkpt lat="0.00021243" lon="82.51201421"><ele>0.000</ele></trkpt><trkpt lat="0.00021243" lon="82.51201421"><ele>0.000</ele></trkpt><trkpt lat="0.00021243" lon="82.51201421"><ele>0.000</ele></trkpt><trkpt lat="0.00021243" lon="82.51201421"><ele>0.000</ele></trkpt><trkpt lat="0.00021243" lon="82.51201421"><ele>0.000</ele></trkpt><trkpt lat="0.00021243" lon="82.51201421"><ele>0.000</ele></trkpt><trkpt lat="0.00021243" lon="82.51201421"><ele>0.000</ele></trkpt><trkpt lat="0.00021243" lon="82.51201421"><ele>0.000</ele></trkpt><trkpt lat="0.00021243" lon="82.51201421"><ele>0.000</ele></trkpt><trkpt lat="0.00021243" lon="82.51201421"><ele>0.000</ele></trkpt><trkpt lat="0.00021243" lon="82.51201421"><ele>0.000</ele></trkpt><trkpt lat="0.00021242" lon="82.51201421"><ele>0.000</ele></trkpt><trkpt lat="0.00021242" lon="82.51201421"><ele>0.000</ele></trkpt><trkpt lat="0.00021242" lon="82.51201421"><ele>0.000</ele></trkpt><trkpt lat="0.00021242" lon="82.51201421"><ele>0.000</ele></trkpt><trkpt lat="0.00021242" lon="82.51201421"><ele>0.000</ele></trkpt><trkpt lat="0.00021242" lon="82.51201421"><ele>0.000</ele></trkpt><trkpt lat="0.00021242" lon="82.51201421"><ele>0.000</ele></trkpt><trkpt lat="0.00021242" lon="82.51201421"><ele>0.000</ele></trkpt><trkpt lat="0.00021242" lon="82.51201421"><ele>0.000</ele></trkpt><trkpt lat="0.00021242" lon="82.51201421"><ele>0.000</ele></trkpt><trkpt lat="0.00021242" lon="82.51201421"><ele>0.000</ele></trkpt><trkpt lat="0.00021242" lon="82.51201421"><ele>0.000</ele></trkpt><trkpt lat="0.00021242" lon="82.51201421"><ele>0.000</ele></trkpt><trkpt lat="0.00021242" lon="82.51201421"><ele>0.000</ele></trkpt><trkpt lat="0.00021242" lon="82.51201421"><ele>0.000</ele></trkpt><trkpt lat="0.00021242" lon="82.51201421"><ele>0.000</ele></trkpt><trkpt lat="0.00021242" lon="82.51201421"><ele>0.000</ele></trkpt><trkpt lat="0.00021242" lon="82.51201421"><ele>0.000</ele></trkpt><trkpt lat="0.00021242" lon="82.51201421"><ele>0.000</ele></trkpt><trkpt lat="0.00021242" lon="82.51201421"><ele>0.000</ele></trkpt><trkpt lat="0.00021242" lon="82.51201421"><ele>0.000</ele></trkpt><trkpt lat="0.00021242" lon="82.51201421"><ele>0.000</ele></trkpt><trkpt lat="0.00021242" lon="82.51201421"><ele>0.000</ele></trkpt><trkpt lat="0.00021242" lon="82.51201421"><ele>0.000</ele></trkpt><trkpt lat="0.00021242" lon="82.51201421"><ele>0.000</ele></trkpt><trkpt lat="0.00021242" lon="82.51201421"><ele>0.000</ele></trkpt><trkpt lat="0.00021242" lon="82.51201421"><ele>0.000</ele></trkpt><trkpt lat="0.00021242" lon="82.51201421"><ele>0.000</ele></trkpt><trkpt lat="0.00021242" lon="82.51201421"><ele>0.000</ele></trkpt><trkpt lat="0.00021242" lon="82.51201421"><ele>0.000</ele></trkpt><trkpt lat="0.00021242" lon="82.51201421"><ele>0.000</ele></trkpt><trkpt lat="0.00021242" lon="82.51201421"><ele>0.000</ele></trkpt><trkpt lat="0.00021242" lon="82.51201421"><ele>0.000</ele></trkpt><trkpt lat="0.00021242" lon="82.51201421"><ele>0.000</ele></trkpt><trkpt lat="0.00021242" lon="82.51201420"><ele>0.000</ele></trkpt><trkpt lat="0.00021242" lon="82.51201421"><ele>0.000</ele></trkpt><trkpt lat="0.00021242" lon="82.51201421"><ele>0.000</ele></trkpt><trkpt lat="0.00021242" lon="82.51201422"><ele>0.000</ele></trkpt></trkseg></trk>
<trk><name>Untitled Polygon</name><trkseg><trkpt lat="0.00021242" lon="82.51201420"><ele>0.000</ele></trkpt><trkpt lat="0.00021241" lon="82.51201420"><ele>0.000</ele></trkpt><trkpt lat="0.00021241" lon="82.51201420"><ele>0.000</ele></trkpt><trkpt lat="0.00021242" lon="82.51201421"><ele>0.000</ele></trkpt><trkpt lat="0.00021242" lon="82.51201421"><ele>0.000</ele></trkpt><trkpt lat="0.00021242" lon="82.51201420"><ele>0.000</ele></trkpt></trkseg></trk>
</gpx>
