{
  "type": "FeatureCollection",
  "crs": {
    "type": "name",
    "properties": {
      "name": "urn:ogc:def:crs:EPSG::32645"
    }
  },
  "features": [
    {
      "type": "Feature",
      "id": "1176",
      "geometry": {
        "type": "Polygon",
        "coordinates": [
          [
            [
              257681.653,
              2606968.966
            ],
            [
              257793.257,
              2606856.181
            ],
            [
              257988.254,
              2606358.757
            ],
            [
              257892.063,
              2606281.642
            ],
            [
              257779.285,
              2606187.646
            ],
            [
              257721.553,
              2606092.397
            ],
            [
              257675,
              2606015.591
            ],
            [
              257660.805,
              2605921.966
            ],
            [
              257703.391,
              2605891.507
            ],
            [
              257626.482,
              2605799.856
            ],
            [
              257549.466,
              2605708.734
            ],
            [
              257572.928,
              2605688.696
            ],
            [
              257545.488,
              2605654.461
            ],
            [
              257536.15,
              2605643.273
            ],
            [
              257497.91,
              2605595.423
            ],
            [
              257491.863,
              2605589.772
            ],
            [
              257489.526,
              2605588.998
            ],
            [
              257475.022,
              2605591.476
            ],
            [
              257465.593,
              2605592.441
            ],
            [
              257456.334,
              2605594.809
            ],
            [
              257443,
              2605599.817
            ],
            [
              257437.939,
              2605602.392
            ],
            [
              257427.409,
              2605576.545
            ],
            [
              257418.532,
              2605577.681
            ],
            [
              257409.4,
              2605554.776
            ],
            [
              257402.679,
              2605558.448
            ],
            [
              257387.477,
              2605569.497
            ],
            [
              257387.159,
              2605585.44
            ],
            [
              257373.284,
              2605588.637
            ],
            [
              257352.4,
              2605595.708
            ],
            [
              257332.782,
              2605602.164
            ],
            [
              257323.083,
              2605606.478
            ],
            [
              257266.429,
              2605628.777
            ],
            [
              257244.924,
              2605605.05
            ],
            [
              257251.79,
              2605599.201
            ],
            [
              257265.818,
              2605596.436
            ],
            [
              257289.805,
              2605580.851
            ],
            [
              257305.944,
              2605571.288
            ],
            [
              257310.815,
              2605568.202
            ],
            [
              257314.443,
              2605564.938
            ],
            [
              257315.357,
              2605562.906
            ],
            [
              257312.613,
              2605557.968
            ],
            [
              257347.522,
              2605541.371
            ],
            [
              257368.809,
              2605541.017
            ],
            [
              257390.37,
              2605541.765
            ],
            [
              257409.316,
              2605540.976
            ],
            [
              257418.261,
              2605537.268
            ],
            [
              257428.82,
              2605529.855
            ],
            [
              257442.221,
              2605524.451
            ],
            [
              257459.313,
              2605517.404
            ],
            [
              257458.623,
              2605511.66
            ],
            [
              257456.618,
              2605505.102
            ],
            [
              257454.846,
              2605505.298
            ],
            [
              257427.101,
              2605514.183
            ],
            [
              257411.45,
              2605518.002
            ],
            [
              257401.604,
              2605520.104
            ],
            [
              257387.265,
              2605521.687
            ],
            [
              257374.068,
              2605524.003
            ],
            [
              257356.823,
              2605526.227
            ],
            [
              257342.124,
              2605528.093
            ],
            [
              257330.783,
              2605534.57
            ],
            [
              257328.542,
              2605533.579
            ],
            [
              257305.097,
              2605546.664
            ],
            [
              257277.684,
              2605560.171
            ],
            [
              257267.067,
              2605559.755
            ],
            [
              257258.824,
              2605550.796
            ],
            [
              257291.245,
              2605538.075
            ],
            [
              257305.498,
              2605529.138
            ],
            [
              257316.68,
              2605521.912
            ],
            [
              257310.851,
              2605509.037
            ],
            [
              257314.617,
              2605500.867
            ],
            [
              257317.774,
              2605497.809
            ],
            [
              257321.751,
              2605495.726
            ],
            [
              257323.282,
              2605495.74
            ],
            [
              257324.984,
              2605497.214
            ],
            [
              257331.896,
              2605507.255
            ],
            [
              257338.814,
              2605513.191
            ],
            [
              257346.557,
              2605518.449
            ],
            [
              257361.466,
              2605515.274
            ],
            [
              257364.634,
              2605513.969
            ],
            [
              257365.864,
              2605513.026
            ],
            [
              257369.214,
              2605507.638
            ],
            [
              257371.418,
              2605501.649
            ],
            [
              257373.105,
              2605498.985
            ],
            [
              257375.57,
              2605497.362
            ],
            [
              257385.524,
              2605492.642
            ],
            [
              257404.134,
              2605485.853
            ],
            [
              257414.483,
              2605486.979
            ],
            [
              257422.191,
              2605486.423
            ],
            [
              257431.994,
              2605482.812
            ],
            [
              257447.721,
              2605475.913
            ],
            [
              257452.457,
              2605471.247
            ],
            [
              257455.535,
              2605467.795
            ],
            [
              257465.302,
              2605465.339
            ],
            [
              257470.476,
              2605462.872
            ],
            [
              257471.261,
              2605409.232
            ],
            [
              257475.304,
              2605360.064
            ],
            [
              257477.278,
              2605341.312
            ],
            [
              257500.262,
              2605312.917
            ],
            [
              257507.334,
              2605302.564
            ],
            [
              257519.446,
              2605286.167
            ],
            [
              257529.349,
              2605271.435
            ],
            [
              257533.633,
              2605265.893
            ],
            [
              257505.327,
              2605230.067
            ],
            [
              257491.763,
              2605212.496
            ],
            [
              257477.665,
              2605194.829
            ],
            [
              257462.101,
              2605174.074
            ],
            [
              257448.314,
              2605156.269
            ],
            [
              257432.588,
              2605135.887
            ],
            [
              257425.149,
              2605126.559
            ],
            [
              257420.806,
              2605122.028
            ],
            [
              257405.778,
              2605105.492
            ],
            [
              257391.797,
              2605090.631
            ],
            [
              257383.578,
              2605082.396
            ],
            [
              257375.407,
              2605073.436
            ],
            [
              257368.45,
              2605065.638
            ],
            [
              257358.558,
              2605055.011
            ],
            [
              257339.978,
              2605025.263
            ],
            [
              257309.647,
              2604978.526
            ],
            [
              257252.58,
              2604949.841
            ],
            [
              257196.602,
              2604922.298
            ],
            [
              257123.052,
              2604861.406
            ],
            [
              257113.679,
              2604853.23
            ],
            [
              257107.364,
              2604841.84
            ],
            [
              257122.204,
              2604920.298
            ],
            [
              257068.575,
              2605056.852
            ],
            [
              257032.085,
              2605149.764
            ],
            [
              256995.611,
              2605242.636
            ],
            [
              256958.974,
              2605335.923
            ],
            [
              256908.416,
              2605473.38
            ],
            [
              257014.571,
              2605626.178
            ],
            [
              257239.956,
              2605926.732
            ],
            [
              257239.426,
              2605922.207
            ],
            [
              257237.372,
              2605916.725
            ],
            [
              257237.461,
              2605914.454
            ],
            [
              257245.238,
              2605914.377
            ],
            [
              257245.018,
              2605916.123
            ],
            [
              257244.276,
              2605923.779
            ],
            [
              257252.79,
              2605927.118
            ],
            [
              257257.313,
              2605912.594
            ],
            [
              257265.412,
              2605914.358
            ],
            [
              257266.98,
              2605909.614
            ],
            [
              257269.014,
              2605902.961
            ],
            [
              257269.526,
              2605892.828
            ],
            [
              257272.253,
              2605887.246
            ],
            [
              257269.395,
              2605876.167
            ],
            [
              257267.092,
              2605866.345
            ],
            [
              257265.263,
              2605855.776
            ],
            [
              257275.991,
              2605854.807
            ],
            [
              257276.855,
              2605845.406
            ],
            [
              257270.349,
              2605828.377
            ],
            [
              257273.197,
              2605827.117
            ],
            [
              257277.464,
              2605837.093
            ],
            [
              257280.383,
              2605843.056
            ],
            [
              257282.069,
              2605849.064
            ],
            [
              257282.758,
              2605858.333
            ],
            [
              257281.918,
              2605889.616
            ],
            [
              257280.027,
              2605898.717
            ],
            [
              257277.11,
              2605910.366
            ],
            [
              257277.011,
              2605913.163
            ],
            [
              257280.551,
              2605930.189
            ],
            [
              257271.127,
              2605933.509
            ],
            [
              257270.606,
              2605934.362
            ],
            [
              257270.192,
              2605935.74
            ],
            [
              257270.605,
              2605940.109
            ],
            [
              257273.437,
              2605961.313
            ],
            [
              257275.96,
              2605977.435
            ],
            [
              257277.822,
              2605988.611
            ],
            [
              257415.383,
              2606160.938
            ],
            [
              257423.851,
              2606156.775
            ],
            [
              257433.102,
              2606150.398
            ],
            [
              257436.299,
              2606147.537
            ],
            [
              257433.924,
              2606139.834
            ],
            [
              257431.952,
              2606135.538
            ],
            [
              257442.13,
              2606132.284
            ],
            [
              257450.252,
              2606135.418
            ],
            [
              257456.973,
              2606139.103
            ],
            [
              257445.54,
              2606167.768
            ],
            [
              257448.646,
              2606179.159
            ],
            [
              257460.939,
              2606175.843
            ],
            [
              257467.488,
              2606172.149
            ],
            [
              257480.252,
              2606159.711
            ],
            [
              257484.359,
              2606157.631
            ],
            [
              257490.92,
              2606154.622
            ],
            [
              257502.289,
              2606148.421
            ],
            [
              257507.326,
              2606144.383
            ],
            [
              257509.976,
              2606154.621
            ],
            [
              257501.018,
              2606159.674
            ],
            [
              257494.939,
              2606162.464
            ],
            [
              257488.623,
              2606166.326
            ],
            [
              257477.285,
              2606176.573
            ],
            [
              257466.272,
              2606186.723
            ],
            [
              257447.205,
              2606203.544
            ],
            [
              257472.097,
              2606227.123
            ],
            [
              257485.223,
              2606212.509
            ],
            [
              257504.29,
              2606192.734
            ],
            [
              257514.819,
              2606182.751
            ],
            [
              257535.346,
              2606192.323
            ],
            [
              257519.714,
              2606205.239
            ],
            [
              257500.268,
              2606225.652
            ],
            [
              257492.081,
              2606241.977
            ],
            [
              257488.619,
              2606253.055
            ],
            [
              257485.062,
              2606261.288
            ],
            [
              257479.989,
              2606271.971
            ],
            [
              257475.119,
              2606280.172
            ],
            [
              257472.33,
              2606284.965
            ],
            [
              257473.266,
              2606323.706
            ],
            [
              257479.015,
              2606336.16
            ],
            [
              257475.57,
              2606344.635
            ],
            [
              257473.477,
              2606345.164
            ],
            [
              257681.653,
              2606968.966
            ]
          ]
        ]
      },
      "properties": {
        "_srcEntity": "LWPOLYLINE",
        "_layer": "ML Boundary",
        "_srcHandle": "1176"
      }
    },
    {
      "type": "Feature",
      "id": "117C",
      "geometry": {
        "type": "Polygon",
        "coordinates": [
          [
            [
              256470.085,
              2605386.31
            ],
            [
              256481.201,
              2605401.146
            ],
            [
              256418.431,
              2605442.199
            ],
            [
              256412.229,
              2605435.48
            ],
            [
              256392.761,
              2605408.599
            ],
            [
              256376.692,
              2605389.766
            ],
            [
              256375.936,
              2605388.626
            ],
            [
              256452.043,
              2605350.649
            ],
            [
              256467.163,
              2605368.852
            ],
            [
              256468.111,
              2605382.421
            ],
            [
              256470.085,
              2605386.31
            ]
          ]
        ]
      },
      "properties": {
        "_srcEntity": "LWPOLYLINE",
        "_layer": "Mined Out Area",
        "_srcHandle": "117C",
        "_linetype": "BENCH"
      }
    },
    {
      "type": "Feature",
      "id": "1187",
      "geometry": {
        "type": "Polygon",
        "coordinates": [
          [
            [
              256406.851,
              2605727.046
            ],
            [
              256407.097,
              2605728.908
            ],
            [
              256407.257,
              2605730.529
            ],
            [
              256407.075,
              2605733.551
            ],
            [
              256407.121,
              2605734.455
            ],
            [
              256407.085,
              2605735.547
            ],
            [
              256407.127,
              2605736.452
            ],
            [
              256407.104,
              2605736.976
            ],
            [
              256407.034,
              2605738.547
            ],
            [
              256407.156,
              2605740.803
            ],
            [
              256407.109,
              2605741.345
            ],
            [
              256406.926,
              2605742.459
            ],
            [
              256406.824,
              2605744.966
            ],
            [
              256406.626,
              2605745.95
            ],
            [
              256406.559,
              2605746.525
            ],
            [
              256406.458,
              2605747.898
            ],
            [
              256406.484,
              2605748.524
            ],
            [
              256406.532,
              2605748.702
            ],
            [
              256406.7,
              2605749.336
            ],
            [
              256407.599,
              2605751.052
            ],
            [
              256407.824,
              2605751.481
            ],
            [
              256408.203,
              2605752.126
            ],
            [
              256408.803,
              2605753.397
            ],
            [
              256409.041,
              2605753.902
            ],
            [
              256409.722,
              2605755.67
            ],
            [
              256410.395,
              2605757.173
            ],
            [
              256411.155,
              2605758.559
            ],
            [
              256411.525,
              2605758.835
            ],
            [
              256411.559,
              2605758.861
            ],
            [
              256412.231,
              2605759.132
            ],
            [
              256412.939,
              2605759.27
            ],
            [
              256413.524,
              2605759.286
            ],
            [
              256415.477,
              2605758.949
            ],
            [
              256417.356,
              2605758.466
            ],
            [
              256418.737,
              2605758.243
            ],
            [
              256420.191,
              2605757.904
            ],
            [
              256423.627,
              2605757.344
            ],
            [
              256424.926,
              2605757.172
            ],
            [
              256425.9,
              2605757.042
            ],
            [
              256426.795,
              2605756.969
            ],
            [
              256428.598,
              2605756.934
            ],
            [
              256429.318,
              2605756.975
            ],
            [
              256429.205,
              2605764.696
            ],
            [
              256351.59,
              2605763.13
            ],
            [
              256348.049,
              2605741.495
            ],
            [
              256337.587,
              2605699.639
            ],
            [
              256334.112,
              2605672.912
            ],
            [
              256342.068,
              2605657.411
            ],
            [
              256353.222,
              2605649.373
            ],
            [
              256351.529,
              2605635.343
            ],
            [
              256333.366,
              2605598.199
            ],
            [
              256321.628,
              2605581.383
            ],
            [
              256344.77,
              2605571.237
            ],
            [
              256356.199,
              2605565.756
            ],
            [
              256365.316,
              2605558.18
            ],
            [
              256368.546,
              2605557.619
            ],
            [
              256385.436,
              2605550.299
            ],
            [
              256386.595,
              2605549.662
            ],
            [
              256392.731,
              2605565.947
            ],
            [
              256390.221,
              2605575.394
            ],
            [
              256387.383,
              2605586.236
            ],
            [
              256385.546,
              2605594.52
            ],
            [
              256383.873,
              2605607.97
            ],
            [
              256376.006,
              2605615.122
            ],
            [
              256368.871,
              2605613.154
            ],
            [
              256362.309,
              2605612.088
            ],
            [
              256359.603,
              2605613.4
            ],
            [
              256356.158,
              2605617.665
            ],
            [
              256354.354,
              2605622.504
            ],
            [
              256355.01,
              2605625.702
            ],
            [
              256356.978,
              2605628.491
            ],
            [
              256360.833,
              2605631.362
            ],
            [
              256362.883,
              2605631.608
            ],
            [
              256375.924,
              2605625.21
            ],
            [
              256378.22,
              2605626.276
            ],
            [
              256377.581,
              2605637.723
            ],
            [
              256374.641,
              2605652.42
            ],
            [
              256371.638,
              2605664.191
            ],
            [
              256372.376,
              2605675.756
            ],
            [
              256378.073,
              2605706.795
            ],
            [
              256406.691,
              2605709.05
            ],
            [
              256406.384,
              2605709.357
            ],
            [
              256406.246,
              2605709.694
            ],
            [
              256406.188,
              2605710.057
            ],
            [
              256406.131,
              2605713.061
            ],
            [
              256406.018,
              2605714.379
            ],
            [
              256406.346,
              2605716.281
            ],
            [
              256406.486,
              2605718.284
            ],
            [
              256406.719,
              2605719.621
            ],
            [
              256406.799,
              2605724.384
            ],
            [
              256406.887,
              2605725.866
            ],
            [
              256406.851,
              2605727.046
            ]
          ]
        ]
      },
      "properties": {
        "_srcEntity": "LWPOLYLINE",
        "_layer": "Reclaimed",
        "_srcHandle": "1187"
      }
    },
    {
      "type": "Feature",
      "id": "118D",
      "geometry": {
        "type": "Polygon",
        "coordinates": [
          [
            [
              254890.071,
              2605478.574
            ],
            [
              254872.079,
              2605508.092
            ],
            [
              254853.31,
              2605529.309
            ],
            [
              254822.3,
              2605528.493
            ],
            [
              254797.818,
              2605512.172
            ],
            [
              254794.122,
              2605483.133
            ],
            [
              254796.439,
              2605479.728
            ],
            [
              254807.34,
              2605471.705
            ],
            [
              254818.48,
              2605462.307
            ],
            [
              254825.888,
              2605451.873
            ],
            [
              254822.112,
              2605441.684
            ],
            [
              254817.459,
              2605430.667
            ],
            [
              254821.483,
              2605424.854
            ],
            [
              254854.126,
              2605400.372
            ],
            [
              254880.239,
              2605422.406
            ],
            [
              254894.545,
              2605452.845
            ],
            [
              254890.071,
              2605478.574
            ]
          ]
        ]
      },
      "properties": {
        "_srcEntity": "LWPOLYLINE",
        "_layer": "Plantation",
        "_srcHandle": "118D",
        "_linetype": "Continuous"
      }
    },
    {
      "type": "Feature",
      "id": "118E",
      "geometry": {
        "type": "Polygon",
        "coordinates": [
          [
            [
              254901.856,
              2605303.603
            ],
            [
              254919.822,
              2605311.959
            ],
            [
              254924.836,
              2605319.48
            ],
            [
              254919.822,
              2605329.09
            ],
            [
              254901.438,
              2605333.268
            ],
            [
              254874.697,
              2605328.254
            ],
            [
              254854.224,
              2605320.316
            ],
            [
              254837.093,
              2605310.706
            ],
            [
              254817.22,
              2605291.443
            ],
            [
              254817.503,
              2605290.473
            ],
            [
              254818.923,
              2605277.371
            ],
            [
              254838.765,
              2605261.821
            ],
            [
              254858.402,
              2605265.999
            ],
            [
              254872.19,
              2605270.177
            ],
            [
              254884.307,
              2605278.534
            ],
            [
              254893.499,
              2605286.89
            ],
            [
              254897.677,
              2605297.336
            ],
            [
              254901.856,
              2605303.603
            ]
          ]
        ]
      },
      "properties": {
        "_srcEntity": "LWPOLYLINE",
        "_layer": "Plantation",
        "_srcHandle": "118E",
        "_linetype": "Continuous"
      }
    },
    {
      "type": "Feature",
      "id": "118F",
      "geometry": {
        "type": "Polygon",
        "coordinates": [
          [
            [
              254992.715,
              2605122.495
            ],
            [
              254992.484,
              2605112.277
            ],
            [
              254996.924,
              2605109.126
            ],
            [
              255003.584,
              2605106.351
            ],
            [
              255011.436,
              2605108.184
            ],
            [
              255014.371,
              2605112.215
            ],
            [
              255015.325,
              2605119.398
            ],
            [
              255016.29,
              2605126.662
            ],
            [
              255013.857,
              2605132.811
            ],
            [
              255013.067,
              2605137.728
            ],
            [
              255011.363,
              2605148.324
            ],
            [
              255011.715,
              2605162.016
            ],
            [
              255016.293,
              2605171.768
            ],
            [
              255019.813,
              2605175.552
            ],
            [
              255027.058,
              2605177.664
            ],
            [
              255035.548,
              2605179.173
            ],
            [
              255038.888,
              2605182.539
            ],
            [
              255039.897,
              2605193.25
            ],
            [
              255044.391,
              2605202.323
            ],
            [
              255052.033,
              2605209.065
            ],
            [
              255056.236,
              2605216.317
            ],
            [
              255060.121,
              2605221.59
            ],
            [
              255071.178,
              2605224.045
            ],
            [
              255077.204,
              2605218.302
            ],
            [
              255106.08,
              2605203.394
            ],
            [
              255126.4,
              2605209.954
            ],
            [
              255154.867,
              2605205.9
            ],
            [
              255157.257,
              2605207.249
            ],
            [
              255155.762,
              2605215.909
            ],
            [
              255151.11,
              2605218.227
            ],
            [
              255126.767,
              2605220.156
            ],
            [
              255098.323,
              2605232.915
            ],
            [
              255087.856,
              2605238.51
            ],
            [
              255082.874,
              2605244.281
            ],
            [
              255079.699,
              2605245.764
            ],
            [
              255073.35,
              2605245.253
            ],
            [
              255067.001,
              2605244.741
            ],
            [
              255057.939,
              2605246.48
            ],
            [
              255051.549,
              2605249.181
            ],
            [
              255047.654,
              2605255.199
            ],
            [
              255046.108,
              2605261.872
            ],
            [
              255041.135,
              2605264.503
            ],
            [
              255047.349,
              2605287.195
            ],
            [
              255047.792,
              2605301.78
            ],
            [
              255046.327,
              2605309.519
            ],
            [
              255044.295,
              2605313.671
            ],
            [
              255041.46,
              2605315.913
            ],
            [
              255039.801,
              2605316.526
            ],
            [
              255034.189,
              2605316.434
            ],
            [
              255029.614,
              2605314.318
            ],
            [
              255023.197,
              2605313.48
            ],
            [
              255014.224,
              2605308.64
            ],
            [
              255000,
              2605302.791
            ],
            [
              254988.683,
              2605297.608
            ],
            [
              254979.877,
              2605291.8
            ],
            [
              254982.615,
              2605280.374
            ],
            [
              254978.605,
              2605272.03
            ],
            [
              254979.381,
              2605254.53
            ],
            [
              254981.968,
              2605244.181
            ],
            [
              254988.436,
              2605231.245
            ],
            [
              254989.299,
              2605220.465
            ],
            [
              254991.455,
              2605205.804
            ],
            [
              254986.127,
              2605190.363
            ],
            [
              254989.57,
              2605160.955
            ],
            [
              254992.523,
              2605143.106
            ],
            [
              254993.305,
              2605130.616
            ],
            [
              254992.867,
              2605126.583
            ],
            [
              254992.715,
              2605122.495
            ]
          ]
        ]
      },
      "properties": {
        "_srcEntity": "LWPOLYLINE",
        "_layer": "Plantation",
        "_srcHandle": "118F",
        "_linetype": "Continuous"
      }
    },
    {
      "type": "Feature",
      "id": "1190",
      "geometry": {
        "type": "Polygon",
        "coordinates": [
          [
            [
              256529.563,
              2605881.604
            ],
            [
              256517.139,
              2605889.608
            ],
            [
              256471.707,
              2605910.487
            ],
            [
              256475.721,
              2605914.85
            ],
            [
              256467.951,
              2605917.481
            ],
            [
              256458.772,
              2605907.506
            ],
            [
              256500.736,
              2605891.041
            ],
            [
              256514.353,
              2605882.502
            ],
            [
              256520.066,
              2605878.811
            ],
            [
              256515.489,
              2605868.701
            ],
            [
              256521.275,
              2605856.146
            ],
            [
              256526.217,
              2605851.36
            ],
            [
              256532.821,
              2605847.899
            ],
            [
              256538.992,
              2605847.958
            ],
            [
              256543.501,
              2605851.864
            ],
            [
              256550.404,
              2605861.89
            ],
            [
              256556.26,
              2605866.915
            ],
            [
              256561.007,
              2605870.139
            ],
            [
              256572.121,
              2605867.772
            ],
            [
              256573.29,
              2605867.291
            ],
            [
              256575.323,
              2605864.021
            ],
            [
              256577.537,
              2605858.002
            ],
            [
              256580.515,
              2605853.3
            ],
            [
              256584.766,
              2605850.501
            ],
            [
              256595.509,
              2605845.407
            ],
            [
              256616.089,
              2605837.899
            ],
            [
              256627.503,
              2605839.141
            ],
            [
              256633.477,
              2605838.71
            ],
            [
              256642.072,
              2605835.544
            ],
            [
              256656.325,
              2605829.292
            ],
            [
              256659.903,
              2605825.766
            ],
            [
              256664.354,
              2605820.775
            ],
            [
              256675.632,
              2605817.939
            ],
            [
              256675.928,
              2605817.797
            ],
            [
              256676.649,
              2605768.561
            ],
            [
              256680.72,
              2605719.056
            ],
            [
              256682.934,
              2605698.011
            ],
            [
              256707.124,
              2605668.126
            ],
            [
              256714.103,
              2605657.911
            ],
            [
              256726.197,
              2605641.536
            ],
            [
              256736.147,
              2605626.737
            ],
            [
              256736.997,
              2605625.636
            ],
            [
              256712.299,
              2605594.375
            ],
            [
              256698.746,
              2605576.818
            ],
            [
              256684.615,
              2605559.11
            ],
            [
              256669.018,
              2605538.311
            ],
            [
              256655.263,
              2605520.547
            ],
            [
              256639.57,
              2605500.207
            ],
            [
              256635.865,
              2605495.562
            ],
            [
              256641.3,
              2605491.665
            ],
            [
              256654.426,
              2605507.184
            ],
            [
              256684.822,
              2605546.884
            ],
            [
              256715.557,
              2605586.322
            ],
            [
              256746.516,
              2605625.585
            ],
            [
              256720.789,
              2605661.482
            ],
            [
              256690.16,
              2605701.003
            ],
            [
              256687.944,
              2605722.717
            ],
            [
              256684.091,
              2605772.569
            ],
            [
              256683.359,
              2605822.563
            ],
            [
              256668.418,
              2605827.486
            ],
            [
              256660.604,
              2605835.605
            ],
            [
              256635.074,
              2605846.114
            ],
            [
              256617.017,
              2605845.544
            ],
            [
              256586.063,
              2605858.627
            ],
            [
              256578.747,
              2605872.717
            ],
            [
              256559.44,
              2605878.14
            ],
            [
              256544.779,
              2605866.947
            ],
            [
              256536.165,
              2605855.432
            ],
            [
              256527.5,
              2605860.559
            ],
            [
              256523.734,
              2605868.729
            ],
            [
              256529.563,
              2605881.604
            ]
          ]
        ]
      },
      "properties": {
        "_srcEntity": "LWPOLYLINE",
        "_layer": "Plantation",
        "_srcHandle": "1190"
      }
    },
    {
      "type": "Feature",
      "id": "1191",
      "geometry": {
        "type": "Polygon",
        "coordinates": [
          [
            [
              256772.978,
              2606203.85
            ],
            [
              256779.74,
              2606226.899
            ],
            [
              256785.249,
              2606253.313
            ],
            [
              256793.667,
              2606274.015
            ],
            [
              256759.866,
              2606292.213
            ],
            [
              256742.709,
              2606300.792
            ],
            [
              256738.312,
              2606301.685
            ],
            [
              256732.853,
              2606302.531
            ],
            [
              256729.812,
              2606303.374
            ],
            [
              256727.451,
              2606304.289
            ],
            [
              256725.581,
              2606305.219
            ],
            [
              256721.24,
              2606307.433
            ],
            [
              256707.306,
              2606314.29
            ],
            [
              256683.977,
              2606324.943
            ],
            [
              256679.033,
              2606328.133
            ],
            [
              256675.618,
              2606335.645
            ],
            [
              256649.226,
              2606354.123
            ],
            [
              256594.927,
              2606373.881
            ],
            [
              256564.506,
              2606406.587
            ],
            [
              256555.464,
              2606397.238
            ],
            [
              256549.827,
              2606394.11
            ],
            [
              256544.276,
              2606388.729
            ],
            [
              256533.146,
              2606382.584
            ],
            [
              256526.956,
              2606381.693
            ],
            [
              256505.034,
              2606354.231
            ],
            [
              256506.981,
              2606343.698
            ],
            [
              256507.311,
              2606314.593
            ],
            [
              256502.35,
              2606294.419
            ],
            [
              256500.71,
              2606276.417
            ],
            [
              256502.28,
              2606250.178
            ],
            [
              256503.149,
              2606217.846
            ],
            [
              256502.376,
              2606207.451
            ],
            [
              256500.303,
              2606200.063
            ],
            [
              256497.168,
              2606193.659
            ],
            [
              256489.988,
              2606176.877
            ],
            [
              256477.215,
              2606145.26
            ],
            [
              256481.4,
              2606132.367
            ],
            [
              256514.171,
              2606114.925
            ],
            [
              256545.539,
              2606098.465
            ],
            [
              256549.115,
              2606096.588
            ],
            [
              256563.498,
              2606119.538
            ],
            [
              256580.668,
              2606110.949
            ],
            [
              256593.262,
              2606104.841
            ],
            [
              256587.949,
              2606090.381
            ],
            [
              256591.911,
              2606071.135
            ],
            [
              256606.912,
              2606062.361
            ],
            [
              256646.536,
              2606064.625
            ],
            [
              256674.667,
              2606075.598
            ],
            [
              256678.962,
              2606084.641
            ],
            [
              256681.926,
              2606091.538
            ],
            [
              256686.874,
              2606089.195
            ],
            [
              256703.977,
              2606128.865
            ],
            [
              256712.277,
              2606143.505
            ],
            [
              256731.512,
              2606134.187
            ],
            [
              256745.342,
              2606156.158
            ],
            [
              256772.978,
              2606203.85
            ]
          ]
        ]
      },
      "properties": {
        "_srcEntity": "LWPOLYLINE",
        "_layer": "Plantation",
        "_srcHandle": "1191"
      }
    },
    {
      "type": "Feature",
      "id": "1192",
      "geometry": {
        "type": "Point",
        "coordinates": [
          256988.369,
          2607111.851,
          0
        ]
      },
      "properties": {
        "_srcEntity": "MTEXT",
        "_layer": "Plot_Text",
        "_srcHandle": "1192",
        "_linetype": "Continuous",
        "_text": "784",
        "_textHeight": 5
      }
    },
    {
      "type": "Feature",
      "id": "1197",
      "geometry": {
        "type": "Point",
        "coordinates": [
          257050.179,
          2607028.446,
          0
        ]
      },
      "properties": {
        "_srcEntity": "MTEXT",
        "_layer": "Plot_Text",
        "_srcHandle": "1197",
        "_linetype": "Continuous",
        "_text": "723",
        "_textHeight": 5
      }
    },
    {
      "type": "Feature",
      "id": "119C",
      "geometry": {
        "type": "Point",
        "coordinates": [
          256900.258,
          2607028.719,
          0
        ]
      },
      "properties": {
        "_srcEntity": "MTEXT",
        "_layer": "Plot_Text",
        "_srcHandle": "119C",
        "_linetype": "Continuous",
        "_text": "785",
        "_textHeight": 5
      }
    },
    {
      "type": "Feature",
      "id": "11A1",
      "geometry": {
        "type": "Point",
        "coordinates": [
          257104.507,
          2606737.278,
          0
        ]
      },
      "properties": {
        "_srcEntity": "MTEXT",
        "_layer": "Plot_Text",
        "_srcHandle": "11A1",
        "_linetype": "Continuous",
        "_text": "728",
        "_textHeight": 5
      }
    },
    {
      "type": "Feature",
      "id": "11A6",
      "geometry": {
        "type": "Point",
        "coordinates": [
          256804.416,
          2606973.53,
          0
        ]
      },
      "properties": {
        "_srcEntity": "MTEXT",
        "_layer": "Plot_Text",
        "_srcHandle": "11A6",
        "_linetype": "Continuous",
        "_text": "843",
        "_textHeight": 5
      }
    },
    {
      "type": "Feature",
      "id": "11AB",
      "geometry": {
        "type": "Point",
        "coordinates": [
          256805.429,
          2606343.71,
          0
        ]
      },
      "properties": {
        "_srcEntity": "MTEXT",
        "_layer": "Plot_Text",
        "_srcHandle": "11AB",
        "_linetype": "Continuous",
        "_text": "864",
        "_textHeight": 5
      }
    },
    {
      "type": "Feature",
      "id": "11B0",
      "geometry": {
        "type": "Point",
        "coordinates": [
          256428.088,
          2606096.664,
          0
        ]
      },
      "properties": {
        "_srcEntity": "MTEXT",
        "_layer": "Plot_Text",
        "_srcHandle": "11B0",
        "_linetype": "Continuous",
        "_text": "914",
        "_textHeight": 20
      }
    },
    {
      "type": "Feature",
      "id": "11B5",
      "geometry": {
        "type": "Point",
        "coordinates": [
          256338.3,
          2605982.695,
          0
        ]
      },
      "properties": {
        "_srcEntity": "MTEXT",
        "_layer": "Plot_Text",
        "_srcHandle": "11B5",
        "_linetype": "Continuous",
        "_text": "893",
        "_textHeight": 5
      }
    },
    {
      "type": "Feature",
      "id": "11BA",
      "geometry": {
        "type": "Point",
        "coordinates": [
          256587.37,
          2605811.011,
          0
        ]
      },
      "properties": {
        "_srcEntity": "MTEXT",
        "_layer": "Plot_Text",
        "_srcHandle": "11BA",
        "_linetype": "Continuous",
        "_text": "882",
        "_textHeight": 5
      }
    },
    {
      "type": "Feature",
      "id": "11BF",
      "geometry": {
        "type": "Point",
        "coordinates": [
          256501.189,
          2605400.22,
          0
        ]
      },
      "properties": {
        "_srcEntity": "MTEXT",
        "_layer": "Plot_Text",
        "_srcHandle": "11BF",
        "_linetype": "Continuous",
        "_text": "2117",
        "_textHeight": 5
      }
    },
    {
      "type": "Feature",
      "id": "11C4",
      "geometry": {
        "type": "Point",
        "coordinates": [
          256433.354,
          2605508.246,
          0
        ]
      },
      "properties": {
        "_srcEntity": "MTEXT",
        "_layer": "Plot_Text",
        "_srcHandle": "11C4",
        "_linetype": "Continuous",
        "_text": "2119",
        "_textHeight": 5
      }
    },
    {
      "type": "Feature",
      "id": "11C9",
      "geometry": {
        "type": "Point",
        "coordinates": [
          256421.596,
          2605424.51,
          0
        ]
      },
      "properties": {
        "_srcEntity": "MTEXT",
        "_layer": "Plot_Text",
        "_srcHandle": "11C9",
        "_linetype": "Continuous",
        "_text": "2118",
        "_textHeight": 5
      }
    },
    {
      "type": "Feature",
      "id": "11CE",
      "geometry": {
        "type": "Point",
        "coordinates": [
          256388.936,
          2605901.641,
          0
        ]
      },
      "properties": {
        "_srcEntity": "MTEXT",
        "_layer": "Plot_Text",
        "_srcHandle": "11CE",
        "_linetype": "Continuous",
        "_text": "892",
        "_textHeight": 5
      }
    },
    {
      "type": "Feature",
      "id": "11D3",
      "geometry": {
        "type": "Point",
        "coordinates": [
          256357.643,
          2605906.921,
          0
        ]
      },
      "properties": {
        "_srcEntity": "MTEXT",
        "_layer": "Plot_Text",
        "_srcHandle": "11D3",
        "_linetype": "Continuous",
        "_text": "891",
        "_textHeight": 2.5
      }
    },
    {
      "type": "Feature",
      "id": "11D8",
      "geometry": {
        "type": "Point",
        "coordinates": [
          256353.97,
          2605893.557,
          0
        ]
      },
      "properties": {
        "_srcEntity": "MTEXT",
        "_layer": "Plot_Text",
        "_srcHandle": "11D8",
        "_linetype": "Continuous",
        "_text": "890",
        "_textHeight": 5
      }
    },
    {
      "type": "Feature",
      "id": "11DD",
      "geometry": {
        "type": "Point",
        "coordinates": [
          254415.105,
          2605962.443,
          0
        ]
      },
      "properties": {
        "_srcEntity": "MTEXT",
        "_layer": "Plot_Text",
        "_srcHandle": "11DD",
        "_linetype": "Continuous",
        "_text": "1632",
        "_textHeight": 5
      }
    },
    {
      "type": "Feature",
      "id": "11E2",
      "geometry": {
        "type": "Point",
        "coordinates": [
          254427.043,
          2605914.161,
          0
        ]
      },
      "properties": {
        "_srcEntity": "MTEXT",
        "_layer": "Plot_Text",
        "_srcHandle": "11E2",
        "_linetype": "Continuous",
        "_text": "1631",
        "_textHeight": 5
      }
    },
    {
      "type": "Feature",
      "id": "11E7",
      "geometry": {
        "type": "Point",
        "coordinates": [
          254406.712,
          2605883.261,
          0
        ]
      },
      "properties": {
        "_srcEntity": "MTEXT",
        "_layer": "Plot_Text",
        "_srcHandle": "11E7",
        "_linetype": "Continuous",
        "_text": "1630",
        "_textHeight": 5
      }
    },
    {
      "type": "Feature",
      "id": "11EC",
      "geometry": {
        "type": "Point",
        "coordinates": [
          254483.481,
          2605787.645,
          0
        ]
      },
      "properties": {
        "_srcEntity": "MTEXT",
        "_layer": "Plot_Text",
        "_srcHandle": "11EC",
        "_linetype": "Continuous",
        "_text": "2032",
        "_textHeight": 5
      }
    },
    {
      "type": "Feature",
      "id": "11F1",
      "geometry": {
        "type": "Point",
        "coordinates": [
          254677.296,
          2605611.751,
          0
        ]
      },
      "properties": {
        "_srcEntity": "MTEXT",
        "_layer": "Plot_Text",
        "_srcHandle": "11F1",
        "_linetype": "Continuous",
        "_text": "2029",
        "_textHeight": 5
      }
    },
    {
      "type": "Feature",
      "id": "11F6",
      "geometry": {
        "type": "Point",
        "coordinates": [
          254490.1,
          2605866.514,
          0
        ]
      },
      "properties": {
        "_srcEntity": "MTEXT",
        "_layer": "Plot_Text",
        "_srcHandle": "11F6",
        "_linetype": "Continuous",
        "_text": "1628",
        "_textHeight": 5
      }
    },
    {
      "type": "Feature",
      "id": "11FB",
      "geometry": {
        "type": "Point",
        "coordinates": [
          254552.617,
          2605806.344,
          0
        ]
      },
      "properties": {
        "_srcEntity": "MTEXT",
        "_layer": "Plot_Text",
        "_srcHandle": "11FB",
        "_linetype": "Continuous",
        "_text": "1627",
        "_textHeight": 5
      }
    },
    {
      "type": "Feature",
      "id": "1200",
      "geometry": {
        "type": "Point",
        "coordinates": [
          254540.295,
          2605773.313,
          0
        ]
      },
      "properties": {
        "_srcEntity": "MTEXT",
        "_layer": "Plot_Text",
        "_srcHandle": "1200",
        "_linetype": "Continuous",
        "_text": "2033",
        "_textHeight": 5
      }
    },
    {
      "type": "Feature",
      "id": "1205",
      "geometry": {
        "type": "Point",
        "coordinates": [
          254674.283,
          2605501.364,
          0
        ]
      },
      "properties": {
        "_srcEntity": "MTEXT",
        "_layer": "Plot_Text",
        "_srcHandle": "1205",
        "_linetype": "Continuous",
        "_text": "2028",
        "_textHeight": 5
      }
    },
    {
      "type": "Feature",
      "id": "120A",
      "geometry": {
        "type": "Polygon",
        "coordinates": [
          [
            [
              257053.374,
              2607095.381
            ],
            [
              257022.022,
              2607175.358
            ],
            [
              257021.487,
              2607175.473
            ],
            [
              257018.163,
              2607175.909
            ],
            [
              257014.161,
              2607176.674
            ],
            [
              257012.289,
              2607176.887
            ],
            [
              257010.136,
              2607177.248
            ],
            [
              257008.527,
              2607177.287
            ],
            [
              257006.872,
              2607177.4
            ],
            [
              257004.863,
              2607177.418
            ],
            [
              257002.888,
              2607177.595
            ],
            [
              257001.346,
              2607177.929
            ],
            [
              256999.052,
              2607177.859
            ],
            [
              256996.127,
              2607178.039
            ],
            [
              256993.442,
              2607178.287
            ],
            [
              256989.461,
              2607179.054
            ],
            [
              256986.295,
              2607179.867
            ],
            [
              256985.44,
              2607179.972
            ],
            [
              256984.829,
              2607179.967
            ],
            [
              256984.352,
              2607179.851
            ],
            [
              256983.794,
              2607179.444
            ],
            [
              256983.241,
              2607178.785
            ],
            [
              256982.809,
              2607178.005
            ],
            [
              256982.136,
              2607176.286
            ],
            [
              256981.9,
              2607175.186
            ],
            [
              256981.819,
              2607174.089
            ],
            [
              256980.888,
              2607172.845
            ],
            [
              256980.112,
              2607171.395
            ],
            [
              256980.331,
              2607170.892
            ],
            [
              256980.355,
              2607170.665
            ],
            [
              256980.308,
              2607170.446
            ],
            [
              256980.189,
              2607170.278
            ],
            [
              256980.042,
              2607170.176
            ],
            [
              256979.401,
              2607169.912
            ],
            [
              256979.047,
              2607168.818
            ],
            [
              256978.481,
              2607167.706
            ],
            [
              256977.893,
              2607166.24
            ],
            [
              256977.57,
              2607165.257
            ],
            [
              256977.327,
              2607164.216
            ],
            [
              256976.653,
              2607163.085
            ],
            [
              256975.406,
              2607160.365
            ],
            [
              256974.633,
              2607158.838
            ],
            [
              256974.167,
              2607157.823
            ],
            [
              256973.404,
              2607155.927
            ],
            [
              256972.3,
              2607153.904
            ],
            [
              256971.512,
              2607152.283
            ],
            [
              256969.981,
              2607149.743
            ],
            [
              256969.254,
              2607148.416
            ],
            [
              256968.578,
              2607146.899
            ],
            [
              256967.855,
              2607145.6
            ],
            [
              256967.326,
              2607144.793
            ],
            [
              256966.242,
              2607143.5
            ],
            [
              256964.735,
              2607140.83
            ],
            [
              256963.78,
              2607139.695
            ],
            [
              256962.733,
              2607138.315
            ],
            [
              256961.777,
              2607136.946
            ],
            [
              256961.266,
              2607136.1
            ],
            [
              256959.665,
              2607134.001
            ],
            [
              256958.342,
              2607132.023
            ],
            [
              256956.057,
              2607129.438
            ],
            [
              256955.356,
              2607128.895
            ],
            [
              256955.016,
              2607128.557
            ],
            [
              256954.846,
              2607128.301
            ],
            [
              256954.583,
              2607127.638
            ],
            [
              256953.888,
              2607126.531
            ],
            [
              256953.961,
              2607126.187
            ],
            [
              256953.974,
              2607125.95
            ],
            [
              256953.936,
              2607125.712
            ],
            [
              256953.828,
              2607125.485
            ],
            [
              256953.653,
              2607125.296
            ],
            [
              256953.436,
              2607125.161
            ],
            [
              256952.664,
              2607124.727
            ],
            [
              256952.671,
              2607124.22
            ],
            [
              256952.636,
              2607123.858
            ],
            [
              256952.557,
              2607123.636
            ],
            [
              256952.419,
              2607123.471
            ],
            [
              256952.232,
              2607123.367
            ],
            [
              256952.035,
              2607123.345
            ],
            [
              256951.843,
              2607123.39
            ],
            [
              256951.456,
              2607123.59
            ],
            [
              256951.45,
              2607122.874
            ],
            [
              256951.503,
              2607122.606
            ],
            [
              256951.462,
              2607122.311
            ],
            [
              256951.326,
              2607122.091
            ],
            [
              256951.124,
              2607121.927
            ],
            [
              256951.002,
              2607121.87
            ],
            [
              256950.786,
              2607121.823
            ],
            [
              256950.421,
              2607121.832
            ],
            [
              256950.034,
              2607121.892
            ],
            [
              256949.166,
              2607120.617
            ],
            [
              256947.726,
              2607118.956
            ],
            [
              256947.021,
              2607117.898
            ],
            [
              256945.649,
              2607116.188
            ],
            [
              256943.425,
              2607113.127
            ],
            [
              256942.655,
              2607112.212
            ],
            [
              256941.662,
              2607111.25
            ],
            [
              256940.244,
              2607109.461
            ],
            [
              256938.98,
              2607107.538
            ],
            [
              256938.291,
              2607106.281
            ],
            [
              256937.806,
              2607105.607
            ],
            [
              256936.767,
              2607104.301
            ],
            [
              256935.431,
              2607102.769
            ],
            [
              256934.482,
              2607101.838
            ],
            [
              256936.46,
              2607099.859
            ],
            [
              256938.129,
              2607097.75
            ],
            [
              256939.495,
              2607096.342
            ],
            [
              256940.088,
              2607095.595
            ],
            [
              256941.315,
              2607094.671
            ],
            [
              256943.97,
              2607092.314
            ],
            [
              256945.466,
              2607090.895
            ],
            [
              256946.765,
              2607089.856
            ],
            [
              256950.024,
              2607086.878
            ],
            [
              256951.017,
              2607086.07
            ],
            [
              256953.454,
              2607083.704
            ],
            [
              256955.468,
              2607081.975
            ],
            [
              256955.609,
              2607082.036
            ],
            [
              256955.704,
              2607081.985
            ],
            [
              256955.727,
              2607081.916
            ],
            [
              256955.677,
              2607081.797
            ],
            [
              256955.429,
              2607081.576
            ],
            [
              256956.516,
              2607080.811
            ],
            [
              256958.48,
              2607079.323
            ],
            [
              256959.97,
              2607078.024
            ],
            [
              256960.804,
              2607077.132
            ],
            [
              256962.906,
              2607075.198
            ],
            [
              256964.288,
              2607074.14
            ],
            [
              256968.4,
              2607070.789
            ],
            [
              256969.603,
              2607069.44
            ],
            [
              256971.186,
              2607068.492
            ],
            [
              256972.876,
              2607066.946
            ],
            [
              256974.593,
              2607065.719
            ],
            [
              256974.965,
              2607065.552
            ],
            [
              256975.316,
              2607065.317
            ],
            [
              256975.647,
              2607064.96
            ],
            [
              256975.91,
              2607064.521
            ],
            [
              256977.436,
              2607063.187
            ],
            [
              256978.318,
              2607062.535
            ],
            [
              256980.239,
              2607060.96
            ],
            [
              256982.782,
              2607059.087
            ],
            [
              256983.713,
              2607058.246
            ],
            [
              256984.589,
              2607057.552
            ],
            [
              256986.002,
              2607056.177
            ],
            [
              256989.235,
              2607053.509
            ],
            [
              256990.308,
              2607052.564
            ],
            [
              256991.876,
              2607051.421
            ],
            [
              256993.451,
              2607050.124
            ],
            [
              256994.272,
              2607049.515
            ],
            [
              256994.743,
              2607049.063
            ],
            [
              256996.416,
              2607047.73
            ],
            [
              256998.129,
              2607046.462
            ],
            [
              256998.999,
              2607045.654
            ],
            [
              256999.743,
              2607045.106
            ],
            [
              257000.936,
              2607044.104
            ],
            [
              257002.148,
              2607042.901
            ],
            [
              257002.954,
              2607042.803
            ],
            [
              257003.991,
              2607042.524
            ],
            [
              257004.093,
              2607043.112
            ],
            [
              257004.222,
              2607043.38
            ],
            [
              257004.341,
              2607043.527
            ],
            [
              257004.496,
              2607043.638
            ],
            [
              257004.773,
              2607043.753
            ],
            [
              257005.372,
              2607043.824
            ],
            [
              257006.146,
              2607044.391
            ],
            [
              257009.28,
              2607047.281
            ],
            [
              257011.784,
              2607050.087
            ],
            [
              257012.877,
              2607051.689
            ],
            [
              257014.243,
              2607053.915
            ],
            [
              257016.012,
              2607056.304
            ],
            [
              257017.631,
              2607058.824
            ],
            [
              257019.122,
              2607060.934
            ],
            [
              257020.934,
              2607063.67
            ],
            [
              257022.733,
              2607066.668
            ],
            [
              257023.662,
              2607067.882
            ],
            [
              257023.874,
              2607068.454
            ],
            [
              257024.196,
              2607069.036
            ],
            [
              257025.169,
              2607070.227
            ],
            [
              257025.616,
              2607070.866
            ],
            [
              257026.852,
              2607072.43
            ],
            [
              257027.399,
              2607073.002
            ],
            [
              257028.246,
              2607073.788
            ],
            [
              257028.794,
              2607074.423
            ],
            [
              257029.784,
              2607075.109
            ],
            [
              257032.376,
              2607077.135
            ],
            [
              257033.769,
              2607078.006
            ],
            [
              257035.455,
              2607079.351
            ],
            [
              257036.386,
              2607080.337
            ],
            [
              257038.089,
              2607081.88
            ],
            [
              257041.311,
              2607084.614
            ],
            [
              257043.879,
              2607086.554
            ],
            [
              257045.214,
              2607087.821
            ],
            [
              257045.554,
              2607088.235
            ],
            [
              257046.227,
              2607088.905
            ],
            [
              257047.079,
              2607089.589
            ],
            [
              257048.63,
              2607091.132
            ],
            [
              257049.013,
              2607091.439
            ],
            [
              257049.132,
              2607091.905
            ],
            [
              257049.241,
              2607092.116
            ],
            [
              257049.388,
              2607092.297
            ],
            [
              257049.616,
              2607092.491
            ],
            [
              257049.873,
              2607092.656
            ],
            [
              257050.71,
              2607093.084
            ],
            [
              257051.153,
              2607093.532
            ],
            [
              257053.374,
              2607095.381
            ]
          ]
        ]
      },
      "properties": {
        "_srcEntity": "LWPOLYLINE",
        "_layer": "Plot",
        "_srcHandle": "120A",
        "_linetype": "Continuous"
      }
    },
    {
      "type": "Feature",
      "id": "120B",
      "geometry": {
        "type": "Polygon",
        "coordinates": [
          [
            [
              257089.916,
              2606987.128
            ],
            [
              257091.52,
              2606988.816
            ],
            [
              257092.782,
              2606990.754
            ],
            [
              257093.892,
              2606992.022
            ],
            [
              257053.374,
              2607095.381
            ],
            [
              257051.153,
              2607093.532
            ],
            [
              257050.71,
              2607093.084
            ],
            [
              257050.266,
              2607092.249
            ],
            [
              257050.093,
              2607091.995
            ],
            [
              257049.89,
              2607091.771
            ],
            [
              257049.704,
              2607091.632
            ],
            [
              257049.487,
              2607091.534
            ],
            [
              257049.013,
              2607091.439
            ],
            [
              257048.63,
              2607091.132
            ],
            [
              257047.079,
              2607089.589
            ],
            [
              257046.227,
              2607088.905
            ],
            [
              257045.554,
              2607088.235
            ],
            [
              257045.214,
              2607087.821
            ],
            [
              257043.879,
              2607086.554
            ],
            [
              257041.311,
              2607084.614
            ],
            [
              257038.089,
              2607081.88
            ],
            [
              257036.386,
              2607080.337
            ],
            [
              257035.455,
              2607079.351
            ],
            [
              257033.769,
              2607078.006
            ],
            [
              257032.376,
              2607077.135
            ],
            [
              257029.784,
              2607075.109
            ],
            [
              257028.794,
              2607074.423
            ],
            [
              257028.246,
              2607073.788
            ],
            [
              257027.399,
              2607073.002
            ],
            [
              257026.852,
              2607072.43
            ],
            [
              257025.616,
              2607070.866
            ],
            [
              257025.169,
              2607070.227
            ],
            [
              257024.196,
              2607069.036
            ],
            [
              257024.405,
              2607068.805
            ],
            [
              257024.515,
              2607068.634
            ],
            [
              257024.568,
              2607068.44
            ],
            [
              257024.539,
              2607068.243
            ],
            [
              257024.422,
              2607068.067
            ],
            [
              257024.249,
              2607067.95
            ],
            [
              257024.059,
              2607067.898
            ],
            [
              257023.662,
              2607067.882
            ],
            [
              257022.733,
              2607066.668
            ],
            [
              257020.934,
              2607063.67
            ],
            [
              257019.122,
              2607060.934
            ],
            [
              257017.631,
              2607058.824
            ],
            [
              257016.012,
              2607056.304
            ],
            [
              257014.243,
              2607053.915
            ],
            [
              257012.877,
              2607051.689
            ],
            [
              257011.784,
              2607050.087
            ],
            [
              257009.28,
              2607047.281
            ],
            [
              257006.146,
              2607044.391
            ],
            [
              257005.372,
              2607043.824
            ],
            [
              257005.061,
              2607043.262
            ],
            [
              257004.792,
              2607042.955
            ],
            [
              257004.563,
              2607042.787
            ],
            [
              257003.991,
              2607042.524
            ],
            [
              257003.199,
              2607041.892
            ],
            [
              257002.831,
              2607041.72
            ],
            [
              257002.283,
              2607041.565
            ],
            [
              257001.359,
              2607040.316
            ],
            [
              256999.856,
              2607038.865
            ],
            [
              256999.251,
              2607038.358
            ],
            [
              256997.959,
              2607036.863
            ],
            [
              256996.969,
              2607035.975
            ],
            [
              256995.586,
              2607034.626
            ],
            [
              256994.389,
              2607033.157
            ],
            [
              256992.656,
              2607031.442
            ],
            [
              256992.258,
              2607030.91
            ],
            [
              256991.745,
              2607030.023
            ],
            [
              256990.769,
              2607028.961
            ],
            [
              256989.879,
              2607027.838
            ],
            [
              256989.458,
              2607027.208
            ],
            [
              256988.829,
              2607026.622
            ],
            [
              256988.086,
              2607026.241
            ],
            [
              256987.44,
              2607025.554
            ],
            [
              256987.011,
              2607024.873
            ],
            [
              256986.075,
              2607022.417
            ],
            [
              256985.609,
              2607020.106
            ],
            [
              256985.52,
              2607017.683
            ],
            [
              256986.654,
              2607016.978
            ],
            [
              256987.719,
              2607015.997
            ],
            [
              256988.672,
              2607015.27
            ],
            [
              256992.242,
              2607012.757
            ],
            [
              256994.008,
              2607011.369
            ],
            [
              256995.343,
              2607010.499
            ],
            [
              256996.276,
              2607009.71
            ],
            [
              256998.869,
              2607007.896
            ],
            [
              257000.437,
              2607006.707
            ],
            [
              257002.989,
              2607004.967
            ],
            [
              257006.45,
              2607002.387
            ],
            [
              257007.546,
              2607001.686
            ],
            [
              257008.576,
              2607001.101
            ],
            [
              257008.903,
              2607000.83
            ],
            [
              257009.732,
              2606999.956
            ],
            [
              257010.819,
              2606999.076
            ],
            [
              257014.964,
              2606995.819
            ],
            [
              257017.373,
              2606994.117
            ],
            [
              257018.306,
              2606993.28
            ],
            [
              257020.265,
              2606991.709
            ],
            [
              257023.197,
              2606989.55
            ],
            [
              257024.316,
              2606988.639
            ],
            [
              257025.558,
              2606987.441
            ],
            [
              257028.788,
              2606985.035
            ],
            [
              257029.809,
              2606984.09
            ],
            [
              257030.284,
              2606983.899
            ],
            [
              257030.656,
              2606983.668
            ],
            [
              257030.853,
              2606983.469
            ],
            [
              257031.131,
              2606983.059
            ],
            [
              257034.31,
              2606981.056
            ],
            [
              257036.446,
              2606979.782
            ],
            [
              257039.119,
              2606977.945
            ],
            [
              257046.017,
              2606973.463
            ],
            [
              257048.402,
              2606971.741
            ],
            [
              257050.804,
              2606970.305
            ],
            [
              257052.534,
              2606969.109
            ],
            [
              257054.58,
              2606967.851
            ],
            [
              257055.72,
              2606966.941
            ],
            [
              257057.128,
              2606966.066
            ],
            [
              257058.473,
              2606965.084
            ],
            [
              257060.587,
              2606963.764
            ],
            [
              257062.324,
              2606962.587
            ],
            [
              257067.584,
              2606959.635
            ],
            [
              257070.034,
              2606962.733
            ],
            [
              257071.021,
              2606963.815
            ],
            [
              257071.715,
              2606964.654
            ],
            [
              257072.761,
              2606966.173
            ],
            [
              257073.707,
              2606967.817
            ],
            [
              257075.821,
              2606970.615
            ],
            [
              257077.33,
              2606972.239
            ],
            [
              257078.599,
              2606973.889
            ],
            [
              257081.499,
              2606977.078
            ],
            [
              257082.256,
              2606978.051
            ],
            [
              257083.171,
              2606979.024
            ],
            [
              257083.986,
              2606980.081
            ],
            [
              257085.231,
              2606981.575
            ],
            [
              257086.339,
              2606982.781
            ],
            [
              257087.922,
              2606984.632
            ],
            [
              257089.916,
              2606987.128
            ]
          ]
        ]
      },
      "properties": {
        "_srcEntity": "LWPOLYLINE",
        "_layer": "Plot",
        "_srcHandle": "120B",
        "_linetype": "Continuous"
      }
    },
    {
      "type": "Feature",
      "id": "120C",
      "geometry": {
        "type": "Polygon",
        "coordinates": [
          [
            [
              256964.032,
              2606992.038
            ],
            [
              256965.395,
              2606994.366
            ],
            [
              256966.109,
              2606995.788
            ],
            [
              256967.802,
              2606998.343
            ],
            [
              256968.738,
              2606999.603
            ],
            [
              256969.191,
              2607000.436
            ],
            [
              256971.409,
              2607004.025
            ],
            [
              256972.564,
              2607006.056
            ],
            [
              256973.362,
              2607007.224
            ],
            [
              256974.112,
              2607008.531
            ],
            [
              256975.991,
              2607010.904
            ],
            [
              256976.672,
              2607011.963
            ],
            [
              256977.868,
              2607013.619
            ],
            [
              256978.438,
              2607014.246
            ],
            [
              256979.29,
              2607014.864
            ],
            [
              256979.734,
              2607015.114
            ],
            [
              256980.95,
              2607015.653
            ],
            [
              256982.375,
              2607016.018
            ],
            [
              256982.93,
              2607016.238
            ],
            [
              256985.52,
              2607017.683
            ],
            [
              256985.609,
              2607020.106
            ],
            [
              256986.075,
              2607022.417
            ],
            [
              256987.011,
              2607024.873
            ],
            [
              256987.44,
              2607025.554
            ],
            [
              256988.086,
              2607026.241
            ],
            [
              256988.317,
              2607026.879
            ],
            [
              256988.44,
              2607027.065
            ],
            [
              256988.602,
              2607027.201
            ],
            [
              256988.811,
              2607027.287
            ],
            [
              256989.045,
              2607027.306
            ],
            [
              256989.272,
              2607027.271
            ],
            [
              256989.458,
              2607027.208
            ],
            [
              256989.879,
              2607027.838
            ],
            [
              256990.769,
              2607028.961
            ],
            [
              256991.745,
              2607030.023
            ],
            [
              256992.258,
              2607030.91
            ],
            [
              256992.656,
              2607031.442
            ],
            [
              256994.389,
              2607033.157
            ],
            [
              256995.586,
              2607034.626
            ],
            [
              256996.969,
              2607035.975
            ],
            [
              256997.959,
              2607036.863
            ],
            [
              256999.251,
              2607038.358
            ],
            [
              256999.856,
              2607038.865
            ],
            [
              257001.359,
              2607040.316
            ],
            [
              257002.283,
              2607041.565
            ],
            [
              257002.831,
              2607041.72
            ],
            [
              257003.199,
              2607041.892
            ],
            [
              257003.991,
              2607042.524
            ],
            [
              257002.954,
              2607042.803
            ],
            [
              257002.148,
              2607042.901
            ],
            [
              257000.936,
              2607044.104
            ],
            [
              256999.743,
              2607045.106
            ],
            [
              256998.999,
              2607045.654
            ],
            [
              256998.129,
              2607046.462
            ],
            [
              256996.416,
              2607047.73
            ],
            [
              256994.743,
              2607049.063
            ],
            [
              256994.272,
              2607049.515
            ],
            [
              256993.451,
              2607050.124
            ],
            [
              256991.876,
              2607051.421
            ],
            [
              256990.308,
              2607052.564
            ],
            [
              256989.235,
              2607053.509
            ],
            [
              256986.002,
              2607056.177
            ],
            [
              256984.589,
              2607057.552
            ],
            [
              256983.713,
              2607058.246
            ],
            [
              256982.782,
              2607059.087
            ],
            [
              256980.239,
              2607060.96
            ],
            [
              256978.318,
              2607062.535
            ],
            [
              256977.436,
              2607063.187
            ],
            [
              256975.91,
              2607064.521
            ],
            [
              256975.582,
              2607064.512
            ],
            [
              256975.315,
              2607064.566
            ],
            [
              256975.074,
              2607064.672
            ],
            [
              256974.842,
              2607064.826
            ],
            [
              256974.709,
              2607064.978
            ],
            [
              256974.58,
              2607065.282
            ],
            [
              256974.565,
              2607065.545
            ],
            [
              256974.593,
              2607065.719
            ],
            [
              256972.876,
              2607066.946
            ],
            [
              256971.186,
              2607068.492
            ],
            [
              256969.603,
              2607069.44
            ],
            [
              256968.4,
              2607070.789
            ],
            [
              256964.288,
              2607074.14
            ],
            [
              256962.906,
              2607075.198
            ],
            [
              256960.804,
              2607077.132
            ],
            [
              256959.97,
              2607078.024
            ],
            [
              256958.48,
              2607079.323
            ],
            [
              256956.516,
              2607080.811
            ],
            [
              256955.429,
              2607081.576
            ],
            [
              256955.352,
              2607081.575
            ],
            [
              256955.279,
              2607081.609
            ],
            [
              256955.253,
              2607081.65
            ],
            [
              256955.249,
              2607081.708
            ],
            [
              256955.308,
              2607081.815
            ],
            [
              256955.468,
              2607081.975
            ],
            [
              256953.454,
              2607083.704
            ],
            [
              256951.017,
              2607086.07
            ],
            [
              256950.024,
              2607086.878
            ],
            [
              256946.765,
              2607089.856
            ],
            [
              256945.466,
              2607090.895
            ],
            [
              256943.97,
              2607092.314
            ],
            [
              256941.315,
              2607094.671
            ],
            [
              256940.088,
              2607095.595
            ],
            [
              256939.495,
              2607096.342
            ],
            [
              256938.129,
              2607097.75
            ],
            [
              256936.46,
              2607099.859
            ],
            [
              256934.482,
              2607101.838
            ],
            [
              256931.786,
              2607104.331
            ],
            [
              256930.959,
              2607104.969
            ],
            [
              256928.278,
              2607107.242
            ],
            [
              256926.16,
              2607108.865
            ],
            [
              256924.62,
              2607110.187
            ],
            [
              256923.949,
              2607110.825
            ],
            [
              256922.916,
              2607111.636
            ],
            [
              256920.427,
              2607113.831
            ],
            [
              256919.571,
              2607114.852
            ],
            [
              256919.242,
              2607114.569
            ],
            [
              256919.056,
              2607114.468
            ],
            [
              256918.96,
              2607114.44
            ],
            [
              256918.767,
              2607114.429
            ],
            [
              256918.584,
              2607114.482
            ],
            [
              256918.503,
              2607114.538
            ],
            [
              256918.398,
              2607114.689
            ],
            [
              256918.237,
              2607115.384
            ],
            [
              256917.666,
              2607115.934
            ],
            [
              256917.22,
              2607116.54
            ],
            [
              256916.849,
              2607117.207
            ],
            [
              256916.467,
              2607117.621
            ],
            [
              256916.237,
              2607117.774
            ],
            [
              256915.676,
              2607117.999
            ],
            [
              256914.325,
              2607118.7
            ],
            [
              256914.133,
              2607118.759
            ],
            [
              256913.856,
              2607118.773
            ],
            [
              256912.695,
              2607118.88
            ],
            [
              256911.787,
              2607119.099
            ],
            [
              256911.019,
              2607118.45
            ],
            [
              256909.924,
              2607117.39
            ],
            [
              256908.397,
              2607116.044
            ],
            [
              256908.127,
              2607115.704
            ],
            [
              256906.778,
              2607115.157
            ],
            [
              256906.509,
              2607114.761
            ],
            [
              256906.046,
              2607113.914
            ],
            [
              256905.651,
              2607113.414
            ],
            [
              256905.005,
              2607112.876
            ],
            [
              256903.869,
              2607111.816
            ],
            [
              256904.027,
              2607111.392
            ],
            [
              256904.091,
              2607111.068
            ],
            [
              256904.074,
              2607110.868
            ],
            [
              256904.042,
              2607110.771
            ],
            [
              256903.921,
              2607110.586
            ],
            [
              256903.751,
              2607110.45
            ],
            [
              256903.565,
              2607110.369
            ],
            [
              256903.367,
              2607110.31
            ],
            [
              256903.047,
              2607110.26
            ],
            [
              256902.612,
              2607110.258
            ],
            [
              256902.246,
              2607109.779
            ],
            [
              256901.987,
              2607109.452
            ],
            [
              256901.4,
              2607108.954
            ],
            [
              256900.195,
              2607107.589
            ],
            [
              256899.335,
              2607106.731
            ],
            [
              256898.778,
              2607106.003
            ],
            [
              256897.785,
              2607104.991
            ],
            [
              256896.617,
              2607103.566
            ],
            [
              256894.793,
              2607101.501
            ],
            [
              256893.39,
              2607100.294
            ],
            [
              256892.374,
              2607099.102
            ],
            [
              256891.288,
              2607097.964
            ],
            [
              256890.28,
              2607097.121
            ],
            [
              256889.424,
              2607096.072
            ],
            [
              256886.121,
              2607092.544
            ],
            [
              256885.178,
              2607091.431
            ],
            [
              256884.575,
              2607090.874
            ],
            [
              256883.381,
              2607089.888
            ],
            [
              256881.994,
              2607088.812
            ],
            [
              256880.787,
              2607087.56
            ],
            [
              256880.126,
              2607086.801
            ],
            [
              256879.575,
              2607086.325
            ],
            [
              256878.958,
              2607085.687
            ],
            [
              256877.293,
              2607084.194
            ],
            [
              256876.677,
              2607083.539
            ],
            [
              256875.689,
              2607082.859
            ],
            [
              256874.981,
              2607082.077
            ],
            [
              256874.471,
              2607081.805
            ],
            [
              256872.688,
              2607082.547
            ],
            [
              256871.664,
              2607083.205
            ],
            [
              256871.478,
              2607083.367
            ],
            [
              256871.329,
              2607083.565
            ],
            [
              256870.628,
              2607084.812
            ],
            [
              256869.911,
              2607084.866
            ],
            [
              256869.632,
              2607084.915
            ],
            [
              256869.378,
              2607084.995
            ],
            [
              256869.148,
              2607085.117
            ],
            [
              256868.936,
              2607085.269
            ],
            [
              256868.252,
              2607085.894
            ],
            [
              256867.73,
              2607086.348
            ],
            [
              256866.579,
              2607087.072
            ],
            [
              256865.559,
              2607087.796
            ],
            [
              256864.303,
              2607088.912
            ],
            [
              256862.559,
              2607090.257
            ],
            [
              256861.614,
              2607090.881
            ],
            [
              256859.338,
              2607092.608
            ],
            [
              256858.581,
              2607093.321
            ],
            [
              256857.63,
              2607094.03
            ],
            [
              256856.315,
              2607095.216
            ],
            [
              256854.21,
              2607096.71
            ],
            [
              256852.939,
              2607097.539
            ],
            [
              256851.805,
              2607098.478
            ],
            [
              256850.511,
              2607099.415
            ],
            [
              256849.69,
              2607100.162
            ],
            [
              256848.764,
              2607100.886
            ],
            [
              256846.853,
              2607102.255
            ],
            [
              256846.474,
              2607102.599
            ],
            [
              256845.751,
              2607103.076
            ],
            [
              256843.625,
              2607104.63
            ],
            [
              256842.731,
              2607105.434
            ],
            [
              256840.817,
              2607106.718
            ],
            [
              256840.093,
              2607107.278
            ],
            [
              256838.895,
              2607108.103
            ],
            [
              256836.705,
              2607109.811
            ],
            [
              256834.86,
              2607111.015
            ],
            [
              256834.064,
              2607111.763
            ],
            [
              256833.008,
              2607112.443
            ],
            [
              256831.537,
              2607113.647
            ],
            [
              256829.384,
              2607115.187
            ],
            [
              256826.95,
              2607117.132
            ],
            [
              256825.153,
              2607118.203
            ],
            [
              256824.476,
              2607118.721
            ],
            [
              256798.162,
              2607039.872
            ],
            [
              256799.175,
              2607039.364
            ],
            [
              256801.088,
              2607038.196
            ],
            [
              256801.645,
              2607038.229
            ],
            [
              256801.813,
              2607038.194
            ],
            [
              256802.068,
              2607038.077
            ],
            [
              256802.209,
              2607037.956
            ],
            [
              256802.317,
              2607037.81
            ],
            [
              256802.582,
              2607037.328
            ],
            [
              256803.532,
              2607036.848
            ],
            [
              256804.308,
              2607036.354
            ],
            [
              256805.119,
              2607035.92
            ],
            [
              256806.968,
              2607034.682
            ],
            [
              256808.531,
              2607033.803
            ],
            [
              256810.785,
              2607032.294
            ],
            [
              256813.072,
              2607030.846
            ],
            [
              256815.325,
              2607029.614
            ],
            [
              256818.882,
              2607027.38
            ],
            [
              256820.457,
              2607026.466
            ],
            [
              256822.371,
              2607025.139
            ],
            [
              256824.377,
              2607024.122
            ],
            [
              256827.056,
              2607022.196
            ],
            [
              256828.068,
              2607021.597
            ],
            [
              256829.242,
              2607020.784
            ],
            [
              256830.745,
              2607020.041
            ],
            [
              256832.154,
              2607018.623
            ],
            [
              256833.264,
              2607017.343
            ],
            [
              256833.648,
              2607016.971
            ],
            [
              256834.969,
              2607015.891
            ],
            [
              256837.238,
              2607013.86
            ],
            [
              256839.561,
              2607011.938
            ],
            [
              256844.456,
              2607007.356
            ],
            [
              256845.569,
              2607006.562
            ],
            [
              256847.042,
              2607005.394
            ],
            [
              256849.928,
              2607002.747
            ],
            [
              256851.509,
              2607001.595
            ],
            [
              256853.221,
              2607000.202
            ],
            [
              256854.604,
              2606999.233
            ],
            [
              256855.797,
              2606998.129
            ],
            [
              256857.909,
              2606996.539
            ],
            [
              256860.086,
              2606994.765
            ],
            [
              256861.312,
              2606993.678
            ],
            [
              256862.293,
              2606992.958
            ],
            [
              256863.503,
              2606992.157
            ],
            [
              256864.349,
              2606991.444
            ],
            [
              256866.03,
              2606990.22
            ],
            [
              256867.422,
              2606988.852
            ],
            [
              256870.167,
              2606986.647
            ],
            [
              256871.421,
              2606985.48
            ],
            [
              256873.511,
              2606984.093
            ],
            [
              256874.647,
              2606983.264
            ],
            [
              256875.235,
              2606982.738
            ],
            [
              256875.469,
              2606982.384
            ],
            [
              256875.589,
              2606981.96
            ],
            [
              256875.584,
              2606981.547
            ],
            [
              256875.436,
              2606981.066
            ],
            [
              256875.141,
              2606980.567
            ],
            [
              256872.669,
              2606977.649
            ],
            [
              256871.639,
              2606976.52
            ],
            [
              256870.69,
              2606975.302
            ],
            [
              256869.482,
              2606973.604
            ],
            [
              256868.406,
              2606972.239
            ],
            [
              256867.879,
              2606971.486
            ],
            [
              256866.283,
              2606969.636
            ],
            [
              256865.086,
              2606968.028
            ],
            [
              256864.23,
              2606966.508
            ],
            [
              256862.774,
              2606964.504
            ],
            [
              256861.197,
              2606961.543
            ],
            [
              256859.45,
              2606959.015
            ],
            [
              256858.827,
              2606958.286
            ],
            [
              256861.95,
              2606955.991
            ],
            [
              256863.402,
              2606954.711
            ],
            [
              256864.909,
              2606953.513
            ],
            [
              256867.943,
              2606951.592
            ],
            [
              256869.189,
              2606950.552
            ],
            [
              256870.376,
              2606949.754
            ],
            [
              256871.316,
              2606949.006
            ],
            [
              256872.202,
              2606948.144
            ],
            [
              256872.66,
              2606947.77
            ],
            [
              256873.852,
              2606947.071
            ],
            [
              256875.028,
              2606946.193
            ],
            [
              256876.273,
              2606945.355
            ],
            [
              256877.3,
              2606944.534
            ],
            [
              256878.12,
              2606943.993
            ],
            [
              256878.944,
              2606943.308
            ],
            [
              256882.195,
              2606941.125
            ],
            [
              256883.509,
              2606940.078
            ],
            [
              256884.737,
              2606939.252
            ],
            [
              256885.605,
              2606938.598
            ],
            [
              256887.093,
              2606937.345
            ],
            [
              256889.569,
              2606935.68
            ],
            [
              256890.252,
              2606935.143
            ],
            [
              256891.25,
              2606934.479
            ],
            [
              256892.492,
              2606933.498
            ],
            [
              256893.899,
              2606932.589
            ],
            [
              256895.445,
              2606931.368
            ],
            [
              256897.872,
              2606929.651
            ],
            [
              256899.106,
              2606928.67
            ],
            [
              256900.422,
              2606927.783
            ],
            [
              256901.526,
              2606927.114
            ],
            [
              256905.529,
              2606924.417
            ],
            [
              256908.947,
              2606922.233
            ],
            [
              256910.202,
              2606921.547
            ],
            [
              256912.82,
              2606920.289
            ],
            [
              256913.19,
              2606921.154
            ],
            [
              256913.73,
              2606922.079
            ],
            [
              256913.933,
              2606922.325
            ],
            [
              256914.415,
              2606922.692
            ],
            [
              256915.193,
              2606923.218
            ],
            [
              256915.633,
              2606923.413
            ],
            [
              256917.866,
              2606923.86
            ],
            [
              256918.988,
              2606923.996
            ],
            [
              256919.568,
              2606923.944
            ],
            [
              256920.483,
              2606923.679
            ],
            [
              256921.818,
              2606923.113
            ],
            [
              256923.9,
              2606925.696
            ],
            [
              256925.083,
              2606927.459
            ],
            [
              256925.915,
              2606928.865
            ],
            [
              256926.324,
              2606929.444
            ],
            [
              256927.231,
              2606930.484
            ],
            [
              256928.406,
              2606931.603
            ],
            [
              256929.633,
              2606933.013
            ],
            [
              256931.011,
              2606935.407
            ],
            [
              256933.269,
              2606938.761
            ],
            [
              256934.27,
              2606940.525
            ],
            [
              256935.89,
              2606942.87
            ],
            [
              256937.651,
              2606945.757
            ],
            [
              256938.711,
              2606947.394
            ],
            [
              256939.781,
              2606948.929
            ],
            [
              256941.167,
              2606951.336
            ],
            [
              256941.967,
              2606952.585
            ],
            [
              256942.696,
              2606953.989
            ],
            [
              256943.969,
              2606956.179
            ],
            [
              256944.857,
              2606957.919
            ],
            [
              256945.777,
              2606959.546
            ],
            [
              256946.372,
              2606960.476
            ],
            [
              256946.871,
              2606961.496
            ],
            [
              256947.606,
              2606962.781
            ],
            [
              256948.023,
              2606963.678
            ],
            [
              256948.562,
              2606964.661
            ],
            [
              256950.413,
              2606967.727
            ],
            [
              256951.323,
              2606969.402
            ],
            [
              256952.437,
              2606971.173
            ],
            [
              256953.045,
              2606972.344
            ],
            [
              256954.305,
              2606974.113
            ],
            [
              256955.158,
              2606975.622
            ],
            [
              256955.938,
              2606976.887
            ],
            [
              256956.564,
              2606978.09
            ],
            [
              256957.44,
              2606979.56
            ],
            [
              256958.354,
              2606981.39
            ],
            [
              256960.123,
              2606984.64
            ],
            [
              256961.044,
              2606986.438
            ],
            [
              256962.167,
              2606988.82
            ],
            [
              256962.623,
              2606989.573
            ],
            [
              256963.412,
              2606991.07
            ],
            [
              256964.032,
              2606992.038
            ]
          ]
        ]
      },
      "properties": {
        "_srcEntity": "LWPOLYLINE",
        "_layer": "Plot",
        "_srcHandle": "120C",
        "_linetype": "Continuous"
      }
    },
    {
      "type": "Feature",
      "id": "120D",
      "geometry": {
        "type": "Polygon",
        "coordinates": [
          [
            [
              257176.803,
              2606699.868
            ],
            [
              257178.112,
              2606701.118
            ],
            [
              257179.823,
              2606702.458
            ],
            [
              257180.453,
              2606703.023
            ],
            [
              257181.278,
              2606703.877
            ],
            [
              257184.07,
              2606706.563
            ],
            [
              257185.012,
              2606707.308
            ],
            [
              257185.714,
              2606708.006
            ],
            [
              257186.448,
              2606708.641
            ],
            [
              257188.448,
              2606710.523
            ],
            [
              257190.459,
              2606712.16
            ],
            [
              257192.968,
              2606713.85
            ],
            [
              257192.983,
              2606715.697
            ],
            [
              257192.789,
              2606717.785
            ],
            [
              257192.808,
              2606718.26
            ],
            [
              257192.907,
              2606719.111
            ],
            [
              257192.923,
              2606719.922
            ],
            [
              257192.785,
              2606721.915
            ],
            [
              257192.579,
              2606723.48
            ],
            [
              257192.547,
              2606725.579
            ],
            [
              257192.39,
              2606726.918
            ],
            [
              257192.061,
              2606728.647
            ],
            [
              257191.963,
              2606729.928
            ],
            [
              257191.783,
              2606731.001
            ],
            [
              257191.7,
              2606732.408
            ],
            [
              257191.495,
              2606733.487
            ],
            [
              257191.363,
              2606734.823
            ],
            [
              257191.285,
              2606736.278
            ],
            [
              257190.199,
              2606741.193
            ],
            [
              257189.91,
              2606742.703
            ],
            [
              257189.742,
              2606743.793
            ],
            [
              257189.192,
              2606745.842
            ],
            [
              257188.973,
              2606746.47
            ],
            [
              257188.763,
              2606747.168
            ],
            [
              257188.679,
              2606747.753
            ],
            [
              257188.712,
              2606748.222
            ],
            [
              257188.852,
              2606748.999
            ],
            [
              257188.507,
              2606749.44
            ],
            [
              257188.255,
              2606750.103
            ],
            [
              257188.038,
              2606750.981
            ],
            [
              257187.621,
              2606752.279
            ],
            [
              257187.382,
              2606753.535
            ],
            [
              257176.522,
              2606781.238
            ],
            [
              257175.67,
              2606782.477
            ],
            [
              257175.103,
              2606783.484
            ],
            [
              257174.361,
              2606784.464
            ],
            [
              257173.616,
              2606785.301
            ],
            [
              257172.774,
              2606786.601
            ],
            [
              257171.683,
              2606788.127
            ],
            [
              257171.144,
              2606788.997
            ],
            [
              257170.708,
              2606789.808
            ],
            [
              257170.047,
              2606790.718
            ],
            [
              257168.908,
              2606792.746
            ],
            [
              257168.262,
              2606793.649
            ],
            [
              257167.846,
              2606794.426
            ],
            [
              257167.426,
              2606795.067
            ],
            [
              257166.613,
              2606796.475
            ],
            [
              257166.257,
              2606796.991
            ],
            [
              257165.612,
              2606797.796
            ],
            [
              257163.782,
              2606800.239
            ],
            [
              257163.084,
              2606801.424
            ],
            [
              257161.228,
              2606803.947
            ],
            [
              257160.689,
              2606804.803
            ],
            [
              257159.117,
              2606806.95
            ],
            [
              257158.356,
              2606807.801
            ],
            [
              257157.722,
              2606808.672
            ],
            [
              257157.091,
              2606809.709
            ],
            [
              257156.545,
              2606810.503
            ],
            [
              257156.117,
              2606811.237
            ],
            [
              257154.534,
              2606813.296
            ],
            [
              257154.176,
              2606813.877
            ],
            [
              257153.764,
              2606814.416
            ],
            [
              257153.48,
              2606814.898
            ],
            [
              257152.907,
              2606816.125
            ],
            [
              257152.211,
              2606817.419
            ],
            [
              257151.618,
              2606818.643
            ],
            [
              257150.111,
              2606821.014
            ],
            [
              257149.369,
              2606821.873
            ],
            [
              257148.73,
              2606822.822
            ],
            [
              257147.688,
              2606824.101
            ],
            [
              257146.886,
              2606825.552
            ],
            [
              257146.085,
              2606826.601
            ],
            [
              257144.513,
              2606828.932
            ],
            [
              257143.719,
              2606829.801
            ],
            [
              257142.755,
              2606830.744
            ],
            [
              257141.818,
              2606831.909
            ],
            [
              257141.078,
              2606833.04
            ],
            [
              257140.595,
              2606834.032
            ],
            [
              257140.048,
              2606834.615
            ],
            [
              257139.352,
              2606835.722
            ],
            [
              257138.636,
              2606836.618
            ],
            [
              257138.12,
              2606837.355
            ],
            [
              257137.449,
              2606838.14
            ],
            [
              257132.109,
              2606837.078
            ],
            [
              257130.631,
              2606836.637
            ],
            [
              257128.209,
              2606836.172
            ],
            [
              257127.021,
              2606835.874
            ],
            [
              257126.243,
              2606835.628
            ],
            [
              257125.167,
              2606835.393
            ],
            [
              257122.847,
              2606834.786
            ],
            [
              257121.505,
              2606834.593
            ],
            [
              257120.582,
              2606834.622
            ],
            [
              257120.241,
              2606834.729
            ],
            [
              257119.969,
              2606834.883
            ],
            [
              257119.536,
              2606835.34
            ],
            [
              257119.122,
              2606836.017
            ],
            [
              257116.792,
              2606840.31
            ],
            [
              257115.864,
              2606841.624
            ],
            [
              257115.429,
              2606841.977
            ],
            [
              257114.959,
              2606842.144
            ],
            [
              257114.554,
              2606842.185
            ],
            [
              257113.734,
              2606842.157
            ],
            [
              257111.677,
              2606841.914
            ],
            [
              257110.218,
              2606841.515
            ],
            [
              257108.973,
              2606841.287
            ],
            [
              257106.083,
              2606840.542
            ],
            [
              257104.144,
              2606839.925
            ],
            [
              257102.921,
              2606839.586
            ],
            [
              257100.905,
              2606838.863
            ],
            [
              257098.771,
              2606838.24
            ],
            [
              257097.178,
              2606837.602
            ],
            [
              257095.799,
              2606837.173
            ],
            [
              257093.345,
              2606836.53
            ],
            [
              257092.177,
              2606836.082
            ],
            [
              257091.296,
              2606835.563
            ],
            [
              257090.498,
              2606834.675
            ],
            [
              257089.595,
              2606833.855
            ],
            [
              257088.075,
              2606832.613
            ],
            [
              257086.891,
              2606831.398
            ],
            [
              257086.186,
              2606830.749
            ],
            [
              257084.09,
              2606829.132
            ],
            [
              257083.012,
              2606828.071
            ],
            [
              257081.828,
              2606827.227
            ],
            [
              257081.06,
              2606826.565
            ],
            [
              257080.028,
              2606825.799
            ],
            [
              257078.971,
              2606824.868
            ],
            [
              257078.17,
              2606824.104
            ],
            [
              257077.93,
              2606823.76
            ],
            [
              257077.769,
              2606823.383
            ],
            [
              257077.668,
              2606822.919
            ],
            [
              257077.667,
              2606822.181
            ],
            [
              257078.157,
              2606819.19
            ],
            [
              257078.344,
              2606818.566
            ],
            [
              257078.685,
              2606817.729
            ],
            [
              257079.061,
              2606816.157
            ],
            [
              257079.556,
              2606814.752
            ],
            [
              257079.947,
              2606813.281
            ],
            [
              257080.334,
              2606812.069
            ],
            [
              257082.042,
              2606805.497
            ],
            [
              257082.348,
              2606804.101
            ],
            [
              257082.52,
              2606802.484
            ],
            [
              257082.601,
              2606801.144
            ],
            [
              257082.509,
              2606800.473
            ],
            [
              257082.113,
              2606799.292
            ],
            [
              257081.688,
              2606798.503
            ],
            [
              257079.798,
              2606795.541
            ],
            [
              257079.258,
              2606794.188
            ],
            [
              257078.527,
              2606792.928
            ],
            [
              257078.129,
              2606792.119
            ],
            [
              257076.968,
              2606789.343
            ],
            [
              257076.539,
              2606788.557
            ],
            [
              257076.293,
              2606788.203
            ],
            [
              257076.011,
              2606787.875
            ],
            [
              257075.384,
              2606787.312
            ],
            [
              257075.023,
              2606787.078
            ],
            [
              257074.499,
              2606786.827
            ],
            [
              257073.145,
              2606786.371
            ],
            [
              257071.821,
              2606785.989
            ],
            [
              257069.981,
              2606785.269
            ],
            [
              257068.404,
              2606784.602
            ],
            [
              257066.769,
              2606783.981
            ],
            [
              257063.296,
              2606782.384
            ],
            [
              257062.445,
              2606782.043
            ],
            [
              257061.156,
              2606781.606
            ],
            [
              257055.272,
              2606779.138
            ],
            [
              257053.965,
              2606778.714
            ],
            [
              257052.975,
              2606778.33
            ],
            [
              257050.674,
              2606777.255
            ],
            [
              257048.299,
              2606776.293
            ],
            [
              257046.016,
              2606775.451
            ],
            [
              257044.907,
              2606774.976
            ],
            [
              257043.818,
              2606774.604
            ],
            [
              257042.704,
              2606774.024
            ],
            [
              257039.384,
              2606771.853
            ],
            [
              257035.605,
              2606769.222
            ],
            [
              257035.142,
              2606768.88
            ],
            [
              257034.548,
              2606768.362
            ],
            [
              257033.812,
              2606767.864
            ],
            [
              257033.021,
              2606767.116
            ],
            [
              257032.489,
              2606766.737
            ],
            [
              257031.649,
              2606766.266
            ],
            [
              257031.249,
              2606765.983
            ],
            [
              257030.926,
              2606765.676
            ],
            [
              257030.649,
              2606765.238
            ],
            [
              257030.444,
              2606764.545
            ],
            [
              257030.391,
              2606763.97
            ],
            [
              257030.805,
              2606759.195
            ],
            [
              257031.406,
              2606755.645
            ],
            [
              257031.849,
              2606753.893
            ],
            [
              257032.316,
              2606751.478
            ],
            [
              257032.634,
              2606750.646
            ],
            [
              257033.17,
              2606748.91
            ],
            [
              257033.746,
              2606747.431
            ],
            [
              257034.172,
              2606746.498
            ],
            [
              257034.809,
              2606744.655
            ],
            [
              257035.314,
              2606742.567
            ],
            [
              257035.725,
              2606741.461
            ],
            [
              257036.532,
              2606738.636
            ],
            [
              257036.643,
              2606738.144
            ],
            [
              257036.723,
              2606737.513
            ],
            [
              257036.985,
              2606736.285
            ],
            [
              257037.101,
              2606735.506
            ],
            [
              257037.426,
              2606734.103
            ],
            [
              257037.573,
              2606733.169
            ],
            [
              257038.026,
              2606731.42
            ],
            [
              257038.21,
              2606730.17
            ],
            [
              257038.914,
              2606728.051
            ],
            [
              257039.177,
              2606726.675
            ],
            [
              257040.012,
              2606724.199
            ],
            [
              257040.469,
              2606721.6
            ],
            [
              257040.649,
              2606720.941
            ],
            [
              257040.965,
              2606720.029
            ],
            [
              257041.245,
              2606718.617
            ],
            [
              257041.668,
              2606717.32
            ],
            [
              257042.162,
              2606715.095
            ],
            [
              257042.61,
              2606713.969
            ],
            [
              257043.311,
              2606711.984
            ],
            [
              257043.583,
              2606710.961
            ],
            [
              257043.768,
              2606710.041
            ],
            [
              257044.206,
              2606708.585
            ],
            [
              257044.558,
              2606706.679
            ],
            [
              257045.333,
              2606704.753
            ],
            [
              257045.474,
              2606703.825
            ],
            [
              257045.729,
              2606702.91
            ],
            [
              257045.894,
              2606702.081
            ],
            [
              257046.433,
              2606698.414
            ],
            [
              257046.407,
              2606698.009
            ],
            [
              257046.278,
              2606697.482
            ],
            [
              257046.159,
              2606697.221
            ],
            [
              257045.886,
              2606696.878
            ],
            [
              257045.831,
              2606695.083
            ],
            [
              257045.938,
              2606694.029
            ],
            [
              257046.034,
              2606693.485
            ],
            [
              257046.81,
              2606691.018
            ],
            [
              257047.03,
              2606690.499
            ],
            [
              257047.579,
              2606689.448
            ],
            [
              257047.749,
              2606689
            ],
            [
              257048.244,
              2606686.827
            ],
            [
              257048.648,
              2606685.505
            ],
            [
              257048.825,
              2606684.611
            ],
            [
              257049.271,
              2606683.302
            ],
            [
              257049.464,
              2606682.128
            ],
            [
              257050.06,
              2606679.726
            ],
            [
              257050.38,
              2606678.557
            ],
            [
              257050.775,
              2606677.445
            ],
            [
              257050.995,
              2606676.423
            ],
            [
              257051.248,
              2606675.51
            ],
            [
              257051.587,
              2606674.513
            ],
            [
              257052.206,
              2606672.924
            ],
            [
              257052.84,
              2606670.487
            ],
            [
              257053.504,
              2606668.323
            ],
            [
              257054.576,
              2606665.876
            ],
            [
              257055.124,
              2606664.376
            ],
            [
              257055.785,
              2606663.408
            ],
            [
              257057.304,
              2606661.539
            ],
            [
              257058.568,
              2606660.184
            ],
            [
              257059.171,
              2606659.328
            ],
            [
              257060.274,
              2606658.057
            ],
            [
              257061.046,
              2606656.861
            ],
            [
              257061.594,
              2606656.119
            ],
            [
              257062.127,
              2606655.155
            ],
            [
              257063.04,
              2606653.844
            ],
            [
              257064.251,
              2606651.982
            ],
            [
              257065.059,
              2606650.882
            ],
            [
              257066.714,
              2606648.874
            ],
            [
              257067.441,
              2606647.888
            ],
            [
              257068.774,
              2606646.311
            ],
            [
              257071.436,
              2606643.503
            ],
            [
              257073.361,
              2606641.264
            ],
            [
              257074.78,
              2606639.797
            ],
            [
              257075.643,
              2606638.728
            ],
            [
              257076.61,
              2606637.732
            ],
            [
              257077.709,
              2606636.51
            ],
            [
              257079.093,
              2606635.16
            ],
            [
              257080.459,
              2606635.534
            ],
            [
              257082.977,
              2606636.748
            ],
            [
              257085.262,
              2606637.565
            ],
            [
              257087.237,
              2606638.756
            ],
            [
              257088.644,
              2606639.38
            ],
            [
              257089.63,
              2606639.901
            ],
            [
              257090.491,
              2606640.218
            ],
            [
              257091.881,
              2606640.807
            ],
            [
              257092.66,
              2606641.238
            ],
            [
              257093.425,
              2606641.585
            ],
            [
              257095.642,
              2606642.7
            ],
            [
              257096.416,
              2606643.134
            ],
            [
              257097.846,
              2606643.67
            ],
            [
              257098.383,
              2606643.933
            ],
            [
              257099.557,
              2606644.604
            ],
            [
              257100.374,
              2606645.003
            ],
            [
              257101.568,
              2606645.656
            ],
            [
              257102.746,
              2606646.457
            ],
            [
              257103.417,
              2606647.013
            ],
            [
              257104.643,
              2606647.841
            ],
            [
              257105.468,
              2606648.45
            ],
            [
              257106.695,
              2606649.192
            ],
            [
              257108.428,
              2606650.113
            ],
            [
              257110.008,
              2606651.017
            ],
            [
              257112.304,
              2606652.443
            ],
            [
              257113.917,
              2606653.358
            ],
            [
              257116.298,
              2606654.87
            ],
            [
              257116.843,
              2606655.308
            ],
            [
              257117.437,
              2606655.701
            ],
            [
              257118.877,
              2606656.485
            ],
            [
              257120.165,
              2606657.298
            ],
            [
              257122.483,
              2606658.385
            ],
            [
              257124.326,
              2606659.448
            ],
            [
              257124.846,
              2606659.873
            ],
            [
              257125.511,
              2606660.518
            ],
            [
              257127.041,
              2606661.784
            ],
            [
              257128.732,
              2606663.074
            ],
            [
              257130.128,
              2606663.97
            ],
            [
              257131.345,
              2606664.95
            ],
            [
              257132.404,
              2606666.073
            ],
            [
              257133.776,
              2606667.202
            ],
            [
              257135.182,
              2606668.558
            ],
            [
              257136.865,
              2606669.92
            ],
            [
              257138.518,
              2606671.633
            ],
            [
              257139.423,
              2606672.393
            ],
            [
              257140.841,
              2606673.766
            ],
            [
              257143.39,
              2606675.862
            ],
            [
              257144.752,
              2606677.099
            ],
            [
              257146.67,
              2606678.517
            ],
            [
              257147.953,
              2606679.408
            ],
            [
              257150.601,
              2606681.459
            ],
            [
              257153.426,
              2606683.43
            ],
            [
              257154.578,
              2606684.432
            ],
            [
              257155.555,
              2606685.102
            ],
            [
              257156.427,
              2606685.608
            ],
            [
              257158.507,
              2606687.072
            ],
            [
              257159.993,
              2606688.034
            ],
            [
              257161.219,
              2606688.97
            ],
            [
              257162.516,
              2606689.88
            ],
            [
              257164.122,
              2606690.869
            ],
            [
              257164.867,
              2606691.422
            ],
            [
              257166.568,
              2606692.569
            ],
            [
              257168.835,
              2606694.209
            ],
            [
              257169.816,
              2606694.798
            ],
            [
              257172.02,
              2606696.365
            ],
            [
              257173.046,
              2606696.947
            ],
            [
              257174.261,
              2606697.838
            ],
            [
              257176.803,
              2606699.868
            ]
          ]
        ]
      },
      "properties": {
        "_srcEntity": "LWPOLYLINE",
        "_layer": "Plot",
        "_srcHandle": "120D",
        "_linetype": "Continuous"
      }
    },
    {
      "type": "Feature",
      "id": "120E",
      "geometry": {
        "type": "Polygon",
        "coordinates": [
          [
            [
              256843.401,
              2606935.915
            ],
            [
              256844.25,
              2606937.313
            ],
            [
              256846.844,
              2606940.86
            ],
            [
              256848.149,
              2606942.887
            ],
            [
              256848.973,
              2606943.956
            ],
            [
              256849.998,
              2606945.43
            ],
            [
              256851.207,
              2606946.958
            ],
            [
              256852.576,
              2606948.9
            ],
            [
              256853.164,
              2606949.891
            ],
            [
              256855.081,
              2606952.522
            ],
            [
              256855.921,
              2606953.84
            ],
            [
              256856.69,
              2606954.92
            ],
            [
              256858.827,
              2606958.286
            ],
            [
              256859.45,
              2606959.015
            ],
            [
              256861.197,
              2606961.543
            ],
            [
              256862.774,
              2606964.504
            ],
            [
              256864.23,
              2606966.508
            ],
            [
              256865.086,
              2606968.028
            ],
            [
              256866.283,
              2606969.636
            ],
            [
              256867.879,
              2606971.486
            ],
            [
              256868.406,
              2606972.239
            ],
            [
              256869.482,
              2606973.604
            ],
            [
              256870.69,
              2606975.302
            ],
            [
              256871.639,
              2606976.52
            ],
            [
              256872.669,
              2606977.649
            ],
            [
              256875.141,
              2606980.567
            ],
            [
              256875.436,
              2606981.066
            ],
            [
              256875.584,
              2606981.547
            ],
            [
              256875.589,
              2606981.96
            ],
            [
              256875.469,
              2606982.384
            ],
            [
              256875.235,
              2606982.738
            ],
            [
              256874.647,
              2606983.264
            ],
            [
              256873.511,
              2606984.093
            ],
            [
              256871.421,
              2606985.48
            ],
            [
              256870.167,
              2606986.647
            ],
            [
              256867.422,
              2606988.852
            ],
            [
              256866.03,
              2606990.22
            ],
            [
              256864.349,
              2606991.444
            ],
            [
              256863.503,
              2606992.157
            ],
            [
              256862.293,
              2606992.958
            ],
            [
              256861.312,
              2606993.678
            ],
            [
              256860.086,
              2606994.765
            ],
            [
              256857.909,
              2606996.539
            ],
            [
              256855.797,
              2606998.129
            ],
            [
              256854.604,
              2606999.233
            ],
            [
              256853.221,
              2607000.202
            ],
            [
              256851.509,
              2607001.595
            ],
            [
              256849.928,
              2607002.747
            ],
            [
              256847.042,
              2607005.394
            ],
            [
              256845.569,
              2607006.562
            ],
            [
              256844.456,
              2607007.356
            ],
            [
              256839.561,
              2607011.938
            ],
            [
              256837.238,
              2607013.86
            ],
            [
              256834.969,
              2607015.891
            ],
            [
              256833.648,
              2607016.971
            ],
            [
              256833.264,
              2607017.343
            ],
            [
              256832.154,
              2607018.623
            ],
            [
              256830.745,
              2607020.041
            ],
            [
              256829.242,
              2607020.784
            ],
            [
              256828.068,
              2607021.597
            ],
            [
              256827.056,
              2607022.196
            ],
            [
              256824.377,
              2607024.122
            ],
            [
              256822.371,
              2607025.139
            ],
            [
              256820.457,
              2607026.466
            ],
            [
              256818.882,
              2607027.38
            ],
            [
              256815.325,
              2607029.614
            ],
            [
              256813.072,
              2607030.846
            ],
            [
              256810.785,
              2607032.294
            ],
            [
              256808.531,
              2607033.803
            ],
            [
              256806.968,
              2607034.682
            ],
            [
              256805.119,
              2607035.92
            ],
            [
              256804.308,
              2607036.354
            ],
            [
              256803.532,
              2607036.848
            ],
            [
              256802.582,
              2607037.328
            ],
            [
              256802.121,
              2607037.41
            ],
            [
              256801.712,
              2607037.576
            ],
            [
              256801.407,
              2607037.821
            ],
            [
              256801.088,
              2607038.196
            ],
            [
              256799.175,
              2607039.364
            ],
            [
              256798.162,
              2607039.872
            ],
            [
              256777.764,
              2606978.749
            ],
            [
              256779.578,
              2606976.89
            ],
            [
              256781.751,
              2606975.069
            ],
            [
              256782.523,
              2606974.372
            ],
            [
              256783.478,
              2606973.199
            ],
            [
              256783.659,
              2606972.867
            ],
            [
              256783.734,
              2606972.609
            ],
            [
              256783.71,
              2606972.224
            ],
            [
              256783.556,
              2606971.886
            ],
            [
              256781.378,
              2606968.657
            ],
            [
              256780.631,
              2606967.466
            ],
            [
              256779.998,
              2606966.355
            ],
            [
              256779.308,
              2606965.471
            ],
            [
              256777.454,
              2606962.675
            ],
            [
              256775.104,
              2606959.299
            ],
            [
              256774.14,
              2606957.779
            ],
            [
              256773.328,
              2606956.252
            ],
            [
              256772.432,
              2606954.832
            ],
            [
              256771.976,
              2606953.977
            ],
            [
              256771.407,
              2606953.127
            ],
            [
              256769.482,
              2606950.608
            ],
            [
              256768.307,
              2606948.85
            ],
            [
              256767.351,
              2606947.544
            ],
            [
              256765.496,
              2606941.986
            ],
            [
              256768.202,
              2606940.211
            ],
            [
              256770.497,
              2606938.869
            ],
            [
              256773.184,
              2606937.402
            ],
            [
              256773.824,
              2606937.125
            ],
            [
              256776.231,
              2606936.331
            ],
            [
              256777.018,
              2606935.94
            ],
            [
              256778.774,
              2606935.209
            ],
            [
              256780.177,
              2606934.522
            ],
            [
              256781.516,
              2606934.029
            ],
            [
              256782.6,
              2606933.42
            ],
            [
              256783.711,
              2606932.652
            ],
            [
              256784.306,
              2606932.171
            ],
            [
              256784.878,
              2606931.576
            ],
            [
              256785.996,
              2606930.245
            ],
            [
              256786.783,
              2606929.548
            ],
            [
              256789.407,
              2606927.002
            ],
            [
              256790.179,
              2606926.308
            ],
            [
              256790.905,
              2606925.435
            ],
            [
              256791.896,
              2606924.353
            ],
            [
              256793.518,
              2606922.698
            ],
            [
              256795.092,
              2606921.192
            ],
            [
              256796.381,
              2606920.111
            ],
            [
              256797.141,
              2606919.397
            ],
            [
              256799.444,
              2606917.464
            ],
            [
              256801.99,
              2606915.553
            ],
            [
              256804.903,
              2606912.899
            ],
            [
              256806.544,
              2606911.733
            ],
            [
              256807.943,
              2606910.518
            ],
            [
              256808.878,
              2606909.774
            ],
            [
              256810.219,
              2606908.549
            ],
            [
              256812.342,
              2606906.924
            ],
            [
              256813.226,
              2606906.103
            ],
            [
              256814.448,
              2606905.201
            ],
            [
              256814.931,
              2606904.768
            ],
            [
              256815.575,
              2606904.078
            ],
            [
              256816.726,
              2606903.234
            ],
            [
              256817.774,
              2606902.102
            ],
            [
              256818.356,
              2606902.729
            ],
            [
              256819.961,
              2606904.222
            ],
            [
              256820.992,
              2606905.608
            ],
            [
              256822.088,
              2606906.97
            ],
            [
              256823.554,
              2606909.097
            ],
            [
              256824.908,
              2606910.866
            ],
            [
              256827.606,
              2606914.693
            ],
            [
              256830.161,
              2606917.899
            ],
            [
              256832.563,
              2606921.394
            ],
            [
              256834.339,
              2606923.63
            ],
            [
              256835.681,
              2606925.673
            ],
            [
              256837.567,
              2606928.187
            ],
            [
              256837.743,
              2606928.604
            ],
            [
              256837.904,
              2606928.846
            ],
            [
              256838.206,
              2606929.168
            ],
            [
              256838.611,
              2606929.495
            ],
            [
              256839.715,
              2606931.075
            ],
            [
              256841.189,
              2606933.03
            ],
            [
              256842.73,
              2606934.925
            ],
            [
              256843.401,
              2606935.915
            ]
          ]
        ]
      },
      "properties": {
        "_srcEntity": "LWPOLYLINE",
        "_layer": "Plot",
        "_srcHandle": "120E",
        "_linetype": "Continuous"
      }
    },
    {
      "type": "Feature",
      "id": "120F",
      "geometry": {
        "type": "Polygon",
        "coordinates": [
          [
            [
              256873.687,
              2606281.657
            ],
            [
              256885.405,
              2606358.944
            ],
            [
              256884.527,
              2606359.744
            ],
            [
              256884.024,
              2606360.37
            ],
            [
              256883.434,
              2606360.92
            ],
            [
              256882.783,
              2606361.684
            ],
            [
              256881.708,
              2606362.582
            ],
            [
              256879.938,
              2606364.271
            ],
            [
              256878.635,
              2606365.604
            ],
            [
              256877.61,
              2606366.775
            ],
            [
              256876.621,
              2606368.029
            ],
            [
              256876.232,
              2606368.838
            ],
            [
              256875.93,
              2606369.321
            ],
            [
              256874.812,
              2606370.825
            ],
            [
              256874.347,
              2606371.538
            ],
            [
              256873.286,
              2606372.856
            ],
            [
              256872.694,
              2606373.668
            ],
            [
              256872.049,
              2606374.686
            ],
            [
              256871.427,
              2606375.874
            ],
            [
              256871.303,
              2606376.226
            ],
            [
              256871.212,
              2606376.775
            ],
            [
              256871.198,
              2606377.243
            ],
            [
              256871.255,
              2606377.703
            ],
            [
              256871.669,
              2606379.144
            ],
            [
              256872.155,
              2606380.559
            ],
            [
              256872.423,
              2606381.906
            ],
            [
              256872.681,
              2606382.572
            ],
            [
              256873.92,
              2606384.368
            ],
            [
              256874.771,
              2606386.043
            ],
            [
              256875.078,
              2606386.556
            ],
            [
              256876.633,
              2606388.761
            ],
            [
              256878.932,
              2606392.284
            ],
            [
              256879.569,
              2606393.413
            ],
            [
              256881.019,
              2606395.656
            ],
            [
              256881.435,
              2606396.349
            ],
            [
              256881.865,
              2606397.193
            ],
            [
              256882.602,
              2606398.352
            ],
            [
              256882.924,
              2606398.789
            ],
            [
              256883.461,
              2606399.358
            ],
            [
              256885.543,
              2606402.593
            ],
            [
              256886.474,
              2606403.915
            ],
            [
              256887.733,
              2606405.502
            ],
            [
              256889.912,
              2606408.377
            ],
            [
              256888.368,
              2606408.976
            ],
            [
              256887.462,
              2606409.476
            ],
            [
              256886.364,
              2606410.003
            ],
            [
              256885.85,
              2606410.312
            ],
            [
              256884.641,
              2606411.185
            ],
            [
              256882.698,
              2606412.687
            ],
            [
              256881.184,
              2606413.723
            ],
            [
              256880.113,
              2606414.547
            ],
            [
              256879.058,
              2606415.46
            ],
            [
              256877.687,
              2606416.298
            ],
            [
              256876.546,
              2606417.089
            ],
            [
              256874.464,
              2606418.322
            ],
            [
              256871.766,
              2606420.266
            ],
            [
              256869.053,
              2606421.846
            ],
            [
              256867.265,
              2606423.182
            ],
            [
              256864.482,
              2606425.117
            ],
            [
              256859.487,
              2606428.184
            ],
            [
              256858.259,
              2606428.868
            ],
            [
              256855.814,
              2606430.532
            ],
            [
              256855.002,
              2606431.212
            ],
            [
              256853.677,
              2606432.197
            ],
            [
              256852.017,
              2606433.144
            ],
            [
              256847.883,
              2606435.78
            ],
            [
              256846.833,
              2606436.303
            ],
            [
              256844.181,
              2606437.448
            ],
            [
              256843.679,
              2606436.524
            ],
            [
              256842.835,
              2606435.191
            ],
            [
              256841.571,
              2606433.572
            ],
            [
              256840.148,
              2606432.059
            ],
            [
              256838.781,
              2606430.397
            ],
            [
              256835.6,
              2606425.759
            ],
            [
              256834.605,
              2606424.433
            ],
            [
              256833.481,
              2606423.059
            ],
            [
              256832.53,
              2606421.786
            ],
            [
              256830.721,
              2606419.601
            ],
            [
              256827.059,
              2606414.72
            ],
            [
              256826.649,
              2606414.295
            ],
            [
              256826.143,
              2606413.99
            ],
            [
              256825.729,
              2606413.887
            ],
            [
              256825.318,
              2606413.891
            ],
            [
              256824.615,
              2606414.075
            ],
            [
              256823.84,
              2606414.378
            ],
            [
              256822.258,
              2606415.208
            ],
            [
              256819.535,
              2606416.531
            ],
            [
              256818.766,
              2606416.963
            ],
            [
              256816.837,
              2606417.846
            ],
            [
              256815.627,
              2606418.588
            ],
            [
              256814.535,
              2606419.124
            ],
            [
              256811.813,
              2606420.847
            ],
            [
              256808.365,
              2606422.2
            ],
            [
              256806.874,
              2606419.899
            ],
            [
              256803.986,
              2606415.881
            ],
            [
              256802.945,
              2606414.233
            ],
            [
              256801.479,
              2606411.723
            ],
            [
              256801.114,
              2606411.308
            ],
            [
              256800.835,
              2606411.086
            ],
            [
              256800.552,
              2606410.943
            ],
            [
              256800.164,
              2606410.894
            ],
            [
              256799.731,
              2606410.971
            ],
            [
              256798.816,
              2606411.256
            ],
            [
              256795.7,
              2606412.522
            ],
            [
              256790.148,
              2606414.188
            ],
            [
              256789.391,
              2606414.489
            ],
            [
              256788.491,
              2606414.758
            ],
            [
              256785.37,
              2606415.837
            ],
            [
              256784.217,
              2606416.288
            ],
            [
              256781.337,
              2606417.222
            ],
            [
              256780.349,
              2606417.612
            ],
            [
              256778.515,
              2606418.169
            ],
            [
              256776.973,
              2606418.554
            ],
            [
              256772.698,
              2606419.92
            ],
            [
              256771.114,
              2606420.339
            ],
            [
              256767.517,
              2606421.544
            ],
            [
              256761.795,
              2606422.881
            ],
            [
              256760.618,
              2606423.231
            ],
            [
              256756.261,
              2606423.873
            ],
            [
              256753.814,
              2606424.141
            ],
            [
              256753.484,
              2606424.126
            ],
            [
              256753.235,
              2606424.192
            ],
            [
              256752.937,
              2606424.393
            ],
            [
              256752.484,
              2606424.839
            ],
            [
              256751.883,
              2606424.756
            ],
            [
              256750.98,
              2606424.718
            ],
            [
              256750.098,
              2606424.747
            ],
            [
              256749.323,
              2606424.838
            ],
            [
              256745.071,
              2606425.55
            ],
            [
              256743.974,
              2606425.788
            ],
            [
              256742.348,
              2606425.998
            ],
            [
              256741.475,
              2606426.181
            ],
            [
              256739.981,
              2606426.391
            ],
            [
              256737.442,
              2606426.941
            ],
            [
              256735.633,
              2606427.162
            ],
            [
              256731.973,
              2606428.06
            ],
            [
              256730.088,
              2606428.297
            ],
            [
              256729.234,
              2606428.49
            ],
            [
              256725.028,
              2606429.217
            ],
            [
              256723.256,
              2606429.609
            ],
            [
              256721.322,
              2606429.85
            ],
            [
              256717.73,
              2606430.592
            ],
            [
              256714.541,
              2606431.166
            ],
            [
              256712.134,
              2606431.455
            ],
            [
              256710.57,
              2606431.779
            ],
            [
              256708.118,
              2606432.103
            ],
            [
              256707.614,
              2606430.78
            ],
            [
              256706.994,
              2606429.472
            ],
            [
              256704.729,
              2606425.456
            ],
            [
              256703.961,
              2606423.908
            ],
            [
              256703.147,
              2606422.565
            ],
            [
              256702.588,
              2606421.827
            ],
            [
              256702.167,
              2606421.143
            ],
            [
              256701.373,
              2606419.532
            ],
            [
              256700.347,
              2606416.774
            ],
            [
              256699.018,
              2606413.669
            ],
            [
              256698.38,
              2606412.372
            ],
            [
              256697.687,
              2606410.594
            ],
            [
              256697.021,
              2606408.27
            ],
            [
              256696.214,
              2606405.967
            ],
            [
              256695.607,
              2606403.287
            ],
            [
              256694.972,
              2606400.774
            ],
            [
              256694.14,
              2606398.433
            ],
            [
              256693.581,
              2606397.053
            ],
            [
              256693.189,
              2606395.808
            ],
            [
              256692.354,
              2606393.567
            ],
            [
              256690.987,
              2606389.076
            ],
            [
              256690.474,
              2606387.084
            ],
            [
              256690.226,
              2606385.72
            ],
            [
              256689.184,
              2606381.817
            ],
            [
              256688.923,
              2606380.584
            ],
            [
              256687.892,
              2606377.468
            ],
            [
              256687.508,
              2606376.03
            ],
            [
              256687.075,
              2606373.513
            ],
            [
              256686.899,
              2606372.117
            ],
            [
              256686.437,
              2606369.921
            ],
            [
              256685.927,
              2606366.176
            ],
            [
              256685.533,
              2606364.541
            ],
            [
              256685.14,
              2606362.549
            ],
            [
              256684.953,
              2606361.085
            ],
            [
              256684.715,
              2606359.797
            ],
            [
              256684.529,
              2606357.919
            ],
            [
              256683.992,
              2606355.088
            ],
            [
              256683.753,
              2606354.028
            ],
            [
              256682.252,
              2606348.292
            ],
            [
              256681.712,
              2606346.453
            ],
            [
              256681.177,
              2606343.63
            ],
            [
              256679.864,
              2606338.37
            ],
            [
              256679.583,
              2606336.375
            ],
            [
              256679.372,
              2606335.29
            ],
            [
              256679.26,
              2606334.031
            ],
            [
              256681.56,
              2606333.073
            ],
            [
              256682.342,
              2606332.667
            ],
            [
              256683.319,
              2606332.258
            ],
            [
              256684.163,
              2606331.93
            ],
            [
              256686.052,
              2606331.298
            ],
            [
              256687.077,
              2606330.811
            ],
            [
              256688.21,
              2606330.166
            ],
            [
              256691.369,
              2606328.653
            ],
            [
              256693.322,
              2606327.562
            ],
            [
              256696.226,
              2606326.104
            ],
            [
              256699.294,
              2606324.229
            ],
            [
              256702.053,
              2606322.676
            ],
            [
              256703.152,
              2606321.976
            ],
            [
              256703.822,
              2606321.489
            ],
            [
              256705.514,
              2606320.548
            ],
            [
              256707.097,
              2606319.555
            ],
            [
              256709.175,
              2606318.47
            ],
            [
              256710.61,
              2606317.588
            ],
            [
              256712.852,
              2606316.594
            ],
            [
              256714.864,
              2606315.614
            ],
            [
              256715.914,
              2606315.982
            ],
            [
              256717.976,
              2606316.5
            ],
            [
              256719.149,
              2606316.597
            ],
            [
              256719.873,
              2606316.47
            ],
            [
              256721.234,
              2606315.834
            ],
            [
              256722.389,
              2606314.999
            ],
            [
              256722.967,
              2606314.655
            ],
            [
              256724.304,
              2606313.973
            ],
            [
              256726.904,
              2606312.915
            ],
            [
              256728.635,
              2606311.88
            ],
            [
              256730.934,
              2606310.754
            ],
            [
              256731.93,
              2606310.379
            ],
            [
              256735.366,
              2606309.507
            ],
            [
              256735.806,
              2606309.329
            ],
            [
              256736.852,
              2606308.764
            ],
            [
              256737.274,
              2606308.586
            ],
            [
              256738.164,
              2606308.279
            ],
            [
              256740.237,
              2606307.736
            ],
            [
              256742.058,
              2606306.993
            ],
            [
              256743.68,
              2606306.119
            ],
            [
              256744.542,
              2606305.742
            ],
            [
              256745.541,
              2606305.173
            ],
            [
              256747.547,
              2606304.203
            ],
            [
              256748.312,
              2606303.757
            ],
            [
              256749.703,
              2606303.131
            ],
            [
              256750.815,
              2606302.547
            ],
            [
              256752.194,
              2606302.051
            ],
            [
              256753.505,
              2606301.355
            ],
            [
              256757.077,
              2606300.21
            ],
            [
              256757.714,
              2606299.953
            ],
            [
              256758.496,
              2606299.55
            ],
            [
              256759.38,
              2606299.245
            ],
            [
              256761.806,
              2606298.246
            ],
            [
              256763.349,
              2606297.751
            ],
            [
              256766.31,
              2606296.353
            ],
            [
              256766.996,
              2606295.713
            ],
            [
              256767.219,
              2606295.558
            ],
            [
              256767.53,
              2606295.425
            ],
            [
              256768.577,
              2606295.121
            ],
            [
              256770.543,
              2606294.322
            ],
            [
              256773.46,
              2606292.782
            ],
            [
              256774.504,
              2606292.334
            ],
            [
              256775.77,
              2606291.706
            ],
            [
              256778.003,
              2606290.865
            ],
            [
              256779.778,
              2606290.113
            ],
            [
              256782.553,
              2606289.224
            ],
            [
              256785.972,
              2606287.795
            ],
            [
              256788.281,
              2606286.43
            ],
            [
              256789.219,
              2606285.928
            ],
            [
              256790.63,
              2606284.936
            ],
            [
              256791.741,
              2606284.286
            ],
            [
              256798.694,
              2606280.398
            ],
            [
              256802.661,
              2606277.806
            ],
            [
              256802.974,
              2606277.508
            ],
            [
              256803.226,
              2606277.166
            ],
            [
              256803.4,
              2606276.635
            ],
            [
              256803.341,
              2606276.095
            ],
            [
              256803.064,
              2606275.196
            ],
            [
              256802.704,
              2606274.379
            ],
            [
              256801.814,
              2606272.662
            ],
            [
              256800.79,
              2606270.501
            ],
            [
              256799.878,
              2606268.105
            ],
            [
              256798.036,
              2606264.435
            ],
            [
              256797.57,
              2606263.32
            ],
            [
              256795.688,
              2606259.406
            ],
            [
              256795.087,
              2606258.311
            ],
            [
              256794.5,
              2606257.081
            ],
            [
              256792.671,
              2606254.087
            ],
            [
              256792.026,
              2606252.95
            ],
            [
              256791.91,
              2606252.568
            ],
            [
              256791.891,
              2606252.199
            ],
            [
              256792.048,
              2606251.63
            ],
            [
              256792.436,
              2606251.103
            ],
            [
              256793.032,
              2606250.528
            ],
            [
              256793.72,
              2606249.909
            ],
            [
              256794.745,
              2606249.095
            ],
            [
              256796.942,
              2606247.72
            ],
            [
              256798.224,
              2606246.667
            ],
            [
              256800.383,
              2606245.154
            ],
            [
              256801.667,
              2606244.347
            ],
            [
              256805.512,
              2606241.523
            ],
            [
              256807.634,
              2606240.065
            ],
            [
              256809.515,
              2606238.828
            ],
            [
              256810.571,
              2606238.212
            ],
            [
              256811.664,
              2606237.43
            ],
            [
              256814.078,
              2606235.863
            ],
            [
              256815.784,
              2606234.617
            ],
            [
              256817.048,
              2606233.773
            ],
            [
              256820.247,
              2606231.34
            ],
            [
              256824.711,
              2606228.378
            ],
            [
              256827.045,
              2606227.014
            ],
            [
              256830.071,
              2606225.511
            ],
            [
              256831.619,
              2606225.009
            ],
            [
              256835.238,
              2606223.386
            ],
            [
              256836.271,
              2606223.059
            ],
            [
              256838.807,
              2606222.06
            ],
            [
              256839.734,
              2606221.601
            ],
            [
              256842.313,
              2606220.496
            ],
            [
              256843.384,
              2606219.978
            ],
            [
              256844.454,
              2606219.554
            ],
            [
              256845.233,
              2606219.143
            ],
            [
              256847.632,
              2606218.176
            ],
            [
              256849.263,
              2606217.427
            ],
            [
              256851.241,
              2606216.882
            ],
            [
              256852.305,
              2606216.675
            ],
            [
              256852.797,
              2606216.687
            ],
            [
              256853.074,
              2606216.783
            ],
            [
              256853.547,
              2606217.103
            ],
            [
              256854.14,
              2606217.657
            ],
            [
              256855.115,
              2606218.845
            ],
            [
              256855.874,
              2606220.231
            ],
            [
              256856.537,
              2606221.196
            ],
            [
              256858.086,
              2606222.934
            ],
            [
              256858.784,
              2606223.518
            ],
            [
              256859.415,
              2606224.183
            ],
            [
              256860.402,
              2606225.088
            ],
            [
              256861.05,
              2606225.585
            ],
            [
              256862.377,
              2606226.686
            ],
            [
              256863.817,
              2606228.154
            ],
            [
              256865.806,
              2606230.736
            ],
            [
              256866.678,
              2606232.064
            ],
            [
              256867.16,
              2606232.921
            ],
            [
              256868.438,
              2606234.516
            ],
            [
              256869.572,
              2606236.194
            ],
            [
              256870.51,
              2606237.307
            ],
            [
              256871.354,
              2606238.586
            ],
            [
              256872.695,
              2606240.795
            ],
            [
              256873.394,
              2606241.779
            ],
            [
              256874.382,
              2606243.042
            ],
            [
              256875.599,
              2606244.86
            ],
            [
              256876.519,
              2606245.716
            ],
            [
              256876.888,
              2606246.148
            ],
            [
              256877.722,
              2606246.978
            ],
            [
              256879.949,
              2606249.753
            ],
            [
              256880.939,
              2606250.804
            ],
            [
              256881.752,
              2606251.885
            ],
            [
              256882.426,
              2606252.583
            ],
            [
              256883.13,
              2606253.486
            ],
            [
              256883.778,
              2606254.164
            ],
            [
              256885.184,
              2606255.816
            ],
            [
              256885.901,
              2606256.501
            ],
            [
              256886.581,
              2606257.275
            ],
            [
              256887.356,
              2606258.045
            ],
            [
              256888.615,
              2606259.498
            ],
            [
              256890.247,
              2606260.898
            ],
            [
              256891.016,
              2606261.733
            ],
            [
              256891.79,
              2606262.484
            ],
            [
              256892.604,
              2606263.476
            ],
            [
              256893.741,
              2606264.755
            ],
            [
              256895.229,
              2606266.25
            ],
            [
              256873.687,
              2606281.657
            ]
          ]
        ]
      },
      "properties": {
        "_srcEntity": "LWPOLYLINE",
        "_layer": "Plot",
        "_srcHandle": "120F",
        "_linetype": "Continuous"
      }
    },
    {
      "type": "Feature",
      "id": "1210",
      "geometry": {
        "type": "Polygon",
        "coordinates": [
          [
            [
              256525.502,
              2606098.355
            ],
            [
              256526.332,
              2606099.444
            ],
            [
              256525.116,
              2606100.08
            ],
            [
              256523.702,
              2606100.949
            ],
            [
              256522.979,
              2606101.476
            ],
            [
              256521.891,
              2606102.173
            ],
            [
              256520.866,
              2606102.952
            ],
            [
              256519.059,
              2606104.188
            ],
            [
              256517.476,
              2606105.385
            ],
            [
              256516.096,
              2606106.142
            ],
            [
              256514.55,
              2606107.211
            ],
            [
              256512.603,
              2606108.214
            ],
            [
              256509.399,
              2606110.354
            ],
            [
              256507.626,
              2606111.319
            ],
            [
              256505.904,
              2606112.375
            ],
            [
              256503.638,
              2606113.578
            ],
            [
              256502.237,
              2606114.433
            ],
            [
              256500.813,
              2606115.144
            ],
            [
              256498.428,
              2606116.551
            ],
            [
              256496.982,
              2606117.213
            ],
            [
              256495.344,
              2606118.142
            ],
            [
              256492.111,
              2606120.184
            ],
            [
              256490.716,
              2606120.959
            ],
            [
              256487.999,
              2606122.858
            ],
            [
              256487.158,
              2606123.35
            ],
            [
              256485.913,
              2606123.924
            ],
            [
              256484.801,
              2606124.666
            ],
            [
              256482.895,
              2606125.752
            ],
            [
              256480.724,
              2606127.103
            ],
            [
              256477.161,
              2606129.446
            ],
            [
              256475.665,
              2606130.593
            ],
            [
              256473.932,
              2606131.766
            ],
            [
              256472.994,
              2606132.55
            ],
            [
              256472.776,
              2606132.803
            ],
            [
              256472.584,
              2606133.137
            ],
            [
              256472.459,
              2606133.474
            ],
            [
              256472.453,
              2606133.866
            ],
            [
              256472.582,
              2606134.224
            ],
            [
              256473.035,
              2606135.04
            ],
            [
              256474.398,
              2606136.822
            ],
            [
              256475.911,
              2606138.366
            ],
            [
              256476.88,
              2606139.544
            ],
            [
              256477.555,
              2606140.665
            ],
            [
              256477.669,
              2606140.982
            ],
            [
              256477.697,
              2606141.284
            ],
            [
              256477.628,
              2606141.643
            ],
            [
              256477.486,
              2606141.942
            ],
            [
              256477.014,
              2606142.485
            ],
            [
              256475.356,
              2606143.848
            ],
            [
              256472.8,
              2606145.795
            ],
            [
              256472.395,
              2606146.195
            ],
            [
              256472.068,
              2606146.652
            ],
            [
              256471.92,
              2606147.056
            ],
            [
              256471.881,
              2606147.482
            ],
            [
              256471.935,
              2606147.907
            ],
            [
              256472.278,
              2606148.786
            ],
            [
              256473.799,
              2606151.575
            ],
            [
              256474.882,
              2606154.003
            ],
            [
              256475.633,
              2606155.424
            ],
            [
              256476.286,
              2606156.876
            ],
            [
              256476.558,
              2606157.598
            ],
            [
              256477.378,
              2606159.341
            ],
            [
              256478.799,
              2606162.812
            ],
            [
              256480.093,
              2606166.601
            ],
            [
              256480.446,
              2606167.988
            ],
            [
              256480.705,
              2606169.291
            ],
            [
              256481.255,
              2606170.724
            ],
            [
              256481.634,
              2606172.143
            ],
            [
              256482.433,
              2606174.4
            ],
            [
              256482.738,
              2606175.613
            ],
            [
              256483.173,
              2606176.88
            ],
            [
              256483.55,
              2606178.3
            ],
            [
              256483.993,
              2606179.592
            ],
            [
              256484.55,
              2606180.974
            ],
            [
              256485.357,
              2606183.205
            ],
            [
              256485.961,
              2606185.466
            ],
            [
              256486.194,
              2606186.596
            ],
            [
              256485.434,
              2606187.094
            ],
            [
              256483.232,
              2606188.069
            ],
            [
              256483.341,
              2606188.353
            ],
            [
              256482.701,
              2606187.983
            ],
            [
              256482.214,
              2606187.769
            ],
            [
              256478.273,
              2606186.526
            ],
            [
              256475.749,
              2606186.21
            ],
            [
              256474.155,
              2606186.066
            ],
            [
              256471.536,
              2606186.085
            ],
            [
              256470.023,
              2606186.192
            ],
            [
              256467.649,
              2606186.806
            ],
            [
              256466.819,
              2606186.947
            ],
            [
              256465.626,
              2606187.061
            ],
            [
              256465.279,
              2606187.178
            ],
            [
              256463.977,
              2606187.788
            ],
            [
              256459.449,
              2606189.064
            ],
            [
              256457.706,
              2606190.063
            ],
            [
              256455.604,
              2606191.817
            ],
            [
              256454.971,
              2606192.403
            ],
            [
              256452.628,
              2606194.94
            ],
            [
              256451.576,
              2606195.977
            ],
            [
              256449.651,
              2606198.253
            ],
            [
              256448.361,
              2606199.542
            ],
            [
              256447.395,
              2606200.378
            ],
            [
              256446.627,
              2606201.257
            ],
            [
              256445.762,
              2606202.397
            ],
            [
              256445.082,
              2606203.461
            ],
            [
              256444.598,
              2606204.49
            ],
            [
              256444.279,
              2606205.333
            ],
            [
              256444.119,
              2606205.613
            ],
            [
              256442.408,
              2606207.707
            ],
            [
              256441.922,
              2606208.879
            ],
            [
              256440.257,
              2606211.746
            ],
            [
              256439.628,
              2606212.973
            ],
            [
              256438.861,
              2606214.245
            ],
            [
              256437.694,
              2606216.799
            ],
            [
              256436.826,
              2606218.314
            ],
            [
              256435.641,
              2606221.24
            ],
            [
              256434.768,
              2606222.966
            ],
            [
              256434.025,
              2606224.934
            ],
            [
              256433.177,
              2606226.902
            ],
            [
              256432.745,
              2606228.29
            ],
            [
              256431.856,
              2606230.573
            ],
            [
              256431.05,
              2606232.847
            ],
            [
              256430.23,
              2606234.43
            ],
            [
              256429.688,
              2606235.632
            ],
            [
              256428.629,
              2606237.303
            ],
            [
              256427.65,
              2606238.988
            ],
            [
              256426.705,
              2606240.686
            ],
            [
              256426.235,
              2606241.633
            ],
            [
              256425.774,
              2606242.324
            ],
            [
              256424.702,
              2606243.71
            ],
            [
              256424.075,
              2606244.735
            ],
            [
              256423.023,
              2606246.663
            ],
            [
              256317.236,
              2606105.594
            ],
            [
              256318,
              2606105.29
            ],
            [
              256319.6,
              2606104.413
            ],
            [
              256320.416,
              2606103.836
            ],
            [
              256323.91,
              2606101.006
            ],
            [
              256325.855,
              2606099.524
            ],
            [
              256329.995,
              2606096.167
            ],
            [
              256332.466,
              2606094.383
            ],
            [
              256336.633,
              2606091.035
            ],
            [
              256340.898,
              2606087.722
            ],
            [
              256343.464,
              2606085.3
            ],
            [
              256345.844,
              2606083.263
            ],
            [
              256347.983,
              2606081.365
            ],
            [
              256349.503,
              2606079.922
            ],
            [
              256350.621,
              2606078.981
            ],
            [
              256354.751,
              2606075.038
            ],
            [
              256358.985,
              2606070.778
            ],
            [
              256360.075,
              2606069.563
            ],
            [
              256360.605,
              2606068.876
            ],
            [
              256363.243,
              2606066.183
            ],
            [
              256364.478,
              2606064.73
            ],
            [
              256366.34,
              2606062.771
            ],
            [
              256368.082,
              2606060.621
            ],
            [
              256369.804,
              2606058.707
            ],
            [
              256371.521,
              2606056.541
            ],
            [
              256373.559,
              2606054.122
            ],
            [
              256376.786,
              2606050.034
            ],
            [
              256378.717,
              2606046.883
            ],
            [
              256379.391,
              2606045.899
            ],
            [
              256381.554,
              2606043.623
            ],
            [
              256383.097,
              2606042.313
            ],
            [
              256385.151,
              2606040.767
            ],
            [
              256386.255,
              2606039.775
            ],
            [
              256388.831,
              2606037.896
            ],
            [
              256392.412,
              2606034.706
            ],
            [
              256393.437,
              2606033.975
            ],
            [
              256394.1,
              2606033.341
            ],
            [
              256394.727,
              2606032.929
            ],
            [
              256395.542,
              2606032.302
            ],
            [
              256398.298,
              2606029.936
            ],
            [
              256400.258,
              2606028.436
            ],
            [
              256401.604,
              2606027.186
            ],
            [
              256404.065,
              2606025.221
            ],
            [
              256405.172,
              2606024.571
            ],
            [
              256406.087,
              2606023.84
            ],
            [
              256408.948,
              2606021.726
            ],
            [
              256411.015,
              2606019.948
            ],
            [
              256414.556,
              2606017.273
            ],
            [
              256415.411,
              2606016.531
            ],
            [
              256417.022,
              2606015.475
            ],
            [
              256418.719,
              2606014.19
            ],
            [
              256419.317,
              2606013.703
            ],
            [
              256420.172,
              2606012.875
            ],
            [
              256421.156,
              2606012.158
            ],
            [
              256424.401,
              2606009.487
            ],
            [
              256426.134,
              2606008.292
            ],
            [
              256427.722,
              2606006.98
            ],
            [
              256430.07,
              2606005.318
            ],
            [
              256433.888,
              2606002.318
            ],
            [
              256435.297,
              2606001.079
            ],
            [
              256436.623,
              2606000.386
            ],
            [
              256437.263,
              2606000.204
            ],
            [
              256437.946,
              2606000.151
            ],
            [
              256439.671,
              2606000.182
            ],
            [
              256441.163,
              2605999.999
            ],
            [
              256444.016,
              2605999.247
            ],
            [
              256446.106,
              2605998.973
            ],
            [
              256448.462,
              2605998.411
            ],
            [
              256451.423,
              2605998.004
            ],
            [
              256453.809,
              2605997.795
            ],
            [
              256455.462,
              2605997.464
            ],
            [
              256456.945,
              2605997.063
            ],
            [
              256457.923,
              2605996.882
            ],
            [
              256459.322,
              2605996.766
            ],
            [
              256462.703,
              2605996.691
            ],
            [
              256463.6,
              2605997.753
            ],
            [
              256464.827,
              2605999.537
            ],
            [
              256467.092,
              2606003.54
            ],
            [
              256468.518,
              2606005.624
            ],
            [
              256469.023,
              2606006.493
            ],
            [
              256469.887,
              2606007.801
            ],
            [
              256471.488,
              2606010.582
            ],
            [
              256472.399,
              2606011.884
            ],
            [
              256473.138,
              2606013.264
            ],
            [
              256473.885,
              2606014.465
            ],
            [
              256475.097,
              2606016.663
            ],
            [
              256475.867,
              2606017.831
            ],
            [
              256476.689,
              2606018.9
            ],
            [
              256478.584,
              2606021.918
            ],
            [
              256481.148,
              2606025.463
            ],
            [
              256482.009,
              2606026.742
            ],
            [
              256485.634,
              2606032.519
            ],
            [
              256487.154,
              2606034.84
            ],
            [
              256487.968,
              2606036.198
            ],
            [
              256488.972,
              2606037.594
            ],
            [
              256490.966,
              2606040.623
            ],
            [
              256492.078,
              2606042.893
            ],
            [
              256493.079,
              2606044.69
            ],
            [
              256493.696,
              2606045.656
            ],
            [
              256494.174,
              2606046.658
            ],
            [
              256496.094,
              2606049.608
            ],
            [
              256497.374,
              2606052.094
            ],
            [
              256498.105,
              2606053.213
            ],
            [
              256500.638,
              2606057.554
            ],
            [
              256502.081,
              2606059.535
            ],
            [
              256503.089,
              2606061.834
            ],
            [
              256503.714,
              2606062.921
            ],
            [
              256505.146,
              2606065.692
            ],
            [
              256506.843,
              2606069.363
            ],
            [
              256507.217,
              2606069.928
            ],
            [
              256507.864,
              2606071.222
            ],
            [
              256510.67,
              2606076.1
            ],
            [
              256511.334,
              2606077.075
            ],
            [
              256512.462,
              2606079.438
            ],
            [
              256513.461,
              2606081.007
            ],
            [
              256514.235,
              2606082.38
            ],
            [
              256514.938,
              2606083.379
            ],
            [
              256515.405,
              2606084.181
            ],
            [
              256516.402,
              2606085.545
            ],
            [
              256517.715,
              2606087.648
            ],
            [
              256518.4,
              2606088.637
            ],
            [
              256520.117,
              2606090.939
            ],
            [
              256521.364,
              2606092.467
            ],
            [
              256522.781,
              2606094.587
            ],
            [
              256523.377,
              2606095.57
            ],
            [
              256523.896,
              2606096.228
            ],
            [
              256524.486,
              2606097.129
            ],
            [
              256525.502,
              2606098.355
            ]
          ]
        ]
      },
      "properties": {
        "_srcEntity": "LWPOLYLINE",
        "_layer": "Plot",
        "_srcHandle": "1210",
        "_linetype": "Continuous"
      }
    },
    {
      "type": "Feature",
      "id": "1211",
      "geometry": {
        "type": "Polygon",
        "coordinates": [
          [
            [
              256442.816,
              2605946.818
            ],
            [
              256444.248,
              2605948.8
            ],
            [
              256445.177,
              2605949.872
            ],
            [
              256446.297,
              2605951.046
            ],
            [
              256447.329,
              2605952.256
            ],
            [
              256449.188,
              2605954.796
            ],
            [
              256450.4,
              2605956.195
            ],
            [
              256451.288,
              2605957.325
            ],
            [
              256453.152,
              2605959.904
            ],
            [
              256457.806,
              2605964.741
            ],
            [
              256479.312,
              2605988.468
            ],
            [
              256479.342,
              2605988.505
            ],
            [
              256478.405,
              2605989.126
            ],
            [
              256476.226,
              2605990.299
            ],
            [
              256473.626,
              2605991.359
            ],
            [
              256470.92,
              2605992.809
            ],
            [
              256465.478,
              2605995.234
            ],
            [
              256462.703,
              2605996.691
            ],
            [
              256459.322,
              2605996.766
            ],
            [
              256457.923,
              2605996.882
            ],
            [
              256456.945,
              2605997.063
            ],
            [
              256455.462,
              2605997.464
            ],
            [
              256453.809,
              2605997.795
            ],
            [
              256451.423,
              2605998.004
            ],
            [
              256448.462,
              2605998.411
            ],
            [
              256446.106,
              2605998.973
            ],
            [
              256444.016,
              2605999.247
            ],
            [
              256441.163,
              2605999.999
            ],
            [
              256439.671,
              2606000.182
            ],
            [
              256437.946,
              2606000.151
            ],
            [
              256437.263,
              2606000.204
            ],
            [
              256436.623,
              2606000.386
            ],
            [
              256435.297,
              2606001.079
            ],
            [
              256433.888,
              2606002.318
            ],
            [
              256430.07,
              2606005.318
            ],
            [
              256427.722,
              2606006.98
            ],
            [
              256426.134,
              2606008.292
            ],
            [
              256424.401,
              2606009.487
            ],
            [
              256421.156,
              2606012.158
            ],
            [
              256420.172,
              2606012.875
            ],
            [
              256419.317,
              2606013.703
            ],
            [
              256418.719,
              2606014.19
            ],
            [
              256417.022,
              2606015.475
            ],
            [
              256415.411,
              2606016.531
            ],
            [
              256414.556,
              2606017.273
            ],
            [
              256411.015,
              2606019.948
            ],
            [
              256408.948,
              2606021.726
            ],
            [
              256406.087,
              2606023.84
            ],
            [
              256405.172,
              2606024.571
            ],
            [
              256404.065,
              2606025.221
            ],
            [
              256401.604,
              2606027.186
            ],
            [
              256400.258,
              2606028.436
            ],
            [
              256398.298,
              2606029.936
            ],
            [
              256395.542,
              2606032.302
            ],
            [
              256394.727,
              2606032.929
            ],
            [
              256394.1,
              2606033.341
            ],
            [
              256393.437,
              2606033.975
            ],
            [
              256392.412,
              2606034.706
            ],
            [
              256388.831,
              2606037.896
            ],
            [
              256386.255,
              2606039.775
            ],
            [
              256385.151,
              2606040.767
            ],
            [
              256383.097,
              2606042.313
            ],
            [
              256381.554,
              2606043.623
            ],
            [
              256379.391,
              2606045.899
            ],
            [
              256378.717,
              2606046.883
            ],
            [
              256376.786,
              2606050.034
            ],
            [
              256373.559,
              2606054.122
            ],
            [
              256371.521,
              2606056.541
            ],
            [
              256369.804,
              2606058.707
            ],
            [
              256368.082,
              2606060.621
            ],
            [
              256366.34,
              2606062.771
            ],
            [
              256364.478,
              2606064.73
            ],
            [
              256363.243,
              2606066.183
            ],
            [
              256360.605,
              2606068.876
            ],
            [
              256360.075,
              2606069.563
            ],
            [
              256358.985,
              2606070.778
            ],
            [
              256354.751,
              2606075.038
            ],
            [
              256350.621,
              2606078.981
            ],
            [
              256349.503,
              2606079.922
            ],
            [
              256347.983,
              2606081.365
            ],
            [
              256345.844,
              2606083.263
            ],
            [
              256343.464,
              2606085.3
            ],
            [
              256340.898,
              2606087.722
            ],
            [
              256336.633,
              2606091.035
            ],
            [
              256332.466,
              2606094.383
            ],
            [
              256329.995,
              2606096.167
            ],
            [
              256325.855,
              2606099.524
            ],
            [
              256323.91,
              2606101.006
            ],
            [
              256320.416,
              2606103.836
            ],
            [
              256319.6,
              2606104.413
            ],
            [
              256318,
              2606105.29
            ],
            [
              256317.236,
              2606105.594
            ],
            [
              256258.959,
              2606027.882
            ],
            [
              256258.97,
              2606027.874
            ],
            [
              256260.996,
              2606026.783
            ],
            [
              256262.163,
              2606025.939
            ],
            [
              256263.764,
              2606024.667
            ],
            [
              256264.89,
              2606024.086
            ],
            [
              256266.414,
              2606023.074
            ],
            [
              256267.452,
              2606022.481
            ],
            [
              256270.238,
              2606020.6
            ],
            [
              256272.492,
              2606019.389
            ],
            [
              256273.695,
              2606018.47
            ],
            [
              256275.088,
              2606017.566
            ],
            [
              256275.954,
              2606016.905
            ],
            [
              256276.739,
              2606016.406
            ],
            [
              256278.403,
              2606015.154
            ],
            [
              256279.563,
              2606014.111
            ],
            [
              256280.366,
              2606013.535
            ],
            [
              256283.106,
              2606011.34
            ],
            [
              256285.452,
              2606009
            ],
            [
              256286.971,
              2606007.413
            ],
            [
              256287.746,
              2606006.173
            ],
            [
              256288.114,
              2606005.347
            ],
            [
              256288.271,
              2606004.789
            ],
            [
              256288.513,
              2606003.473
            ],
            [
              256288.56,
              2606002.824
            ],
            [
              256288.504,
              2606002.17
            ],
            [
              256288.396,
              2606001.748
            ],
            [
              256287.755,
              2606000.403
            ],
            [
              256285.427,
              2605995.994
            ],
            [
              256282.126,
              2605990.299
            ],
            [
              256280.792,
              2605987.87
            ],
            [
              256279.588,
              2605985.285
            ],
            [
              256278.425,
              2605983.216
            ],
            [
              256277.376,
              2605981.067
            ],
            [
              256276.338,
              2605978.494
            ],
            [
              256275.325,
              2605976.651
            ],
            [
              256274.83,
              2605975.482
            ],
            [
              256274.131,
              2605973.499
            ],
            [
              256273.995,
              2605972.69
            ],
            [
              256274.066,
              2605972.032
            ],
            [
              256274.506,
              2605970.644
            ],
            [
              256274.586,
              2605969.795
            ],
            [
              256274.521,
              2605968.942
            ],
            [
              256274.185,
              2605967.501
            ],
            [
              256274.018,
              2605966.406
            ],
            [
              256273.289,
              2605964.827
            ],
            [
              256271.184,
              2605958.484
            ],
            [
              256269.927,
              2605955.347
            ],
            [
              256268.681,
              2605952.879
            ],
            [
              256267.821,
              2605951.415
            ],
            [
              256266.433,
              2605949.357
            ],
            [
              256265.353,
              2605947.451
            ],
            [
              256264.713,
              2605946.549
            ],
            [
              256263.776,
              2605944.996
            ],
            [
              256262.75,
              2605943.441
            ],
            [
              256261.29,
              2605940.898
            ],
            [
              256260.283,
              2605939.503
            ],
            [
              256259.612,
              2605938.415
            ],
            [
              256258.739,
              2605937.195
            ],
            [
              256257.946,
              2605935.897
            ],
            [
              256257.338,
              2605935.05
            ],
            [
              256256.23,
              2605933.281
            ],
            [
              256255.521,
              2605932.034
            ],
            [
              256254.596,
              2605930.593
            ],
            [
              256253.408,
              2605928.416
            ],
            [
              256252.554,
              2605926.979
            ],
            [
              256251.949,
              2605926.137
            ],
            [
              256251.249,
              2605924.696
            ],
            [
              256250.516,
              2605923.681
            ],
            [
              256249.747,
              2605922.43
            ],
            [
              256249.471,
              2605921.904
            ],
            [
              256249.082,
              2605920.887
            ],
            [
              256248.569,
              2605919.911
            ],
            [
              256247.524,
              2605918.234
            ],
            [
              256246.737,
              2605917.08
            ],
            [
              256245.815,
              2605915.852
            ],
            [
              256247.166,
              2605915.236
            ],
            [
              256249.088,
              2605914.527
            ],
            [
              256250.183,
              2605914.065
            ],
            [
              256251.94,
              2605913.5
            ],
            [
              256256.017,
              2605911.91
            ],
            [
              256258.194,
              2605911.229
            ],
            [
              256259.434,
              2605910.713
            ],
            [
              256260.545,
              2605910.419
            ],
            [
              256261.76,
              2605909.955
            ],
            [
              256264.785,
              2605909.471
            ],
            [
              256264.351,
              2605907.251
            ],
            [
              256264.129,
              2605905.355
            ],
            [
              256264.907,
              2605903.478
            ],
            [
              256265.501,
              2605902.385
            ],
            [
              256266.105,
              2605901.735
            ],
            [
              256267.612,
              2605900.57
            ],
            [
              256268.739,
              2605900.223
            ],
            [
              256269.758,
              2605900.031
            ],
            [
              256270.574,
              2605900.005
            ],
            [
              256272.369,
              2605900.13
            ],
            [
              256273.195,
              2605900.071
            ],
            [
              256273.465,
              2605899.378
            ],
            [
              256274.066,
              2605901.217
            ],
            [
              256274.868,
              2605901.778
            ],
            [
              256275.24,
              2605902.12
            ],
            [
              256275.659,
              2605902.652
            ],
            [
              256276.279,
              2605903.629
            ],
            [
              256277.456,
              2605903.01
            ],
            [
              256278.848,
              2605902.196
            ],
            [
              256281.271,
              2605900.967
            ],
            [
              256283.001,
              2605899.932
            ],
            [
              256286.246,
              2605898.322
            ],
            [
              256289.648,
              2605896.434
            ],
            [
              256291.429,
              2605895.604
            ],
            [
              256294.728,
              2605893.957
            ],
            [
              256298.609,
              2605891.716
            ],
            [
              256299.439,
              2605891.335
            ],
            [
              256300.439,
              2605890.942
            ],
            [
              256301.61,
              2605890.57
            ],
            [
              256302.481,
              2605890.394
            ],
            [
              256303.247,
              2605890.371
            ],
            [
              256303.611,
              2605890.425
            ],
            [
              256303.942,
              2605890.548
            ],
            [
              256305.638,
              2605891.818
            ],
            [
              256306.933,
              2605892.846
            ],
            [
              256307.733,
              2605893.389
            ],
            [
              256308.26,
              2605893.679
            ],
            [
              256308.665,
              2605893.836
            ],
            [
              256309.289,
              2605893.992
            ],
            [
              256310.818,
              2605894.229
            ],
            [
              256311.766,
              2605894.219
            ],
            [
              256313.54,
              2605893.847
            ],
            [
              256315.813,
              2605893.614
            ],
            [
              256316.442,
              2605893.676
            ],
            [
              256317.736,
              2605894.037
            ],
            [
              256319.137,
              2605894.301
            ],
            [
              256320.624,
              2605894.801
            ],
            [
              256321.455,
              2605894.913
            ],
            [
              256323.138,
              2605894.965
            ],
            [
              256324.724,
              2605894.766
            ],
            [
              256327.116,
              2605894.62
            ],
            [
              256329.438,
              2605894.554
            ],
            [
              256330.581,
              2605894.587
            ],
            [
              256332.115,
              2605894.841
            ],
            [
              256333.196,
              2605895.175
            ],
            [
              256333.934,
              2605895.536
            ],
            [
              256334.397,
              2605895.88
            ],
            [
              256335.284,
              2605896.71
            ],
            [
              256335.82,
              2605897.423
            ],
            [
              256336.198,
              2605897.65
            ],
            [
              256336.485,
              2605897.686
            ],
            [
              256337.001,
              2605897.554
            ],
            [
              256337.488,
              2605897.261
            ],
            [
              256338.436,
              2605896.299
            ],
            [
              256339.516,
              2605895.363
            ],
            [
              256341.411,
              2605893.374
            ],
            [
              256343.1,
              2605891.703
            ],
            [
              256344.268,
              2605890.665
            ],
            [
              256345.258,
              2605889.975
            ],
            [
              256346.04,
              2605889.668
            ],
            [
              256347.608,
              2605892.801
            ],
            [
              256347.903,
              2605893.837
            ],
            [
              256349.49,
              2605896.622
            ],
            [
              256350.468,
              2605898.474
            ],
            [
              256351.138,
              2605900.159
            ],
            [
              256351.852,
              2605901.743
            ],
            [
              256352.41,
              2605903.271
            ],
            [
              256353.409,
              2605905.291
            ],
            [
              256354.31,
              2605906.765
            ],
            [
              256356.42,
              2605909.707
            ],
            [
              256357.345,
              2605910.816
            ],
            [
              256358.793,
              2605912.831
            ],
            [
              256359.341,
              2605913.456
            ],
            [
              256359.959,
              2605913.996
            ],
            [
              256360.471,
              2605915.162
            ],
            [
              256361.304,
              2605916.575
            ],
            [
              256361.892,
              2605917.434
            ],
            [
              256363.386,
              2605920.182
            ],
            [
              256365.374,
              2605922.935
            ],
            [
              256366.624,
              2605925.105
            ],
            [
              256367.854,
              2605926.869
            ],
            [
              256369.398,
              2605929.369
            ],
            [
              256370.244,
              2605930.457
            ],
            [
              256371.646,
              2605932.444
            ],
            [
              256372.424,
              2605933.775
            ],
            [
              256373.405,
              2605935.134
            ],
            [
              256374.222,
              2605936.589
            ],
            [
              256376.034,
              2605939.171
            ],
            [
              256376.737,
              2605940.353
            ],
            [
              256377.374,
              2605941.19
            ],
            [
              256378.249,
              2605942.704
            ],
            [
              256378.634,
              2605943.141
            ],
            [
              256378.93,
              2605943.389
            ],
            [
              256379.262,
              2605943.582
            ],
            [
              256379.6,
              2605943.678
            ],
            [
              256380.12,
              2605943.649
            ],
            [
              256380.738,
              2605943.419
            ],
            [
              256382.003,
              2605942.686
            ],
            [
              256383.186,
              2605941.919
            ],
            [
              256385.226,
              2605941.041
            ],
            [
              256386.037,
              2605940.639
            ],
            [
              256386.614,
              2605940.266
            ],
            [
              256388.115,
              2605939.117
            ],
            [
              256391.866,
              2605937.05
            ],
            [
              256394.592,
              2605935.814
            ],
            [
              256395.964,
              2605935.319
            ],
            [
              256397.38,
              2605934.591
            ],
            [
              256399.999,
              2605933.619
            ],
            [
              256401.549,
              2605932.867
            ],
            [
              256404.656,
              2605931.484
            ],
            [
              256407.879,
              2605929.89
            ],
            [
              256410.321,
              2605928.858
            ],
            [
              256414.636,
              2605926.731
            ],
            [
              256416.858,
              2605925.495
            ],
            [
              256420.154,
              2605923.997
            ],
            [
              256421.871,
              2605923.09
            ],
            [
              256423.116,
              2605922.567
            ],
            [
              256424.416,
              2605921.898
            ],
            [
              256424.733,
              2605922.077
            ],
            [
              256424.957,
              2605922.136
            ],
            [
              256425.177,
              2605922.127
            ],
            [
              256425.379,
              2605922.054
            ],
            [
              256425.526,
              2605921.948
            ],
            [
              256425.765,
              2605921.701
            ],
            [
              256426.418,
              2605920.912
            ],
            [
              256426.807,
              2605921.107
            ],
            [
              256427.084,
              2605921.133
            ],
            [
              256427.217,
              2605921.113
            ],
            [
              256427.34,
              2605921.066
            ],
            [
              256427.489,
              2605920.932
            ],
            [
              256427.546,
              2605920.725
            ],
            [
              256427.529,
              2605920.525
            ],
            [
              256429.712,
              2605919.108
            ],
            [
              256431.388,
              2605918.415
            ],
            [
              256431.651,
              2605919.44
            ],
            [
              256432.27,
              2605921.325
            ],
            [
              256432.565,
              2605922.543
            ],
            [
              256433.948,
              2605927.21
            ],
            [
              256434.377,
              2605928.505
            ],
            [
              256435.308,
              2605930.933
            ],
            [
              256435.97,
              2605933.151
            ],
            [
              256436.498,
              2605934.643
            ],
            [
              256438.085,
              2605938.095
            ],
            [
              256440.037,
              2605941.291
            ],
            [
              256442.816,
              2605946.818
            ]
          ]
        ]
      },
      "properties": {
        "_srcEntity": "LWPOLYLINE",
        "_layer": "Plot",
        "_srcHandle": "1211",
        "_linetype": "Continuous"
      }
    },
    {
      "type": "Feature",
      "id": "1212",
      "geometry": {
        "type": "Polygon",
        "coordinates": [
          [
            [
              256501.414,
              2605488.441
            ],
            [
              256500.929,
              2605488.886
            ],
            [
              256500.377,
              2605489.553
            ],
            [
              256499.476,
              2605490.481
            ],
            [
              256498.885,
              2605491.473
            ],
            [
              256498.471,
              2605492.006
            ],
            [
              256498.278,
              2605492.21
            ],
            [
              256497.838,
              2605492.535
            ],
            [
              256497.361,
              2605492.957
            ],
            [
              256496.542,
              2605493.815
            ],
            [
              256495.494,
              2605495.36
            ],
            [
              256494.482,
              2605496.761
            ],
            [
              256494.233,
              2605497.389
            ],
            [
              256494.16,
              2605497.895
            ],
            [
              256494.194,
              2605498.194
            ],
            [
              256494.293,
              2605498.466
            ],
            [
              256494.824,
              2605499.279
            ],
            [
              256495.534,
              2605500.843
            ],
            [
              256495.933,
              2605501.625
            ],
            [
              256496.246,
              2605502.832
            ],
            [
              256496.481,
              2605503.377
            ],
            [
              256496.991,
              2605504.278
            ],
            [
              256498.286,
              2605506.816
            ],
            [
              256499.224,
              2605508.102
            ],
            [
              256500.533,
              2605510.466
            ],
            [
              256501.88,
              2605512.555
            ],
            [
              256502.303,
              2605513.412
            ],
            [
              256502.804,
              2605514.096
            ],
            [
              256503.427,
              2605515.222
            ],
            [
              256503.742,
              2605515.66
            ],
            [
              256504.073,
              2605516.282
            ],
            [
              256504.446,
              2605516.826
            ],
            [
              256504.803,
              2605517.549
            ],
            [
              256505.187,
              2605518.1
            ],
            [
              256506.184,
              2605519.954
            ],
            [
              256506.726,
              2605520.77
            ],
            [
              256507.244,
              2605521.418
            ],
            [
              256508.167,
              2605522.761
            ],
            [
              256508.576,
              2605523.444
            ],
            [
              256510.433,
              2605526.082
            ],
            [
              256510.909,
              2605526.879
            ],
            [
              256511.985,
              2605528.413
            ],
            [
              256512.262,
              2605528.92
            ],
            [
              256512.678,
              2605529.947
            ],
            [
              256512.892,
              2605530.315
            ],
            [
              256513.077,
              2605530.516
            ],
            [
              256513.621,
              2605530.973
            ],
            [
              256514.16,
              2605531.554
            ],
            [
              256518.052,
              2605536.245
            ],
            [
              256518.634,
              2605536.809
            ],
            [
              256519.251,
              2605537.301
            ],
            [
              256519.365,
              2605537.743
            ],
            [
              256519.504,
              2605538.077
            ],
            [
              256519.652,
              2605538.325
            ],
            [
              256519.933,
              2605538.631
            ],
            [
              256520.454,
              2605539.231
            ],
            [
              256520.951,
              2605539.628
            ],
            [
              256521.343,
              2605540.095
            ],
            [
              256521.478,
              2605540.208
            ],
            [
              256521.63,
              2605540.292
            ],
            [
              256521.715,
              2605540.591
            ],
            [
              256521.802,
              2605540.791
            ],
            [
              256522.549,
              2605541.461
            ],
            [
              256522.975,
              2605542.339
            ],
            [
              256523.147,
              2605542.551
            ],
            [
              256524.158,
              2605543.252
            ],
            [
              256525.478,
              2605544.629
            ],
            [
              256528.183,
              2605547.965
            ],
            [
              256529.788,
              2605550.094
            ],
            [
              256529.919,
              2605550.512
            ],
            [
              256530.169,
              2605550.903
            ],
            [
              256530.406,
              2605551.113
            ],
            [
              256530.977,
              2605551.422
            ],
            [
              256531.407,
              2605552.179
            ],
            [
              256532.539,
              2605553.495
            ],
            [
              256536.194,
              2605558.521
            ],
            [
              256537.35,
              2605559.934
            ],
            [
              256538.368,
              2605561.362
            ],
            [
              256540.758,
              2605564.411
            ],
            [
              256543.085,
              2605567.691
            ],
            [
              256544.44,
              2605569.452
            ],
            [
              256546.339,
              2605572.171
            ],
            [
              256547.531,
              2605573.738
            ],
            [
              256549.598,
              2605576.884
            ],
            [
              256550.445,
              2605578.303
            ],
            [
              256553.221,
              2605580.689
            ],
            [
              256556.174,
              2605583.795
            ],
            [
              256560.829,
              2605588.257
            ],
            [
              256561.5,
              2605588.999
            ],
            [
              256562.251,
              2605589.968
            ],
            [
              256562.347,
              2605590.565
            ],
            [
              256562.469,
              2605590.84
            ],
            [
              256562.579,
              2605590.996
            ],
            [
              256562.721,
              2605591.121
            ],
            [
              256563.033,
              2605591.312
            ],
            [
              256563.441,
              2605591.464
            ],
            [
              256564.178,
              2605592.342
            ],
            [
              256565.413,
              2605594.047
            ],
            [
              256566.564,
              2605595.2
            ],
            [
              256567.277,
              2605596.061
            ],
            [
              256568.274,
              2605597.131
            ],
            [
              256568.581,
              2605597.593
            ],
            [
              256568.881,
              2605598.276
            ],
            [
              256568.126,
              2605598.667
            ],
            [
              256567.896,
              2605598.8
            ],
            [
              256567.786,
              2605598.912
            ],
            [
              256567.645,
              2605599.178
            ],
            [
              256566.305,
              2605599.892
            ],
            [
              256564.483,
              2605601.094
            ],
            [
              256561.801,
              2605602.63
            ],
            [
              256558.638,
              2605604.238
            ],
            [
              256556.834,
              2605605.514
            ],
            [
              256555.034,
              2605606.593
            ],
            [
              256553.38,
              2605607.497
            ],
            [
              256550.883,
              2605609.229
            ],
            [
              256549.612,
              2605610.225
            ],
            [
              256549.027,
              2605610.759
            ],
            [
              256547.004,
              2605612.03
            ],
            [
              256545.457,
              2605613.191
            ],
            [
              256543.964,
              2605614.091
            ],
            [
              256541.376,
              2605615.943
            ],
            [
              256534.72,
              2605619.017
            ],
            [
              256532.446,
              2605620.327
            ],
            [
              256530.254,
              2605621.499
            ],
            [
              256526.773,
              2605623.157
            ],
            [
              256521.385,
              2605626.191
            ],
            [
              256517.349,
              2605628.723
            ],
            [
              256513.753,
              2605631.426
            ],
            [
              256511.592,
              2605632.674
            ],
            [
              256509.623,
              2605634.011
            ],
            [
              256505.696,
              2605636.533
            ],
            [
              256504.181,
              2605637.711
            ],
            [
              256501.925,
              2605639.616
            ],
            [
              256500.677,
              2605640.524
            ],
            [
              256499.945,
              2605641.184
            ],
            [
              256498.467,
              2605642.267
            ],
            [
              256497.314,
              2605643.231
            ],
            [
              256496.509,
              2605643.826
            ],
            [
              256495.449,
              2605644.938
            ],
            [
              256493.863,
              2605646.045
            ],
            [
              256492.697,
              2605646.803
            ],
            [
              256491.962,
              2605647.18
            ],
            [
              256491.252,
              2605647.4
            ],
            [
              256490.146,
              2605647.586
            ],
            [
              256489.73,
              2605645.453
            ],
            [
              256488.844,
              2605642.945
            ],
            [
              256487.875,
              2605640.776
            ],
            [
              256486.114,
              2605637.654
            ],
            [
              256484.594,
              2605635.735
            ],
            [
              256482.635,
              2605633.133
            ],
            [
              256480.33,
              2605630.262
            ],
            [
              256477.861,
              2605626.972
            ],
            [
              256476.349,
              2605625.213
            ],
            [
              256473.348,
              2605621.292
            ],
            [
              256469.631,
              2605615.698
            ],
            [
              256468.453,
              2605614.128
            ],
            [
              256467.789,
              2605613.026
            ],
            [
              256466.552,
              2605611.314
            ],
            [
              256464.671,
              2605608.325
            ],
            [
              256463.381,
              2605606.634
            ],
            [
              256460.391,
              2605602.352
            ],
            [
              256458.975,
              2605600.612
            ],
            [
              256456.605,
              2605597.215
            ],
            [
              256454.393,
              2605594.327
            ],
            [
              256453.865,
              2605593.503
            ],
            [
              256451.622,
              2605589.454
            ],
            [
              256450.444,
              2605587.861
            ],
            [
              256449.566,
              2605586.532
            ],
            [
              256447.381,
              2605582.767
            ],
            [
              256445.076,
              2605579.579
            ],
            [
              256443.779,
              2605577.893
            ],
            [
              256441.174,
              2605574.117
            ],
            [
              256438.118,
              2605570.266
            ],
            [
              256437.847,
              2605569.493
            ],
            [
              256437.564,
              2605569.069
            ],
            [
              256437.141,
              2605568.725
            ],
            [
              256436.588,
              2605568.439
            ],
            [
              256435.32,
              2605566.809
            ],
            [
              256433.189,
              2605564.285
            ],
            [
              256433.015,
              2605563.77
            ],
            [
              256432.885,
              2605563.553
            ],
            [
              256432.692,
              2605563.344
            ],
            [
              256432.255,
              2605563.089
            ],
            [
              256431.662,
              2605562.958
            ],
            [
              256431.149,
              2605562.127
            ],
            [
              256430.324,
              2605560.952
            ],
            [
              256428.208,
              2605558.342
            ],
            [
              256426.105,
              2605555.958
            ],
            [
              256424.177,
              2605553.662
            ],
            [
              256422.895,
              2605552.281
            ],
            [
              256421.206,
              2605550.284
            ],
            [
              256420.079,
              2605548.848
            ],
            [
              256418.123,
              2605546.649
            ],
            [
              256416.769,
              2605544.983
            ],
            [
              256416.022,
              2605543.839
            ],
            [
              256414.94,
              2605542.874
            ],
            [
              256414.551,
              2605542.45
            ],
            [
              256414.199,
              2605541.928
            ],
            [
              256413.881,
              2605541.281
            ],
            [
              256413.61,
              2605540.885
            ],
            [
              256412.108,
              2605539.776
            ],
            [
              256409.849,
              2605537.716
            ],
            [
              256407.65,
              2605535.446
            ],
            [
              256405.397,
              2605533.491
            ],
            [
              256404.675,
              2605532.767
            ],
            [
              256403.11,
              2605531.657
            ],
            [
              256401.537,
              2605530.331
            ],
            [
              256400.59,
              2605529.294
            ],
            [
              256398.4,
              2605527.776
            ],
            [
              256396.95,
              2605526.582
            ],
            [
              256395.367,
              2605525.417
            ],
            [
              256393.917,
              2605524.28
            ],
            [
              256393.007,
              2605523.512
            ],
            [
              256392.057,
              2605522.828
            ],
            [
              256389.482,
              2605520.735
            ],
            [
              256387.762,
              2605519.509
            ],
            [
              256386.123,
              2605518.14
            ],
            [
              256385.096,
              2605517.443
            ],
            [
              256383.496,
              2605515.968
            ],
            [
              256382.965,
              2605515.564
            ],
            [
              256381.678,
              2605514.319
            ],
            [
              256380.636,
              2605513.456
            ],
            [
              256379.748,
              2605512.816
            ],
            [
              256378.694,
              2605511.771
            ],
            [
              256377.796,
              2605511.007
            ],
            [
              256376.023,
              2605509.291
            ],
            [
              256374.655,
              2605508.182
            ],
            [
              256373.237,
              2605506.919
            ],
            [
              256370.741,
              2605505.109
            ],
            [
              256369.514,
              2605504.358
            ],
            [
              256368.789,
              2605503.71
            ],
            [
              256367.53,
              2605502.695
            ],
            [
              256366.365,
              2605501.99
            ],
            [
              256365.42,
              2605501.328
            ],
            [
              256364.714,
              2605500.92
            ],
            [
              256364.1,
              2605500.402
            ],
            [
              256363.16,
              2605499.859
            ],
            [
              256362.294,
              2605499.292
            ],
            [
              256360.665,
              2605498.087
            ],
            [
              256358.065,
              2605496.413
            ],
            [
              256357.378,
              2605495.896
            ],
            [
              256356.226,
              2605494.906
            ],
            [
              256355.01,
              2605494.066
            ],
            [
              256353.469,
              2605492.802
            ],
            [
              256352.294,
              2605492.215
            ],
            [
              256351.451,
              2605491.993
            ],
            [
              256351.11,
              2605491.83
            ],
            [
              256350.805,
              2605491.522
            ],
            [
              256350.321,
              2605490.812
            ],
            [
              256349.853,
              2605490.327
            ],
            [
              256349.256,
              2605489.608
            ],
            [
              256348.597,
              2605489.145
            ],
            [
              256348.228,
              2605488.932
            ],
            [
              256347.792,
              2605488.772
            ],
            [
              256347.156,
              2605488.615
            ],
            [
              256346.5,
              2605488.233
            ],
            [
              256344.657,
              2605487.019
            ],
            [
              256343.422,
              2605486.132
            ],
            [
              256342.441,
              2605485.546
            ],
            [
              256341.517,
              2605484.908
            ],
            [
              256339.898,
              2605483.898
            ],
            [
              256338.143,
              2605482.544
            ],
            [
              256336.679,
              2605481.573
            ],
            [
              256335.741,
              2605480.873
            ],
            [
              256334.502,
              2605480.128
            ],
            [
              256332.646,
              2605478.881
            ],
            [
              256331.348,
              2605478.221
            ],
            [
              256330.373,
              2605477.345
            ],
            [
              256329.934,
              2605476.858
            ],
            [
              256329.354,
              2605476.349
            ],
            [
              256330.132,
              2605474.558
            ],
            [
              256330.735,
              2605473.459
            ],
            [
              256331.154,
              2605472.561
            ],
            [
              256331.978,
              2605471.149
            ],
            [
              256333.269,
              2605468.438
            ],
            [
              256334.932,
              2605464.529
            ],
            [
              256335.495,
              2605463.609
            ],
            [
              256336.013,
              2605462.589
            ],
            [
              256336.65,
              2605461.527
            ],
            [
              256338.289,
              2605459.34
            ],
            [
              256339.477,
              2605457.86
            ],
            [
              256341.589,
              2605455.583
            ],
            [
              256343.392,
              2605453.341
            ],
            [
              256343.965,
              2605452.448
            ],
            [
              256344.56,
              2605451.717
            ],
            [
              256345.708,
              2605449.93
            ],
            [
              256346.387,
              2605449.036
            ],
            [
              256347.245,
              2605447.713
            ],
            [
              256348.61,
              2605445.887
            ],
            [
              256349.229,
              2605444.905
            ],
            [
              256349.721,
              2605444.309
            ],
            [
              256350.229,
              2605443.465
            ],
            [
              256351.042,
              2605442.297
            ],
            [
              256351.909,
              2605441.136
            ],
            [
              256352.911,
              2605440.015
            ],
            [
              256353.272,
              2605439.549
            ],
            [
              256354.756,
              2605437.22
            ],
            [
              256355.372,
              2605436.071
            ],
            [
              256356.018,
              2605435.153
            ],
            [
              256356.943,
              2605433.51
            ],
            [
              256357.417,
              2605432.828
            ],
            [
              256358.497,
              2605430.73
            ],
            [
              256359.024,
              2605429.596
            ],
            [
              256359.135,
              2605429.153
            ],
            [
              256359.124,
              2605428.816
            ],
            [
              256358.962,
              2605428.355
            ],
            [
              256358.583,
              2605427.927
            ],
            [
              256357.802,
              2605427.346
            ],
            [
              256356.838,
              2605426.752
            ],
            [
              256356.51,
              2605426.177
            ],
            [
              256356.395,
              2605426.025
            ],
            [
              256356.241,
              2605425.891
            ],
            [
              256356.027,
              2605425.782
            ],
            [
              256355.841,
              2605425.736
            ],
            [
              256355.481,
              2605425.757
            ],
            [
              256353.917,
              2605424.519
            ],
            [
              256351.377,
              2605422.851
            ],
            [
              256349.756,
              2605421.873
            ],
            [
              256347.481,
              2605420.195
            ],
            [
              256346.134,
              2605419.352
            ],
            [
              256344.802,
              2605418.798
            ],
            [
              256344.781,
              2605418.424
            ],
            [
              256344.738,
              2605418.184
            ],
            [
              256344.629,
              2605417.903
            ],
            [
              256344.521,
              2605417.745
            ],
            [
              256344.355,
              2605417.619
            ],
            [
              256344.147,
              2605417.56
            ],
            [
              256343.936,
              2605417.563
            ],
            [
              256343.614,
              2605417.636
            ],
            [
              256342.56,
              2605416.858
            ],
            [
              256341.742,
              2605416.333
            ],
            [
              256334.319,
              2605411.824
            ],
            [
              256332.338,
              2605410.401
            ],
            [
              256330.535,
              2605408.904
            ],
            [
              256328.333,
              2605407.245
            ],
            [
              256325.706,
              2605405.465
            ],
            [
              256322.968,
              2605403.165
            ],
            [
              256321.391,
              2605401.734
            ],
            [
              256319.496,
              2605400.174
            ],
            [
              256317.88,
              2605398.602
            ],
            [
              256315.929,
              2605396.558
            ],
            [
              256316.38,
              2605395.491
            ],
            [
              256317.056,
              2605394.153
            ],
            [
              256317.392,
              2605393.747
            ],
            [
              256318.461,
              2605392.659
            ],
            [
              256318.989,
              2605391.897
            ],
            [
              256319.335,
              2605391.827
            ],
            [
              256319.544,
              2605391.738
            ],
            [
              256319.692,
              2605391.612
            ],
            [
              256319.832,
              2605391.394
            ],
            [
              256320.019,
              2605391.237
            ],
            [
              256320.199,
              2605390.922
            ],
            [
              256320.29,
              2605390.593
            ],
            [
              256320.333,
              2605390.226
            ],
            [
              256320.865,
              2605389.849
            ],
            [
              256321.107,
              2605389.585
            ],
            [
              256321.228,
              2605389.352
            ],
            [
              256321.341,
              2605388.889
            ],
            [
              256322.12,
              2605388.173
            ],
            [
              256322.842,
              2605387.34
            ],
            [
              256323.705,
              2605386.221
            ],
            [
              256324.381,
              2605385.585
            ],
            [
              256325.134,
              2605384.732
            ],
            [
              256326.017,
              2605383.919
            ],
            [
              256328.086,
              2605381.659
            ],
            [
              256328.796,
              2605381.044
            ],
            [
              256329.466,
              2605380.38
            ],
            [
              256330.118,
              2605379.862
            ],
            [
              256331.379,
              2605378.701
            ],
            [
              256332.449,
              2605377.642
            ],
            [
              256333.32,
              2605376.891
            ],
            [
              256334.062,
              2605376.119
            ],
            [
              256334.989,
              2605375.445
            ],
            [
              256335.881,
              2605374.526
            ],
            [
              256337.455,
              2605373.265
            ],
            [
              256338.568,
              2605372.203
            ],
            [
              256339.319,
              2605371.641
            ],
            [
              256339.797,
              2605371.05
            ],
            [
              256340.109,
              2605370.742
            ],
            [
              256343.598,
              2605367.828
            ],
            [
              256344.764,
              2605366.914
            ],
            [
              256345.596,
              2605366.134
            ],
            [
              256347.011,
              2605365.15
            ],
            [
              256348.563,
              2605363.953
            ],
            [
              256351.23,
              2605361.537
            ],
            [
              256353.033,
              2605359.621
            ],
            [
              256354.34,
              2605358.556
            ],
            [
              256354.891,
              2605358.215
            ],
            [
              256356.778,
              2605357.371
            ],
            [
              256359.583,
              2605355.667
            ],
            [
              256360.457,
              2605355.214
            ],
            [
              256361.278,
              2605354.845
            ],
            [
              256363.546,
              2605353.949
            ],
            [
              256365.822,
              2605352.807
            ],
            [
              256367.778,
              2605351.973
            ],
            [
              256369.16,
              2605351.214
            ],
            [
              256369.797,
              2605351.119
            ],
            [
              256370.849,
              2605350.875
            ],
            [
              256372.796,
              2605351.788
            ],
            [
              256374.139,
              2605352.305
            ],
            [
              256374.425,
              2605352.504
            ],
            [
              256375.195,
              2605353.274
            ],
            [
              256375.992,
              2605353.838
            ],
            [
              256376.838,
              2605354.341
            ],
            [
              256379.746,
              2605355.825
            ],
            [
              256382.488,
              2605357.117
            ],
            [
              256383.925,
              2605357.921
            ],
            [
              256387.738,
              2605359.762
            ],
            [
              256389.401,
              2605360.82
            ],
            [
              256390.965,
              2605361.399
            ],
            [
              256393.125,
              2605362.469
            ],
            [
              256395.49,
              2605363.788
            ],
            [
              256396.704,
              2605364.411
            ],
            [
              256398.039,
              2605365.315
            ],
            [
              256398.922,
              2605365.803
            ],
            [
              256397.41,
              2605367.526
            ],
            [
              256396.61,
              2605368.583
            ],
            [
              256395.866,
              2605370.32
            ],
            [
              256394.714,
              2605372.091
            ],
            [
              256392.921,
              2605374.405
            ],
            [
              256392.229,
              2605375.209
            ],
            [
              256391.768,
              2605375.823
            ],
            [
              256391.074,
              2605376.553
            ],
            [
              256389.922,
              2605378.029
            ],
            [
              256389.153,
              2605379.172
            ],
            [
              256388.289,
              2605380.597
            ],
            [
              256387.594,
              2605381.55
            ],
            [
              256386.795,
              2605383.011
            ],
            [
              256386.018,
              2605384.636
            ],
            [
              256385.379,
              2605385.651
            ],
            [
              256384.806,
              2605386.694
            ],
            [
              256384.221,
              2605388.083
            ],
            [
              256383.205,
              2605390.082
            ],
            [
              256382.287,
              2605391.797
            ],
            [
              256381.063,
              2605393.743
            ],
            [
              256380.52,
              2605394.921
            ],
            [
              256379.392,
              2605396.533
            ],
            [
              256378.149,
              2605398.619
            ],
            [
              256376.699,
              2605400.697
            ],
            [
              256375.783,
              2605402.08
            ],
            [
              256375.428,
              2605402.733
            ],
            [
              256374.572,
              2605404.822
            ],
            [
              256374.056,
              2605405.939
            ],
            [
              256373.329,
              2605407.094
            ],
            [
              256372.209,
              2605408.995
            ],
            [
              256371.264,
              2605410.309
            ],
            [
              256370.834,
              2605410.84
            ],
            [
              256370.623,
              2605411.202
            ],
            [
              256370.354,
              2605411.356
            ],
            [
              256370.136,
              2605411.593
            ],
            [
              256370.066,
              2605411.865
            ],
            [
              256370.119,
              2605412.147
            ],
            [
              256370.23,
              2605412.319
            ],
            [
              256370.412,
              2605412.477
            ],
            [
              256371.138,
              2605412.867
            ],
            [
              256373.241,
              2605415.147
            ],
            [
              256375.214,
              2605417.184
            ],
            [
              256375.299,
              2605417.521
            ],
            [
              256375.464,
              2605417.847
            ],
            [
              256375.704,
              2605418.143
            ],
            [
              256376.065,
              2605418.515
            ],
            [
              256376.905,
              2605419.593
            ],
            [
              256377.316,
              2605419.989
            ],
            [
              256378.324,
              2605420.825
            ],
            [
              256378.671,
              2605421.223
            ],
            [
              256379.259,
              2605422.033
            ],
            [
              256379.919,
              2605422.744
            ],
            [
              256382.219,
              2605424.996
            ],
            [
              256383.48,
              2605426.737
            ],
            [
              256384.849,
              2605428.32
            ],
            [
              256386.924,
              2605430.383
            ],
            [
              256388.788,
              2605432.148
            ],
            [
              256391.885,
              2605435.274
            ],
            [
              256393.613,
              2605436.852
            ],
            [
              256394.316,
              2605437.576
            ],
            [
              256395.038,
              2605438.486
            ],
            [
              256395.749,
              2605439.256
            ],
            [
              256397.669,
              2605441.036
            ],
            [
              256399.043,
              2605442.585
            ],
            [
              256399.945,
              2605443.44
            ],
            [
              256400.672,
              2605444.052
            ],
            [
              256401.486,
              2605444.903
            ],
            [
              256402.364,
              2605445.688
            ],
            [
              256402.755,
              2605446.118
            ],
            [
              256403.38,
              2605446.704
            ],
            [
              256404.073,
              2605447.595
            ],
            [
              256404.662,
              2605448.212
            ],
            [
              256406.462,
              2605449.898
            ],
            [
              256406.741,
              2605450.329
            ],
            [
              256407.107,
              2605450.702
            ],
            [
              256407.398,
              2605450.894
            ],
            [
              256407.819,
              2605451.059
            ],
            [
              256409.805,
              2605453.162
            ],
            [
              256411.815,
              2605454.922
            ],
            [
              256411.936,
              2605455.203
            ],
            [
              256412.157,
              2605455.409
            ],
            [
              256412.516,
              2605455.608
            ],
            [
              256413.057,
              2605455.843
            ],
            [
              256414.106,
              2605456.051
            ],
            [
              256415.061,
              2605456.312
            ],
            [
              256416.752,
              2605457.027
            ],
            [
              256417.6,
              2605457.308
            ],
            [
              256418.153,
              2605457.537
            ],
            [
              256420.95,
              2605458.861
            ],
            [
              256422.141,
              2605459.315
            ],
            [
              256423.342,
              2605460.172
            ],
            [
              256423.99,
              2605460.492
            ],
            [
              256424.649,
              2605460.903
            ],
            [
              256425.115,
              2605461.137
            ],
            [
              256426.152,
              2605461.572
            ],
            [
              256428.452,
              2605462.402
            ],
            [
              256430.221,
              2605463.218
            ],
            [
              256432.165,
              2605463.918
            ],
            [
              256434.528,
              2605464.926
            ],
            [
              256436.716,
              2605466.002
            ],
            [
              256440.736,
              2605467.839
            ],
            [
              256441.698,
              2605468.183
            ],
            [
              256442.194,
              2605468.288
            ],
            [
              256442.832,
              2605468.351
            ],
            [
              256443.083,
              2605468.433
            ],
            [
              256443.486,
              2605468.711
            ],
            [
              256443.929,
              2605469.102
            ],
            [
              256444.414,
              2605469.406
            ],
            [
              256444.946,
              2605469.667
            ],
            [
              256447.274,
              2605470.605
            ],
            [
              256448.011,
              2605470.962
            ],
            [
              256449.658,
              2605471.568
            ],
            [
              256451.286,
              2605472.029
            ],
            [
              256451.761,
              2605472.2
            ],
            [
              256452.033,
              2605472.25
            ],
            [
              256452.394,
              2605472.244
            ],
            [
              256452.859,
              2605472.192
            ],
            [
              256453.165,
              2605472.116
            ],
            [
              256453.769,
              2605471.856
            ],
            [
              256454.857,
              2605471.459
            ],
            [
              256456.845,
              2605470.316
            ],
            [
              256457.63,
              2605469.955
            ],
            [
              256458.901,
              2605469.451
            ],
            [
              256459.54,
              2605469.141
            ],
            [
              256460.585,
              2605468.44
            ],
            [
              256461.554,
              2605468.018
            ],
            [
              256463.196,
              2605467.115
            ],
            [
              256464.093,
              2605466.693
            ],
            [
              256465.141,
              2605466.089
            ],
            [
              256465.889,
              2605465.595
            ],
            [
              256466.553,
              2605465.233
            ],
            [
              256467.805,
              2605464.687
            ],
            [
              256468.928,
              2605464.095
            ],
            [
              256469.824,
              2605463.671
            ],
            [
              256471.84,
              2605462.467
            ],
            [
              256472.89,
              2605461.883
            ],
            [
              256473.824,
              2605461.263
            ],
            [
              256474.9,
              2605460.844
            ],
            [
              256475.162,
              2605460.705
            ],
            [
              256477.217,
              2605459.446
            ],
            [
              256479.975,
              2605457.868
            ],
            [
              256481.447,
              2605456.932
            ],
            [
              256483.18,
              2605456.03
            ],
            [
              256484.691,
              2605455.176
            ],
            [
              256485.616,
              2605454.536
            ],
            [
              256488.064,
              2605453.169
            ],
            [
              256489.143,
              2605452.49
            ],
            [
              256490.536,
              2605451.748
            ],
            [
              256491.204,
              2605451.451
            ],
            [
              256492.019,
              2605450.959
            ],
            [
              256494.058,
              2605450.023
            ],
            [
              256494.597,
              2605449.831
            ],
            [
              256495.023,
              2605449.757
            ],
            [
              256495.505,
              2605449.767
            ],
            [
              256495.958,
              2605449.887
            ],
            [
              256496.474,
              2605450.168
            ],
            [
              256497.415,
              2605450.83
            ],
            [
              256497.713,
              2605451.155
            ],
            [
              256498.066,
              2605451.723
            ],
            [
              256498.187,
              2605452.149
            ],
            [
              256498.303,
              2605452.331
            ],
            [
              256498.459,
              2605452.484
            ],
            [
              256498.647,
              2605452.6
            ],
            [
              256498.77,
              2605452.646
            ],
            [
              256499.027,
              2605452.695
            ],
            [
              256499.422,
              2605452.717
            ],
            [
              256500.845,
              2605453.867
            ],
            [
              256505.501,
              2605458.217
            ],
            [
              256506.275,
              2605458.843
            ],
            [
              256509.698,
              2605461.926
            ],
            [
              256511.368,
              2605463.614
            ],
            [
              256512.92,
              2605464.888
            ],
            [
              256514.841,
              2605466.679
            ],
            [
              256517.777,
              2605469.546
            ],
            [
              256518.581,
              2605470.261
            ],
            [
              256518.162,
              2605470.817
            ],
            [
              256517.728,
              2605471.558
            ],
            [
              256517.105,
              2605472.28
            ],
            [
              256515.916,
              2605473.373
            ],
            [
              256515.116,
              2605474.19
            ],
            [
              256514.013,
              2605475.013
            ],
            [
              256512.535,
              2605476.593
            ],
            [
              256511.52,
              2605477.445
            ],
            [
              256510.456,
              2605478.694
            ],
            [
              256508.662,
              2605480.395
            ],
            [
              256508.131,
              2605480.955
            ],
            [
              256507.669,
              2605481.516
            ],
            [
              256507.017,
              2605482.122
            ],
            [
              256506.252,
              2605483.042
            ],
            [
              256505.312,
              2605483.955
            ],
            [
              256503.654,
              2605485.685
            ],
            [
              256501.414,
              2605488.441
            ]
          ]
        ]
      },
      "properties": {
        "_srcEntity": "LWPOLYLINE",
        "_layer": "Plot",
        "_srcHandle": "1212",
        "_linetype": "Continuous"
      }
    },
    {
      "type": "Feature",
      "id": "1213",
      "geometry": {
        "type": "Polygon",
        "coordinates": [
          [
            [
              256457.963,
              2605406.242
            ],
            [
              256458.945,
              2605407.394
            ],
            [
              256460.094,
              2605409.007
            ],
            [
              256461.741,
              2605410.964
            ],
            [
              256462.65,
              2605412.233
            ],
            [
              256463.171,
              2605412.808
            ],
            [
              256465.044,
              2605415.64
            ],
            [
              256466.159,
              2605417.025
            ],
            [
              256466.808,
              2605418.323
            ],
            [
              256467.648,
              2605419.41
            ],
            [
              256468.804,
              2605421.099
            ],
            [
              256469.483,
              2605421.929
            ],
            [
              256470.711,
              2605424.252
            ],
            [
              256471.293,
              2605425.595
            ],
            [
              256471.47,
              2605425.879
            ],
            [
              256472.055,
              2605426.573
            ],
            [
              256472.984,
              2605428.251
            ],
            [
              256473.637,
              2605429.657
            ],
            [
              256474.243,
              2605430.458
            ],
            [
              256474.679,
              2605431.185
            ],
            [
              256475.377,
              2605432.055
            ],
            [
              256476.204,
              2605432.78
            ],
            [
              256476.999,
              2605433.647
            ],
            [
              256477.52,
              2605434.107
            ],
            [
              256478.289,
              2605435.094
            ],
            [
              256478.78,
              2605435.617
            ],
            [
              256480.057,
              2605436.812
            ],
            [
              256480.967,
              2605437.44
            ],
            [
              256481.647,
              2605438.046
            ],
            [
              256483.045,
              2605439.174
            ],
            [
              256483.609,
              2605439.834
            ],
            [
              256484.533,
              2605440.778
            ],
            [
              256484.9,
              2605441.006
            ],
            [
              256485.8,
              2605441.379
            ],
            [
              256486.624,
              2605441.916
            ],
            [
              256492.099,
              2605446.309
            ],
            [
              256493.702,
              2605447.706
            ],
            [
              256494.52,
              2605448.287
            ],
            [
              256495.958,
              2605449.887
            ],
            [
              256495.505,
              2605449.767
            ],
            [
              256495.023,
              2605449.757
            ],
            [
              256494.597,
              2605449.831
            ],
            [
              256494.058,
              2605450.023
            ],
            [
              256492.019,
              2605450.959
            ],
            [
              256491.204,
              2605451.451
            ],
            [
              256490.536,
              2605451.748
            ],
            [
              256489.143,
              2605452.49
            ],
            [
              256488.064,
              2605453.169
            ],
            [
              256485.616,
              2605454.536
            ],
            [
              256484.691,
              2605455.176
            ],
            [
              256483.18,
              2605456.03
            ],
            [
              256481.447,
              2605456.932
            ],
            [
              256479.975,
              2605457.868
            ],
            [
              256477.217,
              2605459.446
            ],
            [
              256475.162,
              2605460.705
            ],
            [
              256474.9,
              2605460.844
            ],
            [
              256473.824,
              2605461.263
            ],
            [
              256472.89,
              2605461.883
            ],
            [
              256471.84,
              2605462.467
            ],
            [
              256469.824,
              2605463.671
            ],
            [
              256468.928,
              2605464.095
            ],
            [
              256467.805,
              2605464.687
            ],
            [
              256466.553,
              2605465.233
            ],
            [
              256465.889,
              2605465.595
            ],
            [
              256465.141,
              2605466.089
            ],
            [
              256464.093,
              2605466.693
            ],
            [
              256463.196,
              2605467.115
            ],
            [
              256461.554,
              2605468.018
            ],
            [
              256460.585,
              2605468.44
            ],
            [
              256459.54,
              2605469.141
            ],
            [
              256458.901,
              2605469.451
            ],
            [
              256457.63,
              2605469.955
            ],
            [
              256456.845,
              2605470.316
            ],
            [
              256454.857,
              2605471.459
            ],
            [
              256453.769,
              2605471.856
            ],
            [
              256453.165,
              2605472.116
            ],
            [
              256452.859,
              2605472.192
            ],
            [
              256452.394,
              2605472.244
            ],
            [
              256452.033,
              2605472.25
            ],
            [
              256451.761,
              2605472.2
            ],
            [
              256451.286,
              2605472.029
            ],
            [
              256449.658,
              2605471.568
            ],
            [
              256448.011,
              2605470.962
            ],
            [
              256447.274,
              2605470.605
            ],
            [
              256444.946,
              2605469.667
            ],
            [
              256444.414,
              2605469.406
            ],
            [
              256443.929,
              2605469.102
            ],
            [
              256443.486,
              2605468.711
            ],
            [
              256443.083,
              2605468.433
            ],
            [
              256442.832,
              2605468.351
            ],
            [
              256442.194,
              2605468.288
            ],
            [
              256441.698,
              2605468.183
            ],
            [
              256440.736,
              2605467.839
            ],
            [
              256436.716,
              2605466.002
            ],
            [
              256434.528,
              2605464.926
            ],
            [
              256432.165,
              2605463.918
            ],
            [
              256430.221,
              2605463.218
            ],
            [
              256428.452,
              2605462.402
            ],
            [
              256426.152,
              2605461.572
            ],
            [
              256425.115,
              2605461.137
            ],
            [
              256424.649,
              2605460.903
            ],
            [
              256423.99,
              2605460.492
            ],
            [
              256423.342,
              2605460.172
            ],
            [
              256422.141,
              2605459.315
            ],
            [
              256420.95,
              2605458.861
            ],
            [
              256418.153,
              2605457.537
            ],
            [
              256417.6,
              2605457.308
            ],
            [
              256416.752,
              2605457.027
            ],
            [
              256415.061,
              2605456.312
            ],
            [
              256414.106,
              2605456.051
            ],
            [
              256413.057,
              2605455.843
            ],
            [
              256412.668,
              2605455.091
            ],
            [
              256412.535,
              2605454.889
            ],
            [
              256412.385,
              2605454.739
            ],
            [
              256412.287,
              2605454.696
            ],
            [
              256412.117,
              2605454.704
            ],
            [
              256411.955,
              2605454.796
            ],
            [
              256411.815,
              2605454.922
            ],
            [
              256409.805,
              2605453.162
            ],
            [
              256407.819,
              2605451.059
            ],
            [
              256407.688,
              2605450.625
            ],
            [
              256407.548,
              2605450.391
            ],
            [
              256407.367,
              2605450.189
            ],
            [
              256407.156,
              2605450.026
            ],
            [
              256406.921,
              2605449.919
            ],
            [
              256406.783,
              2605449.894
            ],
            [
              256406.462,
              2605449.898
            ],
            [
              256404.662,
              2605448.212
            ],
            [
              256404.073,
              2605447.595
            ],
            [
              256403.38,
              2605446.704
            ],
            [
              256402.755,
              2605446.118
            ],
            [
              256402.364,
              2605445.688
            ],
            [
              256401.486,
              2605444.903
            ],
            [
              256400.672,
              2605444.052
            ],
            [
              256399.945,
              2605443.44
            ],
            [
              256399.043,
              2605442.585
            ],
            [
              256397.669,
              2605441.036
            ],
            [
              256395.749,
              2605439.256
            ],
            [
              256395.038,
              2605438.486
            ],
            [
              256394.316,
              2605437.576
            ],
            [
              256393.613,
              2605436.852
            ],
            [
              256391.885,
              2605435.274
            ],
            [
              256388.788,
              2605432.148
            ],
            [
              256386.924,
              2605430.383
            ],
            [
              256384.849,
              2605428.32
            ],
            [
              256383.48,
              2605426.737
            ],
            [
              256382.219,
              2605424.996
            ],
            [
              256379.919,
              2605422.744
            ],
            [
              256379.259,
              2605422.033
            ],
            [
              256378.671,
              2605421.223
            ],
            [
              256378.324,
              2605420.825
            ],
            [
              256377.316,
              2605419.989
            ],
            [
              256376.905,
              2605419.593
            ],
            [
              256376.065,
              2605418.515
            ],
            [
              256376.108,
              2605418.192
            ],
            [
              256376.1,
              2605418.055
            ],
            [
              256376.049,
              2605417.869
            ],
            [
              256375.971,
              2605417.705
            ],
            [
              256375.851,
              2605417.564
            ],
            [
              256375.704,
              2605417.455
            ],
            [
              256375.214,
              2605417.184
            ],
            [
              256373.241,
              2605415.147
            ],
            [
              256371.138,
              2605412.867
            ],
            [
              256371.075,
              2605412.229
            ],
            [
              256371.008,
              2605411.92
            ],
            [
              256370.886,
              2605411.621
            ],
            [
              256370.623,
              2605411.202
            ],
            [
              256370.834,
              2605410.84
            ],
            [
              256371.264,
              2605410.309
            ],
            [
              256372.209,
              2605408.995
            ],
            [
              256373.329,
              2605407.094
            ],
            [
              256374.056,
              2605405.939
            ],
            [
              256374.572,
              2605404.822
            ],
            [
              256375.428,
              2605402.733
            ],
            [
              256375.783,
              2605402.08
            ],
            [
              256376.699,
              2605400.697
            ],
            [
              256378.149,
              2605398.619
            ],
            [
              256379.392,
              2605396.533
            ],
            [
              256380.52,
              2605394.921
            ],
            [
              256381.063,
              2605393.743
            ],
            [
              256382.287,
              2605391.797
            ],
            [
              256383.205,
              2605390.082
            ],
            [
              256384.221,
              2605388.083
            ],
            [
              256384.806,
              2605386.694
            ],
            [
              256385.379,
              2605385.651
            ],
            [
              256386.018,
              2605384.636
            ],
            [
              256386.795,
              2605383.011
            ],
            [
              256387.594,
              2605381.55
            ],
            [
              256388.289,
              2605380.597
            ],
            [
              256389.153,
              2605379.172
            ],
            [
              256389.922,
              2605378.029
            ],
            [
              256391.074,
              2605376.553
            ],
            [
              256391.768,
              2605375.823
            ],
            [
              256392.229,
              2605375.209
            ],
            [
              256392.921,
              2605374.405
            ],
            [
              256394.714,
              2605372.091
            ],
            [
              256395.866,
              2605370.32
            ],
            [
              256396.61,
              2605368.583
            ],
            [
              256397.41,
              2605367.526
            ],
            [
              256398.922,
              2605365.803
            ],
            [
              256400.96,
              2605366.792
            ],
            [
              256401.791,
              2605367.32
            ],
            [
              256403.16,
              2605368.033
            ],
            [
              256404.432,
              2605368.817
            ],
            [
              256408.941,
              2605371.303
            ],
            [
              256410.757,
              2605372.354
            ],
            [
              256411.599,
              2605372.901
            ],
            [
              256413.519,
              2605373.917
            ],
            [
              256414.927,
              2605374.854
            ],
            [
              256416.544,
              2605375.753
            ],
            [
              256418.193,
              2605376.812
            ],
            [
              256419.267,
              2605377.416
            ],
            [
              256420.4,
              2605378.214
            ],
            [
              256422.175,
              2605379.201
            ],
            [
              256423.615,
              2605380.169
            ],
            [
              256425.202,
              2605380.919
            ],
            [
              256427.973,
              2605382.603
            ],
            [
              256429.883,
              2605383.48
            ],
            [
              256431.243,
              2605383.977
            ],
            [
              256434.414,
              2605385.895
            ],
            [
              256436.246,
              2605386.802
            ],
            [
              256438.142,
              2605388.055
            ],
            [
              256439.774,
              2605389.037
            ],
            [
              256442.383,
              2605391.033
            ],
            [
              256444.205,
              2605392.303
            ],
            [
              256444.883,
              2605392.933
            ],
            [
              256445.768,
              2605393.876
            ],
            [
              256447.065,
              2605395.122
            ],
            [
              256447.877,
              2605395.995
            ],
            [
              256451.467,
              2605399.566
            ],
            [
              256454.543,
              2605402.869
            ],
            [
              256457.963,
              2605406.242
            ]
          ]
        ]
      },
      "properties": {
        "_srcEntity": "LWPOLYLINE",
        "_layer": "Plot",
        "_srcHandle": "1213",
        "_linetype": "Continuous"
      }
    },
    {
      "type": "Feature",
      "id": "1214",
      "geometry": {
        "type": "Polygon",
        "coordinates": [
          [
            [
              256430.01,
              2605912.654
            ],
            [
              256430.76,
              2605915.297
            ],
            [
              256431.388,
              2605918.415
            ],
            [
              256429.712,
              2605919.108
            ],
            [
              256427.529,
              2605920.525
            ],
            [
              256427.124,
              2605920.409
            ],
            [
              256426.86,
              2605920.418
            ],
            [
              256426.738,
              2605920.458
            ],
            [
              256426.55,
              2605920.61
            ],
            [
              256426.418,
              2605920.912
            ],
            [
              256425.399,
              2605921.113
            ],
            [
              256424.807,
              2605921.299
            ],
            [
              256424.628,
              2605921.405
            ],
            [
              256424.5,
              2605921.549
            ],
            [
              256424.416,
              2605921.898
            ],
            [
              256423.116,
              2605922.567
            ],
            [
              256421.871,
              2605923.09
            ],
            [
              256420.154,
              2605923.997
            ],
            [
              256416.858,
              2605925.495
            ],
            [
              256414.636,
              2605926.731
            ],
            [
              256410.321,
              2605928.858
            ],
            [
              256407.879,
              2605929.89
            ],
            [
              256404.656,
              2605931.484
            ],
            [
              256401.549,
              2605932.867
            ],
            [
              256399.999,
              2605933.619
            ],
            [
              256397.38,
              2605934.591
            ],
            [
              256395.964,
              2605935.319
            ],
            [
              256394.592,
              2605935.814
            ],
            [
              256391.866,
              2605937.05
            ],
            [
              256388.115,
              2605939.117
            ],
            [
              256386.614,
              2605940.266
            ],
            [
              256386.037,
              2605940.639
            ],
            [
              256385.226,
              2605941.041
            ],
            [
              256383.186,
              2605941.919
            ],
            [
              256382.003,
              2605942.686
            ],
            [
              256380.738,
              2605943.419
            ],
            [
              256380.12,
              2605943.649
            ],
            [
              256379.6,
              2605943.678
            ],
            [
              256379.262,
              2605943.582
            ],
            [
              256378.93,
              2605943.389
            ],
            [
              256378.634,
              2605943.141
            ],
            [
              256378.249,
              2605942.704
            ],
            [
              256377.374,
              2605941.19
            ],
            [
              256376.737,
              2605940.353
            ],
            [
              256376.034,
              2605939.171
            ],
            [
              256374.222,
              2605936.589
            ],
            [
              256373.405,
              2605935.134
            ],
            [
              256372.424,
              2605933.775
            ],
            [
              256371.646,
              2605932.444
            ],
            [
              256370.244,
              2605930.457
            ],
            [
              256369.398,
              2605929.369
            ],
            [
              256367.854,
              2605926.869
            ],
            [
              256366.624,
              2605925.105
            ],
            [
              256365.374,
              2605922.935
            ],
            [
              256363.386,
              2605920.182
            ],
            [
              256361.892,
              2605917.434
            ],
            [
              256361.304,
              2605916.575
            ],
            [
              256360.471,
              2605915.162
            ],
            [
              256359.959,
              2605913.996
            ],
            [
              256360.521,
              2605913.796
            ],
            [
              256361.298,
              2605913.631
            ],
            [
              256361.477,
              2605913.042
            ],
            [
              256361.642,
              2605912.712
            ],
            [
              256362.95,
              2605910.8
            ],
            [
              256364.524,
              2605908.78
            ],
            [
              256366.827,
              2605906.266
            ],
            [
              256367.644,
              2605905.207
            ],
            [
              256368.073,
              2605904.439
            ],
            [
              256368.354,
              2605903.754
            ],
            [
              256368.942,
              2605901.629
            ],
            [
              256369.286,
              2605900.568
            ],
            [
              256369.678,
              2605898.71
            ],
            [
              256369.748,
              2605898.079
            ],
            [
              256369.731,
              2605897.453
            ],
            [
              256369.549,
              2605896.502
            ],
            [
              256369.271,
              2605895.778
            ],
            [
              256370.869,
              2605894.485
            ],
            [
              256372.318,
              2605893.508
            ],
            [
              256373.741,
              2605892.668
            ],
            [
              256375.456,
              2605891.768
            ],
            [
              256376.387,
              2605891.086
            ],
            [
              256377.453,
              2605890.422
            ],
            [
              256379.326,
              2605889.455
            ],
            [
              256380.126,
              2605888.989
            ],
            [
              256382.655,
              2605887.822
            ],
            [
              256383.75,
              2605887.198
            ],
            [
              256387.134,
              2605885.697
            ],
            [
              256389.163,
              2605884.705
            ],
            [
              256392.407,
              2605883
            ],
            [
              256394.762,
              2605881.863
            ],
            [
              256396.472,
              2605881.166
            ],
            [
              256398.213,
              2605880.315
            ],
            [
              256400.186,
              2605879.519
            ],
            [
              256402.698,
              2605878.025
            ],
            [
              256404.782,
              2605876.952
            ],
            [
              256405.857,
              2605876.287
            ],
            [
              256408.878,
              2605874.778
            ],
            [
              256410.849,
              2605873.835
            ],
            [
              256417.039,
              2605871.056
            ],
            [
              256418.518,
              2605870.647
            ],
            [
              256418.899,
              2605870.635
            ],
            [
              256419.292,
              2605870.731
            ],
            [
              256419.581,
              2605870.914
            ],
            [
              256419.813,
              2605871.168
            ],
            [
              256420.144,
              2605871.785
            ],
            [
              256420.675,
              2605873.687
            ],
            [
              256421.812,
              2605877.252
            ],
            [
              256422.903,
              2605882.476
            ],
            [
              256423.837,
              2605886.357
            ],
            [
              256424.069,
              2605887.602
            ],
            [
              256424.434,
              2605889.041
            ],
            [
              256424.654,
              2605890.207
            ],
            [
              256424.99,
              2605891.363
            ],
            [
              256425.401,
              2605894.017
            ],
            [
              256425.644,
              2605895.015
            ],
            [
              256426.174,
              2605897.66
            ],
            [
              256426.703,
              2605899.489
            ],
            [
              256427.004,
              2605901.409
            ],
            [
              256427.682,
              2605904.012
            ],
            [
              256428.167,
              2605905.594
            ],
            [
              256428.472,
              2605906.976
            ],
            [
              256429.179,
              2605909.237
            ],
            [
              256430.01,
              2605912.654
            ]
          ]
        ]
      },
      "properties": {
        "_srcEntity": "LWPOLYLINE",
        "_layer": "Plot",
        "_srcHandle": "1214",
        "_linetype": "Continuous"
      }
    },
    {
      "type": "Feature",
      "id": "1215",
      "geometry": {
        "type": "Polygon",
        "coordinates": [
          [
            [
              256369.748,
              2605898.079
            ],
            [
              256369.678,
              2605898.71
            ],
            [
              256369.286,
              2605900.568
            ],
            [
              256368.942,
              2605901.629
            ],
            [
              256368.354,
              2605903.754
            ],
            [
              256368.073,
              2605904.439
            ],
            [
              256367.644,
              2605905.207
            ],
            [
              256366.827,
              2605906.266
            ],
            [
              256364.524,
              2605908.78
            ],
            [
              256362.95,
              2605910.8
            ],
            [
              256361.642,
              2605912.712
            ],
            [
              256361.477,
              2605913.042
            ],
            [
              256361.298,
              2605913.631
            ],
            [
              256360.521,
              2605913.796
            ],
            [
              256359.959,
              2605913.996
            ],
            [
              256359.341,
              2605913.456
            ],
            [
              256358.793,
              2605912.831
            ],
            [
              256357.345,
              2605910.816
            ],
            [
              256356.42,
              2605909.707
            ],
            [
              256354.31,
              2605906.765
            ],
            [
              256353.409,
              2605905.291
            ],
            [
              256352.41,
              2605903.271
            ],
            [
              256355.737,
              2605901.673
            ],
            [
              256359.758,
              2605899.485
            ],
            [
              256364.935,
              2605897.24
            ],
            [
              256367.455,
              2605896.225
            ],
            [
              256368.085,
              2605896.026
            ],
            [
              256369.271,
              2605895.778
            ],
            [
              256369.549,
              2605896.502
            ],
            [
              256369.731,
              2605897.453
            ],
            [
              256369.748,
              2605898.079
            ]
          ]
        ]
      },
      "properties": {
        "_srcEntity": "LWPOLYLINE",
        "_layer": "Plot",
        "_srcHandle": "1215",
        "_linetype": "Continuous"
      }
    },
    {
      "type": "Feature",
      "id": "1216",
      "geometry": {
        "type": "Polygon",
        "coordinates": [
          [
            [
              256364.935,
              2605897.24
            ],
            [
              256359.758,
              2605899.485
            ],
            [
              256355.737,
              2605901.673
            ],
            [
              256352.41,
              2605903.271
            ],
            [
              256351.852,
              2605901.743
            ],
            [
              256351.138,
              2605900.159
            ],
            [
              256350.468,
              2605898.474
            ],
            [
              256349.49,
              2605896.622
            ],
            [
              256347.903,
              2605893.837
            ],
            [
              256347.608,
              2605892.801
            ],
            [
              256346.04,
              2605889.668
            ],
            [
              256346.605,
              2605889.524
            ],
            [
              256347.554,
              2605889.159
            ],
            [
              256349.58,
              2605888.024
            ],
            [
              256351.046,
              2605887.405
            ],
            [
              256352.418,
              2605886.957
            ],
            [
              256353.344,
              2605886.746
            ],
            [
              256354.674,
              2605886.361
            ],
            [
              256355.928,
              2605885.874
            ],
            [
              256356.669,
              2605885.629
            ],
            [
              256357.273,
              2605885.364
            ],
            [
              256358.162,
              2605885.068
            ],
            [
              256358.944,
              2605884.67
            ],
            [
              256359.808,
              2605884.364
            ],
            [
              256360.437,
              2605884.05
            ],
            [
              256360.916,
              2605883.868
            ],
            [
              256361.424,
              2605883.718
            ],
            [
              256361.92,
              2605883.629
            ],
            [
              256363.792,
              2605883.466
            ],
            [
              256365.621,
              2605887.985
            ],
            [
              256366.268,
              2605888.931
            ],
            [
              256367.312,
              2605890.648
            ],
            [
              256368.293,
              2605892.589
            ],
            [
              256369.271,
              2605895.778
            ],
            [
              256368.085,
              2605896.026
            ],
            [
              256367.455,
              2605896.225
            ],
            [
              256364.935,
              2605897.24
            ]
          ]
        ]
      },
      "properties": {
        "_srcEntity": "LWPOLYLINE",
        "_layer": "Plot",
        "_srcHandle": "1216",
        "_linetype": "Continuous"
      }
    },
    {
      "type": "Feature",
      "id": "1217",
      "geometry": {
        "type": "Polygon",
        "coordinates": [
          [
            [
              254480.079,
              2605917.775
            ],
            [
              254410.701,
              2605983.459
            ],
            [
              254397.782,
              2605957.985
            ],
            [
              254402.481,
              2605955.003
            ],
            [
              254434.806,
              2605940.289
            ],
            [
              254458.066,
              2605928.562
            ],
            [
              254478.426,
              2605917.872
            ],
            [
              254480.726,
              2605917.163
            ],
            [
              254480.079,
              2605917.775
            ]
          ]
        ]
      },
      "properties": {
        "_srcEntity": "LWPOLYLINE",
        "_layer": "Plot",
        "_srcHandle": "1217",
        "_linetype": "Continuous"
      }
    },
    {
      "type": "Feature",
      "id": "1218",
      "geometry": {
        "type": "Polygon",
        "coordinates": [
          [
            [
              254478.426,
              2605917.872
            ],
            [
              254458.066,
              2605928.562
            ],
            [
              254434.806,
              2605940.289
            ],
            [
              254402.481,
              2605955.003
            ],
            [
              254397.782,
              2605957.985
            ],
            [
              254371.615,
              2605910.966
            ],
            [
              254399.296,
              2605897.085
            ],
            [
              254430.973,
              2605881.367
            ],
            [
              254465.886,
              2605867.334
            ],
            [
              254471.676,
              2605864.706
            ],
            [
              254476.477,
              2605872.694
            ],
            [
              254480.136,
              2605890.825
            ],
            [
              254481.478,
              2605896.925
            ],
            [
              254482.031,
              2605908.188
            ],
            [
              254484.485,
              2605913.604
            ],
            [
              254480.726,
              2605917.163
            ],
            [
              254478.426,
              2605917.872
            ]
          ]
        ]
      },
      "properties": {
        "_srcEntity": "LWPOLYLINE",
        "_layer": "Plot",
        "_srcHandle": "1218",
        "_linetype": "Continuous"
      }
    },
    {
      "type": "Feature",
      "id": "1219",
      "geometry": {
        "type": "Polygon",
        "coordinates": [
          [
            [
              254465.886,
              2605867.334
            ],
            [
              254430.973,
              2605881.367
            ],
            [
              254399.296,
              2605897.085
            ],
            [
              254371.615,
              2605910.966
            ],
            [
              254371.615,
              2605910.966
            ],
            [
              254359.842,
              2605876.173
            ],
            [
              254360.019,
              2605876.143
            ],
            [
              254369.544,
              2605874.82
            ],
            [
              254398.516,
              2605870.057
            ],
            [
              254408.636,
              2605863.773
            ],
            [
              254412.419,
              2605860.187
            ],
            [
              254416.611,
              2605857.088
            ],
            [
              254421.15,
              2605854.522
            ],
            [
              254425.966,
              2605852.528
            ],
            [
              254445.479,
              2605844.194
            ],
            [
              254463.581,
              2605836.784
            ],
            [
              254464.177,
              2605837.559
            ],
            [
              254464.464,
              2605843.253
            ],
            [
              254465.372,
              2605848.881
            ],
            [
              254466.89,
              2605854.376
            ],
            [
              254469,
              2605859.672
            ],
            [
              254471.676,
              2605864.706
            ],
            [
              254465.886,
              2605867.334
            ]
          ]
        ]
      },
      "properties": {
        "_srcEntity": "LWPOLYLINE",
        "_layer": "Plot",
        "_srcHandle": "1219",
        "_linetype": "Continuous"
      }
    },
    {
      "type": "Feature",
      "id": "121A",
      "geometry": {
        "type": "Polygon",
        "coordinates": [
          [
            [
              254523.549,
              2605799.988
            ],
            [
              254527.889,
              2605810.043
            ],
            [
              254517.411,
              2605813.535
            ],
            [
              254488.942,
              2605824.33
            ],
            [
              254464.177,
              2605837.559
            ],
            [
              254458.885,
              2605830.68
            ],
            [
              254448.831,
              2605818.721
            ],
            [
              254438.293,
              2605809.423
            ],
            [
              254514.683,
              2605735.033
            ],
            [
              254516.934,
              2605739.921
            ],
            [
              254517.172,
              2605742.699
            ],
            [
              254513.441,
              2605754.923
            ],
            [
              254512.462,
              2605760.052
            ],
            [
              254512.103,
              2605765.261
            ],
            [
              254512.369,
              2605770.476
            ],
            [
              254513.256,
              2605775.622
            ],
            [
              254514.751,
              2605780.625
            ],
            [
              254518.601,
              2605789.157
            ],
            [
              254523.549,
              2605799.988
            ]
          ]
        ]
      },
      "properties": {
        "_srcEntity": "LWPOLYLINE",
        "_layer": "Plot",
        "_srcHandle": "121A",
        "_linetype": "Continuous"
      }
    },
    {
      "type": "Feature",
      "id": "121B",
      "geometry": {
        "type": "Polygon",
        "coordinates": [
          [
            [
              254728.748,
              2605616.141
            ],
            [
              254706.364,
              2605628.722
            ],
            [
              254686.322,
              2605638.207
            ],
            [
              254665.446,
              2605644.399
            ],
            [
              254659.612,
              2605645.827
            ],
            [
              254654.175,
              2605640.628
            ],
            [
              254646.555,
              2605643.565
            ],
            [
              254641.951,
              2605635.628
            ],
            [
              254642.282,
              2605633.828
            ],
            [
              254656.358,
              2605625.626
            ],
            [
              254655.988,
              2605619.858
            ],
            [
              254653.395,
              2605620.123
            ],
            [
              254644.928,
              2605623.668
            ],
            [
              254630.693,
              2605624.251
            ],
            [
              254611.061,
              2605628.061
            ],
            [
              254609.732,
              2605626.251
            ],
            [
              254610.413,
              2605615.63
            ],
            [
              254615.877,
              2605616.207
            ],
            [
              254626.936,
              2605618.43
            ],
            [
              254627.889,
              2605617.742
            ],
            [
              254629.423,
              2605614.249
            ],
            [
              254634.609,
              2605612.397
            ],
            [
              254638.525,
              2605611.656
            ],
            [
              254643.817,
              2605611.551
            ],
            [
              254652.495,
              2605614.143
            ],
            [
              254655.564,
              2605614.038
            ],
            [
              254655.247,
              2605605.835
            ],
            [
              254655.379,
              2605601.909
            ],
            [
              254663.912,
              2605598.02
            ],
            [
              254688.359,
              2605592.979
            ],
            [
              254703.203,
              2605589.765
            ],
            [
              254714.244,
              2605585.21
            ],
            [
              254725.436,
              2605590.925
            ],
            [
              254732.818,
              2605596.164
            ],
            [
              254737.638,
              2605610.466
            ],
            [
              254728.748,
              2605616.141
            ]
          ]
        ]
      },
      "properties": {
        "_srcEntity": "LWPOLYLINE",
        "_layer": "Plot",
        "_srcHandle": "121B",
        "_linetype": "Continuous"
      }
    },
    {
      "type": "Feature",
      "id": "121C",
      "geometry": {
        "type": "Polygon",
        "coordinates": [
          [
            [
              254546.851,
              2605854.558
            ],
            [
              254484.485,
              2605913.604
            ],
            [
              254482.031,
              2605908.188
            ],
            [
              254481.478,
              2605896.925
            ],
            [
              254480.136,
              2605890.825
            ],
            [
              254476.477,
              2605872.694
            ],
            [
              254471.676,
              2605864.706
            ],
            [
              254469,
              2605859.672
            ],
            [
              254466.89,
              2605854.376
            ],
            [
              254465.372,
              2605848.881
            ],
            [
              254464.464,
              2605843.253
            ],
            [
              254464.177,
              2605837.559
            ],
            [
              254488.942,
              2605824.33
            ],
            [
              254517.411,
              2605813.535
            ],
            [
              254527.889,
              2605810.043
            ],
            [
              254542.235,
              2605845.031
            ],
            [
              254546.851,
              2605854.558
            ]
          ]
        ]
      },
      "properties": {
        "_srcEntity": "LWPOLYLINE",
        "_layer": "Plot",
        "_srcHandle": "121C",
        "_linetype": "Continuous"
      }
    },
    {
      "type": "Feature",
      "id": "121D",
      "geometry": {
        "type": "Polygon",
        "coordinates": [
          [
            [
              254592.341,
              2605769.826
            ],
            [
              254602.184,
              2605801.999
            ],
            [
              254602.233,
              2605802.126
            ],
            [
              254553.661,
              2605848.111
            ],
            [
              254546.851,
              2605854.558
            ],
            [
              254542.235,
              2605845.031
            ],
            [
              254527.889,
              2605810.043
            ],
            [
              254523.549,
              2605799.988
            ],
            [
              254592.341,
              2605769.826
            ]
          ]
        ]
      },
      "properties": {
        "_srcEntity": "LWPOLYLINE",
        "_layer": "Plot",
        "_srcHandle": "121D",
        "_linetype": "Continuous"
      }
    },
    {
      "type": "Feature",
      "id": "121E",
      "geometry": {
        "type": "Polygon",
        "coordinates": [
          [
            [
              254581.679,
              2605749.228
            ],
            [
              254586.111,
              2605754.916
            ],
            [
              254592.341,
              2605769.826
            ],
            [
              254523.549,
              2605799.988
            ],
            [
              254518.601,
              2605789.157
            ],
            [
              254514.751,
              2605780.625
            ],
            [
              254513.256,
              2605775.622
            ],
            [
              254512.369,
              2605770.476
            ],
            [
              254512.103,
              2605765.261
            ],
            [
              254512.462,
              2605760.052
            ],
            [
              254513.249,
              2605755.931
            ],
            [
              254531.144,
              2605752.932
            ],
            [
              254538.486,
              2605748.633
            ],
            [
              254551.913,
              2605742.018
            ],
            [
              254573.675,
              2605733.948
            ],
            [
              254581.679,
              2605749.228
            ]
          ]
        ]
      },
      "properties": {
        "_srcEntity": "LWPOLYLINE",
        "_layer": "Plot",
        "_srcHandle": "121E",
        "_linetype": "Continuous"
      }
    },
    {
      "type": "Feature",
      "id": "121F",
      "geometry": {
        "type": "Polygon",
        "coordinates": [
          [
            [
              254730.303,
              2605444.893
            ],
            [
              254721.923,
              2605462.972
            ],
            [
              254712.001,
              2605479.31
            ],
            [
              254707.636,
              2605488.24
            ],
            [
              254710.394,
              2605529.687
            ],
            [
              254711.783,
              2605537.982
            ],
            [
              254716.625,
              2605556.08
            ],
            [
              254718.292,
              2605563.303
            ],
            [
              254714.244,
              2605585.21
            ],
            [
              254703.203,
              2605589.765
            ],
            [
              254688.359,
              2605592.979
            ],
            [
              254663.912,
              2605598.02
            ],
            [
              254661.848,
              2605573.612
            ],
            [
              254661.213,
              2605551.863
            ],
            [
              254659.546,
              2605537.734
            ],
            [
              254659.546,
              2605529.162
            ],
            [
              254662.217,
              2605510.179
            ],
            [
              254666.185,
              2605489.74
            ],
            [
              254669.846,
              2605472.608
            ],
            [
              254674.476,
              2605460.503
            ],
            [
              254684.001,
              2605433.317
            ],
            [
              254692.798,
              2605410.629
            ],
            [
              254715.354,
              2605425.776
            ],
            [
              254732.353,
              2605438.807
            ],
            [
              254730.303,
              2605444.893
            ]
          ]
        ]
      },
      "properties": {
        "_srcEntity": "LWPOLYLINE",
        "_layer": "Plot",
        "_srcHandle": "121F",
        "_linetype": "Continuous"
      }
    },
    {
      "type": "Feature",
      "id": "1220",
      "geometry": {
        "type": "Polygon",
        "coordinates": [
          [
            [
              256606.739,
              2605452.685
            ],
            [
              256622.125,
              2605468.995
            ],
            [
              256622.143,
              2605469.015
            ],
            [
              256638.215,
              2605488.018
            ],
            [
              256634.505,
              2605490.933
            ],
            [
              256634.237,
              2605491.225
            ],
            [
              256634.093,
              2605491.441
            ],
            [
              256633.724,
              2605492.228
            ],
            [
              256632.873,
              2605493.514
            ],
            [
              256632.308,
              2605494.293
            ],
            [
              256632.163,
              2605494.573
            ],
            [
              256631.688,
              2605495.762
            ],
            [
              256631.366,
              2605496.872
            ],
            [
              256631.117,
              2605496.935
            ],
            [
              256630.975,
              2605497.019
            ],
            [
              256630.922,
              2605497.079
            ],
            [
              256630.887,
              2605497.148
            ],
            [
              256630.874,
              2605497.223
            ],
            [
              256630.892,
              2605497.301
            ],
            [
              256631.031,
              2605497.463
            ],
            [
              256629.851,
              2605498.824
            ],
            [
              256628.801,
              2605499.78
            ],
            [
              256627.279,
              2605501.002
            ],
            [
              256626.636,
              2605501.43
            ],
            [
              256625.819,
              2605502.042
            ],
            [
              256625.083,
              2605502.49
            ],
            [
              256624.411,
              2605502.978
            ],
            [
              256623.583,
              2605503.718
            ],
            [
              256622.606,
              2605504.437
            ],
            [
              256621.684,
              2605505.288
            ],
            [
              256620.421,
              2605506.239
            ],
            [
              256619.437,
              2605507.085
            ],
            [
              256618.543,
              2605507.776
            ],
            [
              256617.248,
              2605508.937
            ],
            [
              256616.546,
              2605509.473
            ],
            [
              256616.044,
              2605509.77
            ],
            [
              256615.036,
              2605510.13
            ],
            [
              256614.482,
              2605510.387
            ],
            [
              256614.134,
              2605510.631
            ],
            [
              256613.597,
              2605511.119
            ],
            [
              256613.932,
              2605511.438
            ],
            [
              256614.045,
              2605511.621
            ],
            [
              256614.068,
              2605511.735
            ],
            [
              256614.057,
              2605511.84
            ],
            [
              256613.963,
              2605512.019
            ],
            [
              256613.803,
              2605512.142
            ],
            [
              256613.704,
              2605512.177
            ],
            [
              256613.508,
              2605512.183
            ],
            [
              256613.413,
              2605512.159
            ],
            [
              256613.234,
              2605512.063
            ],
            [
              256612.924,
              2605511.788
            ],
            [
              256612.597,
              2605512.063
            ],
            [
              256612.353,
              2605512.211
            ],
            [
              256612.062,
              2605512.293
            ],
            [
              256611.903,
              2605512.298
            ],
            [
              256611.63,
              2605512.245
            ],
            [
              256611.366,
              2605512.129
            ],
            [
              256610.896,
              2605511.796
            ],
            [
              256607.646,
              2605511.283
            ],
            [
              256606.931,
              2605511.249
            ],
            [
              256605.993,
              2605511.314
            ],
            [
              256605.611,
              2605511.088
            ],
            [
              256605.265,
              2605510.934
            ],
            [
              256604.3,
              2605510.654
            ],
            [
              256603.943,
              2605510.405
            ],
            [
              256603.613,
              2605510.117
            ],
            [
              256602.921,
              2605509.307
            ],
            [
              256602.012,
              2605508.016
            ],
            [
              256601.75,
              2605507.497
            ],
            [
              256601.807,
              2605507.321
            ],
            [
              256601.816,
              2605507.137
            ],
            [
              256601.757,
              2605506.947
            ],
            [
              256601.632,
              2605506.783
            ],
            [
              256601.463,
              2605506.664
            ],
            [
              256601.295,
              2605506.615
            ],
            [
              256601.128,
              2605506.621
            ],
            [
              256600.902,
              2605506.667
            ],
            [
              256600.495,
              2605506.125
            ],
            [
              256600,
              2605505.205
            ],
            [
              256599.835,
              2605504.96
            ],
            [
              256599.001,
              2605504.156
            ],
            [
              256598.823,
              2605503.933
            ],
            [
              256598.418,
              2605503.231
            ],
            [
              256598.17,
              2605502.884
            ],
            [
              256597.092,
              2605501.788
            ],
            [
              256596.403,
              2605500.728
            ],
            [
              256595.922,
              2605500.114
            ],
            [
              256595.544,
              2605499.464
            ],
            [
              256594.952,
              2605499.19
            ],
            [
              256594.453,
              2605498.704
            ],
            [
              256594.019,
              2605498.175
            ],
            [
              256593.334,
              2605497.443
            ],
            [
              256592.279,
              2605496.498
            ],
            [
              256591.526,
              2605495.893
            ],
            [
              256590.877,
              2605495.039
            ],
            [
              256590.805,
              2605494.598
            ],
            [
              256590.727,
              2605494.412
            ],
            [
              256590.626,
              2605494.259
            ],
            [
              256590.558,
              2605494.193
            ],
            [
              256590.377,
              2605494.101
            ],
            [
              256590.176,
              2605494.061
            ],
            [
              256589.858,
              2605494.043
            ],
            [
              256588.762,
              2605493.128
            ],
            [
              256587.778,
              2605492.139
            ],
            [
              256587.085,
              2605491.2
            ],
            [
              256586.546,
              2605490.564
            ],
            [
              256586.291,
              2605490.057
            ],
            [
              256586.337,
              2605489.74
            ],
            [
              256586.33,
              2605489.604
            ],
            [
              256586.243,
              2605489.339
            ],
            [
              256586.138,
              2605489.188
            ],
            [
              256585.989,
              2605489.077
            ],
            [
              256585.814,
              2605488.996
            ],
            [
              256585.608,
              2605488.937
            ],
            [
              256585.271,
              2605488.894
            ],
            [
              256584.55,
              2605487.633
            ],
            [
              256583.357,
              2605486.276
            ],
            [
              256583.057,
              2605485.819
            ],
            [
              256582.728,
              2605485.211
            ],
            [
              256581.991,
              2605484.165
            ],
            [
              256581.05,
              2605483.194
            ],
            [
              256580.399,
              2605482.371
            ],
            [
              256580.077,
              2605481.877
            ],
            [
              256579.422,
              2605480.632
            ],
            [
              256579.26,
              2605480.389
            ],
            [
              256578.221,
              2605479.371
            ],
            [
              256576.938,
              2605477.593
            ],
            [
              256577.024,
              2605477.168
            ],
            [
              256577.037,
              2605477.002
            ],
            [
              256576.998,
              2605476.804
            ],
            [
              256576.911,
              2605476.652
            ],
            [
              256576.787,
              2605476.525
            ],
            [
              256576.592,
              2605476.402
            ],
            [
              256576.304,
              2605476.281
            ],
            [
              256575.793,
              2605476.1
            ],
            [
              256575.41,
              2605475.587
            ],
            [
              256574.849,
              2605474.646
            ],
            [
              256574.675,
              2605474.425
            ],
            [
              256574.47,
              2605474.253
            ],
            [
              256574.019,
              2605474.013
            ],
            [
              256573.779,
              2605473.832
            ],
            [
              256573.429,
              2605472.844
            ],
            [
              256573.19,
              2605472.371
            ],
            [
              256573.011,
              2605472.145
            ],
            [
              256572.705,
              2605471.843
            ],
            [
              256571.802,
              2605471.104
            ],
            [
              256571.025,
              2605470.469
            ],
            [
              256570.346,
              2605469.716
            ],
            [
              256569.424,
              2605468.833
            ],
            [
              256568.129,
              2605467.346
            ],
            [
              256566.073,
              2605465.23
            ],
            [
              256564.749,
              2605463.703
            ],
            [
              256563.679,
              2605462.558
            ],
            [
              256562.522,
              2605461.425
            ],
            [
              256560.173,
              2605458.6
            ],
            [
              256559.245,
              2605457.044
            ],
            [
              256559.015,
              2605456.728
            ],
            [
              256558.628,
              2605456.422
            ],
            [
              256557.488,
              2605455.708
            ],
            [
              256557.156,
              2605455.425
            ],
            [
              256555.421,
              2605453.347
            ],
            [
              256554.103,
              2605452.096
            ],
            [
              256553.015,
              2605450.951
            ],
            [
              256551.495,
              2605449.559
            ],
            [
              256549.979,
              2605447.959
            ],
            [
              256548.986,
              2605446.985
            ],
            [
              256548.379,
              2605446.492
            ],
            [
              256547.978,
              2605446.24
            ],
            [
              256547.53,
              2605446.058
            ],
            [
              256547.222,
              2605446.028
            ],
            [
              256546.714,
              2605446.117
            ],
            [
              256546.244,
              2605446.344
            ],
            [
              256544.394,
              2605447.709
            ],
            [
              256543.602,
              2605448.381
            ],
            [
              256542.753,
              2605449.241
            ],
            [
              256541.968,
              2605449.953
            ],
            [
              256540.75,
              2605450.863
            ],
            [
              256539.678,
              2605451.867
            ],
            [
              256537.66,
              2605453.274
            ],
            [
              256536.125,
              2605454.672
            ],
            [
              256533.861,
              2605456.445
            ],
            [
              256532.643,
              2605457.492
            ],
            [
              256531.77,
              2605458.146
            ],
            [
              256530.496,
              2605459.25
            ],
            [
              256529.608,
              2605459.934
            ],
            [
              256527.779,
              2605461.66
            ],
            [
              256526.86,
              2605462.432
            ],
            [
              256526.501,
              2605462.818
            ],
            [
              256525.558,
              2605463.628
            ],
            [
              256523.607,
              2605465.681
            ],
            [
              256522.731,
              2605466.389
            ],
            [
              256521.662,
              2605467.663
            ],
            [
              256520.725,
              2605468.493
            ],
            [
              256520.078,
              2605469.158
            ],
            [
              256519.087,
              2605469.84
            ],
            [
              256518.581,
              2605470.261
            ],
            [
              256517.777,
              2605469.546
            ],
            [
              256514.841,
              2605466.679
            ],
            [
              256512.92,
              2605464.888
            ],
            [
              256511.368,
              2605463.614
            ],
            [
              256509.698,
              2605461.926
            ],
            [
              256506.275,
              2605458.843
            ],
            [
              256505.501,
              2605458.217
            ],
            [
              256500.845,
              2605453.867
            ],
            [
              256499.422,
              2605452.717
            ],
            [
              256499.129,
              2605452.314
            ],
            [
              256498.928,
              2605452.118
            ],
            [
              256498.549,
              2605451.897
            ],
            [
              256498.066,
              2605451.723
            ],
            [
              256497.713,
              2605451.155
            ],
            [
              256497.415,
              2605450.83
            ],
            [
              256496.474,
              2605450.168
            ],
            [
              256495.958,
              2605449.887
            ],
            [
              256494.52,
              2605448.287
            ],
            [
              256493.702,
              2605447.706
            ],
            [
              256492.099,
              2605446.309
            ],
            [
              256486.624,
              2605441.916
            ],
            [
              256485.8,
              2605441.379
            ],
            [
              256484.9,
              2605441.006
            ],
            [
              256484.533,
              2605440.778
            ],
            [
              256483.609,
              2605439.834
            ],
            [
              256483.045,
              2605439.174
            ],
            [
              256481.647,
              2605438.046
            ],
            [
              256480.967,
              2605437.44
            ],
            [
              256480.057,
              2605436.812
            ],
            [
              256478.78,
              2605435.617
            ],
            [
              256478.289,
              2605435.094
            ],
            [
              256477.52,
              2605434.107
            ],
            [
              256476.999,
              2605433.647
            ],
            [
              256476.204,
              2605432.78
            ],
            [
              256475.377,
              2605432.055
            ],
            [
              256474.679,
              2605431.185
            ],
            [
              256474.243,
              2605430.458
            ],
            [
              256473.637,
              2605429.657
            ],
            [
              256472.984,
              2605428.251
            ],
            [
              256472.055,
              2605426.573
            ],
            [
              256471.47,
              2605425.879
            ],
            [
              256471.293,
              2605425.595
            ],
            [
              256470.711,
              2605424.252
            ],
            [
              256469.483,
              2605421.929
            ],
            [
              256468.804,
              2605421.099
            ],
            [
              256467.648,
              2605419.41
            ],
            [
              256466.808,
              2605418.323
            ],
            [
              256466.159,
              2605417.025
            ],
            [
              256465.044,
              2605415.64
            ],
            [
              256463.171,
              2605412.808
            ],
            [
              256462.65,
              2605412.233
            ],
            [
              256461.741,
              2605410.964
            ],
            [
              256460.094,
              2605409.007
            ],
            [
              256458.945,
              2605407.394
            ],
            [
              256457.963,
              2605406.242
            ],
            [
              256454.543,
              2605402.869
            ],
            [
              256451.467,
              2605399.566
            ],
            [
              256447.877,
              2605395.995
            ],
            [
              256447.065,
              2605395.122
            ],
            [
              256445.768,
              2605393.876
            ],
            [
              256444.883,
              2605392.933
            ],
            [
              256444.205,
              2605392.303
            ],
            [
              256442.383,
              2605391.033
            ],
            [
              256439.774,
              2605389.037
            ],
            [
              256438.142,
              2605388.055
            ],
            [
              256436.246,
              2605386.802
            ],
            [
              256434.414,
              2605385.895
            ],
            [
              256431.243,
              2605383.977
            ],
            [
              256429.883,
              2605383.48
            ],
            [
              256427.973,
              2605382.603
            ],
            [
              256425.202,
              2605380.919
            ],
            [
              256423.615,
              2605380.169
            ],
            [
              256422.175,
              2605379.201
            ],
            [
              256420.4,
              2605378.214
            ],
            [
              256419.267,
              2605377.416
            ],
            [
              256418.193,
              2605376.812
            ],
            [
              256416.544,
              2605375.753
            ],
            [
              256414.927,
              2605374.854
            ],
            [
              256413.519,
              2605373.917
            ],
            [
              256411.599,
              2605372.901
            ],
            [
              256410.757,
              2605372.354
            ],
            [
              256408.941,
              2605371.303
            ],
            [
              256404.432,
              2605368.817
            ],
            [
              256403.16,
              2605368.033
            ],
            [
              256401.791,
              2605367.32
            ],
            [
              256400.96,
              2605366.792
            ],
            [
              256398.922,
              2605365.803
            ],
            [
              256398.039,
              2605365.315
            ],
            [
              256396.704,
              2605364.411
            ],
            [
              256395.49,
              2605363.788
            ],
            [
              256393.125,
              2605362.469
            ],
            [
              256390.965,
              2605361.399
            ],
            [
              256389.401,
              2605360.82
            ],
            [
              256387.738,
              2605359.762
            ],
            [
              256383.925,
              2605357.921
            ],
            [
              256382.488,
              2605357.117
            ],
            [
              256379.746,
              2605355.825
            ],
            [
              256376.838,
              2605354.341
            ],
            [
              256375.992,
              2605353.838
            ],
            [
              256375.195,
              2605353.274
            ],
            [
              256374.425,
              2605352.504
            ],
            [
              256374.139,
              2605352.305
            ],
            [
              256372.796,
              2605351.788
            ],
            [
              256370.849,
              2605350.875
            ],
            [
              256369.797,
              2605351.119
            ],
            [
              256369.16,
              2605351.214
            ],
            [
              256369.396,
              2605350.762
            ],
            [
              256369.604,
              2605350.468
            ],
            [
              256369.752,
              2605350.316
            ],
            [
              256370.505,
              2605349.709
            ],
            [
              256370.374,
              2605348.645
            ],
            [
              256370.158,
              2605345.002
            ],
            [
              256370.212,
              2605343.792
            ],
            [
              256370.471,
              2605342.377
            ],
            [
              256370.85,
              2605341.918
            ],
            [
              256371,
              2605341.672
            ],
            [
              256371.123,
              2605341.341
            ],
            [
              256371.14,
              2605340.875
            ],
            [
              256371.796,
              2605340.012
            ],
            [
              256372.266,
              2605339.484
            ],
            [
              256372.788,
              2605338.814
            ],
            [
              256373.822,
              2605337.198
            ],
            [
              256374.173,
              2605336.725
            ],
            [
              256374.604,
              2605335.909
            ],
            [
              256374.874,
              2605335.526
            ],
            [
              256376.225,
              2605334.097
            ],
            [
              256377.243,
              2605332.786
            ],
            [
              256378.015,
              2605332.055
            ],
            [
              256378.176,
              2605332.114
            ],
            [
              256378.354,
              2605332.134
            ],
            [
              256378.516,
              2605332.08
            ],
            [
              256378.662,
              2605331.937
            ],
            [
              256378.764,
              2605331.73
            ],
            [
              256378.843,
              2605331.488
            ],
            [
              256379.031,
              2605330.677
            ],
            [
              256379.324,
              2605330.281
            ],
            [
              256380.673,
              2605328.796
            ],
            [
              256381.533,
              2605327.591
            ],
            [
              256383.218,
              2605325.529
            ],
            [
              256383.974,
              2605324.271
            ],
            [
              256384.805,
              2605323.27
            ],
            [
              256387.484,
              2605319.368
            ],
            [
              256389.802,
              2605316.255
            ],
            [
              256390.869,
              2605314.672
            ],
            [
              256391.901,
              2605313.354
            ],
            [
              256393.784,
              2605310.395
            ],
            [
              256395.322,
              2605307.788
            ],
            [
              256395.591,
              2605307.699
            ],
            [
              256395.828,
              2605307.567
            ],
            [
              256395.959,
              2605307.453
            ],
            [
              256396.071,
              2605307.289
            ],
            [
              256396.162,
              2605307.02
            ],
            [
              256396.176,
              2605306.85
            ],
            [
              256396.123,
              2605306.59
            ],
            [
              256395.991,
              2605306.286
            ],
            [
              256396.952,
              2605302.851
            ],
            [
              256397.073,
              2605302.473
            ],
            [
              256397.084,
              2605302.075
            ],
            [
              256396.983,
              2605301.616
            ],
            [
              256396.985,
              2605300.515
            ],
            [
              256397.066,
              2605299.657
            ],
            [
              256397.354,
              2605298.632
            ],
            [
              256397.79,
              2605297.765
            ],
            [
              256398.193,
              2605297.132
            ],
            [
              256399.323,
              2605295.755
            ],
            [
              256401.608,
              2605292.633
            ],
            [
              256403.259,
              2605290.851
            ],
            [
              256404.456,
              2605289.232
            ],
            [
              256405.463,
              2605287.553
            ],
            [
              256406.432,
              2605285.586
            ],
            [
              256407.947,
              2605286.205
            ],
            [
              256409.056,
              2605286.476
            ],
            [
              256411.362,
              2605286.744
            ],
            [
              256412.266,
              2605286.698
            ],
            [
              256412.693,
              2605286.558
            ],
            [
              256412.883,
              2605286.441
            ],
            [
              256413.192,
              2605286.132
            ],
            [
              256413.306,
              2605285.947
            ],
            [
              256413.462,
              2605285.437
            ],
            [
              256413.632,
              2605284.056
            ],
            [
              256413.621,
              2605284.025
            ],
            [
              256433.045,
              2605293.582
            ],
            [
              256447.902,
              2605300.936
            ],
            [
              256447.921,
              2605300.965
            ],
            [
              256448.306,
              2605301.237
            ],
            [
              256448.649,
              2605301.305
            ],
            [
              256451.234,
              2605302.585
            ],
            [
              256451.288,
              2605302.621
            ],
            [
              256451.583,
              2605302.758
            ],
            [
              256452.495,
              2605303.209
            ],
            [
              256452.643,
              2605303.285
            ],
            [
              256452.662,
              2605303.292
            ],
            [
              256457.54,
              2605305.706
            ],
            [
              256459.366,
              2605306.717
            ],
            [
              256461.738,
              2605307.874
            ],
            [
              256462.097,
              2605308.296
            ],
            [
              256462.552,
              2605308.644
            ],
            [
              256463.113,
              2605308.862
            ],
            [
              256463.94,
              2605309.032
            ],
            [
              256467.449,
              2605310.634
            ],
            [
              256471.43,
              2605312.756
            ],
            [
              256474.553,
              2605314.266
            ],
            [
              256477.361,
              2605315.738
            ],
            [
              256485.791,
              2605319.783
            ],
            [
              256486.155,
              2605320.196
            ],
            [
              256486.619,
              2605320.528
            ],
            [
              256487.101,
              2605320.693
            ],
            [
              256487.655,
              2605320.776
            ],
            [
              256490.237,
              2605321.986
            ],
            [
              256494.812,
              2605324.285
            ],
            [
              256495.353,
              2605324.742
            ],
            [
              256495.906,
              2605325.078
            ],
            [
              256496.517,
              2605325.294
            ],
            [
              256496.988,
              2605325.379
            ],
            [
              256501.629,
              2605327.712
            ],
            [
              256501.676,
              2605327.771
            ],
            [
              256502.189,
              2605328.143
            ],
            [
              256502.578,
              2605328.274
            ],
            [
              256502.806,
              2605328.304
            ],
            [
              256508.026,
              2605330.927
            ],
            [
              256508.482,
              2605331.355
            ],
            [
              256509.076,
              2605331.693
            ],
            [
              256511.174,
              2605332.51
            ],
            [
              256519.37,
              2605336.63
            ],
            [
              256519.397,
              2605336.928
            ],
            [
              256519.506,
              2605337.487
            ],
            [
              256519.627,
              2605337.94
            ],
            [
              256519.846,
              2605338.487
            ],
            [
              256520.289,
              2605338.033
            ],
            [
              256520.465,
              2605337.779
            ],
            [
              256520.565,
              2605337.487
            ],
            [
              256520.563,
              2605337.229
            ],
            [
              256522.53,
              2605338.218
            ],
            [
              256544.753,
              2605372.461
            ],
            [
              256546.675,
              2605375.505
            ],
            [
              256546.823,
              2605375.762
            ],
            [
              256546.87,
              2605375.813
            ],
            [
              256559.345,
              2605395.558
            ],
            [
              256559.348,
              2605395.614
            ],
            [
              256559.464,
              2605396.03
            ],
            [
              256559.54,
              2605396.149
            ],
            [
              256559.746,
              2605396.329
            ],
            [
              256559.881,
              2605396.405
            ],
            [
              256571.378,
              2605414.603
            ],
            [
              256571.44,
              2605414.702
            ],
            [
              256571.484,
              2605414.749
            ],
            [
              256583.142,
              2605427.498
            ],
            [
              256583.287,
              2605427.714
            ],
            [
              256583.617,
              2605428.119
            ],
            [
              256585.093,
              2605429.631
            ],
            [
              256587.713,
              2605432.497
            ],
            [
              256587.861,
              2605432.695
            ],
            [
              256588.093,
              2605432.911
            ],
            [
              256588.267,
              2605433.102
            ],
            [
              256588.29,
              2605433.127
            ],
            [
              256596.46,
              2605442.088
            ],
            [
              256601.594,
              2605447.23
            ],
            [
              256606.083,
              2605451.989
            ],
            [
              256606.119,
              2605452.162
            ],
            [
              256606.207,
              2605452.354
            ],
            [
              256606.345,
              2605452.516
            ],
            [
              256606.518,
              2605452.634
            ],
            [
              256606.684,
              2605452.685
            ],
            [
              256606.739,
              2605452.685
            ]
          ]
        ]
      },
      "properties": {
        "_srcEntity": "LWPOLYLINE",
        "_layer": "Plot",
        "_srcHandle": "1220"
      }
    },
    {
      "type": "Feature",
      "id": "1221",
      "geometry": {
        "type": "Polygon",
        "coordinates": [
          [
            [
              256668.416,
              2605827.488
            ],
            [
              256660.604,
              2605835.605
            ],
            [
              256660.598,
              2605835.608
            ],
            [
              256635.074,
              2605846.114
            ],
            [
              256635.074,
              2605846.114
            ],
            [
              256617.017,
              2605845.544
            ],
            [
              256617.016,
              2605845.544
            ],
            [
              256598.407,
              2605852.333
            ],
            [
              256588.452,
              2605857.053
            ],
            [
              256585.988,
              2605858.676
            ],
            [
              256584.3,
              2605861.341
            ],
            [
              256583.44,
              2605863.679
            ],
            [
              256578.747,
              2605872.717
            ],
            [
              256559.44,
              2605878.14
            ],
            [
              256544.783,
              2605866.95
            ],
            [
              256544.779,
              2605866.947
            ],
            [
              256537.867,
              2605856.906
            ],
            [
              256536.165,
              2605855.432
            ],
            [
              256534.633,
              2605855.417
            ],
            [
              256530.657,
              2605857.501
            ],
            [
              256527.5,
              2605860.559
            ],
            [
              256523.793,
              2605868.602
            ],
            [
              256523.734,
              2605868.729
            ],
            [
              256523.734,
              2605868.729
            ],
            [
              256529.563,
              2605881.604
            ],
            [
              256529.408,
              2605881.704
            ],
            [
              256517.156,
              2605889.597
            ],
            [
              256517.137,
              2605889.609
            ],
            [
              256471.707,
              2605910.487
            ],
            [
              256471.707,
              2605910.487
            ],
            [
              256470.187,
              2605910.842
            ],
            [
              256468.514,
              2605911.648
            ],
            [
              256466.231,
              2605912.355
            ],
            [
              256464.542,
              2605913.007
            ],
            [
              256463.078,
              2605913.469
            ],
            [
              256460.813,
              2605914.292
            ],
            [
              256459.762,
              2605914.605
            ],
            [
              256458.172,
              2605915.261
            ],
            [
              256455.976,
              2605916.081
            ],
            [
              256454.875,
              2605916.439
            ],
            [
              256453.712,
              2605916.975
            ],
            [
              256452.806,
              2605917.478
            ],
            [
              256451.5,
              2605918.072
            ],
            [
              256450.806,
              2605918.357
            ],
            [
              256448.693,
              2605919.054
            ],
            [
              256447.502,
              2605919.685
            ],
            [
              256446.393,
              2605919.753
            ],
            [
              256445.935,
              2605919.835
            ],
            [
              256445.824,
              2605919.872
            ],
            [
              256441.954,
              2605921.045
            ],
            [
              256442.206,
              2605919.637
            ],
            [
              256442.238,
              2605917.565
            ],
            [
              256442.205,
              2605917.081
            ],
            [
              256442.169,
              2605916.56
            ],
            [
              256441.88,
              2605914.93
            ],
            [
              256440.927,
              2605912.404
            ],
            [
              256440.124,
              2605910.456
            ],
            [
              256437.353,
              2605904.729
            ],
            [
              256435.008,
              2605905.235
            ],
            [
              256433.147,
              2605905.503
            ],
            [
              256432.745,
              2605905.468
            ],
            [
              256432.266,
              2605905.287
            ],
            [
              256431.934,
              2605905.011
            ],
            [
              256431.706,
              2605904.649
            ],
            [
              256431.3,
              2605903.253
            ],
            [
              256430.954,
              2605901.582
            ],
            [
              256430.416,
              2605898.404
            ],
            [
              256429.984,
              2605896.754
            ],
            [
              256429.632,
              2605895.099
            ],
            [
              256429.237,
              2605893.772
            ],
            [
              256428.532,
              2605890.763
            ],
            [
              256427.986,
              2605888.837
            ],
            [
              256427.7,
              2605887.546
            ],
            [
              256426.472,
              2605883.218
            ],
            [
              256425.906,
              2605880.801
            ],
            [
              256425.362,
              2605878.861
            ],
            [
              256424.956,
              2605877.028
            ],
            [
              256424.231,
              2605873.43
            ],
            [
              256423.964,
              2605870.589
            ],
            [
              256423.742,
              2605869.514
            ],
            [
              256423.446,
              2605867.182
            ],
            [
              256423.231,
              2605865.949
            ],
            [
              256422.807,
              2605864.041
            ],
            [
              256422.608,
              2605863.257
            ],
            [
              256422.103,
              2605861.81
            ],
            [
              256421.623,
              2605859.305
            ],
            [
              256420.384,
              2605855.538
            ],
            [
              256420.023,
              2605854.041
            ],
            [
              256419.691,
              2605852.322
            ],
            [
              256419.442,
              2605851.509
            ],
            [
              256418.889,
              2605850.151
            ],
            [
              256418.536,
              2605849.507
            ],
            [
              256417.123,
              2605847.524
            ],
            [
              256416.616,
              2605846.533
            ],
            [
              256415.358,
              2605844.409
            ],
            [
              256414.206,
              2605842.839
            ],
            [
              256412.932,
              2605840.552
            ],
            [
              256412.24,
              2605839.131
            ],
            [
              256411.002,
              2605836.924
            ],
            [
              256410.23,
              2605835.421
            ],
            [
              256409.249,
              2605833.785
            ],
            [
              256407.554,
              2605831.443
            ],
            [
              256407.025,
              2605830.824
            ],
            [
              256406.465,
              2605830.274
            ],
            [
              256405.354,
              2605828.572
            ],
            [
              256404.33,
              2605827.422
            ],
            [
              256403.106,
              2605825.94
            ],
            [
              256402.719,
              2605825.244
            ],
            [
              256402.519,
              2605824.669
            ],
            [
              256403.284,
              2605824.523
            ],
            [
              256403.763,
              2605824.328
            ],
            [
              256404.172,
              2605824.034
            ],
            [
              256404.678,
              2605823.451
            ],
            [
              256407.491,
              2605821.859
            ],
            [
              256408.66,
              2605821.023
            ],
            [
              256409.165,
              2605821.186
            ],
            [
              256409.453,
              2605821.177
            ],
            [
              256409.594,
              2605821.134
            ],
            [
              256409.805,
              2605821.003
            ],
            [
              256409.969,
              2605820.821
            ],
            [
              256410.085,
              2605820.587
            ],
            [
              256410.158,
              2605820.321
            ],
            [
              256411.799,
              2605819.567
            ],
            [
              256412.452,
              2605819.203
            ],
            [
              256414.99,
              2605817.42
            ],
            [
              256416.77,
              2605816.432
            ],
            [
              256419.469,
              2605814.648
            ],
            [
              256422.387,
              2605812.912
            ],
            [
              256424.586,
              2605811.312
            ],
            [
              256425.072,
              2605811.317
            ],
            [
              256425.553,
              2605811.184
            ],
            [
              256425.919,
              2605810.956
            ],
            [
              256426.417,
              2605810.435
            ],
            [
              256427.266,
              2605809.799
            ],
            [
              256430.014,
              2605808.037
            ],
            [
              256432.832,
              2605806.497
            ],
            [
              256434.664,
              2605805.33
            ],
            [
              256438.515,
              2605799.784
            ],
            [
              256438.853,
              2605799.768
            ],
            [
              256440.517,
              2605799.04
            ],
            [
              256442.164,
              2605798.225
            ],
            [
              256443.208,
              2605797.801
            ],
            [
              256444.316,
              2605797.215
            ],
            [
              256445.414,
              2605796.705
            ],
            [
              256446.237,
              2605796.19
            ],
            [
              256447.784,
              2605795.039
            ],
            [
              256448.239,
              2605795.067
            ],
            [
              256448.674,
              2605794.918
            ],
            [
              256448.784,
              2605794.835
            ],
            [
              256448.94,
              2605794.615
            ],
            [
              256449.131,
              2605794.034
            ],
            [
              256449.996,
              2605793.207
            ],
            [
              256452.303,
              2605791.632
            ],
            [
              256452.956,
              2605791.131
            ],
            [
              256454.661,
              2605789.688
            ],
            [
              256455.133,
              2605789.2
            ],
            [
              256456.995,
              2605787.615
            ],
            [
              256458.097,
              2605786.574
            ],
            [
              256461.587,
              2605783.973
            ],
            [
              256462.154,
              2605783.717
            ],
            [
              256462.625,
              2605783.434
            ],
            [
              256464.819,
              2605781.877
            ],
            [
              256467.97,
              2605779.912
            ],
            [
              256469.466,
              2605778.88
            ],
            [
              256683.867,
              2605782.909
            ],
            [
              256683.961,
              2605781.407
            ],
            [
              256683.359,
              2605822.563
            ],
            [
              256668.418,
              2605827.486
            ],
            [
              256668.418,
              2605827.486
            ],
            [
              256668.418,
              2605827.486
            ],
            [
              256668.416,
              2605827.488
            ]
          ]
        ]
      },
      "properties": {
        "_srcEntity": "LWPOLYLINE",
        "_layer": "Plot",
        "_srcHandle": "1221"
      }
    }
  ]
}
